date,account,name,ticker,quote_ccy,price,price_krw,source
2026-01-02,국장,SK하이닉스,KRX:000660,KRW,677000.0,677000.0,yahoo.KS
2026-01-05,국장,SK하이닉스,KRX:000660,KRW,696000.0,696000.0,yahoo.KS
2026-01-06,국장,SK하이닉스,KRX:000660,KRW,726000.0,726000.0,yahoo.KS
2026-01-07,국장,SK하이닉스,KRX:000660,KRW,742000.0,742000.0,yahoo.KS
2026-01-08,국장,SK하이닉스,KRX:000660,KRW,756000.0,756000.0,yahoo.KS
2026-01-09,국장,SK하이닉스,KRX:000660,KRW,744000.0,744000.0,yahoo.KS
2026-01-12,국장,SK하이닉스,KRX:000660,KRW,749000.0,749000.0,yahoo.KS
2026-01-13,국장,SK하이닉스,KRX:000660,KRW,738000.0,738000.0,yahoo.KS
2026-01-14,국장,SK하이닉스,KRX:000660,KRW,742000.0,742000.0,yahoo.KS
2026-01-15,국장,SK하이닉스,KRX:000660,KRW,749000.0,749000.0,yahoo.KS
2026-01-16,국장,SK하이닉스,KRX:000660,KRW,756000.0,756000.0,yahoo.KS
2026-01-19,국장,SK하이닉스,KRX:000660,KRW,764000.0,764000.0,yahoo.KS
2026-01-20,국장,SK하이닉스,KRX:000660,KRW,743000.0,743000.0,yahoo.KS
2026-01-21,국장,SK하이닉스,KRX:000660,KRW,740000.0,740000.0,yahoo.KS
2026-01-22,국장,SK하이닉스,KRX:000660,KRW,755000.0,755000.0,yahoo.KS
2026-01-23,국장,SK하이닉스,KRX:000660,KRW,767000.0,767000.0,yahoo.KS
2026-01-26,국장,SK하이닉스,KRX:000660,KRW,736000.0,736000.0,yahoo.KS
2026-01-27,국장,SK하이닉스,KRX:000660,KRW,800000.0,800000.0,yahoo.KS
2026-01-28,국장,SK하이닉스,KRX:000660,KRW,841000.0,841000.0,yahoo.KS
2026-01-29,국장,SK하이닉스,KRX:000660,KRW,861000.0,861000.0,yahoo.KS
2026-01-30,국장,SK하이닉스,KRX:000660,KRW,909000.0,909000.0,yahoo.KS
2026-02-02,국장,SK하이닉스,KRX:000660,KRW,830000.0,830000.0,yahoo.KS
2026-02-03,국장,SK하이닉스,KRX:000660,KRW,907000.0,907000.0,yahoo.KS
2026-02-04,국장,SK하이닉스,KRX:000660,KRW,900000.0,900000.0,yahoo.KS
2026-02-05,국장,SK하이닉스,KRX:000660,KRW,842000.0,842000.0,yahoo.KS
2026-02-06,국장,SK하이닉스,KRX:000660,KRW,839000.0,839000.0,yahoo.KS
2026-02-09,국장,SK하이닉스,KRX:000660,KRW,887000.0,887000.0,yahoo.KS
2026-02-10,국장,SK하이닉스,KRX:000660,KRW,876000.0,876000.0,yahoo.KS
2026-02-11,국장,SK하이닉스,KRX:000660,KRW,860000.0,860000.0,yahoo.KS
2026-02-12,국장,SK하이닉스,KRX:000660,KRW,888000.0,888000.0,yahoo.KS
2026-02-13,국장,SK하이닉스,KRX:000660,KRW,880000.0,880000.0,yahoo.KS
2026-02-19,국장,SK하이닉스,KRX:000660,KRW,894000.0,894000.0,yahoo.KS
2026-02-20,국장,SK하이닉스,KRX:000660,KRW,949000.0,949000.0,yahoo.KS
2026-02-23,국장,SK하이닉스,KRX:000660,KRW,951000.0,951000.0,yahoo.KS
2026-02-24,국장,SK하이닉스,KRX:000660,KRW,1005000.0,1005000.0,yahoo.KS
2026-02-25,국장,SK하이닉스,KRX:000660,KRW,1018000.0,1018000.0,yahoo.KS
2026-02-26,국장,SK하이닉스,KRX:000660,KRW,1099000.0,1099000.0,yahoo.KS
2026-02-27,국장,SK하이닉스,KRX:000660,KRW,1061000.0,1061000.0,yahoo.KS
2026-03-03,국장,SK하이닉스,KRX:000660,KRW,939000.0,939000.0,yahoo.KS
2026-03-04,국장,SK하이닉스,KRX:000660,KRW,849000.0,849000.0,yahoo.KS
2026-03-05,국장,SK하이닉스,KRX:000660,KRW,941000.0,941000.0,yahoo.KS
2026-03-06,국장,SK하이닉스,KRX:000660,KRW,924000.0,924000.0,yahoo.KS
2026-03-09,국장,SK하이닉스,KRX:000660,KRW,836000.0,836000.0,yahoo.KS
2026-03-10,국장,SK하이닉스,KRX:000660,KRW,938000.0,938000.0,yahoo.KS
2026-03-11,국장,SK하이닉스,KRX:000660,KRW,955000.0,955000.0,yahoo.KS
2026-03-12,국장,SK하이닉스,KRX:000660,KRW,930000.0,930000.0,yahoo.KS
2026-03-13,국장,SK하이닉스,KRX:000660,KRW,910000.0,910000.0,yahoo.KS
2026-03-16,국장,SK하이닉스,KRX:000660,KRW,974000.0,974000.0,yahoo.KS
2026-03-17,국장,SK하이닉스,KRX:000660,KRW,970000.0,970000.0,yahoo.KS
2026-03-18,국장,SK하이닉스,KRX:000660,KRW,1056000.0,1056000.0,yahoo.KS
2026-03-19,국장,SK하이닉스,KRX:000660,KRW,1013000.0,1013000.0,yahoo.KS
2026-03-20,국장,SK하이닉스,KRX:000660,KRW,1007000.0,1007000.0,yahoo.KS
2026-03-23,국장,SK하이닉스,KRX:000660,KRW,933000.0,933000.0,yahoo.KS
2026-03-24,국장,SK하이닉스,KRX:000660,KRW,986000.0,986000.0,yahoo.KS
2026-03-25,국장,SK하이닉스,KRX:000660,KRW,995000.0,995000.0,yahoo.KS
2026-03-26,국장,SK하이닉스,KRX:000660,KRW,933000.0,933000.0,yahoo.KS
2026-03-27,국장,SK하이닉스,KRX:000660,KRW,933000.0,933000.0,yahoo.KS
2026-03-30,국장,SK하이닉스,KRX:000660,KRW,873000.0,873000.0,yahoo.KS
2026-03-31,국장,SK하이닉스,KRX:000660,KRW,807000.0,807000.0,yahoo.KS
2026-04-01,국장,SK하이닉스,KRX:000660,KRW,897000.0,897000.0,yahoo.KS
2026-04-02,국장,SK하이닉스,KRX:000660,KRW,830000.0,830000.0,yahoo.KS
2026-04-03,국장,SK하이닉스,KRX:000660,KRW,876000.0,876000.0,yahoo.KS
2026-04-06,국장,SK하이닉스,KRX:000660,KRW,886000.0,886000.0,yahoo.KS
2026-04-07,국장,SK하이닉스,KRX:000660,KRW,916000.0,916000.0,yahoo.KS
2026-04-08,국장,SK하이닉스,KRX:000660,KRW,1033000.0,1033000.0,yahoo.KS
2026-04-09,국장,SK하이닉스,KRX:000660,KRW,998000.0,998000.0,yahoo.KS
2026-04-10,국장,SK하이닉스,KRX:000660,KRW,1027000.0,1027000.0,yahoo.KS
2026-04-13,국장,SK하이닉스,KRX:000660,KRW,1040000.0,1040000.0,yahoo.KS
2026-04-14,국장,SK하이닉스,KRX:000660,KRW,1103000.0,1103000.0,yahoo.KS
2026-04-15,국장,SK하이닉스,KRX:000660,KRW,1136000.0,1136000.0,yahoo.KS
2026-04-16,국장,SK하이닉스,KRX:000660,KRW,1155000.0,1155000.0,yahoo.KS
2026-04-17,국장,SK하이닉스,KRX:000660,KRW,1128000.0,1128000.0,yahoo.KS
2026-04-20,국장,SK하이닉스,KRX:000660,KRW,1166000.0,1166000.0,yahoo.KS
2026-04-21,국장,SK하이닉스,KRX:000660,KRW,1224000.0,1224000.0,yahoo.KS
2026-04-22,국장,SK하이닉스,KRX:000660,KRW,1223000.0,1223000.0,yahoo.KS
2026-04-23,국장,SK하이닉스,KRX:000660,KRW,1225000.0,1225000.0,yahoo.KS
2026-04-24,국장,SK하이닉스,KRX:000660,KRW,1222000.0,1222000.0,yahoo.KS
2026-04-27,국장,SK하이닉스,KRX:000660,KRW,1292000.0,1292000.0,yahoo.KS
2026-04-28,국장,SK하이닉스,KRX:000660,KRW,1300000.0,1300000.0,yahoo.KS
2026-04-29,국장,SK하이닉스,KRX:000660,KRW,1293000.0,1293000.0,yahoo.KS
2026-04-30,국장,SK하이닉스,KRX:000660,KRW,1286000.0,1286000.0,yahoo.KS
2026-05-04,국장,SK하이닉스,KRX:000660,KRW,1447000.0,1447000.0,yahoo.KS
2026-05-06,국장,SK하이닉스,KRX:000660,KRW,1601000.0,1601000.0,yahoo.KS
2026-05-07,국장,SK하이닉스,KRX:000660,KRW,1654000.0,1654000.0,yahoo.KS
2026-05-08,국장,SK하이닉스,KRX:000660,KRW,1686000.0,1686000.0,yahoo.KS
2026-05-11,국장,SK하이닉스,KRX:000660,KRW,1880000.0,1880000.0,yahoo.KS
2026-05-12,국장,SK하이닉스,KRX:000660,KRW,1835000.0,1835000.0,yahoo.KS
2026-05-13,국장,SK하이닉스,KRX:000660,KRW,1976000.0,1976000.0,yahoo.KS
2026-05-14,국장,SK하이닉스,KRX:000660,KRW,1970000.0,1970000.0,yahoo.KS
2026-05-15,국장,SK하이닉스,KRX:000660,KRW,1819000.0,1819000.0,yahoo.KS
2026-05-18,국장,SK하이닉스,KRX:000660,KRW,1840000.0,1840000.0,yahoo.KS
2026-05-19,국장,SK하이닉스,KRX:000660,KRW,1745000.0,1745000.0,yahoo.KS
2026-05-20,국장,SK하이닉스,KRX:000660,KRW,1745000.0,1745000.0,yahoo.KS
2026-05-21,국장,SK하이닉스,KRX:000660,KRW,1940000.0,1940000.0,yahoo.KS
2026-05-22,국장,SK하이닉스,KRX:000660,KRW,1941000.0,1941000.0,yahoo.KS
2026-05-26,국장,SK하이닉스,KRX:000660,KRW,2052000.0,2052000.0,yahoo.KS
2026-05-27,국장,SK하이닉스,KRX:000660,KRW,2243000.0,2243000.0,yahoo.KS
2026-05-28,국장,SK하이닉스,KRX:000660,KRW,2289000.0,2289000.0,yahoo.KS
2026-05-29,국장,SK하이닉스,KRX:000660,KRW,2333000.0,2333000.0,yahoo.KS
2026-06-01,국장,SK하이닉스,KRX:000660,KRW,2363000.0,2363000.0,yahoo.KS
2026-06-02,국장,SK하이닉스,KRX:000660,KRW,2360000.0,2360000.0,yahoo.KS
2026-06-04,국장,SK하이닉스,KRX:000660,KRW,2298000.0,2298000.0,yahoo.KS
2026-06-05,국장,SK하이닉스,KRX:000660,KRW,2070000.0,2070000.0,yahoo.KS
2026-06-08,국장,SK하이닉스,KRX:000660,KRW,1911000.0,1911000.0,yahoo.KS
2026-06-09,국장,SK하이닉스,KRX:000660,KRW,2215000.0,2215000.0,yahoo.KS
2026-06-10,국장,SK하이닉스,KRX:000660,KRW,2048000.0,2048000.0,yahoo.KS
2026-06-11,국장,SK하이닉스,KRX:000660,KRW,2101000.0,2101000.0,yahoo.KS
2026-06-12,국장,SK하이닉스,KRX:000660,KRW,2150000.0,2150000.0,yahoo.KS
2026-06-15,국장,SK하이닉스,KRX:000660,KRW,2288000.0,2288000.0,yahoo.KS
2026-06-16,국장,SK하이닉스,KRX:000660,KRW,2382000.0,2382000.0,yahoo.KS
2026-06-17,국장,SK하이닉스,KRX:000660,KRW,2521000.0,2521000.0,yahoo.KS
2026-06-18,국장,SK하이닉스,KRX:000660,KRW,2685000.0,2685000.0,yahoo.KS
2026-06-19,국장,SK하이닉스,KRX:000660,KRW,2764000.0,2764000.0,yahoo.KS
2026-06-22,국장,SK하이닉스,KRX:000660,KRW,2919000.0,2919000.0,yahoo.KS
2026-06-23,국장,SK하이닉스,KRX:000660,KRW,2555000.0,2555000.0,yahoo.KS
2026-06-24,국장,SK하이닉스,KRX:000660,KRW,2621000.0,2621000.0,yahoo.KS
2026-06-25,국장,SK하이닉스,KRX:000660,KRW,2917000.0,2917000.0,yahoo.KS
2026-06-26,국장,SK하이닉스,KRX:000660,KRW,2673000.0,2673000.0,yahoo.KS
2026-06-29,국장,SK하이닉스,KRX:000660,KRW,2628000.0,2628000.0,yahoo.KS
2026-06-30,국장,SK하이닉스,KRX:000660,KRW,2650000.0,2650000.0,yahoo.KS
2026-07-01,국장,SK하이닉스,KRX:000660,KRW,2560000.0,2560000.0,yahoo.KS
2026-07-02,국장,SK하이닉스,KRX:000660,KRW,2187000.0,2187000.0,yahoo.KS
2026-07-03,국장,SK하이닉스,KRX:000660,KRW,2425000.0,2425000.0,yahoo.KS
2026-07-06,국장,SK하이닉스,KRX:000660,KRW,2343000.0,2343000.0,yahoo.KS
2026-07-07,국장,SK하이닉스,KRX:000660,KRW,2201000.0,2201000.0,yahoo.KS
2026-07-08,국장,SK하이닉스,KRX:000660,KRW,2076000.0,2076000.0,yahoo.KS
2026-07-09,국장,SK하이닉스,KRX:000660,KRW,2186000.0,2186000.0,yahoo.KS
2026-07-10,국장,SK하이닉스,KRX:000660,KRW,2180000.0,2180000.0,yahoo.KS
2026-07-13,국장,SK하이닉스,KRX:000660,KRW,1845000.0,1845000.0,yahoo.KS
2026-07-14,국장,SK하이닉스,KRX:000660,KRW,1913000.0,1913000.0,yahoo.KS
2026-07-15,국장,SK하이닉스,KRX:000660,KRW,2082000.0,2082000.0,yahoo.KS
2026-07-16,국장,SK하이닉스,KRX:000660,KRW,1842000.0,1842000.0,yahoo.KS
2026-07-20,국장,SK하이닉스,KRX:000660,KRW,1764000.0,1764000.0,yahoo.KS
2026-07-21,국장,SK하이닉스,KRX:000660,KRW,1836000.0,1836000.0,yahoo.KS
2026-07-22,국장,SK하이닉스,KRX:000660,KRW,1830000.0,1830000.0,yahoo.KS
2026-07-23,국장,SK하이닉스,KRX:000660,KRW,1919000.0,1919000.0,yahoo.KS
2026-07-24,국장,SK하이닉스,KRX:000660,KRW,1759000.0,1759000.0,yahoo.KS
2026-07-27,국장,SK하이닉스,KRX:000660,KRW,1816000.0,1816000.0,yahoo.KS
2026-07-28,국장,SK하이닉스,KRX:000660,KRW,1550000.0,1550000.0,yahoo.KS
2026-07-29,국장,SK하이닉스,KRX:000660,KRW,1401000.0,1401000.0,yahoo.KS
2026-07-30,국장,SK하이닉스,KRX:000660,KRW,1322000.0,1322000.0,yahoo.KS
2026-07-31,국장,SK하이닉스,KRX:000660,KRW,1718000.0,1718000.0,yahoo.KS
2026-08-03,국장,SK하이닉스,KRX:000660,KRW,1567000.0,1567000.0,yahoo.KS
2026-08-04,국장,SK하이닉스,KRX:000660,KRW,1577000.0,1577000.0,yahoo.KS
2026-08-05,국장,SK하이닉스,KRX:000660,KRW,1668000.0,1668000.0,yahoo.KS
2026-08-06,국장,SK하이닉스,KRX:000660,KRW,1495000.0,1495000.0,yahoo.KS
2026-08-07,국장,SK하이닉스,KRX:000660,KRW,1422000.0,1422000.0,yahoo.KS
2026-08-10,국장,SK하이닉스,KRX:000660,KRW,1420000.0,1420000.0,yahoo.KS
2026-08-11,국장,SK하이닉스,KRX:000660,KRW,1425000.0,1425000.0,yahoo.KS
2026-08-12,국장,SK하이닉스,KRX:000660,KRW,1504000.0,1504000.0,yahoo.KS
2026-08-13,국장,SK하이닉스,KRX:000660,KRW,1593000.0,1593000.0,yahoo.KS
2026-08-14,국장,SK하이닉스,KRX:000660,KRW,1645000.0,1645000.0,yahoo.KS
2026-08-18,국장,SK하이닉스,KRX:000660,KRW,1662000.0,1662000.0,yahoo.KS
2026-08-19,국장,SK하이닉스,KRX:000660,KRW,1500000.0,1500000.0,yahoo.KS
2026-08-20,국장,SK하이닉스,KRX:000660,KRW,1691000.0,1691000.0,yahoo.KS
2026-08-21,국장,SK하이닉스,KRX:000660,KRW,1730000.0,1730000.0,yahoo.KS
2026-08-24,국장,SK하이닉스,KRX:000660,KRW,1671000.0,1671000.0,yahoo.KS
2026-01-02,국장,현대건설,KRX:000720,KRW,69000.0,69000.0,yahoo.KS
2026-01-05,국장,현대건설,KRX:000720,KRW,74000.0,74000.0,yahoo.KS
2026-01-06,국장,현대건설,KRX:000720,KRW,76200.0,76200.0,yahoo.KS
2026-01-07,국장,현대건설,KRX:000720,KRW,74700.0,74700.0,yahoo.KS
2026-01-08,국장,현대건설,KRX:000720,KRW,75000.0,75000.0,yahoo.KS
2026-01-09,국장,현대건설,KRX:000720,KRW,75800.0,75800.0,yahoo.KS
2026-01-12,국장,현대건설,KRX:000720,KRW,91100.0,91100.0,yahoo.KS
2026-01-13,국장,현대건설,KRX:000720,KRW,92000.0,92000.0,yahoo.KS
2026-01-14,국장,현대건설,KRX:000720,KRW,94900.0,94900.0,yahoo.KS
2026-01-15,국장,현대건설,KRX:000720,KRW,99900.0,99900.0,yahoo.KS
2026-01-02,국장,삼성화재,KRX:000810,KRW,497000.0,497000.0,yahoo.KS
2026-01-05,국장,삼성화재,KRX:000810,KRW,487500.0,487500.0,yahoo.KS
2026-01-06,국장,삼성화재,KRX:000810,KRW,495000.0,495000.0,yahoo.KS
2026-01-07,국장,삼성화재,KRX:000810,KRW,485500.0,485500.0,yahoo.KS
2026-01-08,국장,삼성화재,KRX:000810,KRW,471500.0,471500.0,yahoo.KS
2026-01-09,국장,삼성화재,KRX:000810,KRW,470000.0,470000.0,yahoo.KS
2026-01-12,국장,삼성화재,KRX:000810,KRW,477000.0,477000.0,yahoo.KS
2026-01-13,국장,삼성화재,KRX:000810,KRW,476500.0,476500.0,yahoo.KS
2026-01-14,국장,삼성화재,KRX:000810,KRW,479500.0,479500.0,yahoo.KS
2026-01-15,국장,삼성화재,KRX:000810,KRW,475500.0,475500.0,yahoo.KS
2026-01-16,국장,삼성화재,KRX:000810,KRW,486500.0,486500.0,yahoo.KS
2026-01-19,국장,삼성화재,KRX:000810,KRW,480500.0,480500.0,yahoo.KS
2026-01-20,국장,삼성화재,KRX:000810,KRW,501000.0,501000.0,yahoo.KS
2026-01-21,국장,삼성화재,KRX:000810,KRW,498500.0,498500.0,yahoo.KS
2026-01-22,국장,삼성화재,KRX:000810,KRW,489500.0,489500.0,yahoo.KS
2026-01-23,국장,삼성화재,KRX:000810,KRW,492000.0,492000.0,yahoo.KS
2026-01-26,국장,삼성화재,KRX:000810,KRW,490500.0,490500.0,yahoo.KS
2026-01-27,국장,삼성화재,KRX:000810,KRW,502000.0,502000.0,yahoo.KS
2026-01-28,국장,삼성화재,KRX:000810,KRW,491000.0,491000.0,yahoo.KS
2026-01-29,국장,삼성화재,KRX:000810,KRW,499000.0,499000.0,yahoo.KS
2026-01-30,국장,삼성화재,KRX:000810,KRW,501000.0,501000.0,yahoo.KS
2026-02-02,국장,삼성화재,KRX:000810,KRW,481500.0,481500.0,yahoo.KS
2026-02-03,국장,삼성화재,KRX:000810,KRW,491500.0,491500.0,yahoo.KS
2026-02-04,국장,삼성화재,KRX:000810,KRW,516000.0,516000.0,yahoo.KS
2026-02-05,국장,삼성화재,KRX:000810,KRW,503000.0,503000.0,yahoo.KS
2026-02-06,국장,삼성화재,KRX:000810,KRW,519000.0,519000.0,yahoo.KS
2026-02-09,국장,삼성화재,KRX:000810,KRW,531000.0,531000.0,yahoo.KS
2026-02-10,국장,삼성화재,KRX:000810,KRW,534000.0,534000.0,yahoo.KS
2026-02-11,국장,삼성화재,KRX:000810,KRW,549000.0,549000.0,yahoo.KS
2026-02-12,국장,삼성화재,KRX:000810,KRW,581000.0,581000.0,yahoo.KS
2026-02-13,국장,삼성화재,KRX:000810,KRW,559000.0,559000.0,yahoo.KS
2026-02-19,국장,삼성화재,KRX:000810,KRW,570000.0,570000.0,yahoo.KS
2026-02-20,국장,삼성화재,KRX:000810,KRW,618000.0,618000.0,yahoo.KS
2026-02-23,국장,삼성화재,KRX:000810,KRW,565000.0,565000.0,yahoo.KS
2026-02-24,국장,삼성화재,KRX:000810,KRW,553000.0,553000.0,yahoo.KS
2026-02-25,국장,삼성화재,KRX:000810,KRW,548000.0,548000.0,yahoo.KS
2026-02-26,국장,삼성화재,KRX:000810,KRW,548000.0,548000.0,yahoo.KS
2026-02-27,국장,삼성화재,KRX:000810,KRW,530000.0,530000.0,yahoo.KS
2026-03-03,국장,삼성화재,KRX:000810,KRW,522000.0,522000.0,yahoo.KS
2026-03-04,국장,삼성화재,KRX:000810,KRW,468000.0,468000.0,yahoo.KS
2026-03-05,국장,삼성화재,KRX:000810,KRW,491500.0,491500.0,yahoo.KS
2026-03-06,국장,삼성화재,KRX:000810,KRW,496500.0,496500.0,yahoo.KS
2026-03-09,국장,삼성화재,KRX:000810,KRW,474500.0,474500.0,yahoo.KS
2026-03-10,국장,삼성화재,KRX:000810,KRW,488500.0,488500.0,yahoo.KS
2026-03-11,국장,삼성화재,KRX:000810,KRW,497500.0,497500.0,yahoo.KS
2026-03-12,국장,삼성화재,KRX:000810,KRW,490000.0,490000.0,yahoo.KS
2026-03-13,국장,삼성화재,KRX:000810,KRW,474000.0,474000.0,yahoo.KS
2026-03-16,국장,삼성화재,KRX:000810,KRW,465000.0,465000.0,yahoo.KS
2026-03-17,국장,삼성화재,KRX:000810,KRW,477500.0,477500.0,yahoo.KS
2026-03-18,국장,삼성화재,KRX:000810,KRW,494000.0,494000.0,yahoo.KS
2026-03-19,국장,삼성화재,KRX:000810,KRW,478500.0,478500.0,yahoo.KS
2026-03-20,국장,삼성화재,KRX:000810,KRW,474500.0,474500.0,yahoo.KS
2026-03-23,국장,삼성화재,KRX:000810,KRW,455500.0,455500.0,yahoo.KS
2026-03-24,국장,삼성화재,KRX:000810,KRW,480500.0,480500.0,yahoo.KS
2026-03-25,국장,삼성화재,KRX:000810,KRW,490000.0,490000.0,yahoo.KS
2026-03-26,국장,삼성화재,KRX:000810,KRW,453000.0,453000.0,yahoo.KS
2026-03-27,국장,삼성화재,KRX:000810,KRW,443000.0,443000.0,yahoo.KS
2026-03-30,국장,삼성화재,KRX:000810,KRW,445500.0,445500.0,yahoo.KS
2026-03-31,국장,삼성화재,KRX:000810,KRW,440500.0,440500.0,yahoo.KS
2026-04-01,국장,삼성화재,KRX:000810,KRW,454000.0,454000.0,yahoo.KS
2026-04-02,국장,삼성화재,KRX:000810,KRW,444000.0,444000.0,yahoo.KS
2026-04-03,국장,삼성화재,KRX:000810,KRW,441500.0,441500.0,yahoo.KS
2026-04-06,국장,삼성화재,KRX:000810,KRW,444500.0,444500.0,yahoo.KS
2026-04-07,국장,삼성화재,KRX:000810,KRW,446500.0,446500.0,yahoo.KS
2026-04-08,국장,삼성화재,KRX:000810,KRW,468000.0,468000.0,yahoo.KS
2026-04-09,국장,삼성화재,KRX:000810,KRW,467500.0,467500.0,yahoo.KS
2026-04-10,국장,삼성화재,KRX:000810,KRW,469500.0,469500.0,yahoo.KS
2026-04-13,국장,삼성화재,KRX:000810,KRW,471500.0,471500.0,yahoo.KS
2026-04-14,국장,삼성화재,KRX:000810,KRW,489500.0,489500.0,yahoo.KS
2026-04-15,국장,삼성화재,KRX:000810,KRW,486000.0,486000.0,yahoo.KS
2026-04-16,국장,삼성화재,KRX:000810,KRW,490000.0,490000.0,yahoo.KS
2026-04-17,국장,삼성화재,KRX:000810,KRW,480000.0,480000.0,yahoo.KS
2026-04-20,국장,삼성화재,KRX:000810,KRW,475500.0,475500.0,yahoo.KS
2026-04-21,국장,삼성화재,KRX:000810,KRW,468000.0,468000.0,yahoo.KS
2026-04-22,국장,삼성화재,KRX:000810,KRW,461500.0,461500.0,yahoo.KS
2026-04-23,국장,삼성화재,KRX:000810,KRW,463000.0,463000.0,yahoo.KS
2026-04-24,국장,삼성화재,KRX:000810,KRW,456000.0,456000.0,yahoo.KS
2026-04-27,국장,삼성화재,KRX:000810,KRW,461000.0,461000.0,yahoo.KS
2026-04-28,국장,삼성화재,KRX:000810,KRW,483000.0,483000.0,yahoo.KS
2026-04-29,국장,삼성화재,KRX:000810,KRW,464000.0,464000.0,yahoo.KS
2026-04-30,국장,삼성화재,KRX:000810,KRW,461000.0,461000.0,yahoo.KS
2026-05-04,국장,삼성화재,KRX:000810,KRW,473500.0,473500.0,yahoo.KS
2026-05-06,국장,삼성화재,KRX:000810,KRW,480500.0,480500.0,yahoo.KS
2026-05-07,국장,삼성화재,KRX:000810,KRW,490000.0,490000.0,yahoo.KS
2026-05-08,국장,삼성화재,KRX:000810,KRW,499000.0,499000.0,yahoo.KS
2026-05-11,국장,삼성화재,KRX:000810,KRW,505000.0,505000.0,yahoo.KS
2026-05-12,국장,삼성화재,KRX:000810,KRW,505000.0,505000.0,yahoo.KS
2026-05-13,국장,삼성화재,KRX:000810,KRW,498000.0,498000.0,yahoo.KS
2026-05-14,국장,삼성화재,KRX:000810,KRW,538000.0,538000.0,yahoo.KS
2026-05-15,국장,삼성화재,KRX:000810,KRW,554000.0,554000.0,yahoo.KS
2026-05-18,국장,삼성화재,KRX:000810,KRW,554000.0,554000.0,yahoo.KS
2026-05-19,국장,삼성화재,KRX:000810,KRW,551000.0,551000.0,yahoo.KS
2026-05-20,국장,삼성화재,KRX:000810,KRW,543000.0,543000.0,yahoo.KS
2026-05-21,국장,삼성화재,KRX:000810,KRW,566000.0,566000.0,yahoo.KS
2026-05-22,국장,삼성화재,KRX:000810,KRW,569000.0,569000.0,yahoo.KS
2026-05-26,국장,삼성화재,KRX:000810,KRW,581000.0,581000.0,yahoo.KS
2026-05-27,국장,삼성화재,KRX:000810,KRW,577000.0,577000.0,yahoo.KS
2026-05-28,국장,삼성화재,KRX:000810,KRW,560000.0,560000.0,yahoo.KS
2026-05-29,국장,삼성화재,KRX:000810,KRW,569000.0,569000.0,yahoo.KS
2026-06-01,국장,삼성화재,KRX:000810,KRW,604000.0,604000.0,yahoo.KS
2026-06-02,국장,삼성화재,KRX:000810,KRW,641000.0,641000.0,yahoo.KS
2026-06-04,국장,삼성화재,KRX:000810,KRW,730000.0,730000.0,yahoo.KS
2026-06-05,국장,삼성화재,KRX:000810,KRW,695000.0,695000.0,yahoo.KS
2026-06-08,국장,삼성화재,KRX:000810,KRW,670000.0,670000.0,yahoo.KS
2026-06-09,국장,삼성화재,KRX:000810,KRW,655000.0,655000.0,yahoo.KS
2026-06-10,국장,삼성화재,KRX:000810,KRW,616000.0,616000.0,yahoo.KS
2026-06-11,국장,삼성화재,KRX:000810,KRW,663000.0,663000.0,yahoo.KS
2026-06-12,국장,삼성화재,KRX:000810,KRW,654000.0,654000.0,yahoo.KS
2026-06-15,국장,삼성화재,KRX:000810,KRW,676000.0,676000.0,yahoo.KS
2026-06-16,국장,삼성화재,KRX:000810,KRW,671000.0,671000.0,yahoo.KS
2026-06-17,국장,삼성화재,KRX:000810,KRW,679000.0,679000.0,yahoo.KS
2026-06-18,국장,삼성화재,KRX:000810,KRW,700000.0,700000.0,yahoo.KS
2026-06-19,국장,삼성화재,KRX:000810,KRW,700000.0,700000.0,yahoo.KS
2026-06-22,국장,삼성화재,KRX:000810,KRW,685000.0,685000.0,yahoo.KS
2026-06-23,국장,삼성화재,KRX:000810,KRW,646000.0,646000.0,yahoo.KS
2026-06-24,국장,삼성화재,KRX:000810,KRW,636000.0,636000.0,yahoo.KS
2026-06-25,국장,삼성화재,KRX:000810,KRW,651000.0,651000.0,yahoo.KS
2026-06-26,국장,삼성화재,KRX:000810,KRW,636000.0,636000.0,yahoo.KS
2026-06-29,국장,삼성화재,KRX:000810,KRW,625000.0,625000.0,yahoo.KS
2026-06-30,국장,삼성화재,KRX:000810,KRW,618000.0,618000.0,yahoo.KS
2026-07-01,국장,삼성화재,KRX:000810,KRW,623000.0,623000.0,yahoo.KS
2026-07-02,국장,삼성화재,KRX:000810,KRW,614000.0,614000.0,yahoo.KS
2026-07-03,국장,삼성화재,KRX:000810,KRW,638000.0,638000.0,yahoo.KS
2026-07-06,국장,삼성화재,KRX:000810,KRW,674000.0,674000.0,yahoo.KS
2026-07-07,국장,삼성화재,KRX:000810,KRW,682000.0,682000.0,yahoo.KS
2026-07-08,국장,삼성화재,KRX:000810,KRW,671000.0,671000.0,yahoo.KS
2026-07-09,국장,삼성화재,KRX:000810,KRW,622000.0,622000.0,yahoo.KS
2026-07-10,국장,삼성화재,KRX:000810,KRW,648000.0,648000.0,yahoo.KS
2026-07-13,국장,삼성화재,KRX:000810,KRW,639000.0,639000.0,yahoo.KS
2026-07-14,국장,삼성화재,KRX:000810,KRW,628000.0,628000.0,yahoo.KS
2026-07-15,국장,삼성화재,KRX:000810,KRW,661000.0,661000.0,yahoo.KS
2026-07-16,국장,삼성화재,KRX:000810,KRW,701000.0,701000.0,yahoo.KS
2026-07-20,국장,삼성화재,KRX:000810,KRW,602000.0,602000.0,yahoo.KS
2026-07-21,국장,삼성화재,KRX:000810,KRW,618000.0,618000.0,yahoo.KS
2026-07-22,국장,삼성화재,KRX:000810,KRW,630000.0,630000.0,yahoo.KS
2026-07-23,국장,삼성화재,KRX:000810,KRW,638000.0,638000.0,yahoo.KS
2026-07-24,국장,삼성화재,KRX:000810,KRW,644000.0,644000.0,yahoo.KS
2026-07-27,국장,삼성화재,KRX:000810,KRW,645000.0,645000.0,yahoo.KS
2026-07-28,국장,삼성화재,KRX:000810,KRW,609000.0,609000.0,yahoo.KS
2026-07-29,국장,삼성화재,KRX:000810,KRW,587000.0,587000.0,yahoo.KS
2026-07-30,국장,삼성화재,KRX:000810,KRW,618000.0,618000.0,yahoo.KS
2026-07-31,국장,삼성화재,KRX:000810,KRW,632000.0,632000.0,yahoo.KS
2026-08-03,국장,삼성화재,KRX:000810,KRW,616000.0,616000.0,yahoo.KS
2026-08-04,국장,삼성화재,KRX:000810,KRW,620000.0,620000.0,yahoo.KS
2026-08-05,국장,삼성화재,KRX:000810,KRW,637000.0,637000.0,yahoo.KS
2026-08-06,국장,삼성화재,KRX:000810,KRW,648000.0,648000.0,yahoo.KS
2026-08-07,국장,삼성화재,KRX:000810,KRW,645000.0,645000.0,yahoo.KS
2026-08-10,국장,삼성화재,KRX:000810,KRW,630000.0,630000.0,yahoo.KS
2026-08-11,국장,삼성화재,KRX:000810,KRW,641000.0,641000.0,yahoo.KS
2026-08-12,국장,삼성화재,KRX:000810,KRW,628000.0,628000.0,yahoo.KS
2026-08-13,국장,삼성화재,KRX:000810,KRW,611000.0,611000.0,yahoo.KS
2026-08-14,국장,삼성화재,KRX:000810,KRW,615000.0,615000.0,yahoo.KS
2026-08-18,국장,삼성화재,KRX:000810,KRW,626000.0,626000.0,yahoo.KS
2026-08-19,국장,삼성화재,KRX:000810,KRW,613000.0,613000.0,yahoo.KS
2026-08-20,국장,삼성화재,KRX:000810,KRW,622000.0,622000.0,yahoo.KS
2026-08-21,국장,삼성화재,KRX:000810,KRW,661000.0,661000.0,yahoo.KS
2026-08-24,국장,삼성화재,KRX:000810,KRW,636000.0,636000.0,yahoo.KS
2026-01-02,국장,삼양식품,KRX:003230,KRW,1276000.0,1276000.0,yahoo.KS
2026-01-05,국장,삼양식품,KRX:003230,KRW,1274000.0,1274000.0,yahoo.KS
2026-01-06,국장,삼양식품,KRX:003230,KRW,1262000.0,1262000.0,yahoo.KS
2026-01-07,국장,삼양식품,KRX:003230,KRW,1158000.0,1158000.0,yahoo.KS
2026-01-08,국장,삼양식품,KRX:003230,KRW,1179000.0,1179000.0,yahoo.KS
2026-01-09,국장,삼양식품,KRX:003230,KRW,1206000.0,1206000.0,yahoo.KS
2026-01-12,국장,삼양식품,KRX:003230,KRW,1196000.0,1196000.0,yahoo.KS
2026-01-13,국장,삼양식품,KRX:003230,KRW,1192000.0,1192000.0,yahoo.KS
2026-01-14,국장,삼양식품,KRX:003230,KRW,1198000.0,1198000.0,yahoo.KS
2026-01-15,국장,삼양식품,KRX:003230,KRW,1192000.0,1192000.0,yahoo.KS
2026-01-16,국장,삼양식품,KRX:003230,KRW,1195000.0,1195000.0,yahoo.KS
2026-01-19,국장,삼양식품,KRX:003230,KRW,1186000.0,1186000.0,yahoo.KS
2026-01-20,국장,삼양식품,KRX:003230,KRW,1223000.0,1223000.0,yahoo.KS
2026-01-21,국장,삼양식품,KRX:003230,KRW,1200000.0,1200000.0,yahoo.KS
2026-01-22,국장,삼양식품,KRX:003230,KRW,1235000.0,1235000.0,yahoo.KS
2026-01-23,국장,삼양식품,KRX:003230,KRW,1235000.0,1235000.0,yahoo.KS
2026-01-26,국장,삼양식품,KRX:003230,KRW,1221000.0,1221000.0,yahoo.KS
2026-01-27,국장,삼양식품,KRX:003230,KRW,1201000.0,1201000.0,yahoo.KS
2026-01-28,국장,삼양식품,KRX:003230,KRW,1199000.0,1199000.0,yahoo.KS
2026-01-29,국장,삼양식품,KRX:003230,KRW,1216000.0,1216000.0,yahoo.KS
2026-01-30,국장,삼양식품,KRX:003230,KRW,1180000.0,1180000.0,yahoo.KS
2026-02-02,국장,삼양식품,KRX:003230,KRW,1100000.0,1100000.0,yahoo.KS
2026-02-03,국장,삼양식품,KRX:003230,KRW,1112000.0,1112000.0,yahoo.KS
2026-02-04,국장,삼양식품,KRX:003230,KRW,1102000.0,1102000.0,yahoo.KS
2026-02-05,국장,삼양식품,KRX:003230,KRW,1076000.0,1076000.0,yahoo.KS
2026-02-06,국장,삼양식품,KRX:003230,KRW,1060000.0,1060000.0,yahoo.KS
2026-02-09,국장,삼양식품,KRX:003230,KRW,1095000.0,1095000.0,yahoo.KS
2026-02-10,국장,삼양식품,KRX:003230,KRW,1148000.0,1148000.0,yahoo.KS
2026-02-11,국장,삼양식품,KRX:003230,KRW,1166000.0,1166000.0,yahoo.KS
2026-02-12,국장,삼양식품,KRX:003230,KRW,1219000.0,1219000.0,yahoo.KS
2026-02-13,국장,삼양식품,KRX:003230,KRW,1190000.0,1190000.0,yahoo.KS
2026-02-19,국장,삼양식품,KRX:003230,KRW,1171000.0,1171000.0,yahoo.KS
2026-02-20,국장,삼양식품,KRX:003230,KRW,1164000.0,1164000.0,yahoo.KS
2026-02-23,국장,삼양식품,KRX:003230,KRW,1248000.0,1248000.0,yahoo.KS
2026-02-24,국장,삼양식품,KRX:003230,KRW,1232000.0,1232000.0,yahoo.KS
2026-02-25,국장,삼양식품,KRX:003230,KRW,1243000.0,1243000.0,yahoo.KS
2026-02-26,국장,삼양식품,KRX:003230,KRW,1220000.0,1220000.0,yahoo.KS
2026-02-27,국장,삼양식품,KRX:003230,KRW,1221000.0,1221000.0,yahoo.KS
2026-03-03,국장,삼양식품,KRX:003230,KRW,1172000.0,1172000.0,yahoo.KS
2026-03-04,국장,삼양식품,KRX:003230,KRW,1040000.0,1040000.0,yahoo.KS
2026-03-05,국장,삼양식품,KRX:003230,KRW,1060000.0,1060000.0,yahoo.KS
2026-03-06,국장,삼양식품,KRX:003230,KRW,1058000.0,1058000.0,yahoo.KS
2026-03-09,국장,삼양식품,KRX:003230,KRW,1022000.0,1022000.0,yahoo.KS
2026-03-10,국장,삼양식품,KRX:003230,KRW,1030000.0,1030000.0,yahoo.KS
2026-03-11,국장,삼양식품,KRX:003230,KRW,1120000.0,1120000.0,yahoo.KS
2026-03-12,국장,삼양식품,KRX:003230,KRW,1075000.0,1075000.0,yahoo.KS
2026-03-13,국장,삼양식품,KRX:003230,KRW,1086000.0,1086000.0,yahoo.KS
2026-03-16,국장,삼양식품,KRX:003230,KRW,1038000.0,1038000.0,yahoo.KS
2026-03-17,국장,삼양식품,KRX:003230,KRW,1082000.0,1082000.0,yahoo.KS
2026-03-18,국장,삼양식품,KRX:003230,KRW,1107000.0,1107000.0,yahoo.KS
2026-03-19,국장,삼양식품,KRX:003230,KRW,1100000.0,1100000.0,yahoo.KS
2026-03-20,국장,삼양식품,KRX:003230,KRW,1151000.0,1151000.0,yahoo.KS
2026-03-23,국장,삼양식품,KRX:003230,KRW,1137000.0,1137000.0,yahoo.KS
2026-03-24,국장,삼양식품,KRX:003230,KRW,1203000.0,1203000.0,yahoo.KS
2026-03-25,국장,삼양식품,KRX:003230,KRW,1216000.0,1216000.0,yahoo.KS
2026-03-26,국장,삼양식품,KRX:003230,KRW,1188000.0,1188000.0,yahoo.KS
2026-03-27,국장,삼양식품,KRX:003230,KRW,1183000.0,1183000.0,yahoo.KS
2026-03-30,국장,삼양식품,KRX:003230,KRW,1174000.0,1174000.0,yahoo.KS
2026-03-31,국장,삼양식품,KRX:003230,KRW,1200000.0,1200000.0,yahoo.KS
2026-04-01,국장,삼양식품,KRX:003230,KRW,1316000.0,1316000.0,yahoo.KS
2026-04-02,국장,삼양식품,KRX:003230,KRW,1273000.0,1273000.0,yahoo.KS
2026-04-03,국장,삼양식품,KRX:003230,KRW,1240000.0,1240000.0,yahoo.KS
2026-04-06,국장,삼양식품,KRX:003230,KRW,1208000.0,1208000.0,yahoo.KS
2026-04-07,국장,삼양식품,KRX:003230,KRW,1164000.0,1164000.0,yahoo.KS
2026-04-08,국장,삼양식품,KRX:003230,KRW,1171000.0,1171000.0,yahoo.KS
2026-04-09,국장,삼양식품,KRX:003230,KRW,1186000.0,1186000.0,yahoo.KS
2026-04-10,국장,삼양식품,KRX:003230,KRW,1238000.0,1238000.0,yahoo.KS
2026-04-13,국장,삼양식품,KRX:003230,KRW,1290000.0,1290000.0,yahoo.KS
2026-04-14,국장,삼양식품,KRX:003230,KRW,1254000.0,1254000.0,yahoo.KS
2026-04-15,국장,삼양식품,KRX:003230,KRW,1281000.0,1281000.0,yahoo.KS
2026-04-16,국장,삼양식품,KRX:003230,KRW,1369000.0,1369000.0,yahoo.KS
2026-04-17,국장,삼양식품,KRX:003230,KRW,1376000.0,1376000.0,yahoo.KS
2026-04-20,국장,삼양식품,KRX:003230,KRW,1377000.0,1377000.0,yahoo.KS
2026-04-21,국장,삼양식품,KRX:003230,KRW,1359000.0,1359000.0,yahoo.KS
2026-04-22,국장,삼양식품,KRX:003230,KRW,1370000.0,1370000.0,yahoo.KS
2026-04-23,국장,삼양식품,KRX:003230,KRW,1344000.0,1344000.0,yahoo.KS
2026-04-24,국장,삼양식품,KRX:003230,KRW,1315000.0,1315000.0,yahoo.KS
2026-04-27,국장,삼양식품,KRX:003230,KRW,1301000.0,1301000.0,yahoo.KS
2026-04-28,국장,삼양식품,KRX:003230,KRW,1285000.0,1285000.0,yahoo.KS
2026-04-29,국장,삼양식품,KRX:003230,KRW,1314000.0,1314000.0,yahoo.KS
2026-04-30,국장,삼양식품,KRX:003230,KRW,1341000.0,1341000.0,yahoo.KS
2026-05-04,국장,삼양식품,KRX:003230,KRW,1316000.0,1316000.0,yahoo.KS
2026-05-06,국장,삼양식품,KRX:003230,KRW,1294000.0,1294000.0,yahoo.KS
2026-05-07,국장,삼양식품,KRX:003230,KRW,1264000.0,1264000.0,yahoo.KS
2026-05-08,국장,삼양식품,KRX:003230,KRW,1360000.0,1360000.0,yahoo.KS
2026-05-11,국장,삼양식품,KRX:003230,KRW,1319000.0,1319000.0,yahoo.KS
2026-05-12,국장,삼양식품,KRX:003230,KRW,1331000.0,1331000.0,yahoo.KS
2026-05-13,국장,삼양식품,KRX:003230,KRW,1295000.0,1295000.0,yahoo.KS
2026-05-14,국장,삼양식품,KRX:003230,KRW,1439000.0,1439000.0,yahoo.KS
2026-05-15,국장,삼양식품,KRX:003230,KRW,1444000.0,1444000.0,yahoo.KS
2026-05-18,국장,삼양식품,KRX:003230,KRW,1366000.0,1366000.0,yahoo.KS
2026-05-19,국장,삼양식품,KRX:003230,KRW,1391000.0,1391000.0,yahoo.KS
2026-05-20,국장,삼양식품,KRX:003230,KRW,1357000.0,1357000.0,yahoo.KS
2026-05-21,국장,삼양식품,KRX:003230,KRW,1319000.0,1319000.0,yahoo.KS
2026-05-22,국장,삼양식품,KRX:003230,KRW,1315000.0,1315000.0,yahoo.KS
2026-05-26,국장,삼양식품,KRX:003230,KRW,1296000.0,1296000.0,yahoo.KS
2026-05-27,국장,삼양식품,KRX:003230,KRW,1237000.0,1237000.0,yahoo.KS
2026-05-28,국장,삼양식품,KRX:003230,KRW,1211000.0,1211000.0,yahoo.KS
2026-05-29,국장,삼양식품,KRX:003230,KRW,1205000.0,1205000.0,yahoo.KS
2026-06-01,국장,삼양식품,KRX:003230,KRW,1166000.0,1166000.0,yahoo.KS
2026-06-02,국장,삼양식품,KRX:003230,KRW,1140000.0,1140000.0,yahoo.KS
2026-06-04,국장,삼양식품,KRX:003230,KRW,1114000.0,1114000.0,yahoo.KS
2026-06-05,국장,삼양식품,KRX:003230,KRW,1120000.0,1120000.0,yahoo.KS
2026-06-08,국장,삼양식품,KRX:003230,KRW,1069000.0,1069000.0,yahoo.KS
2026-06-09,국장,삼양식품,KRX:003230,KRW,1110000.0,1110000.0,yahoo.KS
2026-06-10,국장,삼양식품,KRX:003230,KRW,1136000.0,1136000.0,yahoo.KS
2026-06-11,국장,삼양식품,KRX:003230,KRW,1176000.0,1176000.0,yahoo.KS
2026-06-12,국장,삼양식품,KRX:003230,KRW,1145000.0,1145000.0,yahoo.KS
2026-06-15,국장,삼양식품,KRX:003230,KRW,1139000.0,1139000.0,yahoo.KS
2026-06-16,국장,삼양식품,KRX:003230,KRW,1143000.0,1143000.0,yahoo.KS
2026-06-17,국장,삼양식품,KRX:003230,KRW,1145000.0,1145000.0,yahoo.KS
2026-06-18,국장,삼양식품,KRX:003230,KRW,1111000.0,1111000.0,yahoo.KS
2026-06-19,국장,삼양식품,KRX:003230,KRW,1103000.0,1103000.0,yahoo.KS
2026-06-22,국장,삼양식품,KRX:003230,KRW,1070000.0,1070000.0,yahoo.KS
2026-06-23,국장,삼양식품,KRX:003230,KRW,1072000.0,1072000.0,yahoo.KS
2026-06-24,국장,삼양식품,KRX:003230,KRW,1122000.0,1122000.0,yahoo.KS
2026-06-25,국장,삼양식품,KRX:003230,KRW,1143000.0,1143000.0,yahoo.KS
2026-06-26,국장,삼양식품,KRX:003230,KRW,1111000.0,1111000.0,yahoo.KS
2026-06-29,국장,삼양식품,KRX:003230,KRW,1160000.0,1160000.0,yahoo.KS
2026-06-30,국장,삼양식품,KRX:003230,KRW,1119000.0,1119000.0,yahoo.KS
2026-07-01,국장,삼양식품,KRX:003230,KRW,1162000.0,1162000.0,yahoo.KS
2026-07-02,국장,삼양식품,KRX:003230,KRW,1159000.0,1159000.0,yahoo.KS
2026-07-03,국장,삼양식품,KRX:003230,KRW,1111000.0,1111000.0,yahoo.KS
2026-07-06,국장,삼양식품,KRX:003230,KRW,1098000.0,1098000.0,yahoo.KS
2026-07-07,국장,삼양식품,KRX:003230,KRW,1222000.0,1222000.0,yahoo.KS
2026-07-08,국장,삼양식품,KRX:003230,KRW,1146000.0,1146000.0,yahoo.KS
2026-07-09,국장,삼양식품,KRX:003230,KRW,1103000.0,1103000.0,yahoo.KS
2026-07-10,국장,삼양식품,KRX:003230,KRW,1139000.0,1139000.0,yahoo.KS
2026-07-13,국장,삼양식품,KRX:003230,KRW,1110000.0,1110000.0,yahoo.KS
2026-07-14,국장,삼양식품,KRX:003230,KRW,1072000.0,1072000.0,yahoo.KS
2026-07-15,국장,삼양식품,KRX:003230,KRW,1072000.0,1072000.0,yahoo.KS
2026-07-16,국장,삼양식품,KRX:003230,KRW,1069000.0,1069000.0,yahoo.KS
2026-07-20,국장,삼양식품,KRX:003230,KRW,1053000.0,1053000.0,yahoo.KS
2026-07-21,국장,삼양식품,KRX:003230,KRW,1117000.0,1117000.0,yahoo.KS
2026-07-22,국장,삼양식품,KRX:003230,KRW,1109000.0,1109000.0,yahoo.KS
2026-07-23,국장,삼양식품,KRX:003230,KRW,1127000.0,1127000.0,yahoo.KS
2026-07-24,국장,삼양식품,KRX:003230,KRW,1151000.0,1151000.0,yahoo.KS
2026-07-27,국장,삼양식품,KRX:003230,KRW,1220000.0,1220000.0,yahoo.KS
2026-07-28,국장,삼양식품,KRX:003230,KRW,1183000.0,1183000.0,yahoo.KS
2026-07-29,국장,삼양식품,KRX:003230,KRW,1220000.0,1220000.0,yahoo.KS
2026-07-30,국장,삼양식품,KRX:003230,KRW,1243000.0,1243000.0,yahoo.KS
2026-07-31,국장,삼양식품,KRX:003230,KRW,1168000.0,1168000.0,yahoo.KS
2026-08-03,국장,삼양식품,KRX:003230,KRW,1151000.0,1151000.0,yahoo.KS
2026-08-04,국장,삼양식품,KRX:003230,KRW,1219000.0,1219000.0,yahoo.KS
2026-08-05,국장,삼양식품,KRX:003230,KRW,1210000.0,1210000.0,yahoo.KS
2026-08-06,국장,삼양식품,KRX:003230,KRW,1233000.0,1233000.0,yahoo.KS
2026-08-07,국장,삼양식품,KRX:003230,KRW,1306000.0,1306000.0,yahoo.KS
2026-08-10,국장,삼양식품,KRX:003230,KRW,1288000.0,1288000.0,yahoo.KS
2026-08-11,국장,삼양식품,KRX:003230,KRW,1254000.0,1254000.0,yahoo.KS
2026-08-12,국장,삼양식품,KRX:003230,KRW,1204000.0,1204000.0,yahoo.KS
2026-08-13,국장,삼양식품,KRX:003230,KRW,1219000.0,1219000.0,yahoo.KS
2026-08-14,국장,삼양식품,KRX:003230,KRW,1270000.0,1270000.0,yahoo.KS
2026-08-18,국장,삼양식품,KRX:003230,KRW,1334000.0,1334000.0,yahoo.KS
2026-08-19,국장,삼양식품,KRX:003230,KRW,1304000.0,1304000.0,yahoo.KS
2026-08-20,국장,삼양식품,KRX:003230,KRW,1397000.0,1397000.0,yahoo.KS
2026-08-21,국장,삼양식품,KRX:003230,KRW,1366000.0,1366000.0,yahoo.KS
2026-08-24,국장,삼양식품,KRX:003230,KRW,1404000.0,1404000.0,yahoo.KS
2026-02-27,국장,대한항공,KRX:003490,KRW,28100.0,28100.0,yahoo.KS
2026-03-03,국장,대한항공,KRX:003490,KRW,25200.0,25200.0,yahoo.KS
2026-03-04,국장,대한항공,KRX:003490,KRW,23200.0,23200.0,yahoo.KS
2026-03-05,국장,대한항공,KRX:003490,KRW,24500.0,24500.0,yahoo.KS
2026-03-06,국장,대한항공,KRX:003490,KRW,24500.0,24500.0,yahoo.KS
2026-03-09,국장,대한항공,KRX:003490,KRW,22400.0,22400.0,yahoo.KS
2026-03-10,국장,대한항공,KRX:003490,KRW,24350.0,24350.0,yahoo.KS
2026-03-11,국장,대한항공,KRX:003490,KRW,24600.0,24600.0,yahoo.KS
2026-03-12,국장,대한항공,KRX:003490,KRW,24250.0,24250.0,yahoo.KS
2026-03-13,국장,대한항공,KRX:003490,KRW,24300.0,24300.0,yahoo.KS
2026-03-16,국장,대한항공,KRX:003490,KRW,24650.0,24650.0,yahoo.KS
2026-03-17,국장,대한항공,KRX:003490,KRW,24850.0,24850.0,yahoo.KS
2026-03-18,국장,대한항공,KRX:003490,KRW,25500.0,25500.0,yahoo.KS
2026-03-19,국장,대한항공,KRX:003490,KRW,24550.0,24550.0,yahoo.KS
2026-03-20,국장,대한항공,KRX:003490,KRW,26350.0,26350.0,yahoo.KS
2026-03-23,국장,대한항공,KRX:003490,KRW,24300.0,24300.0,yahoo.KS
2026-03-24,국장,대한항공,KRX:003490,KRW,24850.0,24850.0,yahoo.KS
2026-03-25,국장,대한항공,KRX:003490,KRW,25400.0,25400.0,yahoo.KS
2026-03-26,국장,대한항공,KRX:003490,KRW,24950.0,24950.0,yahoo.KS
2026-03-27,국장,대한항공,KRX:003490,KRW,25300.0,25300.0,yahoo.KS
2026-03-30,국장,대한항공,KRX:003490,KRW,24350.0,24350.0,yahoo.KS
2026-03-31,국장,대한항공,KRX:003490,KRW,23550.0,23550.0,yahoo.KS
2026-04-01,국장,대한항공,KRX:003490,KRW,24600.0,24600.0,yahoo.KS
2026-04-02,국장,대한항공,KRX:003490,KRW,23200.0,23200.0,yahoo.KS
2026-04-03,국장,대한항공,KRX:003490,KRW,23000.0,23000.0,yahoo.KS
2026-04-06,국장,대한항공,KRX:003490,KRW,23150.0,23150.0,yahoo.KS
2026-04-07,국장,대한항공,KRX:003490,KRW,23100.0,23100.0,yahoo.KS
2026-04-08,국장,대한항공,KRX:003490,KRW,24950.0,24950.0,yahoo.KS
2026-04-09,국장,대한항공,KRX:003490,KRW,24250.0,24250.0,yahoo.KS
2026-04-10,국장,대한항공,KRX:003490,KRW,24700.0,24700.0,yahoo.KS
2026-04-13,국장,대한항공,KRX:003490,KRW,23950.0,23950.0,yahoo.KS
2026-04-14,국장,대한항공,KRX:003490,KRW,24700.0,24700.0,yahoo.KS
2026-04-15,국장,대한항공,KRX:003490,KRW,24800.0,24800.0,yahoo.KS
2026-04-16,국장,대한항공,KRX:003490,KRW,25200.0,25200.0,yahoo.KS
2026-04-17,국장,대한항공,KRX:003490,KRW,25050.0,25050.0,yahoo.KS
2026-04-20,국장,대한항공,KRX:003490,KRW,25050.0,25050.0,yahoo.KS
2026-04-21,국장,대한항공,KRX:003490,KRW,25600.0,25600.0,yahoo.KS
2026-04-22,국장,대한항공,KRX:003490,KRW,25200.0,25200.0,yahoo.KS
2026-04-23,국장,대한항공,KRX:003490,KRW,24800.0,24800.0,yahoo.KS
2026-04-24,국장,대한항공,KRX:003490,KRW,24850.0,24850.0,yahoo.KS
2026-04-27,국장,대한항공,KRX:003490,KRW,24550.0,24550.0,yahoo.KS
2026-04-28,국장,대한항공,KRX:003490,KRW,24350.0,24350.0,yahoo.KS
2026-04-29,국장,대한항공,KRX:003490,KRW,25100.0,25100.0,yahoo.KS
2026-04-30,국장,대한항공,KRX:003490,KRW,24550.0,24550.0,yahoo.KS
2026-05-04,국장,대한항공,KRX:003490,KRW,24500.0,24500.0,yahoo.KS
2026-05-06,국장,대한항공,KRX:003490,KRW,24550.0,24550.0,yahoo.KS
2026-05-07,국장,대한항공,KRX:003490,KRW,26350.0,26350.0,yahoo.KS
2026-05-08,국장,대한항공,KRX:003490,KRW,27050.0,27050.0,yahoo.KS
2026-05-11,국장,대한항공,KRX:003490,KRW,25750.0,25750.0,yahoo.KS
2026-05-12,국장,대한항공,KRX:003490,KRW,24850.0,24850.0,yahoo.KS
2026-05-13,국장,대한항공,KRX:003490,KRW,25750.0,25750.0,yahoo.KS
2026-05-14,국장,대한항공,KRX:003490,KRW,27300.0,27300.0,yahoo.KS
2026-05-15,국장,대한항공,KRX:003490,KRW,26050.0,26050.0,yahoo.KS
2026-05-18,국장,대한항공,KRX:003490,KRW,25550.0,25550.0,yahoo.KS
2026-05-19,국장,대한항공,KRX:003490,KRW,25800.0,25800.0,yahoo.KS
2026-05-20,국장,대한항공,KRX:003490,KRW,24800.0,24800.0,yahoo.KS
2026-05-21,국장,대한항공,KRX:003490,KRW,26450.0,26450.0,yahoo.KS
2026-05-22,국장,대한항공,KRX:003490,KRW,26800.0,26800.0,yahoo.KS
2026-05-26,국장,대한항공,KRX:003490,KRW,27450.0,27450.0,yahoo.KS
2026-05-27,국장,대한항공,KRX:003490,KRW,26850.0,26850.0,yahoo.KS
2026-05-28,국장,대한항공,KRX:003490,KRW,27000.0,27000.0,yahoo.KS
2026-05-29,국장,대한항공,KRX:003490,KRW,26800.0,26800.0,yahoo.KS
2026-06-01,국장,대한항공,KRX:003490,KRW,25800.0,25800.0,yahoo.KS
2026-06-02,국장,대한항공,KRX:003490,KRW,25300.0,25300.0,yahoo.KS
2026-06-04,국장,대한항공,KRX:003490,KRW,25050.0,25050.0,yahoo.KS
2026-06-05,국장,대한항공,KRX:003490,KRW,24900.0,24900.0,yahoo.KS
2026-06-08,국장,대한항공,KRX:003490,KRW,23800.0,23800.0,yahoo.KS
2026-06-09,국장,대한항공,KRX:003490,KRW,24850.0,24850.0,yahoo.KS
2026-06-10,국장,대한항공,KRX:003490,KRW,25450.0,25450.0,yahoo.KS
2026-06-11,국장,대한항공,KRX:003490,KRW,24800.0,24800.0,yahoo.KS
2026-06-12,국장,대한항공,KRX:003490,KRW,26600.0,26600.0,yahoo.KS
2026-06-15,국장,대한항공,KRX:003490,KRW,30000.0,30000.0,yahoo.KS
2026-06-16,국장,대한항공,KRX:003490,KRW,29300.0,29300.0,yahoo.KS
2026-06-17,국장,대한항공,KRX:003490,KRW,28800.0,28800.0,yahoo.KS
2026-06-18,국장,대한항공,KRX:003490,KRW,28850.0,28850.0,yahoo.KS
2026-06-19,국장,대한항공,KRX:003490,KRW,27950.0,27950.0,yahoo.KS
2026-06-22,국장,대한항공,KRX:003490,KRW,27050.0,27050.0,yahoo.KS
2026-06-23,국장,대한항공,KRX:003490,KRW,25900.0,25900.0,yahoo.KS
2026-06-24,국장,대한항공,KRX:003490,KRW,27350.0,27350.0,yahoo.KS
2026-06-25,국장,대한항공,KRX:003490,KRW,29100.0,29100.0,yahoo.KS
2026-06-26,국장,대한항공,KRX:003490,KRW,28050.0,28050.0,yahoo.KS
2026-06-29,국장,대한항공,KRX:003490,KRW,28350.0,28350.0,yahoo.KS
2026-06-30,국장,대한항공,KRX:003490,KRW,27550.0,27550.0,yahoo.KS
2026-07-01,국장,대한항공,KRX:003490,KRW,27800.0,27800.0,yahoo.KS
2026-07-02,국장,대한항공,KRX:003490,KRW,28550.0,28550.0,yahoo.KS
2026-07-03,국장,대한항공,KRX:003490,KRW,28850.0,28850.0,yahoo.KS
2026-07-06,국장,대한항공,KRX:003490,KRW,28750.0,28750.0,yahoo.KS
2026-07-07,국장,대한항공,KRX:003490,KRW,29150.0,29150.0,yahoo.KS
2026-07-08,국장,대한항공,KRX:003490,KRW,28150.0,28150.0,yahoo.KS
2026-01-27,국장,현대차,KRX:005380,KRW,488500.0,488500.0,yahoo.KS
2026-01-28,국장,현대차,KRX:005380,KRW,492500.0,492500.0,yahoo.KS
2026-01-29,국장,현대차,KRX:005380,KRW,528000.0,528000.0,yahoo.KS
2026-01-30,국장,현대차,KRX:005380,KRW,500000.0,500000.0,yahoo.KS
2026-02-02,국장,현대차,KRX:005380,KRW,478000.0,478000.0,yahoo.KS
2026-02-03,국장,현대차,KRX:005380,KRW,491500.0,491500.0,yahoo.KS
2026-02-04,국장,현대차,KRX:005380,KRW,504000.0,504000.0,yahoo.KS
2026-02-05,국장,현대차,KRX:005380,KRW,488500.0,488500.0,yahoo.KS
2026-02-06,국장,현대차,KRX:005380,KRW,467500.0,467500.0,yahoo.KS
2026-02-09,국장,현대차,KRX:005380,KRW,478000.0,478000.0,yahoo.KS
2026-02-10,국장,현대차,KRX:005380,KRW,480500.0,480500.0,yahoo.KS
2026-02-11,국장,현대차,KRX:005380,KRW,509000.0,509000.0,yahoo.KS
2026-02-12,국장,현대차,KRX:005380,KRW,506000.0,506000.0,yahoo.KS
2026-02-13,국장,현대차,KRX:005380,KRW,499000.0,499000.0,yahoo.KS
2026-02-19,국장,현대차,KRX:005380,KRW,513000.0,513000.0,yahoo.KS
2026-02-20,국장,현대차,KRX:005380,KRW,509000.0,509000.0,yahoo.KS
2026-02-23,국장,현대차,KRX:005380,KRW,523000.0,523000.0,yahoo.KS
2026-02-24,국장,현대차,KRX:005380,KRW,524000.0,524000.0,yahoo.KS
2026-02-25,국장,현대차,KRX:005380,KRW,572000.0,572000.0,yahoo.KS
2026-02-26,국장,현대차,KRX:005380,KRW,609000.0,609000.0,yahoo.KS
2026-02-27,국장,현대차,KRX:005380,KRW,674000.0,674000.0,yahoo.KS
2026-03-03,국장,현대차,KRX:005380,KRW,595000.0,595000.0,yahoo.KS
2026-03-04,국장,현대차,KRX:005380,KRW,501000.0,501000.0,yahoo.KS
2026-03-05,국장,현대차,KRX:005380,KRW,548000.0,548000.0,yahoo.KS
2026-03-06,국장,현대차,KRX:005380,KRW,553000.0,553000.0,yahoo.KS
2026-03-09,국장,현대차,KRX:005380,KRW,507000.0,507000.0,yahoo.KS
2026-03-10,국장,현대차,KRX:005380,KRW,525000.0,525000.0,yahoo.KS
2026-03-11,국장,현대차,KRX:005380,KRW,530000.0,530000.0,yahoo.KS
2026-03-12,국장,현대차,KRX:005380,KRW,521000.0,521000.0,yahoo.KS
2026-03-13,국장,현대차,KRX:005380,KRW,517000.0,517000.0,yahoo.KS
2026-03-16,국장,현대차,KRX:005380,KRW,506000.0,506000.0,yahoo.KS
2026-03-17,국장,현대차,KRX:005380,KRW,522000.0,522000.0,yahoo.KS
2026-03-18,국장,현대차,KRX:005380,KRW,545000.0,545000.0,yahoo.KS
2026-03-19,국장,현대차,KRX:005380,KRW,522000.0,522000.0,yahoo.KS
2026-03-20,국장,현대차,KRX:005380,KRW,517000.0,517000.0,yahoo.KS
2026-03-23,국장,현대차,KRX:005380,KRW,485000.0,485000.0,yahoo.KS
2026-03-24,국장,현대차,KRX:005380,KRW,492000.0,492000.0,yahoo.KS
2026-03-25,국장,현대차,KRX:005380,KRW,501000.0,501000.0,yahoo.KS
2026-03-26,국장,현대차,KRX:005380,KRW,490000.0,490000.0,yahoo.KS
2026-03-27,국장,현대차,KRX:005380,KRW,495000.0,495000.0,yahoo.KS
2026-03-30,국장,현대차,KRX:005380,KRW,469500.0,469500.0,yahoo.KS
2026-03-31,국장,현대차,KRX:005380,KRW,445500.0,445500.0,yahoo.KS
2026-04-01,국장,현대차,KRX:005380,KRW,487500.0,487500.0,yahoo.KS
2026-04-02,국장,현대차,KRX:005380,KRW,465500.0,465500.0,yahoo.KS
2026-04-03,국장,현대차,KRX:005380,KRW,471000.0,471000.0,yahoo.KS
2026-04-06,국장,현대차,KRX:005380,KRW,469000.0,469000.0,yahoo.KS
2026-04-07,국장,현대차,KRX:005380,KRW,473000.0,473000.0,yahoo.KS
2026-04-08,국장,현대차,KRX:005380,KRW,508000.0,508000.0,yahoo.KS
2026-04-09,국장,현대차,KRX:005380,KRW,489500.0,489500.0,yahoo.KS
2026-04-10,국장,현대차,KRX:005380,KRW,489500.0,489500.0,yahoo.KS
2026-04-13,국장,현대차,KRX:005380,KRW,478500.0,478500.0,yahoo.KS
2026-04-14,국장,현대차,KRX:005380,KRW,491500.0,491500.0,yahoo.KS
2026-04-15,국장,현대차,KRX:005380,KRW,508000.0,508000.0,yahoo.KS
2026-04-16,국장,현대차,KRX:005380,KRW,534000.0,534000.0,yahoo.KS
2026-04-17,국장,현대차,KRX:005380,KRW,538000.0,538000.0,yahoo.KS
2026-04-20,국장,현대차,KRX:005380,KRW,527000.0,527000.0,yahoo.KS
2026-04-21,국장,현대차,KRX:005380,KRW,546000.0,546000.0,yahoo.KS
2026-04-22,국장,현대차,KRX:005380,KRW,541000.0,541000.0,yahoo.KS
2026-04-23,국장,현대차,KRX:005380,KRW,532000.0,532000.0,yahoo.KS
2026-04-24,국장,현대차,KRX:005380,KRW,513000.0,513000.0,yahoo.KS
2026-04-27,국장,현대차,KRX:005380,KRW,524000.0,524000.0,yahoo.KS
2026-04-28,국장,현대차,KRX:005380,KRW,555000.0,555000.0,yahoo.KS
2026-04-29,국장,현대차,KRX:005380,KRW,556000.0,556000.0,yahoo.KS
2026-04-30,국장,현대차,KRX:005380,KRW,531000.0,531000.0,yahoo.KS
2026-05-04,국장,현대차,KRX:005380,KRW,539000.0,539000.0,yahoo.KS
2026-05-06,국장,현대차,KRX:005380,KRW,550000.0,550000.0,yahoo.KS
2026-05-07,국장,현대차,KRX:005380,KRW,572000.0,572000.0,yahoo.KS
2026-05-08,국장,현대차,KRX:005380,KRW,613000.0,613000.0,yahoo.KS
2026-05-11,국장,현대차,KRX:005380,KRW,646000.0,646000.0,yahoo.KS
2026-05-12,국장,현대차,KRX:005380,KRW,646000.0,646000.0,yahoo.KS
2026-05-13,국장,현대차,KRX:005380,KRW,710000.0,710000.0,yahoo.KS
2026-05-14,국장,현대차,KRX:005380,KRW,712000.0,712000.0,yahoo.KS
2026-05-15,국장,현대차,KRX:005380,KRW,700000.0,700000.0,yahoo.KS
2026-05-18,국장,현대차,KRX:005380,KRW,663000.0,663000.0,yahoo.KS
2026-05-19,국장,현대차,KRX:005380,KRW,604000.0,604000.0,yahoo.KS
2026-05-20,국장,현대차,KRX:005380,KRW,592000.0,592000.0,yahoo.KS
2026-05-21,국장,현대차,KRX:005380,KRW,666000.0,666000.0,yahoo.KS
2026-05-22,국장,현대차,KRX:005380,KRW,655000.0,655000.0,yahoo.KS
2026-05-26,국장,현대차,KRX:005380,KRW,689000.0,689000.0,yahoo.KS
2026-05-27,국장,현대차,KRX:005380,KRW,681000.0,681000.0,yahoo.KS
2026-05-28,국장,현대차,KRX:005380,KRW,677000.0,677000.0,yahoo.KS
2026-05-29,국장,현대차,KRX:005380,KRW,723000.0,723000.0,yahoo.KS
2026-06-01,국장,현대차,KRX:005380,KRW,750000.0,750000.0,yahoo.KS
2026-06-02,국장,현대차,KRX:005380,KRW,729000.0,729000.0,yahoo.KS
2026-06-04,국장,현대차,KRX:005380,KRW,700000.0,700000.0,yahoo.KS
2026-06-05,국장,현대차,KRX:005380,KRW,700000.0,700000.0,yahoo.KS
2026-01-09,국장,TIGER 차이나휴머노이드로봇,KRX:0053L0,KRW,14110.0,14110.0,yahoo.KS
2026-01-12,국장,TIGER 차이나휴머노이드로봇,KRX:0053L0,KRW,14580.0,14580.0,yahoo.KS
2026-01-13,국장,TIGER 차이나휴머노이드로봇,KRX:0053L0,KRW,14600.0,14600.0,yahoo.KS
2026-01-14,국장,TIGER 차이나휴머노이드로봇,KRX:0053L0,KRW,14335.0,14335.0,yahoo.KS
2026-01-15,국장,TIGER 차이나휴머노이드로봇,KRX:0053L0,KRW,14250.0,14250.0,yahoo.KS
2026-01-16,국장,TIGER 차이나휴머노이드로봇,KRX:0053L0,KRW,14740.0,14740.0,yahoo.KS
2026-01-19,국장,TIGER 차이나휴머노이드로봇,KRX:0053L0,KRW,14840.0,14840.0,yahoo.KS
2026-01-20,국장,TIGER 차이나휴머노이드로봇,KRX:0053L0,KRW,14555.0,14555.0,yahoo.KS
2026-01-21,국장,TIGER 차이나휴머노이드로봇,KRX:0053L0,KRW,14735.0,14735.0,yahoo.KS
2026-01-22,국장,TIGER 차이나휴머노이드로봇,KRX:0053L0,KRW,14590.0,14590.0,yahoo.KS
2026-01-23,국장,TIGER 차이나휴머노이드로봇,KRX:0053L0,KRW,14545.0,14545.0,yahoo.KS
2026-01-26,국장,TIGER 차이나휴머노이드로봇,KRX:0053L0,KRW,13890.0,13890.0,yahoo.KS
2026-01-27,국장,TIGER 차이나휴머노이드로봇,KRX:0053L0,KRW,13875.0,13875.0,yahoo.KS
2026-01-28,국장,TIGER 차이나휴머노이드로봇,KRX:0053L0,KRW,13635.0,13635.0,yahoo.KS
2026-01-29,국장,TIGER 차이나휴머노이드로봇,KRX:0053L0,KRW,13410.0,13410.0,yahoo.KS
2026-01-30,국장,TIGER 차이나휴머노이드로봇,KRX:0053L0,KRW,13350.0,13350.0,yahoo.KS
2026-02-02,국장,TIGER 차이나휴머노이드로봇,KRX:0053L0,KRW,13120.0,13120.0,yahoo.KS
2026-02-03,국장,TIGER 차이나휴머노이드로봇,KRX:0053L0,KRW,13355.0,13355.0,yahoo.KS
2026-02-04,국장,TIGER 차이나휴머노이드로봇,KRX:0053L0,KRW,13325.0,13325.0,yahoo.KS
2026-02-05,국장,TIGER 차이나휴머노이드로봇,KRX:0053L0,KRW,13270.0,13270.0,yahoo.KS
2026-01-02,국장,삼성전자,KRX:005930,KRW,128500.0,128500.0,yahoo.KS
2026-01-05,국장,삼성전자,KRX:005930,KRW,138100.0,138100.0,yahoo.KS
2026-01-06,국장,삼성전자,KRX:005930,KRW,138900.0,138900.0,yahoo.KS
2026-01-07,국장,삼성전자,KRX:005930,KRW,141000.0,141000.0,yahoo.KS
2026-01-08,국장,삼성전자,KRX:005930,KRW,138800.0,138800.0,yahoo.KS
2026-01-09,국장,삼성전자,KRX:005930,KRW,139000.0,139000.0,yahoo.KS
2026-01-12,국장,삼성전자,KRX:005930,KRW,138800.0,138800.0,yahoo.KS
2026-01-13,국장,삼성전자,KRX:005930,KRW,137600.0,137600.0,yahoo.KS
2026-01-14,국장,삼성전자,KRX:005930,KRW,140300.0,140300.0,yahoo.KS
2026-01-15,국장,삼성전자,KRX:005930,KRW,143900.0,143900.0,yahoo.KS
2026-01-16,국장,삼성전자,KRX:005930,KRW,148900.0,148900.0,yahoo.KS
2026-01-19,국장,삼성전자,KRX:005930,KRW,149300.0,149300.0,yahoo.KS
2026-01-20,국장,삼성전자,KRX:005930,KRW,145200.0,145200.0,yahoo.KS
2026-01-21,국장,삼성전자,KRX:005930,KRW,149500.0,149500.0,yahoo.KS
2026-01-22,국장,삼성전자,KRX:005930,KRW,152300.0,152300.0,yahoo.KS
2026-01-23,국장,삼성전자,KRX:005930,KRW,152100.0,152100.0,yahoo.KS
2026-01-26,국장,삼성전자,KRX:005930,KRW,152100.0,152100.0,yahoo.KS
2026-01-27,국장,삼성전자,KRX:005930,KRW,159500.0,159500.0,yahoo.KS
2026-01-28,국장,삼성전자,KRX:005930,KRW,162400.0,162400.0,yahoo.KS
2026-01-29,국장,삼성전자,KRX:005930,KRW,160700.0,160700.0,yahoo.KS
2026-01-30,국장,삼성전자,KRX:005930,KRW,160500.0,160500.0,yahoo.KS
2026-02-02,국장,삼성전자,KRX:005930,KRW,150400.0,150400.0,yahoo.KS
2026-02-03,국장,삼성전자,KRX:005930,KRW,167500.0,167500.0,yahoo.KS
2026-02-04,국장,삼성전자,KRX:005930,KRW,169100.0,169100.0,yahoo.KS
2026-02-05,국장,삼성전자,KRX:005930,KRW,159300.0,159300.0,yahoo.KS
2026-02-06,국장,삼성전자,KRX:005930,KRW,158600.0,158600.0,yahoo.KS
2026-02-09,국장,삼성전자,KRX:005930,KRW,166400.0,166400.0,yahoo.KS
2026-02-10,국장,삼성전자,KRX:005930,KRW,165800.0,165800.0,yahoo.KS
2026-02-11,국장,삼성전자,KRX:005930,KRW,167800.0,167800.0,yahoo.KS
2026-02-12,국장,삼성전자,KRX:005930,KRW,178600.0,178600.0,yahoo.KS
2026-02-13,국장,삼성전자,KRX:005930,KRW,181200.0,181200.0,yahoo.KS
2026-02-19,국장,삼성전자,KRX:005930,KRW,190000.0,190000.0,yahoo.KS
2026-02-20,국장,삼성전자,KRX:005930,KRW,190100.0,190100.0,yahoo.KS
2026-02-23,국장,삼성전자,KRX:005930,KRW,193000.0,193000.0,yahoo.KS
2026-02-24,국장,삼성전자,KRX:005930,KRW,200000.0,200000.0,yahoo.KS
2026-02-25,국장,삼성전자,KRX:005930,KRW,203500.0,203500.0,yahoo.KS
2026-02-26,국장,삼성전자,KRX:005930,KRW,218000.0,218000.0,yahoo.KS
2026-02-27,국장,삼성전자,KRX:005930,KRW,216500.0,216500.0,yahoo.KS
2026-03-03,국장,삼성전자,KRX:005930,KRW,195100.0,195100.0,yahoo.KS
2026-03-04,국장,삼성전자,KRX:005930,KRW,172200.0,172200.0,yahoo.KS
2026-03-05,국장,삼성전자,KRX:005930,KRW,191600.0,191600.0,yahoo.KS
2026-03-06,국장,삼성전자,KRX:005930,KRW,188200.0,188200.0,yahoo.KS
2026-03-09,국장,삼성전자,KRX:005930,KRW,173500.0,173500.0,yahoo.KS
2026-03-10,국장,삼성전자,KRX:005930,KRW,187900.0,187900.0,yahoo.KS
2026-03-11,국장,삼성전자,KRX:005930,KRW,190000.0,190000.0,yahoo.KS
2026-03-12,국장,삼성전자,KRX:005930,KRW,187900.0,187900.0,yahoo.KS
2026-03-13,국장,삼성전자,KRX:005930,KRW,183500.0,183500.0,yahoo.KS
2026-03-16,국장,삼성전자,KRX:005930,KRW,188700.0,188700.0,yahoo.KS
2026-03-17,국장,삼성전자,KRX:005930,KRW,193900.0,193900.0,yahoo.KS
2026-03-18,국장,삼성전자,KRX:005930,KRW,208500.0,208500.0,yahoo.KS
2026-03-19,국장,삼성전자,KRX:005930,KRW,200500.0,200500.0,yahoo.KS
2026-03-20,국장,삼성전자,KRX:005930,KRW,199400.0,199400.0,yahoo.KS
2026-03-23,국장,삼성전자,KRX:005930,KRW,186300.0,186300.0,yahoo.KS
2026-03-24,국장,삼성전자,KRX:005930,KRW,189700.0,189700.0,yahoo.KS
2026-03-25,국장,삼성전자,KRX:005930,KRW,189000.0,189000.0,yahoo.KS
2026-03-26,국장,삼성전자,KRX:005930,KRW,180100.0,180100.0,yahoo.KS
2026-03-27,국장,삼성전자,KRX:005930,KRW,180100.0,180100.0,yahoo.KS
2026-03-30,국장,삼성전자,KRX:005930,KRW,176300.0,176300.0,yahoo.KS
2026-03-31,국장,삼성전자,KRX:005930,KRW,167200.0,167200.0,yahoo.KS
2026-04-01,국장,삼성전자,KRX:005930,KRW,189650.0,189650.0,yahoo.KS
2026-04-02,국장,삼성전자,KRX:005930,KRW,178400.0,178400.0,yahoo.KS
2026-04-03,국장,삼성전자,KRX:005930,KRW,186200.0,186200.0,yahoo.KS
2026-04-06,국장,삼성전자,KRX:005930,KRW,193100.0,193100.0,yahoo.KS
2026-04-07,국장,삼성전자,KRX:005930,KRW,196500.0,196500.0,yahoo.KS
2026-04-08,국장,삼성전자,KRX:005930,KRW,210500.0,210500.0,yahoo.KS
2026-04-09,국장,삼성전자,KRX:005930,KRW,204000.0,204000.0,yahoo.KS
2026-04-10,국장,삼성전자,KRX:005930,KRW,206000.0,206000.0,yahoo.KS
2026-04-13,국장,삼성전자,KRX:005930,KRW,201000.0,201000.0,yahoo.KS
2026-04-14,국장,삼성전자,KRX:005930,KRW,206500.0,206500.0,yahoo.KS
2026-04-15,국장,삼성전자,KRX:005930,KRW,211000.0,211000.0,yahoo.KS
2026-04-16,국장,삼성전자,KRX:005930,KRW,217500.0,217500.0,yahoo.KS
2026-04-17,국장,삼성전자,KRX:005930,KRW,216000.0,216000.0,yahoo.KS
2026-04-20,국장,삼성전자,KRX:005930,KRW,214500.0,214500.0,yahoo.KS
2026-04-21,국장,삼성전자,KRX:005930,KRW,219000.0,219000.0,yahoo.KS
2026-04-22,국장,삼성전자,KRX:005930,KRW,217500.0,217500.0,yahoo.KS
2026-04-23,국장,삼성전자,KRX:005930,KRW,224500.0,224500.0,yahoo.KS
2026-04-24,국장,삼성전자,KRX:005930,KRW,219500.0,219500.0,yahoo.KS
2026-04-27,국장,삼성전자,KRX:005930,KRW,224500.0,224500.0,yahoo.KS
2026-04-28,국장,삼성전자,KRX:005930,KRW,222000.0,222000.0,yahoo.KS
2026-04-29,국장,삼성전자,KRX:005930,KRW,226000.0,226000.0,yahoo.KS
2026-04-30,국장,삼성전자,KRX:005930,KRW,220500.0,220500.0,yahoo.KS
2026-05-04,국장,삼성전자,KRX:005930,KRW,232500.0,232500.0,yahoo.KS
2026-05-06,국장,삼성전자,KRX:005930,KRW,266000.0,266000.0,yahoo.KS
2026-05-07,국장,삼성전자,KRX:005930,KRW,271500.0,271500.0,yahoo.KS
2026-05-08,국장,삼성전자,KRX:005930,KRW,268500.0,268500.0,yahoo.KS
2026-05-11,국장,삼성전자,KRX:005930,KRW,285500.0,285500.0,yahoo.KS
2026-05-12,국장,삼성전자,KRX:005930,KRW,279000.0,279000.0,yahoo.KS
2026-05-13,국장,삼성전자,KRX:005930,KRW,284000.0,284000.0,yahoo.KS
2026-05-14,국장,삼성전자,KRX:005930,KRW,296000.0,296000.0,yahoo.KS
2026-05-15,국장,삼성전자,KRX:005930,KRW,270500.0,270500.0,yahoo.KS
2026-05-18,국장,삼성전자,KRX:005930,KRW,281000.0,281000.0,yahoo.KS
2026-05-19,국장,삼성전자,KRX:005930,KRW,275500.0,275500.0,yahoo.KS
2026-05-20,국장,삼성전자,KRX:005930,KRW,276000.0,276000.0,yahoo.KS
2026-05-21,국장,삼성전자,KRX:005930,KRW,299500.0,299500.0,yahoo.KS
2026-05-22,국장,삼성전자,KRX:005930,KRW,292500.0,292500.0,yahoo.KS
2026-05-26,국장,삼성전자,KRX:005930,KRW,299000.0,299000.0,yahoo.KS
2026-05-27,국장,삼성전자,KRX:005930,KRW,307000.0,307000.0,yahoo.KS
2026-05-28,국장,삼성전자,KRX:005930,KRW,299500.0,299500.0,yahoo.KS
2026-05-29,국장,삼성전자,KRX:005930,KRW,317000.0,317000.0,yahoo.KS
2026-06-01,국장,삼성전자,KRX:005930,KRW,349000.0,349000.0,yahoo.KS
2026-06-02,국장,삼성전자,KRX:005930,KRW,360500.0,360500.0,yahoo.KS
2026-06-04,국장,삼성전자,KRX:005930,KRW,351500.0,351500.0,yahoo.KS
2026-06-05,국장,삼성전자,KRX:005930,KRW,329000.0,329000.0,yahoo.KS
2026-06-08,국장,삼성전자,KRX:005930,KRW,295500.0,295500.0,yahoo.KS
2026-06-09,국장,삼성전자,KRX:005930,KRW,322000.0,322000.0,yahoo.KS
2026-06-10,국장,삼성전자,KRX:005930,KRW,302500.0,302500.0,yahoo.KS
2026-06-11,국장,삼성전자,KRX:005930,KRW,299000.0,299000.0,yahoo.KS
2026-06-12,국장,삼성전자,KRX:005930,KRW,322500.0,322500.0,yahoo.KS
2026-06-15,국장,삼성전자,KRX:005930,KRW,337000.0,337000.0,yahoo.KS
2026-06-16,국장,삼성전자,KRX:005930,KRW,343000.0,343000.0,yahoo.KS
2026-06-17,국장,삼성전자,KRX:005930,KRW,346500.0,346500.0,yahoo.KS
2026-06-18,국장,삼성전자,KRX:005930,KRW,362500.0,362500.0,yahoo.KS
2026-06-19,국장,삼성전자,KRX:005930,KRW,354000.0,354000.0,yahoo.KS
2026-06-22,국장,삼성전자,KRX:005930,KRW,353500.0,353500.0,yahoo.KS
2026-06-23,국장,삼성전자,KRX:005930,KRW,310000.0,310000.0,yahoo.KS
2026-06-24,국장,삼성전자,KRX:005930,KRW,340500.0,340500.0,yahoo.KS
2026-06-25,국장,삼성전자,KRX:005930,KRW,358500.0,358500.0,yahoo.KS
2026-06-26,국장,삼성전자,KRX:005930,KRW,339500.0,339500.0,yahoo.KS
2026-06-29,국장,삼성전자,KRX:005930,KRW,323000.0,323000.0,yahoo.KS
2026-06-30,국장,삼성전자,KRX:005930,KRW,334000.0,334000.0,yahoo.KS
2026-07-01,국장,삼성전자,KRX:005930,KRW,314500.0,314500.0,yahoo.KS
2026-07-02,국장,삼성전자,KRX:005930,KRW,286000.0,286000.0,yahoo.KS
2026-07-03,국장,삼성전자,KRX:005930,KRW,309500.0,309500.0,yahoo.KS
2026-07-06,국장,삼성전자,KRX:005930,KRW,318000.0,318000.0,yahoo.KS
2026-07-07,국장,삼성전자,KRX:005930,KRW,296000.0,296000.0,yahoo.KS
2026-07-08,국장,삼성전자,KRX:005930,KRW,277500.0,277500.0,yahoo.KS
2026-07-09,국장,삼성전자,KRX:005930,KRW,278000.0,278000.0,yahoo.KS
2026-07-10,국장,삼성전자,KRX:005930,KRW,285000.0,285000.0,yahoo.KS
2026-07-13,국장,삼성전자,KRX:005930,KRW,254500.0,254500.0,yahoo.KS
2026-07-14,국장,삼성전자,KRX:005930,KRW,263000.0,263000.0,yahoo.KS
2026-07-15,국장,삼성전자,KRX:005930,KRW,279500.0,279500.0,yahoo.KS
2026-07-16,국장,삼성전자,KRX:005930,KRW,255000.0,255000.0,yahoo.KS
2026-07-20,국장,삼성전자,KRX:005930,KRW,244000.0,244000.0,yahoo.KS
2026-07-21,국장,삼성전자,KRX:005930,KRW,259000.0,259000.0,yahoo.KS
2026-07-22,국장,삼성전자,KRX:005930,KRW,260500.0,260500.0,yahoo.KS
2026-07-23,국장,삼성전자,KRX:005930,KRW,270000.0,270000.0,yahoo.KS
2026-07-24,국장,삼성전자,KRX:005930,KRW,249500.0,249500.0,yahoo.KS
2026-07-27,국장,삼성전자,KRX:005930,KRW,254000.0,254000.0,yahoo.KS
2026-07-28,국장,삼성전자,KRX:005930,KRW,220000.0,220000.0,yahoo.KS
2026-07-29,국장,삼성전자,KRX:005930,KRW,208500.0,208500.0,yahoo.KS
2026-07-30,국장,삼성전자,KRX:005930,KRW,207000.0,207000.0,yahoo.KS
2026-07-31,국장,삼성전자,KRX:005930,KRW,262500.0,262500.0,yahoo.KS
2026-08-03,국장,삼성전자,KRX:005930,KRW,239500.0,239500.0,yahoo.KS
2026-08-04,국장,삼성전자,KRX:005930,KRW,240000.0,240000.0,yahoo.KS
2026-08-05,국장,삼성전자,KRX:005930,KRW,246000.0,246000.0,yahoo.KS
2026-08-06,국장,삼성전자,KRX:005930,KRW,230500.0,230500.0,yahoo.KS
2026-08-07,국장,삼성전자,KRX:005930,KRW,231000.0,231000.0,yahoo.KS
2026-08-10,국장,삼성전자,KRX:005930,KRW,230000.0,230000.0,yahoo.KS
2026-08-11,국장,삼성전자,KRX:005930,KRW,239500.0,239500.0,yahoo.KS
2026-08-12,국장,삼성전자,KRX:005930,KRW,255500.0,255500.0,yahoo.KS
2026-08-13,국장,삼성전자,KRX:005930,KRW,268000.0,268000.0,yahoo.KS
2026-08-14,국장,삼성전자,KRX:005930,KRW,274500.0,274500.0,yahoo.KS
2026-08-18,국장,삼성전자,KRX:005930,KRW,268500.0,268500.0,yahoo.KS
2026-08-19,국장,삼성전자,KRX:005930,KRW,247500.0,247500.0,yahoo.KS
2026-08-20,국장,삼성전자,KRX:005930,KRW,271000.0,271000.0,yahoo.KS
2026-08-21,국장,삼성전자,KRX:005930,KRW,281500.0,281500.0,yahoo.KS
2026-08-24,국장,삼성전자,KRX:005930,KRW,257000.0,257000.0,yahoo.KS
2026-05-26,국장,LS,KRX:006260,KRW,553000.0,553000.0,yahoo.KS
2026-05-27,국장,LS,KRX:006260,KRW,508000.0,508000.0,yahoo.KS
2026-05-28,국장,LS,KRX:006260,KRW,475500.0,475500.0,yahoo.KS
2026-05-29,국장,LS,KRX:006260,KRW,446000.0,446000.0,yahoo.KS
2026-06-01,국장,LS,KRX:006260,KRW,466000.0,466000.0,yahoo.KS
2026-06-02,국장,LS,KRX:006260,KRW,425500.0,425500.0,yahoo.KS
2026-06-04,국장,LS,KRX:006260,KRW,435500.0,435500.0,yahoo.KS
2026-06-05,국장,LS,KRX:006260,KRW,410500.0,410500.0,yahoo.KS
2026-06-08,국장,LS,KRX:006260,KRW,371000.0,371000.0,yahoo.KS
2026-06-09,국장,LS,KRX:006260,KRW,387500.0,387500.0,yahoo.KS
2026-06-10,국장,LS,KRX:006260,KRW,390000.0,390000.0,yahoo.KS
2026-06-11,국장,LS,KRX:006260,KRW,373500.0,373500.0,yahoo.KS
2026-06-12,국장,LS,KRX:006260,KRW,386500.0,386500.0,yahoo.KS
2026-06-15,국장,LS,KRX:006260,KRW,419500.0,419500.0,yahoo.KS
2026-06-16,국장,LS,KRX:006260,KRW,424000.0,424000.0,yahoo.KS
2026-06-17,국장,LS,KRX:006260,KRW,433000.0,433000.0,yahoo.KS
2026-04-27,국장,삼성SDI,KRX:006400,KRW,635000.0,635000.0,yahoo.KS
2026-04-28,국장,삼성SDI,KRX:006400,KRW,680000.0,680000.0,yahoo.KS
2026-04-29,국장,삼성SDI,KRX:006400,KRW,712000.0,712000.0,yahoo.KS
2026-04-30,국장,삼성SDI,KRX:006400,KRW,695000.0,695000.0,yahoo.KS
2026-05-04,국장,삼성SDI,KRX:006400,KRW,705000.0,705000.0,yahoo.KS
2026-05-06,국장,삼성SDI,KRX:006400,KRW,698000.0,698000.0,yahoo.KS
2026-05-07,국장,삼성SDI,KRX:006400,KRW,694000.0,694000.0,yahoo.KS
2026-05-08,국장,삼성SDI,KRX:006400,KRW,678000.0,678000.0,yahoo.KS
2026-05-11,국장,삼성SDI,KRX:006400,KRW,684000.0,684000.0,yahoo.KS
2026-05-12,국장,삼성SDI,KRX:006400,KRW,629000.0,629000.0,yahoo.KS
2026-05-13,국장,삼성SDI,KRX:006400,KRW,634000.0,634000.0,yahoo.KS
2026-05-14,국장,삼성SDI,KRX:006400,KRW,636000.0,636000.0,yahoo.KS
2026-05-15,국장,삼성SDI,KRX:006400,KRW,614000.0,614000.0,yahoo.KS
2026-05-18,국장,삼성SDI,KRX:006400,KRW,613000.0,613000.0,yahoo.KS
2026-05-19,국장,삼성SDI,KRX:006400,KRW,587000.0,587000.0,yahoo.KS
2026-02-04,국장,KODEX 금액티브,KRX:0064K0,KRW,15455.0,15455.0,yahoo.KS
2026-02-05,국장,KODEX 금액티브,KRX:0064K0,KRW,15185.0,15185.0,yahoo.KS
2026-02-06,국장,KODEX 금액티브,KRX:0064K0,KRW,14985.0,14985.0,yahoo.KS
2026-02-09,국장,KODEX 금액티브,KRX:0064K0,KRW,15425.0,15425.0,yahoo.KS
2026-02-10,국장,KODEX 금액티브,KRX:0064K0,KRW,15435.0,15435.0,yahoo.KS
2026-04-14,국장,대한유화,KRX:006650,KRW,152000.0,152000.0,yahoo.KS
2026-04-15,국장,대한유화,KRX:006650,KRW,154000.0,154000.0,yahoo.KS
2026-04-16,국장,대한유화,KRX:006650,KRW,152700.0,152700.0,yahoo.KS
2026-04-17,국장,대한유화,KRX:006650,KRW,155100.0,155100.0,yahoo.KS
2026-04-20,국장,대한유화,KRX:006650,KRW,157700.0,157700.0,yahoo.KS
2026-04-21,국장,대한유화,KRX:006650,KRW,158900.0,158900.0,yahoo.KS
2026-04-22,국장,대한유화,KRX:006650,KRW,156000.0,156000.0,yahoo.KS
2026-04-23,국장,대한유화,KRX:006650,KRW,155400.0,155400.0,yahoo.KS
2026-04-24,국장,대한유화,KRX:006650,KRW,159400.0,159400.0,yahoo.KS
2026-04-27,국장,대한유화,KRX:006650,KRW,157200.0,157200.0,yahoo.KS
2026-04-28,국장,대한유화,KRX:006650,KRW,157800.0,157800.0,yahoo.KS
2026-01-07,국장,서부T&D,KRX:006730,KRW,12080.0,12080.0,yahoo.KQ
2026-01-08,국장,서부T&D,KRX:006730,KRW,12210.0,12210.0,yahoo.KQ
2026-01-09,국장,서부T&D,KRX:006730,KRW,12730.0,12730.0,yahoo.KQ
2026-01-12,국장,서부T&D,KRX:006730,KRW,12700.0,12700.0,yahoo.KQ
2026-01-13,국장,서부T&D,KRX:006730,KRW,12750.0,12750.0,yahoo.KQ
2026-01-14,국장,서부T&D,KRX:006730,KRW,13320.0,13320.0,yahoo.KQ
2026-01-15,국장,서부T&D,KRX:006730,KRW,13660.0,13660.0,yahoo.KQ
2026-01-16,국장,서부T&D,KRX:006730,KRW,13740.0,13740.0,yahoo.KQ
2026-01-19,국장,서부T&D,KRX:006730,KRW,13950.0,13950.0,yahoo.KQ
2026-01-20,국장,서부T&D,KRX:006730,KRW,13940.0,13940.0,yahoo.KQ
2026-01-21,국장,서부T&D,KRX:006730,KRW,14380.0,14380.0,yahoo.KQ
2026-01-22,국장,서부T&D,KRX:006730,KRW,15060.0,15060.0,yahoo.KQ
2026-01-23,국장,서부T&D,KRX:006730,KRW,14920.0,14920.0,yahoo.KQ
2026-01-26,국장,서부T&D,KRX:006730,KRW,14700.0,14700.0,yahoo.KQ
2026-01-27,국장,서부T&D,KRX:006730,KRW,14940.0,14940.0,yahoo.KQ
2026-01-28,국장,서부T&D,KRX:006730,KRW,14980.0,14980.0,yahoo.KQ
2026-01-29,국장,서부T&D,KRX:006730,KRW,15800.0,15800.0,yahoo.KQ
2026-01-30,국장,서부T&D,KRX:006730,KRW,17590.0,17590.0,yahoo.KQ
2026-02-02,국장,서부T&D,KRX:006730,KRW,17390.0,17390.0,yahoo.KQ
2026-02-03,국장,서부T&D,KRX:006730,KRW,18170.0,18170.0,yahoo.KQ
2026-02-04,국장,서부T&D,KRX:006730,KRW,18580.0,18580.0,yahoo.KQ
2026-02-05,국장,서부T&D,KRX:006730,KRW,17900.0,17900.0,yahoo.KQ
2026-02-06,국장,서부T&D,KRX:006730,KRW,17680.0,17680.0,yahoo.KQ
2026-02-09,국장,서부T&D,KRX:006730,KRW,17800.0,17800.0,yahoo.KQ
2026-02-10,국장,서부T&D,KRX:006730,KRW,18300.0,18300.0,yahoo.KQ
2026-02-11,국장,서부T&D,KRX:006730,KRW,17620.0,17620.0,yahoo.KQ
2026-02-12,국장,서부T&D,KRX:006730,KRW,17310.0,17310.0,yahoo.KQ
2026-02-13,국장,서부T&D,KRX:006730,KRW,17360.0,17360.0,yahoo.KQ
2026-02-19,국장,서부T&D,KRX:006730,KRW,17220.0,17220.0,yahoo.KQ
2026-02-20,국장,서부T&D,KRX:006730,KRW,17250.0,17250.0,yahoo.KQ
2026-02-23,국장,서부T&D,KRX:006730,KRW,17310.0,17310.0,yahoo.KQ
2026-02-24,국장,서부T&D,KRX:006730,KRW,17300.0,17300.0,yahoo.KQ
2026-02-25,국장,서부T&D,KRX:006730,KRW,16310.0,16310.0,yahoo.KQ
2026-02-26,국장,서부T&D,KRX:006730,KRW,15880.0,15880.0,yahoo.KQ
2026-02-27,국장,서부T&D,KRX:006730,KRW,15650.0,15650.0,yahoo.KQ
2026-03-03,국장,서부T&D,KRX:006730,KRW,15320.0,15320.0,yahoo.KQ
2026-03-04,국장,서부T&D,KRX:006730,KRW,13540.0,13540.0,yahoo.KQ
2026-03-05,국장,서부T&D,KRX:006730,KRW,14130.0,14130.0,yahoo.KQ
2026-03-06,국장,서부T&D,KRX:006730,KRW,14640.0,14640.0,yahoo.KQ
2026-03-09,국장,서부T&D,KRX:006730,KRW,14150.0,14150.0,yahoo.KQ
2026-03-10,국장,서부T&D,KRX:006730,KRW,14330.0,14330.0,yahoo.KQ
2026-03-11,국장,서부T&D,KRX:006730,KRW,14210.0,14210.0,yahoo.KQ
2026-03-12,국장,서부T&D,KRX:006730,KRW,14830.0,14830.0,yahoo.KQ
2026-03-13,국장,서부T&D,KRX:006730,KRW,14850.0,14850.0,yahoo.KQ
2026-03-16,국장,서부T&D,KRX:006730,KRW,14850.0,14850.0,yahoo.KQ
2026-03-17,국장,서부T&D,KRX:006730,KRW,14930.0,14930.0,yahoo.KQ
2026-03-18,국장,서부T&D,KRX:006730,KRW,15060.0,15060.0,yahoo.KQ
2026-03-19,국장,서부T&D,KRX:006730,KRW,14840.0,14840.0,yahoo.KQ
2026-03-20,국장,서부T&D,KRX:006730,KRW,14840.0,14840.0,yahoo.KQ
2026-03-23,국장,서부T&D,KRX:006730,KRW,14210.0,14210.0,yahoo.KQ
2026-03-24,국장,서부T&D,KRX:006730,KRW,14240.0,14240.0,yahoo.KQ
2026-03-25,국장,서부T&D,KRX:006730,KRW,14170.0,14170.0,yahoo.KQ
2026-03-26,국장,서부T&D,KRX:006730,KRW,13520.0,13520.0,yahoo.KQ
2026-03-27,국장,서부T&D,KRX:006730,KRW,13520.0,13520.0,yahoo.KQ
2026-03-30,국장,서부T&D,KRX:006730,KRW,13100.0,13100.0,yahoo.KQ
2026-03-31,국장,서부T&D,KRX:006730,KRW,13040.0,13040.0,yahoo.KQ
2026-04-01,국장,서부T&D,KRX:006730,KRW,13650.0,13650.0,yahoo.KQ
2026-04-02,국장,서부T&D,KRX:006730,KRW,12940.0,12940.0,yahoo.KQ
2026-04-03,국장,서부T&D,KRX:006730,KRW,13030.0,13030.0,yahoo.KQ
2026-04-06,국장,서부T&D,KRX:006730,KRW,12830.0,12830.0,yahoo.KQ
2026-04-07,국장,서부T&D,KRX:006730,KRW,12990.0,12990.0,yahoo.KQ
2026-04-08,국장,서부T&D,KRX:006730,KRW,13210.0,13210.0,yahoo.KQ
2026-04-09,국장,서부T&D,KRX:006730,KRW,12940.0,12940.0,yahoo.KQ
2026-04-10,국장,서부T&D,KRX:006730,KRW,13770.0,13770.0,yahoo.KQ
2026-04-13,국장,서부T&D,KRX:006730,KRW,13040.0,13040.0,yahoo.KQ
2026-04-14,국장,서부T&D,KRX:006730,KRW,13490.0,13490.0,yahoo.KQ
2026-04-15,국장,서부T&D,KRX:006730,KRW,13520.0,13520.0,yahoo.KQ
2026-04-16,국장,서부T&D,KRX:006730,KRW,13530.0,13530.0,yahoo.KQ
2026-04-17,국장,서부T&D,KRX:006730,KRW,13700.0,13700.0,yahoo.KQ
2026-04-20,국장,서부T&D,KRX:006730,KRW,13890.0,13890.0,yahoo.KQ
2026-04-21,국장,서부T&D,KRX:006730,KRW,13830.0,13830.0,yahoo.KQ
2026-04-22,국장,서부T&D,KRX:006730,KRW,13970.0,13970.0,yahoo.KQ
2026-04-23,국장,서부T&D,KRX:006730,KRW,13620.0,13620.0,yahoo.KQ
2026-04-24,국장,서부T&D,KRX:006730,KRW,14180.0,14180.0,yahoo.KQ
2026-04-27,국장,서부T&D,KRX:006730,KRW,14860.0,14860.0,yahoo.KQ
2026-04-28,국장,서부T&D,KRX:006730,KRW,14840.0,14840.0,yahoo.KQ
2026-04-29,국장,서부T&D,KRX:006730,KRW,15850.0,15850.0,yahoo.KQ
2026-04-30,국장,서부T&D,KRX:006730,KRW,14970.0,14970.0,yahoo.KQ
2026-05-04,국장,서부T&D,KRX:006730,KRW,14960.0,14960.0,yahoo.KQ
2026-05-06,국장,서부T&D,KRX:006730,KRW,14370.0,14370.0,yahoo.KQ
2026-05-07,국장,서부T&D,KRX:006730,KRW,14290.0,14290.0,yahoo.KQ
2026-05-08,국장,서부T&D,KRX:006730,KRW,14100.0,14100.0,yahoo.KQ
2026-05-11,국장,서부T&D,KRX:006730,KRW,13590.0,13590.0,yahoo.KQ
2026-05-12,국장,서부T&D,KRX:006730,KRW,12870.0,12870.0,yahoo.KQ
2026-05-13,국장,서부T&D,KRX:006730,KRW,12650.0,12650.0,yahoo.KQ
2026-05-14,국장,서부T&D,KRX:006730,KRW,14010.0,14010.0,yahoo.KQ
2026-05-15,국장,서부T&D,KRX:006730,KRW,13300.0,13300.0,yahoo.KQ
2026-05-18,국장,서부T&D,KRX:006730,KRW,12250.0,12250.0,yahoo.KQ
2026-05-19,국장,서부T&D,KRX:006730,KRW,11970.0,11970.0,yahoo.KQ
2026-05-20,국장,서부T&D,KRX:006730,KRW,11720.0,11720.0,yahoo.KQ
2026-05-21,국장,서부T&D,KRX:006730,KRW,11870.0,11870.0,yahoo.KQ
2026-05-22,국장,서부T&D,KRX:006730,KRW,11850.0,11850.0,yahoo.KQ
2026-05-26,국장,서부T&D,KRX:006730,KRW,11140.0,11140.0,yahoo.KQ
2026-05-27,국장,서부T&D,KRX:006730,KRW,10910.0,10910.0,yahoo.KQ
2026-05-28,국장,서부T&D,KRX:006730,KRW,10910.0,10910.0,yahoo.KQ
2026-05-29,국장,서부T&D,KRX:006730,KRW,10670.0,10670.0,yahoo.KQ
2026-06-01,국장,서부T&D,KRX:006730,KRW,10430.0,10430.0,yahoo.KQ
2026-06-02,국장,서부T&D,KRX:006730,KRW,10690.0,10690.0,yahoo.KQ
2026-06-04,국장,서부T&D,KRX:006730,KRW,11340.0,11340.0,yahoo.KQ
2026-06-05,국장,서부T&D,KRX:006730,KRW,11290.0,11290.0,yahoo.KQ
2026-06-08,국장,서부T&D,KRX:006730,KRW,10680.0,10680.0,yahoo.KQ
2026-06-09,국장,서부T&D,KRX:006730,KRW,11090.0,11090.0,yahoo.KQ
2026-06-10,국장,서부T&D,KRX:006730,KRW,11410.0,11410.0,yahoo.KQ
2026-06-11,국장,서부T&D,KRX:006730,KRW,11740.0,11740.0,yahoo.KQ
2026-06-12,국장,서부T&D,KRX:006730,KRW,11150.0,11150.0,yahoo.KQ
2026-06-15,국장,서부T&D,KRX:006730,KRW,11250.0,11250.0,yahoo.KQ
2026-06-16,국장,서부T&D,KRX:006730,KRW,11420.0,11420.0,yahoo.KQ
2026-06-17,국장,서부T&D,KRX:006730,KRW,11280.0,11280.0,yahoo.KQ
2026-06-18,국장,서부T&D,KRX:006730,KRW,10600.0,10600.0,yahoo.KQ
2026-01-02,국장,삼성전기,KRX:009150,KRW,270000.0,270000.0,yahoo.KS
2026-01-05,국장,삼성전기,KRX:009150,KRW,270000.0,270000.0,yahoo.KS
2026-01-06,국장,삼성전기,KRX:009150,KRW,268000.0,268000.0,yahoo.KS
2026-01-07,국장,삼성전기,KRX:009150,KRW,267500.0,267500.0,yahoo.KS
2026-01-08,국장,삼성전기,KRX:009150,KRW,272000.0,272000.0,yahoo.KS
2026-01-09,국장,삼성전기,KRX:009150,KRW,266000.0,266000.0,yahoo.KS
2026-01-12,국장,삼성전기,KRX:009150,KRW,279000.0,279000.0,yahoo.KS
2026-01-13,국장,삼성전기,KRX:009150,KRW,289000.0,289000.0,yahoo.KS
2026-01-14,국장,삼성전기,KRX:009150,KRW,284500.0,284500.0,yahoo.KS
2026-01-15,국장,삼성전기,KRX:009150,KRW,289500.0,289500.0,yahoo.KS
2026-01-16,국장,삼성전기,KRX:009150,KRW,289500.0,289500.0,yahoo.KS
2026-01-19,국장,삼성전기,KRX:009150,KRW,292000.0,292000.0,yahoo.KS
2026-01-20,국장,삼성전기,KRX:009150,KRW,282000.0,282000.0,yahoo.KS
2026-01-21,국장,삼성전기,KRX:009150,KRW,280000.0,280000.0,yahoo.KS
2026-01-22,국장,삼성전기,KRX:009150,KRW,283000.0,283000.0,yahoo.KS
2026-01-23,국장,삼성전기,KRX:009150,KRW,272000.0,272000.0,yahoo.KS
2026-01-26,국장,삼성전기,KRX:009150,KRW,275000.0,275000.0,yahoo.KS
2026-01-27,국장,삼성전기,KRX:009150,KRW,277000.0,277000.0,yahoo.KS
2026-01-28,국장,삼성전기,KRX:009150,KRW,280000.0,280000.0,yahoo.KS
2026-01-29,국장,삼성전기,KRX:009150,KRW,279500.0,279500.0,yahoo.KS
2026-01-30,국장,삼성전기,KRX:009150,KRW,279000.0,279000.0,yahoo.KS
2026-02-02,국장,삼성전기,KRX:009150,KRW,283000.0,283000.0,yahoo.KS
2026-02-03,국장,삼성전기,KRX:009150,KRW,307500.0,307500.0,yahoo.KS
2026-02-04,국장,삼성전기,KRX:009150,KRW,305000.0,305000.0,yahoo.KS
2026-02-05,국장,삼성전기,KRX:009150,KRW,290000.0,290000.0,yahoo.KS
2026-02-06,국장,삼성전기,KRX:009150,KRW,284000.0,284000.0,yahoo.KS
2026-02-09,국장,삼성전기,KRX:009150,KRW,304000.0,304000.0,yahoo.KS
2026-02-10,국장,삼성전기,KRX:009150,KRW,313500.0,313500.0,yahoo.KS
2026-02-11,국장,삼성전기,KRX:009150,KRW,309500.0,309500.0,yahoo.KS
2026-02-12,국장,삼성전기,KRX:009150,KRW,319500.0,319500.0,yahoo.KS
2026-02-13,국장,삼성전기,KRX:009150,KRW,309500.0,309500.0,yahoo.KS
2026-02-19,국장,삼성전기,KRX:009150,KRW,358000.0,358000.0,yahoo.KS
2026-02-20,국장,삼성전기,KRX:009150,KRW,377000.0,377000.0,yahoo.KS
2026-02-23,국장,삼성전기,KRX:009150,KRW,426500.0,426500.0,yahoo.KS
2026-02-24,국장,삼성전기,KRX:009150,KRW,446000.0,446000.0,yahoo.KS
2026-02-25,국장,삼성전기,KRX:009150,KRW,465000.0,465000.0,yahoo.KS
2026-02-26,국장,삼성전기,KRX:009150,KRW,466500.0,466500.0,yahoo.KS
2026-02-27,국장,삼성전기,KRX:009150,KRW,448500.0,448500.0,yahoo.KS
2026-03-03,국장,삼성전기,KRX:009150,KRW,409000.0,409000.0,yahoo.KS
2026-03-04,국장,삼성전기,KRX:009150,KRW,362500.0,362500.0,yahoo.KS
2026-03-05,국장,삼성전기,KRX:009150,KRW,401500.0,401500.0,yahoo.KS
2026-03-06,국장,삼성전기,KRX:009150,KRW,404500.0,404500.0,yahoo.KS
2026-03-09,국장,삼성전기,KRX:009150,KRW,382000.0,382000.0,yahoo.KS
2026-03-10,국장,삼성전기,KRX:009150,KRW,402000.0,402000.0,yahoo.KS
2026-03-11,국장,삼성전기,KRX:009150,KRW,406000.0,406000.0,yahoo.KS
2026-03-12,국장,삼성전기,KRX:009150,KRW,399500.0,399500.0,yahoo.KS
2026-03-13,국장,삼성전기,KRX:009150,KRW,400500.0,400500.0,yahoo.KS
2026-03-16,국장,삼성전기,KRX:009150,KRW,413000.0,413000.0,yahoo.KS
2026-03-17,국장,삼성전기,KRX:009150,KRW,446500.0,446500.0,yahoo.KS
2026-03-18,국장,삼성전기,KRX:009150,KRW,464000.0,464000.0,yahoo.KS
2026-03-19,국장,삼성전기,KRX:009150,KRW,479500.0,479500.0,yahoo.KS
2026-03-20,국장,삼성전기,KRX:009150,KRW,464500.0,464500.0,yahoo.KS
2026-03-23,국장,삼성전기,KRX:009150,KRW,427500.0,427500.0,yahoo.KS
2026-03-24,국장,삼성전기,KRX:009150,KRW,437000.0,437000.0,yahoo.KS
2026-03-25,국장,삼성전기,KRX:009150,KRW,454500.0,454500.0,yahoo.KS
2026-03-26,국장,삼성전기,KRX:009150,KRW,457000.0,457000.0,yahoo.KS
2026-03-27,국장,삼성전기,KRX:009150,KRW,457000.0,457000.0,yahoo.KS
2026-03-30,국장,삼성전기,KRX:009150,KRW,429000.0,429000.0,yahoo.KS
2026-03-31,국장,삼성전기,KRX:009150,KRW,407500.0,407500.0,yahoo.KS
2026-04-01,국장,삼성전기,KRX:009150,KRW,444000.0,444000.0,yahoo.KS
2026-04-02,국장,삼성전기,KRX:009150,KRW,417000.0,417000.0,yahoo.KS
2026-04-03,국장,삼성전기,KRX:009150,KRW,456000.0,456000.0,yahoo.KS
2026-04-06,국장,삼성전기,KRX:009150,KRW,462000.0,462000.0,yahoo.KS
2026-04-07,국장,삼성전기,KRX:009150,KRW,457000.0,457000.0,yahoo.KS
2026-04-08,국장,삼성전기,KRX:009150,KRW,514000.0,514000.0,yahoo.KS
2026-04-09,국장,삼성전기,KRX:009150,KRW,516000.0,516000.0,yahoo.KS
2026-04-10,국장,삼성전기,KRX:009150,KRW,565000.0,565000.0,yahoo.KS
2026-04-13,국장,삼성전기,KRX:009150,KRW,568000.0,568000.0,yahoo.KS
2026-04-14,국장,삼성전기,KRX:009150,KRW,584000.0,584000.0,yahoo.KS
2026-04-15,국장,삼성전기,KRX:009150,KRW,614000.0,614000.0,yahoo.KS
2026-04-16,국장,삼성전기,KRX:009150,KRW,639000.0,639000.0,yahoo.KS
2026-04-17,국장,삼성전기,KRX:009150,KRW,679000.0,679000.0,yahoo.KS
2026-04-20,국장,삼성전기,KRX:009150,KRW,680000.0,680000.0,yahoo.KS
2026-04-21,국장,삼성전기,KRX:009150,KRW,772000.0,772000.0,yahoo.KS
2026-04-22,국장,삼성전기,KRX:009150,KRW,812000.0,812000.0,yahoo.KS
2026-04-23,국장,삼성전기,KRX:009150,KRW,774000.0,774000.0,yahoo.KS
2026-04-24,국장,삼성전기,KRX:009150,KRW,788000.0,788000.0,yahoo.KS
2026-04-27,국장,삼성전기,KRX:009150,KRW,794000.0,794000.0,yahoo.KS
2026-04-28,국장,삼성전기,KRX:009150,KRW,839000.0,839000.0,yahoo.KS
2026-04-29,국장,삼성전기,KRX:009150,KRW,827000.0,827000.0,yahoo.KS
2026-04-30,국장,삼성전기,KRX:009150,KRW,832000.0,832000.0,yahoo.KS
2026-05-04,국장,삼성전기,KRX:009150,KRW,918000.0,918000.0,yahoo.KS
2026-05-06,국장,삼성전기,KRX:009150,KRW,912000.0,912000.0,yahoo.KS
2026-05-07,국장,삼성전기,KRX:009150,KRW,917000.0,917000.0,yahoo.KS
2026-05-08,국장,삼성전기,KRX:009150,KRW,914000.0,914000.0,yahoo.KS
2026-05-11,국장,삼성전기,KRX:009150,KRW,900000.0,900000.0,yahoo.KS
2026-05-12,국장,삼성전기,KRX:009150,KRW,958000.0,958000.0,yahoo.KS
2026-05-13,국장,삼성전기,KRX:009150,KRW,1029000.0,1029000.0,yahoo.KS
2026-05-14,국장,삼성전기,KRX:009150,KRW,1024000.0,1024000.0,yahoo.KS
2026-05-15,국장,삼성전기,KRX:009150,KRW,1010000.0,1010000.0,yahoo.KS
2026-05-18,국장,삼성전기,KRX:009150,KRW,1031000.0,1031000.0,yahoo.KS
2026-05-19,국장,삼성전기,KRX:009150,KRW,987000.0,987000.0,yahoo.KS
2026-05-20,국장,삼성전기,KRX:009150,KRW,1061000.0,1061000.0,yahoo.KS
2026-05-21,국장,삼성전기,KRX:009150,KRW,1204000.0,1204000.0,yahoo.KS
2026-05-22,국장,삼성전기,KRX:009150,KRW,1340000.0,1340000.0,yahoo.KS
2026-05-26,국장,삼성전기,KRX:009150,KRW,1572000.0,1572000.0,yahoo.KS
2026-05-27,국장,삼성전기,KRX:009150,KRW,1630000.0,1630000.0,yahoo.KS
2026-05-28,국장,삼성전기,KRX:009150,KRW,1849000.0,1849000.0,yahoo.KS
2026-05-29,국장,삼성전기,KRX:009150,KRW,2127000.0,2127000.0,yahoo.KS
2026-06-01,국장,삼성전기,KRX:009150,KRW,2005000.0,2005000.0,yahoo.KS
2026-06-02,국장,삼성전기,KRX:009150,KRW,1813000.0,1813000.0,yahoo.KS
2026-06-04,국장,삼성전기,KRX:009150,KRW,1716000.0,1716000.0,yahoo.KS
2026-06-05,국장,삼성전기,KRX:009150,KRW,1757000.0,1757000.0,yahoo.KS
2026-06-08,국장,삼성전기,KRX:009150,KRW,1664000.0,1664000.0,yahoo.KS
2026-06-09,국장,삼성전기,KRX:009150,KRW,1970000.0,1970000.0,yahoo.KS
2026-06-10,국장,삼성전기,KRX:009150,KRW,1805000.0,1805000.0,yahoo.KS
2026-06-11,국장,삼성전기,KRX:009150,KRW,1805000.0,1805000.0,yahoo.KS
2026-06-12,국장,삼성전기,KRX:009150,KRW,1714000.0,1714000.0,yahoo.KS
2026-06-15,국장,삼성전기,KRX:009150,KRW,1999000.0,1999000.0,yahoo.KS
2026-06-16,국장,삼성전기,KRX:009150,KRW,2048000.0,2048000.0,yahoo.KS
2026-06-17,국장,삼성전기,KRX:009150,KRW,2032000.0,2032000.0,yahoo.KS
2026-06-18,국장,삼성전기,KRX:009150,KRW,2200000.0,2200000.0,yahoo.KS
2026-06-19,국장,삼성전기,KRX:009150,KRW,2270000.0,2270000.0,yahoo.KS
2026-06-22,국장,삼성전기,KRX:009150,KRW,2228000.0,2228000.0,yahoo.KS
2026-06-23,국장,삼성전기,KRX:009150,KRW,1990000.0,1990000.0,yahoo.KS
2026-06-24,국장,삼성전기,KRX:009150,KRW,1964000.0,1964000.0,yahoo.KS
2026-06-25,국장,삼성전기,KRX:009150,KRW,1997000.0,1997000.0,yahoo.KS
2026-06-26,국장,삼성전기,KRX:009150,KRW,1993000.0,1993000.0,yahoo.KS
2026-06-29,국장,삼성전기,KRX:009150,KRW,2038000.0,2038000.0,yahoo.KS
2026-06-30,국장,삼성전기,KRX:009150,KRW,2184000.0,2184000.0,yahoo.KS
2026-07-01,국장,삼성전기,KRX:009150,KRW,2205000.0,2205000.0,yahoo.KS
2026-07-02,국장,삼성전기,KRX:009150,KRW,1926000.0,1926000.0,yahoo.KS
2026-07-03,국장,삼성전기,KRX:009150,KRW,1989000.0,1989000.0,yahoo.KS
2026-07-06,국장,삼성전기,KRX:009150,KRW,1828000.0,1828000.0,yahoo.KS
2026-07-07,국장,삼성전기,KRX:009150,KRW,1648000.0,1648000.0,yahoo.KS
2026-07-08,국장,삼성전기,KRX:009150,KRW,1479000.0,1479000.0,yahoo.KS
2026-07-09,국장,삼성전기,KRX:009150,KRW,1493000.0,1493000.0,yahoo.KS
2026-07-10,국장,삼성전기,KRX:009150,KRW,1584000.0,1584000.0,yahoo.KS
2026-07-13,국장,삼성전기,KRX:009150,KRW,1289000.0,1289000.0,yahoo.KS
2026-07-14,국장,삼성전기,KRX:009150,KRW,1260000.0,1260000.0,yahoo.KS
2026-07-15,국장,삼성전기,KRX:009150,KRW,1413000.0,1413000.0,yahoo.KS
2026-07-16,국장,삼성전기,KRX:009150,KRW,1277000.0,1277000.0,yahoo.KS
2026-07-20,국장,삼성전기,KRX:009150,KRW,1275000.0,1275000.0,yahoo.KS
2026-07-21,국장,삼성전기,KRX:009150,KRW,1310000.0,1310000.0,yahoo.KS
2026-07-22,국장,삼성전기,KRX:009150,KRW,1345000.0,1345000.0,yahoo.KS
2026-07-23,국장,삼성전기,KRX:009150,KRW,1448000.0,1448000.0,yahoo.KS
2026-07-24,국장,삼성전기,KRX:009150,KRW,1326000.0,1326000.0,yahoo.KS
2026-07-27,국장,삼성전기,KRX:009150,KRW,1325000.0,1325000.0,yahoo.KS
2026-07-28,국장,삼성전기,KRX:009150,KRW,1114000.0,1114000.0,yahoo.KS
2026-07-29,국장,삼성전기,KRX:009150,KRW,1029000.0,1029000.0,yahoo.KS
2026-07-30,국장,삼성전기,KRX:009150,KRW,879000.0,879000.0,yahoo.KS
2026-07-31,국장,삼성전기,KRX:009150,KRW,1142000.0,1142000.0,yahoo.KS
2026-08-03,국장,삼성전기,KRX:009150,KRW,1181000.0,1181000.0,yahoo.KS
2026-08-04,국장,삼성전기,KRX:009150,KRW,1185000.0,1185000.0,yahoo.KS
2026-08-05,국장,삼성전기,KRX:009150,KRW,1356000.0,1356000.0,yahoo.KS
2026-08-06,국장,삼성전기,KRX:009150,KRW,1229000.0,1229000.0,yahoo.KS
2026-08-07,국장,삼성전기,KRX:009150,KRW,1278000.0,1278000.0,yahoo.KS
2026-08-10,국장,삼성전기,KRX:009150,KRW,1274000.0,1274000.0,yahoo.KS
2026-08-11,국장,삼성전기,KRX:009150,KRW,1262000.0,1262000.0,yahoo.KS
2026-08-12,국장,삼성전기,KRX:009150,KRW,1335000.0,1335000.0,yahoo.KS
2026-08-13,국장,삼성전기,KRX:009150,KRW,1503000.0,1503000.0,yahoo.KS
2026-08-14,국장,삼성전기,KRX:009150,KRW,1558000.0,1558000.0,yahoo.KS
2026-08-18,국장,삼성전기,KRX:009150,KRW,1440000.0,1440000.0,yahoo.KS
2026-08-19,국장,삼성전기,KRX:009150,KRW,1387000.0,1387000.0,yahoo.KS
2026-08-20,국장,삼성전기,KRX:009150,KRW,1396000.0,1396000.0,yahoo.KS
2026-08-21,국장,삼성전기,KRX:009150,KRW,1316000.0,1316000.0,yahoo.KS
2026-08-24,국장,삼성전기,KRX:009150,KRW,1318000.0,1318000.0,yahoo.KS
2026-04-20,국장,LS ELECTRIC,KRX:010120,KRW,184200.0,184200.0,yahoo.KS
2026-04-21,국장,LS ELECTRIC,KRX:010120,KRW,184700.0,184700.0,yahoo.KS
2026-04-22,국장,LS ELECTRIC,KRX:010120,KRW,194200.0,194200.0,yahoo.KS
2026-04-23,국장,LS ELECTRIC,KRX:010120,KRW,217000.0,217000.0,yahoo.KS
2026-04-24,국장,LS ELECTRIC,KRX:010120,KRW,226500.0,226500.0,yahoo.KS
2026-04-27,국장,LS ELECTRIC,KRX:010120,KRW,255500.0,255500.0,yahoo.KS
2026-04-28,국장,LS ELECTRIC,KRX:010120,KRW,261500.0,261500.0,yahoo.KS
2026-04-29,국장,LS ELECTRIC,KRX:010120,KRW,273000.0,273000.0,yahoo.KS
2026-04-30,국장,LS ELECTRIC,KRX:010120,KRW,278000.0,278000.0,yahoo.KS
2026-05-04,국장,LS ELECTRIC,KRX:010120,KRW,294000.0,294000.0,yahoo.KS
2026-05-06,국장,LS ELECTRIC,KRX:010120,KRW,315500.0,315500.0,yahoo.KS
2026-05-07,국장,LS ELECTRIC,KRX:010120,KRW,318500.0,318500.0,yahoo.KS
2026-05-08,국장,LS ELECTRIC,KRX:010120,KRW,313000.0,313000.0,yahoo.KS
2026-05-11,국장,LS ELECTRIC,KRX:010120,KRW,304000.0,304000.0,yahoo.KS
2026-05-12,국장,LS ELECTRIC,KRX:010120,KRW,289000.0,289000.0,yahoo.KS
2026-05-13,국장,LS ELECTRIC,KRX:010120,KRW,285000.0,285000.0,yahoo.KS
2026-05-14,국장,LS ELECTRIC,KRX:010120,KRW,280000.0,280000.0,yahoo.KS
2026-05-15,국장,LS ELECTRIC,KRX:010120,KRW,259000.0,259000.0,yahoo.KS
2026-05-18,국장,LS ELECTRIC,KRX:010120,KRW,253500.0,253500.0,yahoo.KS
2026-05-19,국장,LS ELECTRIC,KRX:010120,KRW,243500.0,243500.0,yahoo.KS
2026-05-20,국장,LS ELECTRIC,KRX:010120,KRW,238500.0,238500.0,yahoo.KS
2026-05-21,국장,LS ELECTRIC,KRX:010120,KRW,271500.0,271500.0,yahoo.KS
2026-05-22,국장,LS ELECTRIC,KRX:010120,KRW,281000.0,281000.0,yahoo.KS
2026-05-26,국장,LS ELECTRIC,KRX:010120,KRW,285000.0,285000.0,yahoo.KS
2026-05-27,국장,LS ELECTRIC,KRX:010120,KRW,261500.0,261500.0,yahoo.KS
2026-05-28,국장,LS ELECTRIC,KRX:010120,KRW,246500.0,246500.0,yahoo.KS
2026-05-29,국장,LS ELECTRIC,KRX:010120,KRW,241500.0,241500.0,yahoo.KS
2026-01-28,국장,고려아연,KRX:010130,KRW,1801000.0,1801000.0,yahoo.KS
2026-01-29,국장,고려아연,KRX:010130,KRW,1959000.0,1959000.0,yahoo.KS
2026-01-30,국장,고려아연,KRX:010130,KRW,1884000.0,1884000.0,yahoo.KS
2026-02-02,국장,고려아연,KRX:010130,KRW,1650000.0,1650000.0,yahoo.KS
2026-02-03,국장,고려아연,KRX:010130,KRW,1716000.0,1716000.0,yahoo.KS
2026-02-04,국장,고려아연,KRX:010130,KRW,1829000.0,1829000.0,yahoo.KS
2026-04-27,국장,S-Oil,KRX:010950,KRW,115400.0,115400.0,yahoo.KS
2026-04-28,국장,S-Oil,KRX:010950,KRW,118700.0,118700.0,yahoo.KS
2026-04-29,국장,S-Oil,KRX:010950,KRW,134300.0,134300.0,yahoo.KS
2026-04-30,국장,S-Oil,KRX:010950,KRW,134500.0,134500.0,yahoo.KS
2026-05-04,국장,S-Oil,KRX:010950,KRW,128000.0,128000.0,yahoo.KS
2026-05-06,국장,S-Oil,KRX:010950,KRW,122000.0,122000.0,yahoo.KS
2026-05-07,국장,S-Oil,KRX:010950,KRW,118200.0,118200.0,yahoo.KS
2026-05-08,국장,S-Oil,KRX:010950,KRW,116800.0,116800.0,yahoo.KS
2026-05-11,국장,S-Oil,KRX:010950,KRW,110900.0,110900.0,yahoo.KS
2026-05-12,국장,S-Oil,KRX:010950,KRW,114300.0,114300.0,yahoo.KS
2026-05-13,국장,S-Oil,KRX:010950,KRW,115300.0,115300.0,yahoo.KS
2026-05-14,국장,S-Oil,KRX:010950,KRW,115000.0,115000.0,yahoo.KS
2026-05-15,국장,S-Oil,KRX:010950,KRW,112100.0,112100.0,yahoo.KS
2026-05-18,국장,S-Oil,KRX:010950,KRW,111500.0,111500.0,yahoo.KS
2026-05-19,국장,S-Oil,KRX:010950,KRW,110100.0,110100.0,yahoo.KS
2026-05-26,국장,LG이노텍,KRX:011070,KRW,1068000.0,1068000.0,yahoo.KS
2026-05-27,국장,LG이노텍,KRX:011070,KRW,1044000.0,1044000.0,yahoo.KS
2026-05-28,국장,LG이노텍,KRX:011070,KRW,1134000.0,1134000.0,yahoo.KS
2026-05-29,국장,LG이노텍,KRX:011070,KRW,1458000.0,1458000.0,yahoo.KS
2026-06-01,국장,LG이노텍,KRX:011070,KRW,1530000.0,1530000.0,yahoo.KS
2026-06-02,국장,LG이노텍,KRX:011070,KRW,1252000.0,1252000.0,yahoo.KS
2026-06-04,국장,LG이노텍,KRX:011070,KRW,1173000.0,1173000.0,yahoo.KS
2026-06-05,국장,LG이노텍,KRX:011070,KRW,1160000.0,1160000.0,yahoo.KS
2026-06-08,국장,LG이노텍,KRX:011070,KRW,1095000.0,1095000.0,yahoo.KS
2026-06-09,국장,LG이노텍,KRX:011070,KRW,1137000.0,1137000.0,yahoo.KS
2026-06-10,국장,LG이노텍,KRX:011070,KRW,1090000.0,1090000.0,yahoo.KS
2026-06-11,국장,LG이노텍,KRX:011070,KRW,1072000.0,1072000.0,yahoo.KS
2026-06-12,국장,LG이노텍,KRX:011070,KRW,1036000.0,1036000.0,yahoo.KS
2026-06-15,국장,LG이노텍,KRX:011070,KRW,1209000.0,1209000.0,yahoo.KS
2026-06-16,국장,LG이노텍,KRX:011070,KRW,1236000.0,1236000.0,yahoo.KS
2026-06-17,국장,LG이노텍,KRX:011070,KRW,1248000.0,1248000.0,yahoo.KS
2026-06-18,국장,LG이노텍,KRX:011070,KRW,1283000.0,1283000.0,yahoo.KS
2026-06-19,국장,LG이노텍,KRX:011070,KRW,1145000.0,1145000.0,yahoo.KS
2026-06-22,국장,LG이노텍,KRX:011070,KRW,1130000.0,1130000.0,yahoo.KS
2026-06-23,국장,LG이노텍,KRX:011070,KRW,991000.0,991000.0,yahoo.KS
2026-06-24,국장,LG이노텍,KRX:011070,KRW,957000.0,957000.0,yahoo.KS
2026-06-25,국장,LG이노텍,KRX:011070,KRW,953000.0,953000.0,yahoo.KS
2026-01-02,국장,TIGER 코리아AI전력기기TOP3플러스,KRX:0117V0,KRW,12770.0,12770.0,yahoo.KS
2026-01-05,국장,TIGER 코리아AI전력기기TOP3플러스,KRX:0117V0,KRW,13260.0,13260.0,yahoo.KS
2026-01-06,국장,TIGER 코리아AI전력기기TOP3플러스,KRX:0117V0,KRW,12995.0,12995.0,yahoo.KS
2026-01-07,국장,TIGER 코리아AI전력기기TOP3플러스,KRX:0117V0,KRW,12725.0,12725.0,yahoo.KS
2026-01-08,국장,TIGER 코리아AI전력기기TOP3플러스,KRX:0117V0,KRW,12915.0,12915.0,yahoo.KS
2026-01-09,국장,TIGER 코리아AI전력기기TOP3플러스,KRX:0117V0,KRW,12905.0,12905.0,yahoo.KS
2026-01-12,국장,TIGER 코리아AI전력기기TOP3플러스,KRX:0117V0,KRW,13400.0,13400.0,yahoo.KS
2026-01-13,국장,TIGER 코리아AI전력기기TOP3플러스,KRX:0117V0,KRW,13485.0,13485.0,yahoo.KS
2026-01-14,국장,TIGER 코리아AI전력기기TOP3플러스,KRX:0117V0,KRW,14130.0,14130.0,yahoo.KS
2026-01-15,국장,TIGER 코리아AI전력기기TOP3플러스,KRX:0117V0,KRW,14105.0,14105.0,yahoo.KS
2026-01-16,국장,TIGER 코리아AI전력기기TOP3플러스,KRX:0117V0,KRW,14305.0,14305.0,yahoo.KS
2026-01-19,국장,TIGER 코리아AI전력기기TOP3플러스,KRX:0117V0,KRW,14460.0,14460.0,yahoo.KS
2026-01-20,국장,TIGER 코리아AI전력기기TOP3플러스,KRX:0117V0,KRW,14415.0,14415.0,yahoo.KS
2026-01-21,국장,TIGER 코리아AI전력기기TOP3플러스,KRX:0117V0,KRW,14100.0,14100.0,yahoo.KS
2026-01-22,국장,TIGER 코리아AI전력기기TOP3플러스,KRX:0117V0,KRW,14190.0,14190.0,yahoo.KS
2026-01-23,국장,TIGER 코리아AI전력기기TOP3플러스,KRX:0117V0,KRW,14190.0,14190.0,yahoo.KS
2026-01-26,국장,TIGER 코리아AI전력기기TOP3플러스,KRX:0117V0,KRW,14110.0,14110.0,yahoo.KS
2026-01-27,국장,TIGER 코리아AI전력기기TOP3플러스,KRX:0117V0,KRW,14525.0,14525.0,yahoo.KS
2026-01-28,국장,TIGER 코리아AI전력기기TOP3플러스,KRX:0117V0,KRW,15005.0,15005.0,yahoo.KS
2026-01-29,국장,TIGER 코리아AI전력기기TOP3플러스,KRX:0117V0,KRW,15050.0,15050.0,yahoo.KS
2026-01-30,국장,TIGER 코리아AI전력기기TOP3플러스,KRX:0117V0,KRW,15200.0,15200.0,yahoo.KS
2026-02-02,국장,TIGER 코리아AI전력기기TOP3플러스,KRX:0117V0,KRW,13875.0,13875.0,yahoo.KS
2026-02-03,국장,TIGER 코리아AI전력기기TOP3플러스,KRX:0117V0,KRW,15030.0,15030.0,yahoo.KS
2026-02-04,국장,TIGER 코리아AI전력기기TOP3플러스,KRX:0117V0,KRW,15735.0,15735.0,yahoo.KS
2026-02-05,국장,TIGER 코리아AI전력기기TOP3플러스,KRX:0117V0,KRW,15245.0,15245.0,yahoo.KS
2026-02-06,국장,TIGER 코리아AI전력기기TOP3플러스,KRX:0117V0,KRW,14550.0,14550.0,yahoo.KS
2026-02-09,국장,TIGER 코리아AI전력기기TOP3플러스,KRX:0117V0,KRW,15750.0,15750.0,yahoo.KS
2026-02-10,국장,TIGER 코리아AI전력기기TOP3플러스,KRX:0117V0,KRW,15550.0,15550.0,yahoo.KS
2026-02-11,국장,TIGER 코리아AI전력기기TOP3플러스,KRX:0117V0,KRW,16095.0,16095.0,yahoo.KS
2026-02-12,국장,TIGER 코리아AI전력기기TOP3플러스,KRX:0117V0,KRW,16050.0,16050.0,yahoo.KS
2026-02-13,국장,TIGER 코리아AI전력기기TOP3플러스,KRX:0117V0,KRW,15900.0,15900.0,yahoo.KS
2026-02-19,국장,TIGER 코리아AI전력기기TOP3플러스,KRX:0117V0,KRW,16185.0,16185.0,yahoo.KS
2026-02-20,국장,TIGER 코리아AI전력기기TOP3플러스,KRX:0117V0,KRW,16800.0,16800.0,yahoo.KS
2026-02-23,국장,TIGER 코리아AI전력기기TOP3플러스,KRX:0117V0,KRW,17700.0,17700.0,yahoo.KS
2026-02-24,국장,TIGER 코리아AI전력기기TOP3플러스,KRX:0117V0,KRW,17940.0,17940.0,yahoo.KS
2026-02-25,국장,TIGER 코리아AI전력기기TOP3플러스,KRX:0117V0,KRW,18160.0,18160.0,yahoo.KS
2026-02-26,국장,TIGER 코리아AI전력기기TOP3플러스,KRX:0117V0,KRW,19000.0,19000.0,yahoo.KS
2026-02-27,국장,TIGER 코리아AI전력기기TOP3플러스,KRX:0117V0,KRW,18555.0,18555.0,yahoo.KS
2026-02-25,국장,현대모비스,KRX:012330,KRW,469500.0,469500.0,yahoo.KS
2026-02-26,국장,현대모비스,KRX:012330,KRW,529000.0,529000.0,yahoo.KS
2026-02-27,국장,현대모비스,KRX:012330,KRW,517000.0,517000.0,yahoo.KS
2026-03-03,국장,현대모비스,KRX:012330,KRW,468500.0,468500.0,yahoo.KS
2026-03-04,국장,현대모비스,KRX:012330,KRW,399000.0,399000.0,yahoo.KS
2026-03-05,국장,현대모비스,KRX:012330,KRW,432000.0,432000.0,yahoo.KS
2026-03-06,국장,현대모비스,KRX:012330,KRW,444000.0,444000.0,yahoo.KS
2026-03-09,국장,현대모비스,KRX:012330,KRW,409000.0,409000.0,yahoo.KS
2026-03-10,국장,현대모비스,KRX:012330,KRW,423000.0,423000.0,yahoo.KS
2026-03-11,국장,현대모비스,KRX:012330,KRW,423000.0,423000.0,yahoo.KS
2026-03-12,국장,현대모비스,KRX:012330,KRW,414500.0,414500.0,yahoo.KS
2026-03-13,국장,현대모비스,KRX:012330,KRW,404000.0,404000.0,yahoo.KS
2026-03-16,국장,현대모비스,KRX:012330,KRW,401000.0,401000.0,yahoo.KS
2026-03-17,국장,현대모비스,KRX:012330,KRW,412500.0,412500.0,yahoo.KS
2026-03-18,국장,현대모비스,KRX:012330,KRW,430000.0,430000.0,yahoo.KS
2026-03-19,국장,현대모비스,KRX:012330,KRW,413000.0,413000.0,yahoo.KS
2026-03-20,국장,현대모비스,KRX:012330,KRW,400500.0,400500.0,yahoo.KS
2026-03-23,국장,현대모비스,KRX:012330,KRW,381000.0,381000.0,yahoo.KS
2026-03-24,국장,현대모비스,KRX:012330,KRW,392500.0,392500.0,yahoo.KS
2026-03-25,국장,현대모비스,KRX:012330,KRW,402000.0,402000.0,yahoo.KS
2026-03-26,국장,현대모비스,KRX:012330,KRW,398500.0,398500.0,yahoo.KS
2026-03-27,국장,현대모비스,KRX:012330,KRW,398500.0,398500.0,yahoo.KS
2026-03-30,국장,현대모비스,KRX:012330,KRW,398000.0,398000.0,yahoo.KS
2026-03-31,국장,현대모비스,KRX:012330,KRW,378000.0,378000.0,yahoo.KS
2026-04-01,국장,현대모비스,KRX:012330,KRW,407500.0,407500.0,yahoo.KS
2026-04-02,국장,현대모비스,KRX:012330,KRW,389500.0,389500.0,yahoo.KS
2026-04-03,국장,현대모비스,KRX:012330,KRW,388500.0,388500.0,yahoo.KS
2026-04-06,국장,현대모비스,KRX:012330,KRW,388500.0,388500.0,yahoo.KS
2026-04-07,국장,현대모비스,KRX:012330,KRW,390000.0,390000.0,yahoo.KS
2026-04-08,국장,현대모비스,KRX:012330,KRW,407000.0,407000.0,yahoo.KS
2026-04-09,국장,현대모비스,KRX:012330,KRW,401500.0,401500.0,yahoo.KS
2026-04-10,국장,현대모비스,KRX:012330,KRW,402500.0,402500.0,yahoo.KS
2026-04-13,국장,현대모비스,KRX:012330,KRW,391500.0,391500.0,yahoo.KS
2026-04-14,국장,현대모비스,KRX:012330,KRW,405000.0,405000.0,yahoo.KS
2026-04-15,국장,현대모비스,KRX:012330,KRW,415500.0,415500.0,yahoo.KS
2026-04-16,국장,현대모비스,KRX:012330,KRW,427000.0,427000.0,yahoo.KS
2026-04-17,국장,현대모비스,KRX:012330,KRW,427000.0,427000.0,yahoo.KS
2026-04-20,국장,현대모비스,KRX:012330,KRW,420000.0,420000.0,yahoo.KS
2026-04-21,국장,현대모비스,KRX:012330,KRW,447000.0,447000.0,yahoo.KS
2026-04-22,국장,현대모비스,KRX:012330,KRW,456500.0,456500.0,yahoo.KS
2026-04-23,국장,현대모비스,KRX:012330,KRW,442500.0,442500.0,yahoo.KS
2026-04-24,국장,현대모비스,KRX:012330,KRW,422500.0,422500.0,yahoo.KS
2026-04-27,국장,현대모비스,KRX:012330,KRW,432500.0,432500.0,yahoo.KS
2026-04-28,국장,현대모비스,KRX:012330,KRW,447000.0,447000.0,yahoo.KS
2026-04-29,국장,현대모비스,KRX:012330,KRW,439000.0,439000.0,yahoo.KS
2026-04-30,국장,현대모비스,KRX:012330,KRW,425000.0,425000.0,yahoo.KS
2026-05-04,국장,현대모비스,KRX:012330,KRW,431500.0,431500.0,yahoo.KS
2026-05-06,국장,현대모비스,KRX:012330,KRW,432500.0,432500.0,yahoo.KS
2026-05-07,국장,현대모비스,KRX:012330,KRW,441500.0,441500.0,yahoo.KS
2026-05-08,국장,현대모비스,KRX:012330,KRW,509000.0,509000.0,yahoo.KS
2026-05-11,국장,현대모비스,KRX:012330,KRW,553000.0,553000.0,yahoo.KS
2026-05-12,국장,현대모비스,KRX:012330,KRW,548000.0,548000.0,yahoo.KS
2026-05-13,국장,현대모비스,KRX:012330,KRW,649000.0,649000.0,yahoo.KS
2026-05-14,국장,현대모비스,KRX:012330,KRW,650000.0,650000.0,yahoo.KS
2026-05-15,국장,현대모비스,KRX:012330,KRW,629000.0,629000.0,yahoo.KS
2026-05-18,국장,현대모비스,KRX:012330,KRW,571000.0,571000.0,yahoo.KS
2026-05-19,국장,현대모비스,KRX:012330,KRW,525000.0,525000.0,yahoo.KS
2026-05-20,국장,현대모비스,KRX:012330,KRW,535000.0,535000.0,yahoo.KS
2026-05-21,국장,현대모비스,KRX:012330,KRW,670000.0,670000.0,yahoo.KS
2026-05-22,국장,현대모비스,KRX:012330,KRW,646000.0,646000.0,yahoo.KS
2026-05-26,국장,현대모비스,KRX:012330,KRW,664000.0,664000.0,yahoo.KS
2026-05-27,국장,현대모비스,KRX:012330,KRW,688000.0,688000.0,yahoo.KS
2026-05-28,국장,현대모비스,KRX:012330,KRW,686000.0,686000.0,yahoo.KS
2026-05-29,국장,현대모비스,KRX:012330,KRW,768000.0,768000.0,yahoo.KS
2026-06-01,국장,현대모비스,KRX:012330,KRW,761000.0,761000.0,yahoo.KS
2026-06-02,국장,현대모비스,KRX:012330,KRW,759000.0,759000.0,yahoo.KS
2026-06-04,국장,현대모비스,KRX:012330,KRW,748000.0,748000.0,yahoo.KS
2026-06-05,국장,현대모비스,KRX:012330,KRW,697000.0,697000.0,yahoo.KS
2026-06-08,국장,현대모비스,KRX:012330,KRW,612000.0,612000.0,yahoo.KS
2026-06-09,국장,현대모비스,KRX:012330,KRW,595000.0,595000.0,yahoo.KS
2026-06-10,국장,현대모비스,KRX:012330,KRW,570000.0,570000.0,yahoo.KS
2026-06-11,국장,현대모비스,KRX:012330,KRW,576000.0,576000.0,yahoo.KS
2026-06-12,국장,현대모비스,KRX:012330,KRW,607000.0,607000.0,yahoo.KS
2026-06-15,국장,현대모비스,KRX:012330,KRW,640000.0,640000.0,yahoo.KS
2026-06-16,국장,현대모비스,KRX:012330,KRW,660000.0,660000.0,yahoo.KS
2026-06-17,국장,현대모비스,KRX:012330,KRW,631000.0,631000.0,yahoo.KS
2026-06-18,국장,현대모비스,KRX:012330,KRW,603000.0,603000.0,yahoo.KS
2026-06-19,국장,현대모비스,KRX:012330,KRW,612000.0,612000.0,yahoo.KS
2026-06-22,국장,현대모비스,KRX:012330,KRW,569000.0,569000.0,yahoo.KS
2026-06-23,국장,현대모비스,KRX:012330,KRW,510000.0,510000.0,yahoo.KS
2026-06-24,국장,현대모비스,KRX:012330,KRW,509000.0,509000.0,yahoo.KS
2026-06-25,국장,현대모비스,KRX:012330,KRW,513000.0,513000.0,yahoo.KS
2026-06-26,국장,현대모비스,KRX:012330,KRW,486500.0,486500.0,yahoo.KS
2026-06-29,국장,현대모비스,KRX:012330,KRW,502000.0,502000.0,yahoo.KS
2026-06-30,국장,현대모비스,KRX:012330,KRW,500000.0,500000.0,yahoo.KS
2026-07-01,국장,현대모비스,KRX:012330,KRW,494000.0,494000.0,yahoo.KS
2026-07-02,국장,현대모비스,KRX:012330,KRW,492000.0,492000.0,yahoo.KS
2026-07-03,국장,현대모비스,KRX:012330,KRW,494000.0,494000.0,yahoo.KS
2026-07-06,국장,현대모비스,KRX:012330,KRW,515000.0,515000.0,yahoo.KS
2026-07-07,국장,현대모비스,KRX:012330,KRW,495000.0,495000.0,yahoo.KS
2026-07-08,국장,현대모비스,KRX:012330,KRW,488500.0,488500.0,yahoo.KS
2026-07-09,국장,현대모비스,KRX:012330,KRW,465000.0,465000.0,yahoo.KS
2026-07-10,국장,현대모비스,KRX:012330,KRW,488000.0,488000.0,yahoo.KS
2026-07-13,국장,현대모비스,KRX:012330,KRW,487500.0,487500.0,yahoo.KS
2026-07-14,국장,현대모비스,KRX:012330,KRW,466000.0,466000.0,yahoo.KS
2026-07-15,국장,현대모비스,KRX:012330,KRW,489500.0,489500.0,yahoo.KS
2026-07-16,국장,현대모비스,KRX:012330,KRW,482000.0,482000.0,yahoo.KS
2026-07-20,국장,현대모비스,KRX:012330,KRW,472500.0,472500.0,yahoo.KS
2026-07-21,국장,현대모비스,KRX:012330,KRW,479500.0,479500.0,yahoo.KS
2026-07-22,국장,현대모비스,KRX:012330,KRW,513000.0,513000.0,yahoo.KS
2026-07-23,국장,현대모비스,KRX:012330,KRW,524000.0,524000.0,yahoo.KS
2026-07-24,국장,현대모비스,KRX:012330,KRW,482000.0,482000.0,yahoo.KS
2026-07-27,국장,현대모비스,KRX:012330,KRW,463500.0,463500.0,yahoo.KS
2026-07-28,국장,현대모비스,KRX:012330,KRW,440000.0,440000.0,yahoo.KS
2026-07-29,국장,현대모비스,KRX:012330,KRW,445000.0,445000.0,yahoo.KS
2026-07-30,국장,현대모비스,KRX:012330,KRW,445000.0,445000.0,yahoo.KS
2026-07-31,국장,현대모비스,KRX:012330,KRW,476000.0,476000.0,yahoo.KS
2026-08-03,국장,현대모비스,KRX:012330,KRW,493500.0,493500.0,yahoo.KS
2026-08-04,국장,현대모비스,KRX:012330,KRW,481500.0,481500.0,yahoo.KS
2026-08-05,국장,현대모비스,KRX:012330,KRW,503000.0,503000.0,yahoo.KS
2026-08-06,국장,현대모비스,KRX:012330,KRW,508000.0,508000.0,yahoo.KS
2026-08-07,국장,현대모비스,KRX:012330,KRW,496500.0,496500.0,yahoo.KS
2026-08-10,국장,현대모비스,KRX:012330,KRW,505000.0,505000.0,yahoo.KS
2026-08-11,국장,현대모비스,KRX:012330,KRW,495500.0,495500.0,yahoo.KS
2026-08-12,국장,현대모비스,KRX:012330,KRW,498500.0,498500.0,yahoo.KS
2026-08-13,국장,현대모비스,KRX:012330,KRW,511000.0,511000.0,yahoo.KS
2026-08-14,국장,현대모비스,KRX:012330,KRW,547000.0,547000.0,yahoo.KS
2026-08-18,국장,현대모비스,KRX:012330,KRW,518000.0,518000.0,yahoo.KS
2026-08-19,국장,현대모비스,KRX:012330,KRW,509000.0,509000.0,yahoo.KS
2026-08-20,국장,현대모비스,KRX:012330,KRW,507000.0,507000.0,yahoo.KS
2026-08-21,국장,현대모비스,KRX:012330,KRW,496000.0,496000.0,yahoo.KS
2026-08-24,국장,현대모비스,KRX:012330,KRW,498500.0,498500.0,yahoo.KS
2026-01-02,국장,한화에어로스페이스,KRX:012450,KRW,946000.0,946000.0,yahoo.KS
2026-01-05,국장,한화에어로스페이스,KRX:012450,KRW,1012000.0,1012000.0,yahoo.KS
2026-01-06,국장,한화에어로스페이스,KRX:012450,KRW,1022000.0,1022000.0,yahoo.KS
2026-01-07,국장,한화에어로스페이스,KRX:012450,KRW,1010000.0,1010000.0,yahoo.KS
2026-01-08,국장,한화에어로스페이스,KRX:012450,KRW,1090000.0,1090000.0,yahoo.KS
2026-01-09,국장,한화에어로스페이스,KRX:012450,KRW,1214000.0,1214000.0,yahoo.KS
2026-01-12,국장,한화에어로스페이스,KRX:012450,KRW,1212000.0,1212000.0,yahoo.KS
2026-01-13,국장,한화에어로스페이스,KRX:012450,KRW,1282000.0,1282000.0,yahoo.KS
2026-01-14,국장,한화에어로스페이스,KRX:012450,KRW,1269000.0,1269000.0,yahoo.KS
2026-01-15,국장,한화에어로스페이스,KRX:012450,KRW,1294000.0,1294000.0,yahoo.KS
2026-01-16,국장,한화에어로스페이스,KRX:012450,KRW,1299000.0,1299000.0,yahoo.KS
2026-01-19,국장,한화에어로스페이스,KRX:012450,KRW,1330000.0,1330000.0,yahoo.KS
2026-01-20,국장,한화에어로스페이스,KRX:012450,KRW,1309000.0,1309000.0,yahoo.KS
2026-01-21,국장,한화에어로스페이스,KRX:012450,KRW,1315000.0,1315000.0,yahoo.KS
2026-01-22,국장,한화에어로스페이스,KRX:012450,KRW,1289000.0,1289000.0,yahoo.KS
2026-01-23,국장,한화에어로스페이스,KRX:012450,KRW,1255000.0,1255000.0,yahoo.KS
2026-01-26,국장,한화에어로스페이스,KRX:012450,KRW,1262000.0,1262000.0,yahoo.KS
2026-01-27,국장,한화에어로스페이스,KRX:012450,KRW,1230000.0,1230000.0,yahoo.KS
2026-01-28,국장,한화에어로스페이스,KRX:012450,KRW,1288000.0,1288000.0,yahoo.KS
2026-01-29,국장,한화에어로스페이스,KRX:012450,KRW,1300000.0,1300000.0,yahoo.KS
2026-01-30,국장,한화에어로스페이스,KRX:012450,KRW,1300000.0,1300000.0,yahoo.KS
2026-02-02,국장,한화에어로스페이스,KRX:012450,KRW,1239000.0,1239000.0,yahoo.KS
2026-02-03,국장,한화에어로스페이스,KRX:012450,KRW,1299000.0,1299000.0,yahoo.KS
2026-02-04,국장,한화에어로스페이스,KRX:012450,KRW,1324000.0,1324000.0,yahoo.KS
2026-02-05,국장,한화에어로스페이스,KRX:012450,KRW,1227000.0,1227000.0,yahoo.KS
2026-02-06,국장,한화에어로스페이스,KRX:012450,KRW,1181000.0,1181000.0,yahoo.KS
2026-02-09,국장,한화에어로스페이스,KRX:012450,KRW,1193000.0,1193000.0,yahoo.KS
2026-02-10,국장,한화에어로스페이스,KRX:012450,KRW,1146000.0,1146000.0,yahoo.KS
2026-02-11,국장,한화에어로스페이스,KRX:012450,KRW,1130000.0,1130000.0,yahoo.KS
2026-02-12,국장,한화에어로스페이스,KRX:012450,KRW,1131000.0,1131000.0,yahoo.KS
2026-02-13,국장,한화에어로스페이스,KRX:012450,KRW,1105000.0,1105000.0,yahoo.KS
2026-02-19,국장,한화에어로스페이스,KRX:012450,KRW,1149000.0,1149000.0,yahoo.KS
2026-02-20,국장,한화에어로스페이스,KRX:012450,KRW,1242000.0,1242000.0,yahoo.KS
2026-02-23,국장,한화에어로스페이스,KRX:012450,KRW,1236000.0,1236000.0,yahoo.KS
2026-02-24,국장,한화에어로스페이스,KRX:012450,KRW,1241000.0,1241000.0,yahoo.KS
2026-02-25,국장,한화에어로스페이스,KRX:012450,KRW,1212000.0,1212000.0,yahoo.KS
2026-02-26,국장,한화에어로스페이스,KRX:012450,KRW,1194000.0,1194000.0,yahoo.KS
2026-02-27,국장,한화에어로스페이스,KRX:012450,KRW,1195000.0,1195000.0,yahoo.KS
2026-03-03,국장,한화에어로스페이스,KRX:012450,KRW,1432000.0,1432000.0,yahoo.KS
2026-03-04,국장,한화에어로스페이스,KRX:012450,KRW,1323000.0,1323000.0,yahoo.KS
2026-03-05,국장,한화에어로스페이스,KRX:012450,KRW,1381000.0,1381000.0,yahoo.KS
2026-03-06,국장,한화에어로스페이스,KRX:012450,KRW,1481000.0,1481000.0,yahoo.KS
2026-03-09,국장,한화에어로스페이스,KRX:012450,KRW,1434000.0,1434000.0,yahoo.KS
2026-03-10,국장,한화에어로스페이스,KRX:012450,KRW,1455000.0,1455000.0,yahoo.KS
2026-03-11,국장,한화에어로스페이스,KRX:012450,KRW,1410000.0,1410000.0,yahoo.KS
2026-03-12,국장,한화에어로스페이스,KRX:012450,KRW,1465000.0,1465000.0,yahoo.KS
2026-03-13,국장,한화에어로스페이스,KRX:012450,KRW,1488000.0,1488000.0,yahoo.KS
2026-03-16,국장,한화에어로스페이스,KRX:012450,KRW,1476000.0,1476000.0,yahoo.KS
2026-03-17,국장,한화에어로스페이스,KRX:012450,KRW,1396000.0,1396000.0,yahoo.KS
2026-03-18,국장,한화에어로스페이스,KRX:012450,KRW,1390000.0,1390000.0,yahoo.KS
2026-03-19,국장,한화에어로스페이스,KRX:012450,KRW,1375000.0,1375000.0,yahoo.KS
2026-03-20,국장,한화에어로스페이스,KRX:012450,KRW,1320000.0,1320000.0,yahoo.KS
2026-03-23,국장,한화에어로스페이스,KRX:012450,KRW,1278000.0,1278000.0,yahoo.KS
2026-03-24,국장,한화에어로스페이스,KRX:012450,KRW,1335000.0,1335000.0,yahoo.KS
2026-03-25,국장,한화에어로스페이스,KRX:012450,KRW,1400000.0,1400000.0,yahoo.KS
2026-03-26,국장,한화에어로스페이스,KRX:012450,KRW,1369000.0,1369000.0,yahoo.KS
2026-03-27,국장,한화에어로스페이스,KRX:012450,KRW,1369000.0,1369000.0,yahoo.KS
2026-03-30,국장,한화에어로스페이스,KRX:012450,KRW,1308000.0,1308000.0,yahoo.KS
2026-03-31,국장,한화에어로스페이스,KRX:012450,KRW,1249000.0,1249000.0,yahoo.KS
2026-04-01,국장,한화에어로스페이스,KRX:012450,KRW,1331000.0,1331000.0,yahoo.KS
2026-04-02,국장,한화에어로스페이스,KRX:012450,KRW,1417000.0,1417000.0,yahoo.KS
2026-04-03,국장,한화에어로스페이스,KRX:012450,KRW,1449000.0,1449000.0,yahoo.KS
2026-04-06,국장,한화에어로스페이스,KRX:012450,KRW,1450000.0,1450000.0,yahoo.KS
2026-04-07,국장,한화에어로스페이스,KRX:012450,KRW,1537000.0,1537000.0,yahoo.KS
2026-04-08,국장,한화에어로스페이스,KRX:012450,KRW,1484000.0,1484000.0,yahoo.KS
2026-04-09,국장,한화에어로스페이스,KRX:012450,KRW,1451000.0,1451000.0,yahoo.KS
2026-04-10,국장,한화에어로스페이스,KRX:012450,KRW,1507000.0,1507000.0,yahoo.KS
2026-04-13,국장,한화에어로스페이스,KRX:012450,KRW,1530000.0,1530000.0,yahoo.KS
2026-04-14,국장,한화에어로스페이스,KRX:012450,KRW,1523000.0,1523000.0,yahoo.KS
2026-04-15,국장,한화에어로스페이스,KRX:012450,KRW,1509000.0,1509000.0,yahoo.KS
2026-04-16,국장,한화에어로스페이스,KRX:012450,KRW,1519000.0,1519000.0,yahoo.KS
2026-04-17,국장,한화에어로스페이스,KRX:012450,KRW,1423000.0,1423000.0,yahoo.KS
2026-04-20,국장,한화에어로스페이스,KRX:012450,KRW,1425000.0,1425000.0,yahoo.KS
2026-04-21,국장,한화에어로스페이스,KRX:012450,KRW,1391000.0,1391000.0,yahoo.KS
2026-04-22,국장,한화에어로스페이스,KRX:012450,KRW,1416000.0,1416000.0,yahoo.KS
2026-04-23,국장,한화에어로스페이스,KRX:012450,KRW,1425000.0,1425000.0,yahoo.KS
2026-04-24,국장,한화에어로스페이스,KRX:012450,KRW,1463000.0,1463000.0,yahoo.KS
2026-04-27,국장,한화에어로스페이스,KRX:012450,KRW,1454000.0,1454000.0,yahoo.KS
2026-04-28,국장,한화에어로스페이스,KRX:012450,KRW,1395000.0,1395000.0,yahoo.KS
2026-04-29,국장,한화에어로스페이스,KRX:012450,KRW,1420000.0,1420000.0,yahoo.KS
2026-04-30,국장,한화에어로스페이스,KRX:012450,KRW,1417000.0,1417000.0,yahoo.KS
2026-05-04,국장,한화에어로스페이스,KRX:012450,KRW,1465000.0,1465000.0,yahoo.KS
2026-05-06,국장,한화에어로스페이스,KRX:012450,KRW,1433000.0,1433000.0,yahoo.KS
2026-05-07,국장,한화에어로스페이스,KRX:012450,KRW,1317000.0,1317000.0,yahoo.KS
2026-05-08,국장,한화에어로스페이스,KRX:012450,KRW,1307000.0,1307000.0,yahoo.KS
2026-05-11,국장,한화에어로스페이스,KRX:012450,KRW,1315000.0,1315000.0,yahoo.KS
2026-05-12,국장,한화에어로스페이스,KRX:012450,KRW,1284000.0,1284000.0,yahoo.KS
2026-05-13,국장,한화에어로스페이스,KRX:012450,KRW,1286000.0,1286000.0,yahoo.KS
2026-05-14,국장,한화에어로스페이스,KRX:012450,KRW,1306000.0,1306000.0,yahoo.KS
2026-05-15,국장,한화에어로스페이스,KRX:012450,KRW,1216000.0,1216000.0,yahoo.KS
2026-05-18,국장,한화에어로스페이스,KRX:012450,KRW,1227000.0,1227000.0,yahoo.KS
2026-05-19,국장,한화에어로스페이스,KRX:012450,KRW,1286000.0,1286000.0,yahoo.KS
2026-05-20,국장,한화에어로스페이스,KRX:012450,KRW,1249000.0,1249000.0,yahoo.KS
2026-05-21,국장,한화에어로스페이스,KRX:012450,KRW,1248000.0,1248000.0,yahoo.KS
2026-05-22,국장,한화에어로스페이스,KRX:012450,KRW,1261000.0,1261000.0,yahoo.KS
2026-05-26,국장,한화에어로스페이스,KRX:012450,KRW,1251000.0,1251000.0,yahoo.KS
2026-05-27,국장,한화에어로스페이스,KRX:012450,KRW,1244000.0,1244000.0,yahoo.KS
2026-05-28,국장,한화에어로스페이스,KRX:012450,KRW,1200000.0,1200000.0,yahoo.KS
2026-05-29,국장,한화에어로스페이스,KRX:012450,KRW,1173000.0,1173000.0,yahoo.KS
2026-06-01,국장,한화에어로스페이스,KRX:012450,KRW,1138000.0,1138000.0,yahoo.KS
2026-06-02,국장,한화에어로스페이스,KRX:012450,KRW,1070000.0,1070000.0,yahoo.KS
2026-06-04,국장,한화에어로스페이스,KRX:012450,KRW,1068000.0,1068000.0,yahoo.KS
2026-06-05,국장,한화에어로스페이스,KRX:012450,KRW,1049000.0,1049000.0,yahoo.KS
2026-06-08,국장,한화에어로스페이스,KRX:012450,KRW,1006000.0,1006000.0,yahoo.KS
2026-06-09,국장,한화에어로스페이스,KRX:012450,KRW,1016000.0,1016000.0,yahoo.KS
2026-06-10,국장,한화에어로스페이스,KRX:012450,KRW,1031000.0,1031000.0,yahoo.KS
2026-06-11,국장,한화에어로스페이스,KRX:012450,KRW,1014000.0,1014000.0,yahoo.KS
2026-06-12,국장,한화에어로스페이스,KRX:012450,KRW,1078000.0,1078000.0,yahoo.KS
2026-06-15,국장,한화에어로스페이스,KRX:012450,KRW,1084000.0,1084000.0,yahoo.KS
2026-06-16,국장,한화에어로스페이스,KRX:012450,KRW,1183000.0,1183000.0,yahoo.KS
2026-06-17,국장,한화에어로스페이스,KRX:012450,KRW,1224000.0,1224000.0,yahoo.KS
2026-06-18,국장,한화에어로스페이스,KRX:012450,KRW,1189000.0,1189000.0,yahoo.KS
2026-06-19,국장,한화에어로스페이스,KRX:012450,KRW,1122000.0,1122000.0,yahoo.KS
2026-06-22,국장,한화에어로스페이스,KRX:012450,KRW,1125000.0,1125000.0,yahoo.KS
2026-06-23,국장,한화에어로스페이스,KRX:012450,KRW,1073000.0,1073000.0,yahoo.KS
2026-06-24,국장,한화에어로스페이스,KRX:012450,KRW,1094000.0,1094000.0,yahoo.KS
2026-06-25,국장,한화에어로스페이스,KRX:012450,KRW,1069000.0,1069000.0,yahoo.KS
2026-06-26,국장,한화에어로스페이스,KRX:012450,KRW,1011000.0,1011000.0,yahoo.KS
2026-06-29,국장,한화에어로스페이스,KRX:012450,KRW,1020000.0,1020000.0,yahoo.KS
2026-06-30,국장,한화에어로스페이스,KRX:012450,KRW,995000.0,995000.0,yahoo.KS
2026-07-01,국장,한화에어로스페이스,KRX:012450,KRW,1091000.0,1091000.0,yahoo.KS
2026-07-02,국장,한화에어로스페이스,KRX:012450,KRW,1116000.0,1116000.0,yahoo.KS
2026-07-03,국장,한화에어로스페이스,KRX:012450,KRW,1175000.0,1175000.0,yahoo.KS
2026-07-06,국장,한화에어로스페이스,KRX:012450,KRW,1159000.0,1159000.0,yahoo.KS
2026-07-07,국장,한화에어로스페이스,KRX:012450,KRW,1122000.0,1122000.0,yahoo.KS
2026-07-08,국장,한화에어로스페이스,KRX:012450,KRW,1041000.0,1041000.0,yahoo.KS
2026-07-09,국장,한화에어로스페이스,KRX:012450,KRW,953000.0,953000.0,yahoo.KS
2026-07-10,국장,한화에어로스페이스,KRX:012450,KRW,967000.0,967000.0,yahoo.KS
2026-07-13,국장,한화에어로스페이스,KRX:012450,KRW,936000.0,936000.0,yahoo.KS
2026-07-14,국장,한화에어로스페이스,KRX:012450,KRW,872000.0,872000.0,yahoo.KS
2026-07-15,국장,한화에어로스페이스,KRX:012450,KRW,929000.0,929000.0,yahoo.KS
2026-07-16,국장,한화에어로스페이스,KRX:012450,KRW,943000.0,943000.0,yahoo.KS
2026-07-20,국장,한화에어로스페이스,KRX:012450,KRW,875000.0,875000.0,yahoo.KS
2026-07-21,국장,한화에어로스페이스,KRX:012450,KRW,899000.0,899000.0,yahoo.KS
2026-07-22,국장,한화에어로스페이스,KRX:012450,KRW,891000.0,891000.0,yahoo.KS
2026-07-23,국장,한화에어로스페이스,KRX:012450,KRW,958000.0,958000.0,yahoo.KS
2026-07-24,국장,한화에어로스페이스,KRX:012450,KRW,979000.0,979000.0,yahoo.KS
2026-07-27,국장,한화에어로스페이스,KRX:012450,KRW,899000.0,899000.0,yahoo.KS
2026-07-28,국장,한화에어로스페이스,KRX:012450,KRW,875000.0,875000.0,yahoo.KS
2026-07-29,국장,한화에어로스페이스,KRX:012450,KRW,810000.0,810000.0,yahoo.KS
2026-07-30,국장,한화에어로스페이스,KRX:012450,KRW,865000.0,865000.0,yahoo.KS
2026-07-31,국장,한화에어로스페이스,KRX:012450,KRW,917000.0,917000.0,yahoo.KS
2026-08-03,국장,한화에어로스페이스,KRX:012450,KRW,919000.0,919000.0,yahoo.KS
2026-08-04,국장,한화에어로스페이스,KRX:012450,KRW,1004000.0,1004000.0,yahoo.KS
2026-08-05,국장,한화에어로스페이스,KRX:012450,KRW,1007000.0,1007000.0,yahoo.KS
2026-08-06,국장,한화에어로스페이스,KRX:012450,KRW,1054000.0,1054000.0,yahoo.KS
2026-08-07,국장,한화에어로스페이스,KRX:012450,KRW,1097000.0,1097000.0,yahoo.KS
2026-08-10,국장,한화에어로스페이스,KRX:012450,KRW,1152000.0,1152000.0,yahoo.KS
2026-08-11,국장,한화에어로스페이스,KRX:012450,KRW,1098000.0,1098000.0,yahoo.KS
2026-08-12,국장,한화에어로스페이스,KRX:012450,KRW,1156000.0,1156000.0,yahoo.KS
2026-08-13,국장,한화에어로스페이스,KRX:012450,KRW,1185000.0,1185000.0,yahoo.KS
2026-08-14,국장,한화에어로스페이스,KRX:012450,KRW,1160000.0,1160000.0,yahoo.KS
2026-08-18,국장,한화에어로스페이스,KRX:012450,KRW,1146000.0,1146000.0,yahoo.KS
2026-08-19,국장,한화에어로스페이스,KRX:012450,KRW,1177000.0,1177000.0,yahoo.KS
2026-08-20,국장,한화에어로스페이스,KRX:012450,KRW,1167000.0,1167000.0,yahoo.KS
2026-08-21,국장,한화에어로스페이스,KRX:012450,KRW,1085000.0,1085000.0,yahoo.KS
2026-08-24,국장,한화에어로스페이스,KRX:012450,KRW,1105000.0,1105000.0,yahoo.KS
2026-01-06,국장,삼성에피스홀딩스,KRX:0126Z0,KRW,690000.0,690000.0,yahoo.KS
2026-01-07,국장,삼성에피스홀딩스,KRX:0126Z0,KRW,697000.0,697000.0,yahoo.KS
2026-01-08,국장,삼성에피스홀딩스,KRX:0126Z0,KRW,689000.0,689000.0,yahoo.KS
2026-02-06,국장,한국전력,KRX:015760,KRW,60700.0,60700.0,yahoo.KS
2026-02-09,국장,한국전력,KRX:015760,KRW,62600.0,62600.0,yahoo.KS
2026-02-10,국장,한국전력,KRX:015760,KRW,60800.0,60800.0,yahoo.KS
2026-02-11,국장,한국전력,KRX:015760,KRW,61000.0,61000.0,yahoo.KS
2026-02-12,국장,한국전력,KRX:015760,KRW,60100.0,60100.0,yahoo.KS
2026-02-13,국장,한국전력,KRX:015760,KRW,59800.0,59800.0,yahoo.KS
2026-02-19,국장,한국전력,KRX:015760,KRW,62100.0,62100.0,yahoo.KS
2026-02-20,국장,한국전력,KRX:015760,KRW,63000.0,63000.0,yahoo.KS
2026-02-23,국장,한국전력,KRX:015760,KRW,62700.0,62700.0,yahoo.KS
2026-02-24,국장,한국전력,KRX:015760,KRW,62800.0,62800.0,yahoo.KS
2026-02-25,국장,한국전력,KRX:015760,KRW,64300.0,64300.0,yahoo.KS
2026-02-26,국장,한국전력,KRX:015760,KRW,63300.0,63300.0,yahoo.KS
2026-02-27,국장,한국전력,KRX:015760,KRW,58500.0,58500.0,yahoo.KS
2026-03-03,국장,한국전력,KRX:015760,KRW,50900.0,50900.0,yahoo.KS
2026-03-04,국장,한국전력,KRX:015760,KRW,45550.0,45550.0,yahoo.KS
2026-03-05,국장,한국전력,KRX:015760,KRW,48200.0,48200.0,yahoo.KS
2026-03-06,국장,한국전력,KRX:015760,KRW,48800.0,48800.0,yahoo.KS
2026-03-09,국장,한국전력,KRX:015760,KRW,44800.0,44800.0,yahoo.KS
2026-03-10,국장,한국전력,KRX:015760,KRW,47600.0,47600.0,yahoo.KS
2026-03-11,국장,한국전력,KRX:015760,KRW,47950.0,47950.0,yahoo.KS
2026-03-12,국장,한국전력,KRX:015760,KRW,47600.0,47600.0,yahoo.KS
2026-03-13,국장,한국전력,KRX:015760,KRW,48300.0,48300.0,yahoo.KS
2026-03-16,국장,한국전력,KRX:015760,KRW,46900.0,46900.0,yahoo.KS
2026-03-17,국장,한국전력,KRX:015760,KRW,48200.0,48200.0,yahoo.KS
2026-03-18,국장,한국전력,KRX:015760,KRW,49950.0,49950.0,yahoo.KS
2026-03-19,국장,한국전력,KRX:015760,KRW,48300.0,48300.0,yahoo.KS
2026-03-20,국장,한국전력,KRX:015760,KRW,49150.0,49150.0,yahoo.KS
2026-03-23,국장,한국전력,KRX:015760,KRW,45600.0,45600.0,yahoo.KS
2026-03-24,국장,한국전력,KRX:015760,KRW,46750.0,46750.0,yahoo.KS
2026-03-25,국장,한국전력,KRX:015760,KRW,46450.0,46450.0,yahoo.KS
2026-03-26,국장,한국전력,KRX:015760,KRW,46000.0,46000.0,yahoo.KS
2026-03-27,국장,한국전력,KRX:015760,KRW,43900.0,43900.0,yahoo.KS
2026-03-30,국장,한국전력,KRX:015760,KRW,42200.0,42200.0,yahoo.KS
2026-03-31,국장,한국전력,KRX:015760,KRW,41650.0,41650.0,yahoo.KS
2026-04-01,국장,한국전력,KRX:015760,KRW,43700.0,43700.0,yahoo.KS
2026-04-02,국장,한국전력,KRX:015760,KRW,41250.0,41250.0,yahoo.KS
2026-04-03,국장,한국전력,KRX:015760,KRW,40300.0,40300.0,yahoo.KS
2026-04-06,국장,한국전력,KRX:015760,KRW,40250.0,40250.0,yahoo.KS
2026-04-07,국장,한국전력,KRX:015760,KRW,39900.0,39900.0,yahoo.KS
2026-04-08,국장,한국전력,KRX:015760,KRW,43900.0,43900.0,yahoo.KS
2026-04-09,국장,한국전력,KRX:015760,KRW,43400.0,43400.0,yahoo.KS
2026-04-10,국장,한국전력,KRX:015760,KRW,43400.0,43400.0,yahoo.KS
2026-04-13,국장,한국전력,KRX:015760,KRW,42200.0,42200.0,yahoo.KS
2026-04-14,국장,한국전력,KRX:015760,KRW,44350.0,44350.0,yahoo.KS
2026-04-15,국장,한국전력,KRX:015760,KRW,44350.0,44350.0,yahoo.KS
2026-04-16,국장,한국전력,KRX:015760,KRW,45800.0,45800.0,yahoo.KS
2026-04-17,국장,한국전력,KRX:015760,KRW,45900.0,45900.0,yahoo.KS
2026-04-20,국장,한국전력,KRX:015760,KRW,46100.0,46100.0,yahoo.KS
2026-04-21,국장,한국전력,KRX:015760,KRW,46000.0,46000.0,yahoo.KS
2026-04-22,국장,한국전력,KRX:015760,KRW,46350.0,46350.0,yahoo.KS
2026-04-23,국장,한국전력,KRX:015760,KRW,46200.0,46200.0,yahoo.KS
2026-04-24,국장,한국전력,KRX:015760,KRW,46200.0,46200.0,yahoo.KS
2026-04-27,국장,한국전력,KRX:015760,KRW,45850.0,45850.0,yahoo.KS
2026-04-28,국장,한국전력,KRX:015760,KRW,44700.0,44700.0,yahoo.KS
2026-04-29,국장,한국전력,KRX:015760,KRW,44500.0,44500.0,yahoo.KS
2026-04-30,국장,한국전력,KRX:015760,KRW,43550.0,43550.0,yahoo.KS
2026-05-04,국장,한국전력,KRX:015760,KRW,44500.0,44500.0,yahoo.KS
2026-05-06,국장,한국전력,KRX:015760,KRW,45050.0,45050.0,yahoo.KS
2026-05-07,국장,한국전력,KRX:015760,KRW,44700.0,44700.0,yahoo.KS
2026-05-08,국장,한국전력,KRX:015760,KRW,44050.0,44050.0,yahoo.KS
2026-05-11,국장,한국전력,KRX:015760,KRW,43200.0,43200.0,yahoo.KS
2026-05-12,국장,한국전력,KRX:015760,KRW,41250.0,41250.0,yahoo.KS
2026-05-13,국장,한국전력,KRX:015760,KRW,40750.0,40750.0,yahoo.KS
2026-05-14,국장,한국전력,KRX:015760,KRW,39650.0,39650.0,yahoo.KS
2026-05-15,국장,한국전력,KRX:015760,KRW,38750.0,38750.0,yahoo.KS
2026-05-18,국장,한국전력,KRX:015760,KRW,37650.0,37650.0,yahoo.KS
2026-05-19,국장,한국전력,KRX:015760,KRW,39150.0,39150.0,yahoo.KS
2026-05-20,국장,한국전력,KRX:015760,KRW,36900.0,36900.0,yahoo.KS
2026-05-21,국장,한국전력,KRX:015760,KRW,39400.0,39400.0,yahoo.KS
2026-05-22,국장,한국전력,KRX:015760,KRW,39700.0,39700.0,yahoo.KS
2026-05-26,국장,한국전력,KRX:015760,KRW,40450.0,40450.0,yahoo.KS
2026-05-27,국장,한국전력,KRX:015760,KRW,39500.0,39500.0,yahoo.KS
2026-05-28,국장,한국전력,KRX:015760,KRW,39050.0,39050.0,yahoo.KS
2026-05-29,국장,한국전력,KRX:015760,KRW,38900.0,38900.0,yahoo.KS
2026-06-01,국장,한국전력,KRX:015760,KRW,38650.0,38650.0,yahoo.KS
2026-06-02,국장,한국전력,KRX:015760,KRW,37750.0,37750.0,yahoo.KS
2026-06-04,국장,한국전력,KRX:015760,KRW,38700.0,38700.0,yahoo.KS
2026-06-05,국장,한국전력,KRX:015760,KRW,38100.0,38100.0,yahoo.KS
2026-06-08,국장,한국전력,KRX:015760,KRW,36000.0,36000.0,yahoo.KS
2026-06-09,국장,한국전력,KRX:015760,KRW,36100.0,36100.0,yahoo.KS
2026-06-10,국장,한국전력,KRX:015760,KRW,36400.0,36400.0,yahoo.KS
2026-06-11,국장,한국전력,KRX:015760,KRW,35900.0,35900.0,yahoo.KS
2026-06-12,국장,한국전력,KRX:015760,KRW,37650.0,37650.0,yahoo.KS
2026-06-15,국장,한국전력,KRX:015760,KRW,41400.0,41400.0,yahoo.KS
2026-06-16,국장,한국전력,KRX:015760,KRW,39800.0,39800.0,yahoo.KS
2026-06-17,국장,한국전력,KRX:015760,KRW,40500.0,40500.0,yahoo.KS
2026-06-18,국장,한국전력,KRX:015760,KRW,39350.0,39350.0,yahoo.KS
2026-06-19,국장,한국전력,KRX:015760,KRW,37900.0,37900.0,yahoo.KS
2026-06-22,국장,한국전력,KRX:015760,KRW,38000.0,38000.0,yahoo.KS
2026-06-23,국장,한국전력,KRX:015760,KRW,36250.0,36250.0,yahoo.KS
2026-06-24,국장,한국전력,KRX:015760,KRW,36750.0,36750.0,yahoo.KS
2026-06-25,국장,한국전력,KRX:015760,KRW,38800.0,38800.0,yahoo.KS
2026-06-26,국장,한국전력,KRX:015760,KRW,37100.0,37100.0,yahoo.KS
2026-06-29,국장,한국전력,KRX:015760,KRW,38250.0,38250.0,yahoo.KS
2026-06-30,국장,한국전력,KRX:015760,KRW,37000.0,37000.0,yahoo.KS
2026-07-01,국장,한국전력,KRX:015760,KRW,37600.0,37600.0,yahoo.KS
2026-07-02,국장,한국전력,KRX:015760,KRW,38150.0,38150.0,yahoo.KS
2026-07-03,국장,한국전력,KRX:015760,KRW,38250.0,38250.0,yahoo.KS
2026-07-06,국장,한국전력,KRX:015760,KRW,39150.0,39150.0,yahoo.KS
2026-07-07,국장,한국전력,KRX:015760,KRW,38200.0,38200.0,yahoo.KS
2026-07-08,국장,한국전력,KRX:015760,KRW,36750.0,36750.0,yahoo.KS
2026-07-09,국장,한국전력,KRX:015760,KRW,35200.0,35200.0,yahoo.KS
2026-07-10,국장,한국전력,KRX:015760,KRW,36200.0,36200.0,yahoo.KS
2026-07-13,국장,한국전력,KRX:015760,KRW,34250.0,34250.0,yahoo.KS
2026-07-14,국장,한국전력,KRX:015760,KRW,33950.0,33950.0,yahoo.KS
2026-07-15,국장,한국전력,KRX:015760,KRW,33900.0,33900.0,yahoo.KS
2026-07-16,국장,한국전력,KRX:015760,KRW,34050.0,34050.0,yahoo.KS
2026-07-20,국장,한국전력,KRX:015760,KRW,33000.0,33000.0,yahoo.KS
2026-07-21,국장,한국전력,KRX:015760,KRW,33700.0,33700.0,yahoo.KS
2026-07-22,국장,한국전력,KRX:015760,KRW,33900.0,33900.0,yahoo.KS
2026-07-23,국장,한국전력,KRX:015760,KRW,35600.0,35600.0,yahoo.KS
2026-07-24,국장,한국전력,KRX:015760,KRW,35400.0,35400.0,yahoo.KS
2026-07-27,국장,한국전력,KRX:015760,KRW,36200.0,36200.0,yahoo.KS
2026-07-28,국장,한국전력,KRX:015760,KRW,33650.0,33650.0,yahoo.KS
2026-07-29,국장,한국전력,KRX:015760,KRW,33100.0,33100.0,yahoo.KS
2026-07-30,국장,한국전력,KRX:015760,KRW,33050.0,33050.0,yahoo.KS
2026-07-31,국장,한국전력,KRX:015760,KRW,34800.0,34800.0,yahoo.KS
2026-05-26,국장,삼성증권,KRX:016360,KRW,126800.0,126800.0,yahoo.KS
2026-05-27,국장,삼성증권,KRX:016360,KRW,124200.0,124200.0,yahoo.KS
2026-05-28,국장,삼성증권,KRX:016360,KRW,120800.0,120800.0,yahoo.KS
2026-05-29,국장,삼성증권,KRX:016360,KRW,119800.0,119800.0,yahoo.KS
2026-06-01,국장,삼성증권,KRX:016360,KRW,124500.0,124500.0,yahoo.KS
2026-06-02,국장,삼성증권,KRX:016360,KRW,120600.0,120600.0,yahoo.KS
2026-06-04,국장,삼성증권,KRX:016360,KRW,127000.0,127000.0,yahoo.KS
2026-06-05,국장,삼성증권,KRX:016360,KRW,123400.0,123400.0,yahoo.KS
2026-06-08,국장,삼성증권,KRX:016360,KRW,110100.0,110100.0,yahoo.KS
2026-06-09,국장,삼성증권,KRX:016360,KRW,117500.0,117500.0,yahoo.KS
2026-06-10,국장,삼성증권,KRX:016360,KRW,112200.0,112200.0,yahoo.KS
2026-06-11,국장,삼성증권,KRX:016360,KRW,111800.0,111800.0,yahoo.KS
2026-06-12,국장,삼성증권,KRX:016360,KRW,118800.0,118800.0,yahoo.KS
2026-06-15,국장,삼성증권,KRX:016360,KRW,122500.0,122500.0,yahoo.KS
2026-06-16,국장,삼성증권,KRX:016360,KRW,124600.0,124600.0,yahoo.KS
2026-06-17,국장,삼성증권,KRX:016360,KRW,123900.0,123900.0,yahoo.KS
2026-06-18,국장,삼성증권,KRX:016360,KRW,119200.0,119200.0,yahoo.KS
2026-06-19,국장,삼성증권,KRX:016360,KRW,118900.0,118900.0,yahoo.KS
2026-06-22,국장,삼성증권,KRX:016360,KRW,114000.0,114000.0,yahoo.KS
2026-06-23,국장,삼성증권,KRX:016360,KRW,108000.0,108000.0,yahoo.KS
2026-06-24,국장,삼성증권,KRX:016360,KRW,107500.0,107500.0,yahoo.KS
2026-06-25,국장,삼성증권,KRX:016360,KRW,110800.0,110800.0,yahoo.KS
2026-06-26,국장,삼성증권,KRX:016360,KRW,103800.0,103800.0,yahoo.KS
2026-06-29,국장,삼성증권,KRX:016360,KRW,109700.0,109700.0,yahoo.KS
2026-06-30,국장,삼성증권,KRX:016360,KRW,108500.0,108500.0,yahoo.KS
2026-07-01,국장,삼성증권,KRX:016360,KRW,112700.0,112700.0,yahoo.KS
2026-07-02,국장,삼성증권,KRX:016360,KRW,107900.0,107900.0,yahoo.KS
2026-07-03,국장,삼성증권,KRX:016360,KRW,119100.0,119100.0,yahoo.KS
2026-07-06,국장,삼성증권,KRX:016360,KRW,121300.0,121300.0,yahoo.KS
2026-07-07,국장,삼성증권,KRX:016360,KRW,115600.0,115600.0,yahoo.KS
2026-07-08,국장,삼성증권,KRX:016360,KRW,111700.0,111700.0,yahoo.KS
2026-07-09,국장,삼성증권,KRX:016360,KRW,106600.0,106600.0,yahoo.KS
2026-07-10,국장,삼성증권,KRX:016360,KRW,112000.0,112000.0,yahoo.KS
2026-02-25,국장,SK텔레콤,KRX:017670,KRW,81000.0,81000.0,yahoo.KS
2026-02-26,국장,SK텔레콤,KRX:017670,KRW,82300.0,82300.0,yahoo.KS
2026-02-27,국장,SK텔레콤,KRX:017670,KRW,79800.0,79800.0,yahoo.KS
2026-03-03,국장,SK텔레콤,KRX:017670,KRW,78200.0,78200.0,yahoo.KS
2026-03-04,국장,SK텔레콤,KRX:017670,KRW,70300.0,70300.0,yahoo.KS
2026-03-05,국장,SK텔레콤,KRX:017670,KRW,77900.0,77900.0,yahoo.KS
2026-03-06,국장,SK텔레콤,KRX:017670,KRW,76500.0,76500.0,yahoo.KS
2026-03-09,국장,SK텔레콤,KRX:017670,KRW,75800.0,75800.0,yahoo.KS
2026-03-10,국장,SK텔레콤,KRX:017670,KRW,77200.0,77200.0,yahoo.KS
2026-03-11,국장,SK텔레콤,KRX:017670,KRW,77900.0,77900.0,yahoo.KS
2026-03-12,국장,SK텔레콤,KRX:017670,KRW,76200.0,76200.0,yahoo.KS
2026-03-13,국장,SK텔레콤,KRX:017670,KRW,75000.0,75000.0,yahoo.KS
2026-03-16,국장,SK텔레콤,KRX:017670,KRW,76300.0,76300.0,yahoo.KS
2026-03-17,국장,SK텔레콤,KRX:017670,KRW,79700.0,79700.0,yahoo.KS
2026-03-18,국장,SK텔레콤,KRX:017670,KRW,81200.0,81200.0,yahoo.KS
2026-03-19,국장,SK텔레콤,KRX:017670,KRW,78200.0,78200.0,yahoo.KS
2026-03-20,국장,SK텔레콤,KRX:017670,KRW,78800.0,78800.0,yahoo.KS
2026-03-23,국장,SK텔레콤,KRX:017670,KRW,74200.0,74200.0,yahoo.KS
2026-03-24,국장,SK텔레콤,KRX:017670,KRW,76600.0,76600.0,yahoo.KS
2026-03-25,국장,SK텔레콤,KRX:017670,KRW,79800.0,79800.0,yahoo.KS
2026-03-26,국장,SK텔레콤,KRX:017670,KRW,80000.0,80000.0,yahoo.KS
2026-03-27,국장,SK텔레콤,KRX:017670,KRW,80000.0,80000.0,yahoo.KS
2026-03-30,국장,SK텔레콤,KRX:017670,KRW,78300.0,78300.0,yahoo.KS
2026-03-31,국장,SK텔레콤,KRX:017670,KRW,76400.0,76400.0,yahoo.KS
2026-04-01,국장,SK텔레콤,KRX:017670,KRW,78400.0,78400.0,yahoo.KS
2026-04-02,국장,SK텔레콤,KRX:017670,KRW,77800.0,77800.0,yahoo.KS
2026-04-03,국장,SK텔레콤,KRX:017670,KRW,80900.0,80900.0,yahoo.KS
2026-04-06,국장,SK텔레콤,KRX:017670,KRW,80400.0,80400.0,yahoo.KS
2026-04-07,국장,SK텔레콤,KRX:017670,KRW,81600.0,81600.0,yahoo.KS
2026-04-08,국장,SK텔레콤,KRX:017670,KRW,89000.0,89000.0,yahoo.KS
2026-04-09,국장,SK텔레콤,KRX:017670,KRW,93800.0,93800.0,yahoo.KS
2026-04-10,국장,SK텔레콤,KRX:017670,KRW,93000.0,93000.0,yahoo.KS
2026-04-13,국장,SK텔레콤,KRX:017670,KRW,92500.0,92500.0,yahoo.KS
2026-04-14,국장,SK텔레콤,KRX:017670,KRW,95500.0,95500.0,yahoo.KS
2026-04-15,국장,SK텔레콤,KRX:017670,KRW,98100.0,98100.0,yahoo.KS
2026-04-16,국장,SK텔레콤,KRX:017670,KRW,95900.0,95900.0,yahoo.KS
2026-04-17,국장,SK텔레콤,KRX:017670,KRW,98300.0,98300.0,yahoo.KS
2026-04-20,국장,SK텔레콤,KRX:017670,KRW,96500.0,96500.0,yahoo.KS
2026-04-21,국장,SK텔레콤,KRX:017670,KRW,100500.0,100500.0,yahoo.KS
2026-04-22,국장,SK텔레콤,KRX:017670,KRW,100300.0,100300.0,yahoo.KS
2026-04-23,국장,SK텔레콤,KRX:017670,KRW,98800.0,98800.0,yahoo.KS
2026-04-24,국장,SK텔레콤,KRX:017670,KRW,100000.0,100000.0,yahoo.KS
2026-04-27,국장,SK텔레콤,KRX:017670,KRW,98000.0,98000.0,yahoo.KS
2026-04-28,국장,SK텔레콤,KRX:017670,KRW,96800.0,96800.0,yahoo.KS
2026-04-29,국장,SK텔레콤,KRX:017670,KRW,95600.0,95600.0,yahoo.KS
2026-04-30,국장,SK텔레콤,KRX:017670,KRW,95100.0,95100.0,yahoo.KS
2026-05-04,국장,SK텔레콤,KRX:017670,KRW,97400.0,97400.0,yahoo.KS
2026-05-06,국장,SK텔레콤,KRX:017670,KRW,95500.0,95500.0,yahoo.KS
2026-05-07,국장,SK텔레콤,KRX:017670,KRW,93200.0,93200.0,yahoo.KS
2026-05-08,국장,SK텔레콤,KRX:017670,KRW,93500.0,93500.0,yahoo.KS
2026-05-11,국장,SK텔레콤,KRX:017670,KRW,98200.0,98200.0,yahoo.KS
2026-05-12,국장,SK텔레콤,KRX:017670,KRW,103400.0,103400.0,yahoo.KS
2026-05-13,국장,SK텔레콤,KRX:017670,KRW,105800.0,105800.0,yahoo.KS
2026-05-14,국장,SK텔레콤,KRX:017670,KRW,102700.0,102700.0,yahoo.KS
2026-05-15,국장,SK텔레콤,KRX:017670,KRW,101300.0,101300.0,yahoo.KS
2026-05-18,국장,SK텔레콤,KRX:017670,KRW,100500.0,100500.0,yahoo.KS
2026-05-19,국장,SK텔레콤,KRX:017670,KRW,97700.0,97700.0,yahoo.KS
2026-05-20,국장,SK텔레콤,KRX:017670,KRW,98100.0,98100.0,yahoo.KS
2026-05-21,국장,SK텔레콤,KRX:017670,KRW,102800.0,102800.0,yahoo.KS
2026-05-22,국장,SK텔레콤,KRX:017670,KRW,102800.0,102800.0,yahoo.KS
2026-05-26,국장,SK텔레콤,KRX:017670,KRW,102100.0,102100.0,yahoo.KS
2026-05-27,국장,SK텔레콤,KRX:017670,KRW,100400.0,100400.0,yahoo.KS
2026-05-28,국장,SK텔레콤,KRX:017670,KRW,96900.0,96900.0,yahoo.KS
2026-05-29,국장,SK텔레콤,KRX:017670,KRW,100600.0,100600.0,yahoo.KS
2026-06-01,국장,SK텔레콤,KRX:017670,KRW,112200.0,112200.0,yahoo.KS
2026-06-02,국장,SK텔레콤,KRX:017670,KRW,125200.0,125200.0,yahoo.KS
2026-06-04,국장,SK텔레콤,KRX:017670,KRW,108900.0,108900.0,yahoo.KS
2026-06-05,국장,SK텔레콤,KRX:017670,KRW,106400.0,106400.0,yahoo.KS
2026-06-08,국장,SK텔레콤,KRX:017670,KRW,106700.0,106700.0,yahoo.KS
2026-06-09,국장,SK텔레콤,KRX:017670,KRW,108100.0,108100.0,yahoo.KS
2026-06-10,국장,SK텔레콤,KRX:017670,KRW,105700.0,105700.0,yahoo.KS
2026-06-11,국장,SK텔레콤,KRX:017670,KRW,100000.0,100000.0,yahoo.KS
2026-06-12,국장,SK텔레콤,KRX:017670,KRW,103000.0,103000.0,yahoo.KS
2026-06-15,국장,SK텔레콤,KRX:017670,KRW,105400.0,105400.0,yahoo.KS
2026-06-16,국장,SK텔레콤,KRX:017670,KRW,100100.0,100100.0,yahoo.KS
2026-06-17,국장,SK텔레콤,KRX:017670,KRW,99000.0,99000.0,yahoo.KS
2026-06-18,국장,SK텔레콤,KRX:017670,KRW,95900.0,95900.0,yahoo.KS
2026-06-19,국장,SK텔레콤,KRX:017670,KRW,94900.0,94900.0,yahoo.KS
2026-06-22,국장,SK텔레콤,KRX:017670,KRW,94200.0,94200.0,yahoo.KS
2026-06-23,국장,SK텔레콤,KRX:017670,KRW,89900.0,89900.0,yahoo.KS
2026-06-24,국장,SK텔레콤,KRX:017670,KRW,91000.0,91000.0,yahoo.KS
2026-06-25,국장,SK텔레콤,KRX:017670,KRW,91400.0,91400.0,yahoo.KS
2026-06-26,국장,SK텔레콤,KRX:017670,KRW,90600.0,90600.0,yahoo.KS
2026-06-29,국장,SK텔레콤,KRX:017670,KRW,90200.0,90200.0,yahoo.KS
2026-06-30,국장,SK텔레콤,KRX:017670,KRW,88400.0,88400.0,yahoo.KS
2026-07-01,국장,SK텔레콤,KRX:017670,KRW,88600.0,88600.0,yahoo.KS
2026-07-02,국장,SK텔레콤,KRX:017670,KRW,87400.0,87400.0,yahoo.KS
2026-07-03,국장,SK텔레콤,KRX:017670,KRW,86400.0,86400.0,yahoo.KS
2026-07-06,국장,SK텔레콤,KRX:017670,KRW,86200.0,86200.0,yahoo.KS
2026-07-07,국장,SK텔레콤,KRX:017670,KRW,85200.0,85200.0,yahoo.KS
2026-07-08,국장,SK텔레콤,KRX:017670,KRW,84000.0,84000.0,yahoo.KS
2026-07-09,국장,SK텔레콤,KRX:017670,KRW,86700.0,86700.0,yahoo.KS
2026-07-10,국장,SK텔레콤,KRX:017670,KRW,88700.0,88700.0,yahoo.KS
2026-07-13,국장,SK텔레콤,KRX:017670,KRW,85700.0,85700.0,yahoo.KS
2026-07-14,국장,SK텔레콤,KRX:017670,KRW,83900.0,83900.0,yahoo.KS
2026-07-15,국장,SK텔레콤,KRX:017670,KRW,85000.0,85000.0,yahoo.KS
2026-07-16,국장,SK텔레콤,KRX:017670,KRW,89700.0,89700.0,yahoo.KS
2026-07-20,국장,SK텔레콤,KRX:017670,KRW,84700.0,84700.0,yahoo.KS
2026-07-21,국장,SK텔레콤,KRX:017670,KRW,85100.0,85100.0,yahoo.KS
2026-07-22,국장,SK텔레콤,KRX:017670,KRW,94100.0,94100.0,yahoo.KS
2026-07-23,국장,SK텔레콤,KRX:017670,KRW,99500.0,99500.0,yahoo.KS
2026-07-24,국장,SK텔레콤,KRX:017670,KRW,100000.0,100000.0,yahoo.KS
2026-07-27,국장,SK텔레콤,KRX:017670,KRW,97900.0,97900.0,yahoo.KS
2026-07-28,국장,SK텔레콤,KRX:017670,KRW,82200.0,82200.0,yahoo.KS
2026-07-29,국장,SK텔레콤,KRX:017670,KRW,78600.0,78600.0,yahoo.KS
2026-07-30,국장,SK텔레콤,KRX:017670,KRW,78200.0,78200.0,yahoo.KS
2026-07-31,국장,SK텔레콤,KRX:017670,KRW,81400.0,81400.0,yahoo.KS
2026-08-03,국장,SK텔레콤,KRX:017670,KRW,82000.0,82000.0,yahoo.KS
2026-08-04,국장,SK텔레콤,KRX:017670,KRW,91400.0,91400.0,yahoo.KS
2026-08-05,국장,SK텔레콤,KRX:017670,KRW,93000.0,93000.0,yahoo.KS
2026-08-06,국장,SK텔레콤,KRX:017670,KRW,91100.0,91100.0,yahoo.KS
2026-08-07,국장,SK텔레콤,KRX:017670,KRW,88200.0,88200.0,yahoo.KS
2026-08-10,국장,SK텔레콤,KRX:017670,KRW,85000.0,85000.0,yahoo.KS
2026-08-11,국장,SK텔레콤,KRX:017670,KRW,86000.0,86000.0,yahoo.KS
2026-08-12,국장,SK텔레콤,KRX:017670,KRW,87800.0,87800.0,yahoo.KS
2026-08-13,국장,SK텔레콤,KRX:017670,KRW,91100.0,91100.0,yahoo.KS
2026-08-14,국장,SK텔레콤,KRX:017670,KRW,100500.0,100500.0,yahoo.KS
2026-08-18,국장,SK텔레콤,KRX:017670,KRW,99800.0,99800.0,yahoo.KS
2026-08-19,국장,SK텔레콤,KRX:017670,KRW,98000.0,98000.0,yahoo.KS
2026-08-20,국장,SK텔레콤,KRX:017670,KRW,96600.0,96600.0,yahoo.KS
2026-08-21,국장,SK텔레콤,KRX:017670,KRW,102200.0,102200.0,yahoo.KS
2026-03-27,국장,SK가스,KRX:018670,KRW,246500.0,246500.0,yahoo.KS
2026-03-30,국장,SK가스,KRX:018670,KRW,261000.0,261000.0,yahoo.KS
2026-03-31,국장,SK가스,KRX:018670,KRW,269000.0,269000.0,yahoo.KS
2026-04-01,국장,SK가스,KRX:018670,KRW,260000.0,260000.0,yahoo.KS
2026-04-02,국장,SK가스,KRX:018670,KRW,258000.0,258000.0,yahoo.KS
2026-04-03,국장,SK가스,KRX:018670,KRW,256000.0,256000.0,yahoo.KS
2026-04-06,국장,SK가스,KRX:018670,KRW,260000.0,260000.0,yahoo.KS
2026-04-07,국장,SK가스,KRX:018670,KRW,258000.0,258000.0,yahoo.KS
2026-04-08,국장,SK가스,KRX:018670,KRW,243000.0,243000.0,yahoo.KS
2026-04-09,국장,SK가스,KRX:018670,KRW,238000.0,238000.0,yahoo.KS
2026-04-10,국장,SK가스,KRX:018670,KRW,244500.0,244500.0,yahoo.KS
2026-05-29,국장,KODEX SK하이닉스단일종목레버리지,KRX:0193T0,KRW,29895.0,29895.0,yahoo.KS
2026-06-01,국장,KODEX SK하이닉스단일종목레버리지,KRX:0193T0,KRW,31100.0,31100.0,yahoo.KS
2026-06-02,국장,KODEX SK하이닉스단일종목레버리지,KRX:0193T0,KRW,30545.0,30545.0,yahoo.KS
2026-06-04,국장,KODEX SK하이닉스단일종목레버리지,KRX:0193T0,KRW,29055.0,29055.0,yahoo.KS
2026-06-05,국장,KODEX SK하이닉스단일종목레버리지,KRX:0193T0,KRW,23160.0,23160.0,yahoo.KS
2026-06-08,국장,KODEX SK하이닉스단일종목레버리지,KRX:0193T0,KRW,19605.0,19605.0,yahoo.KS
2026-06-09,국장,KODEX SK하이닉스단일종목레버리지,KRX:0193T0,KRW,25765.0,25765.0,yahoo.KS
2026-06-10,국장,KODEX SK하이닉스단일종목레버리지,KRX:0193T0,KRW,21740.0,21740.0,yahoo.KS
2026-06-11,국장,KODEX SK하이닉스단일종목레버리지,KRX:0193T0,KRW,22985.0,22985.0,yahoo.KS
2026-06-12,국장,KODEX SK하이닉스단일종목레버리지,KRX:0193T0,KRW,23920.0,23920.0,yahoo.KS
2026-06-15,국장,KODEX SK하이닉스단일종목레버리지,KRX:0193T0,KRW,26810.0,26810.0,yahoo.KS
2026-06-16,국장,KODEX SK하이닉스단일종목레버리지,KRX:0193T0,KRW,29190.0,29190.0,yahoo.KS
2026-06-17,국장,KODEX SK하이닉스단일종목레버리지,KRX:0193T0,KRW,32660.0,32660.0,yahoo.KS
2026-06-18,국장,KODEX SK하이닉스단일종목레버리지,KRX:0193T0,KRW,36900.0,36900.0,yahoo.KS
2026-06-19,국장,KODEX SK하이닉스단일종목레버리지,KRX:0193T0,KRW,39200.0,39200.0,yahoo.KS
2026-06-22,국장,KODEX SK하이닉스단일종목레버리지,KRX:0193T0,KRW,44000.0,44000.0,yahoo.KS
2026-06-23,국장,KODEX SK하이닉스단일종목레버리지,KRX:0193T0,KRW,32790.0,32790.0,yahoo.KS
2026-06-24,국장,KODEX SK하이닉스단일종목레버리지,KRX:0193T0,KRW,33210.0,33210.0,yahoo.KS
2026-06-25,국장,KODEX SK하이닉스단일종목레버리지,KRX:0193T0,KRW,41785.0,41785.0,yahoo.KS
2026-06-26,국장,KODEX SK하이닉스단일종목레버리지,KRX:0193T0,KRW,34545.0,34545.0,yahoo.KS
2026-06-29,국장,KODEX SK하이닉스단일종목레버리지,KRX:0193T0,KRW,33660.0,33660.0,yahoo.KS
2026-06-30,국장,KODEX SK하이닉스단일종목레버리지,KRX:0193T0,KRW,34505.0,34505.0,yahoo.KS
2026-07-01,국장,KODEX SK하이닉스단일종목레버리지,KRX:0193T0,KRW,31875.0,31875.0,yahoo.KS
2026-07-02,국장,KODEX SK하이닉스단일종목레버리지,KRX:0193T0,KRW,22035.0,22035.0,yahoo.KS
2026-07-03,국장,KODEX SK하이닉스단일종목레버리지,KRX:0193T0,KRW,27400.0,27400.0,yahoo.KS
2026-07-06,국장,KODEX SK하이닉스단일종목레버리지,KRX:0193T0,KRW,25310.0,25310.0,yahoo.KS
2026-07-07,국장,KODEX SK하이닉스단일종목레버리지,KRX:0193T0,KRW,22130.0,22130.0,yahoo.KS
2026-07-08,국장,KODEX SK하이닉스단일종목레버리지,KRX:0193T0,KRW,19635.0,19635.0,yahoo.KS
2026-07-09,국장,KODEX SK하이닉스단일종목레버리지,KRX:0193T0,KRW,21930.0,21930.0,yahoo.KS
2026-07-10,국장,KODEX SK하이닉스단일종목레버리지,KRX:0193T0,KRW,21760.0,21760.0,yahoo.KS
2026-07-13,국장,KODEX SK하이닉스단일종목레버리지,KRX:0193T0,KRW,14915.0,14915.0,yahoo.KS
2026-07-14,국장,KODEX SK하이닉스단일종목레버리지,KRX:0193T0,KRW,15970.0,15970.0,yahoo.KS
2026-07-15,국장,KODEX SK하이닉스단일종목레버리지,KRX:0193T0,KRW,18800.0,18800.0,yahoo.KS
2026-07-16,국장,KODEX SK하이닉스단일종목레버리지,KRX:0193T0,KRW,14585.0,14585.0,yahoo.KS
2026-07-20,국장,KODEX SK하이닉스단일종목레버리지,KRX:0193T0,KRW,13250.0,13250.0,yahoo.KS
2026-07-21,국장,KODEX SK하이닉스단일종목레버리지,KRX:0193T0,KRW,14405.0,14405.0,yahoo.KS
2026-07-22,국장,KODEX SK하이닉스단일종목레버리지,KRX:0193T0,KRW,14180.0,14180.0,yahoo.KS
2026-07-23,국장,KODEX SK하이닉스단일종목레버리지,KRX:0193T0,KRW,15540.0,15540.0,yahoo.KS
2026-07-24,국장,KODEX SK하이닉스단일종목레버리지,KRX:0193T0,KRW,13015.0,13015.0,yahoo.KS
2026-07-27,국장,KODEX SK하이닉스단일종목레버리지,KRX:0193T0,KRW,13875.0,13875.0,yahoo.KS
2026-07-28,국장,KODEX SK하이닉스단일종목레버리지,KRX:0193T0,KRW,9930.0,9930.0,yahoo.KS
2026-07-29,국장,KODEX SK하이닉스단일종목레버리지,KRX:0193T0,KRW,7925.0,7925.0,yahoo.KS
2026-07-30,국장,KODEX SK하이닉스단일종목레버리지,KRX:0193T0,KRW,6995.0,6995.0,yahoo.KS
2026-07-31,국장,KODEX SK하이닉스단일종목레버리지,KRX:0193T0,KRW,11055.0,11055.0,yahoo.KS
2026-08-03,국장,KODEX SK하이닉스단일종목레버리지,KRX:0193T0,KRW,9270.0,9270.0,yahoo.KS
2026-08-04,국장,KODEX SK하이닉스단일종목레버리지,KRX:0193T0,KRW,9350.0,9350.0,yahoo.KS
2026-08-05,국장,KODEX SK하이닉스단일종목레버리지,KRX:0193T0,KRW,10355.0,10355.0,yahoo.KS
2026-08-06,국장,KODEX SK하이닉스단일종목레버리지,KRX:0193T0,KRW,8225.0,8225.0,yahoo.KS
2026-08-07,국장,KODEX SK하이닉스단일종목레버리지,KRX:0193T0,KRW,7395.0,7395.0,yahoo.KS
2026-08-10,국장,KODEX SK하이닉스단일종목레버리지,KRX:0193T0,KRW,7385.0,7385.0,yahoo.KS
2026-08-11,국장,KODEX SK하이닉스단일종목레버리지,KRX:0193T0,KRW,7435.0,7435.0,yahoo.KS
2026-08-12,국장,KODEX SK하이닉스단일종목레버리지,KRX:0193T0,KRW,8225.0,8225.0,yahoo.KS
2026-08-13,국장,KODEX SK하이닉스단일종목레버리지,KRX:0193T0,KRW,9205.0,9205.0,yahoo.KS
2026-08-14,국장,KODEX SK하이닉스단일종목레버리지,KRX:0193T0,KRW,9780.0,9780.0,yahoo.KS
2026-08-18,국장,KODEX SK하이닉스단일종목레버리지,KRX:0193T0,KRW,9910.0,9910.0,yahoo.KS
2026-08-19,국장,KODEX SK하이닉스단일종목레버리지,KRX:0193T0,KRW,8065.0,8065.0,yahoo.KS
2026-08-20,국장,KODEX SK하이닉스단일종목레버리지,KRX:0193T0,KRW,10080.0,10080.0,yahoo.KS
2026-08-21,국장,KODEX SK하이닉스단일종목레버리지,KRX:0193T0,KRW,10630.0,10630.0,yahoo.KS
2026-08-24,국장,KODEX SK하이닉스단일종목레버리지,KRX:0193T0,KRW,9915.0,9915.0,yahoo.KS
2026-08-25,국장,KODEX SK하이닉스단일종목레버리지,KRX:0193T0,KRW,10085.0,10085.0,yahoo.KS
2026-05-29,국장,KODEX 삼성전자단일종목레버리지,KRX:0193W0,KRW,24315.0,24315.0,yahoo.KS
2026-06-01,국장,KODEX 삼성전자단일종목레버리지,KRX:0193W0,KRW,29350.0,29350.0,yahoo.KS
2026-06-02,국장,KODEX 삼성전자단일종목레버리지,KRX:0193W0,KRW,31325.0,31325.0,yahoo.KS
2026-06-04,국장,KODEX 삼성전자단일종목레버리지,KRX:0193W0,KRW,29465.0,29465.0,yahoo.KS
2026-06-05,국장,KODEX 삼성전자단일종목레버리지,KRX:0193W0,KRW,25565.0,25565.0,yahoo.KS
2026-06-08,국장,KODEX 삼성전자단일종목레버리지,KRX:0193W0,KRW,20270.0,20270.0,yahoo.KS
2026-06-09,국장,KODEX 삼성전자단일종목레버리지,KRX:0193W0,KRW,24115.0,24115.0,yahoo.KS
2026-06-10,국장,KODEX 삼성전자단일종목레버리지,KRX:0193W0,KRW,20975.0,20975.0,yahoo.KS
2026-06-11,국장,KODEX 삼성전자단일종목레버리지,KRX:0193W0,KRW,20435.0,20435.0,yahoo.KS
2026-06-12,국장,KODEX 삼성전자단일종목레버리지,KRX:0193W0,KRW,23730.0,23730.0,yahoo.KS
2026-06-15,국장,KODEX 삼성전자단일종목레버리지,KRX:0193W0,KRW,25685.0,25685.0,yahoo.KS
2026-06-16,국장,KODEX 삼성전자단일종목레버리지,KRX:0193W0,KRW,26660.0,26660.0,yahoo.KS
2026-06-17,국장,KODEX 삼성전자단일종목레버리지,KRX:0193W0,KRW,27390.0,27390.0,yahoo.KS
2026-06-18,국장,KODEX 삼성전자단일종목레버리지,KRX:0193W0,KRW,29965.0,29965.0,yahoo.KS
2026-06-19,국장,KODEX 삼성전자단일종목레버리지,KRX:0193W0,KRW,28435.0,28435.0,yahoo.KS
2026-06-22,국장,KODEX 삼성전자단일종목레버리지,KRX:0193W0,KRW,28265.0,28265.0,yahoo.KS
2026-06-23,국장,KODEX 삼성전자단일종목레버리지,KRX:0193W0,KRW,21310.0,21310.0,yahoo.KS
2026-06-24,국장,KODEX 삼성전자단일종목레버리지,KRX:0193W0,KRW,25285.0,25285.0,yahoo.KS
2026-06-25,국장,KODEX 삼성전자단일종목레버리지,KRX:0193W0,KRW,28280.0,28280.0,yahoo.KS
2026-06-26,국장,KODEX 삼성전자단일종목레버리지,KRX:0193W0,KRW,24970.0,24970.0,yahoo.KS
2026-06-29,국장,KODEX 삼성전자단일종목레버리지,KRX:0193W0,KRW,23055.0,23055.0,yahoo.KS
2026-06-30,국장,KODEX 삼성전자단일종목레버리지,KRX:0193W0,KRW,24445.0,24445.0,yahoo.KS
2026-07-01,국장,KODEX 삼성전자단일종목레버리지,KRX:0193W0,KRW,21605.0,21605.0,yahoo.KS
2026-07-02,국장,KODEX 삼성전자단일종목레버리지,KRX:0193W0,KRW,17600.0,17600.0,yahoo.KS
2026-07-03,국장,KODEX 삼성전자단일종목레버리지,KRX:0193W0,KRW,20375.0,20375.0,yahoo.KS
2026-07-06,국장,KODEX 삼성전자단일종목레버리지,KRX:0193W0,KRW,21220.0,21220.0,yahoo.KS
2026-07-07,국장,KODEX 삼성전자단일종목레버리지,KRX:0193W0,KRW,18310.0,18310.0,yahoo.KS
2026-07-08,국장,KODEX 삼성전자단일종목레버리지,KRX:0193W0,KRW,16185.0,16185.0,yahoo.KS
2026-07-09,국장,KODEX 삼성전자단일종목레버리지,KRX:0193W0,KRW,16235.0,16235.0,yahoo.KS
2026-07-10,국장,KODEX 삼성전자단일종목레버리지,KRX:0193W0,KRW,17000.0,17000.0,yahoo.KS
2026-07-13,국장,KODEX 삼성전자단일종목레버리지,KRX:0193W0,KRW,13240.0,13240.0,yahoo.KS
2026-07-14,국장,KODEX 삼성전자단일종목레버리지,KRX:0193W0,KRW,14170.0,14170.0,yahoo.KS
2026-07-15,국장,KODEX 삼성전자단일종목레버리지,KRX:0193W0,KRW,15885.0,15885.0,yahoo.KS
2026-07-16,국장,KODEX 삼성전자단일종목레버리지,KRX:0193W0,KRW,13300.0,13300.0,yahoo.KS
2026-07-20,국장,KODEX 삼성전자단일종목레버리지,KRX:0193W0,KRW,12105.0,12105.0,yahoo.KS
2026-07-21,국장,KODEX 삼성전자단일종목레버리지,KRX:0193W0,KRW,13550.0,13550.0,yahoo.KS
2026-07-22,국장,KODEX 삼성전자단일종목레버리지,KRX:0193W0,KRW,13620.0,13620.0,yahoo.KS
2026-07-23,국장,KODEX 삼성전자단일종목레버리지,KRX:0193W0,KRW,14640.0,14640.0,yahoo.KS
2026-07-24,국장,KODEX 삼성전자단일종목레버리지,KRX:0193W0,KRW,12430.0,12430.0,yahoo.KS
2026-07-27,국장,KODEX 삼성전자단일종목레버리지,KRX:0193W0,KRW,12880.0,12880.0,yahoo.KS
2026-07-28,국장,KODEX 삼성전자단일종목레버리지,KRX:0193W0,KRW,9450.0,9450.0,yahoo.KS
2026-07-29,국장,KODEX 삼성전자단일종목레버리지,KRX:0193W0,KRW,8495.0,8495.0,yahoo.KS
2026-07-30,국장,KODEX 삼성전자단일종목레버리지,KRX:0193W0,KRW,8345.0,8345.0,yahoo.KS
2026-07-31,국장,KODEX 삼성전자단일종목레버리지,KRX:0193W0,KRW,12615.0,12615.0,yahoo.KS
2026-08-03,국장,KODEX 삼성전자단일종목레버리지,KRX:0193W0,KRW,10515.0,10515.0,yahoo.KS
2026-08-04,국장,KODEX 삼성전자단일종목레버리지,KRX:0193W0,KRW,10600.0,10600.0,yahoo.KS
2026-08-05,국장,KODEX 삼성전자단일종목레버리지,KRX:0193W0,KRW,11090.0,11090.0,yahoo.KS
2026-08-06,국장,KODEX 삼성전자단일종목레버리지,KRX:0193W0,KRW,9675.0,9675.0,yahoo.KS
2026-08-07,국장,KODEX 삼성전자단일종목레버리지,KRX:0193W0,KRW,9760.0,9760.0,yahoo.KS
2026-08-10,국장,KODEX 삼성전자단일종목레버리지,KRX:0193W0,KRW,9665.0,9665.0,yahoo.KS
2026-08-11,국장,KODEX 삼성전자단일종목레버리지,KRX:0193W0,KRW,10400.0,10400.0,yahoo.KS
2026-08-12,국장,KODEX 삼성전자단일종목레버리지,KRX:0193W0,KRW,11830.0,11830.0,yahoo.KS
2026-08-13,국장,KODEX 삼성전자단일종목레버리지,KRX:0193W0,KRW,12845.0,12845.0,yahoo.KS
2026-08-14,국장,KODEX 삼성전자단일종목레버리지,KRX:0193W0,KRW,13530.0,13530.0,yahoo.KS
2026-08-18,국장,KODEX 삼성전자단일종목레버리지,KRX:0193W0,KRW,12940.0,12940.0,yahoo.KS
2026-08-19,국장,KODEX 삼성전자단일종목레버리지,KRX:0193W0,KRW,11030.0,11030.0,yahoo.KS
2026-08-20,국장,KODEX 삼성전자단일종목레버리지,KRX:0193W0,KRW,12985.0,12985.0,yahoo.KS
2026-08-21,국장,KODEX 삼성전자단일종목레버리지,KRX:0193W0,KRW,14095.0,14095.0,yahoo.KS
2026-08-24,국장,KODEX 삼성전자단일종목레버리지,KRX:0193W0,KRW,11705.0,11705.0,yahoo.KS
2026-08-25,국장,KODEX 삼성전자단일종목레버리지,KRX:0193W0,KRW,11650.0,11650.0,yahoo.KS
2026-04-28,국장,롯데에너지머티리얼즈,KRX:020150,KRW,67400.0,67400.0,yahoo.KS
2026-04-29,국장,롯데에너지머티리얼즈,KRX:020150,KRW,68300.0,68300.0,yahoo.KS
2026-04-30,국장,롯데에너지머티리얼즈,KRX:020150,KRW,66700.0,66700.0,yahoo.KS
2026-05-04,국장,롯데에너지머티리얼즈,KRX:020150,KRW,78500.0,78500.0,yahoo.KS
2026-04-20,국장,롯데쇼핑,KRX:023530,KRW,120300.0,120300.0,yahoo.KS
2026-04-21,국장,롯데쇼핑,KRX:023530,KRW,117900.0,117900.0,yahoo.KS
2026-04-22,국장,롯데쇼핑,KRX:023530,KRW,118700.0,118700.0,yahoo.KS
2026-04-23,국장,롯데쇼핑,KRX:023530,KRW,121800.0,121800.0,yahoo.KS
2026-04-24,국장,롯데쇼핑,KRX:023530,KRW,133000.0,133000.0,yahoo.KS
2026-04-27,국장,롯데쇼핑,KRX:023530,KRW,133300.0,133300.0,yahoo.KS
2026-04-28,국장,롯데쇼핑,KRX:023530,KRW,132600.0,132600.0,yahoo.KS
2026-04-29,국장,롯데쇼핑,KRX:023530,KRW,134300.0,134300.0,yahoo.KS
2026-04-30,국장,롯데쇼핑,KRX:023530,KRW,135300.0,135300.0,yahoo.KS
2026-05-04,국장,롯데쇼핑,KRX:023530,KRW,138500.0,138500.0,yahoo.KS
2026-05-06,국장,롯데쇼핑,KRX:023530,KRW,131800.0,131800.0,yahoo.KS
2026-05-07,국장,롯데쇼핑,KRX:023530,KRW,136100.0,136100.0,yahoo.KS
2026-05-08,국장,롯데쇼핑,KRX:023530,KRW,138100.0,138100.0,yahoo.KS
2026-05-11,국장,롯데쇼핑,KRX:023530,KRW,145000.0,145000.0,yahoo.KS
2026-05-12,국장,롯데쇼핑,KRX:023530,KRW,151700.0,151700.0,yahoo.KS
2026-05-13,국장,롯데쇼핑,KRX:023530,KRW,160100.0,160100.0,yahoo.KS
2026-05-14,국장,롯데쇼핑,KRX:023530,KRW,175700.0,175700.0,yahoo.KS
2026-05-15,국장,롯데쇼핑,KRX:023530,KRW,169800.0,169800.0,yahoo.KS
2026-05-18,국장,롯데쇼핑,KRX:023530,KRW,158600.0,158600.0,yahoo.KS
2026-05-19,국장,롯데쇼핑,KRX:023530,KRW,161100.0,161100.0,yahoo.KS
2026-05-20,국장,롯데쇼핑,KRX:023530,KRW,153100.0,153100.0,yahoo.KS
2026-05-21,국장,롯데쇼핑,KRX:023530,KRW,163100.0,163100.0,yahoo.KS
2026-05-22,국장,롯데쇼핑,KRX:023530,KRW,163400.0,163400.0,yahoo.KS
2026-05-26,국장,롯데쇼핑,KRX:023530,KRW,158500.0,158500.0,yahoo.KS
2026-05-27,국장,롯데쇼핑,KRX:023530,KRW,152200.0,152200.0,yahoo.KS
2026-05-28,국장,롯데쇼핑,KRX:023530,KRW,151300.0,151300.0,yahoo.KS
2026-05-29,국장,롯데쇼핑,KRX:023530,KRW,147700.0,147700.0,yahoo.KS
2026-06-01,국장,롯데쇼핑,KRX:023530,KRW,147500.0,147500.0,yahoo.KS
2026-06-02,국장,롯데쇼핑,KRX:023530,KRW,154100.0,154100.0,yahoo.KS
2026-06-04,국장,롯데쇼핑,KRX:023530,KRW,172000.0,172000.0,yahoo.KS
2026-06-05,국장,롯데쇼핑,KRX:023530,KRW,173000.0,173000.0,yahoo.KS
2026-06-08,국장,롯데쇼핑,KRX:023530,KRW,167600.0,167600.0,yahoo.KS
2026-06-09,국장,롯데쇼핑,KRX:023530,KRW,181900.0,181900.0,yahoo.KS
2026-06-10,국장,롯데쇼핑,KRX:023530,KRW,195500.0,195500.0,yahoo.KS
2026-06-11,국장,롯데쇼핑,KRX:023530,KRW,202000.0,202000.0,yahoo.KS
2026-04-08,국장,삼성E&A,KRX:028050,KRW,50500.0,50500.0,yahoo.KS
2026-04-09,국장,삼성E&A,KRX:028050,KRW,51300.0,51300.0,yahoo.KS
2026-04-10,국장,삼성E&A,KRX:028050,KRW,51200.0,51200.0,yahoo.KS
2026-04-13,국장,삼성E&A,KRX:028050,KRW,49550.0,49550.0,yahoo.KS
2026-04-14,국장,삼성E&A,KRX:028050,KRW,51800.0,51800.0,yahoo.KS
2026-04-15,국장,삼성E&A,KRX:028050,KRW,52400.0,52400.0,yahoo.KS
2026-04-16,국장,삼성E&A,KRX:028050,KRW,50400.0,50400.0,yahoo.KS
2026-04-17,국장,삼성E&A,KRX:028050,KRW,49550.0,49550.0,yahoo.KS
2026-04-20,국장,삼성E&A,KRX:028050,KRW,49300.0,49300.0,yahoo.KS
2026-04-21,국장,삼성E&A,KRX:028050,KRW,51700.0,51700.0,yahoo.KS
2026-04-22,국장,삼성E&A,KRX:028050,KRW,50600.0,50600.0,yahoo.KS
2026-04-23,국장,삼성E&A,KRX:028050,KRW,50300.0,50300.0,yahoo.KS
2026-04-24,국장,삼성E&A,KRX:028050,KRW,52500.0,52500.0,yahoo.KS
2026-04-27,국장,삼성E&A,KRX:028050,KRW,54300.0,54300.0,yahoo.KS
2026-04-28,국장,삼성E&A,KRX:028050,KRW,56300.0,56300.0,yahoo.KS
2026-04-29,국장,삼성E&A,KRX:028050,KRW,54300.0,54300.0,yahoo.KS
2026-04-30,국장,삼성E&A,KRX:028050,KRW,53100.0,53100.0,yahoo.KS
2026-05-04,국장,삼성E&A,KRX:028050,KRW,55000.0,55000.0,yahoo.KS
2026-05-06,국장,삼성E&A,KRX:028050,KRW,53000.0,53000.0,yahoo.KS
2026-05-07,국장,삼성E&A,KRX:028050,KRW,64400.0,64400.0,yahoo.KS
2026-05-08,국장,삼성E&A,KRX:028050,KRW,62400.0,62400.0,yahoo.KS
2026-05-11,국장,삼성E&A,KRX:028050,KRW,58600.0,58600.0,yahoo.KS
2026-05-12,국장,삼성E&A,KRX:028050,KRW,54900.0,54900.0,yahoo.KS
2026-05-13,국장,삼성E&A,KRX:028050,KRW,53000.0,53000.0,yahoo.KS
2026-05-14,국장,삼성E&A,KRX:028050,KRW,54700.0,54700.0,yahoo.KS
2026-05-15,국장,삼성E&A,KRX:028050,KRW,50600.0,50600.0,yahoo.KS
2026-05-18,국장,삼성E&A,KRX:028050,KRW,49500.0,49500.0,yahoo.KS
2026-05-19,국장,삼성E&A,KRX:028050,KRW,49250.0,49250.0,yahoo.KS
2026-05-20,국장,삼성E&A,KRX:028050,KRW,47400.0,47400.0,yahoo.KS
2026-05-21,국장,삼성E&A,KRX:028050,KRW,51300.0,51300.0,yahoo.KS
2026-05-22,국장,삼성E&A,KRX:028050,KRW,53400.0,53400.0,yahoo.KS
2026-05-26,국장,삼성E&A,KRX:028050,KRW,54600.0,54600.0,yahoo.KS
2026-05-27,국장,삼성E&A,KRX:028050,KRW,51300.0,51300.0,yahoo.KS
2026-05-28,국장,삼성E&A,KRX:028050,KRW,50800.0,50800.0,yahoo.KS
2026-05-29,국장,삼성E&A,KRX:028050,KRW,52900.0,52900.0,yahoo.KS
2026-06-01,국장,삼성E&A,KRX:028050,KRW,50300.0,50300.0,yahoo.KS
2026-06-02,국장,삼성E&A,KRX:028050,KRW,49300.0,49300.0,yahoo.KS
2026-06-04,국장,삼성E&A,KRX:028050,KRW,49500.0,49500.0,yahoo.KS
2026-06-05,국장,삼성E&A,KRX:028050,KRW,48350.0,48350.0,yahoo.KS
2026-06-08,국장,삼성E&A,KRX:028050,KRW,44450.0,44450.0,yahoo.KS
2026-06-09,국장,삼성E&A,KRX:028050,KRW,46450.0,46450.0,yahoo.KS
2026-06-10,국장,삼성E&A,KRX:028050,KRW,47300.0,47300.0,yahoo.KS
2026-06-11,국장,삼성E&A,KRX:028050,KRW,45550.0,45550.0,yahoo.KS
2026-06-12,국장,삼성E&A,KRX:028050,KRW,47600.0,47600.0,yahoo.KS
2026-06-15,국장,삼성E&A,KRX:028050,KRW,52100.0,52100.0,yahoo.KS
2026-06-16,국장,삼성E&A,KRX:028050,KRW,56700.0,56700.0,yahoo.KS
2026-06-17,국장,삼성E&A,KRX:028050,KRW,52500.0,52500.0,yahoo.KS
2026-06-18,국장,삼성E&A,KRX:028050,KRW,49700.0,49700.0,yahoo.KS
2026-06-19,국장,삼성E&A,KRX:028050,KRW,48650.0,48650.0,yahoo.KS
2026-06-22,국장,삼성E&A,KRX:028050,KRW,49900.0,49900.0,yahoo.KS
2026-06-23,국장,삼성E&A,KRX:028050,KRW,44850.0,44850.0,yahoo.KS
2026-06-24,국장,삼성E&A,KRX:028050,KRW,43950.0,43950.0,yahoo.KS
2026-06-25,국장,삼성E&A,KRX:028050,KRW,43200.0,43200.0,yahoo.KS
2026-06-26,국장,삼성E&A,KRX:028050,KRW,41450.0,41450.0,yahoo.KS
2026-06-29,국장,삼성E&A,KRX:028050,KRW,47650.0,47650.0,yahoo.KS
2026-06-30,국장,삼성E&A,KRX:028050,KRW,47600.0,47600.0,yahoo.KS
2026-07-01,국장,삼성E&A,KRX:028050,KRW,51700.0,51700.0,yahoo.KS
2026-07-02,국장,삼성E&A,KRX:028050,KRW,49000.0,49000.0,yahoo.KS
2026-07-03,국장,삼성E&A,KRX:028050,KRW,48100.0,48100.0,yahoo.KS
2026-07-06,국장,삼성E&A,KRX:028050,KRW,48300.0,48300.0,yahoo.KS
2026-07-07,국장,삼성E&A,KRX:028050,KRW,47550.0,47550.0,yahoo.KS
2026-07-08,국장,삼성E&A,KRX:028050,KRW,43500.0,43500.0,yahoo.KS
2026-07-09,국장,삼성E&A,KRX:028050,KRW,42050.0,42050.0,yahoo.KS
2026-07-10,국장,삼성E&A,KRX:028050,KRW,44100.0,44100.0,yahoo.KS
2026-07-13,국장,삼성E&A,KRX:028050,KRW,41100.0,41100.0,yahoo.KS
2026-07-14,국장,삼성E&A,KRX:028050,KRW,40150.0,40150.0,yahoo.KS
2026-07-15,국장,삼성E&A,KRX:028050,KRW,42550.0,42550.0,yahoo.KS
2026-07-16,국장,삼성E&A,KRX:028050,KRW,40850.0,40850.0,yahoo.KS
2026-07-20,국장,삼성E&A,KRX:028050,KRW,39200.0,39200.0,yahoo.KS
2026-07-21,국장,삼성E&A,KRX:028050,KRW,41300.0,41300.0,yahoo.KS
2026-07-22,국장,삼성E&A,KRX:028050,KRW,41300.0,41300.0,yahoo.KS
2026-07-23,국장,삼성E&A,KRX:028050,KRW,46650.0,46650.0,yahoo.KS
2026-07-24,국장,삼성E&A,KRX:028050,KRW,47600.0,47600.0,yahoo.KS
2026-07-27,국장,삼성E&A,KRX:028050,KRW,47650.0,47650.0,yahoo.KS
2026-07-28,국장,삼성E&A,KRX:028050,KRW,44150.0,44150.0,yahoo.KS
2026-07-29,국장,삼성E&A,KRX:028050,KRW,39750.0,39750.0,yahoo.KS
2026-07-30,국장,삼성E&A,KRX:028050,KRW,41000.0,41000.0,yahoo.KS
2026-07-31,국장,삼성E&A,KRX:028050,KRW,43800.0,43800.0,yahoo.KS
2026-01-02,국장,삼성생명,KRX:032830,KRW,156300.0,156300.0,yahoo.KS
2026-01-05,국장,삼성생명,KRX:032830,KRW,164100.0,164100.0,yahoo.KS
2026-01-06,국장,삼성생명,KRX:032830,KRW,165400.0,165400.0,yahoo.KS
2026-01-07,국장,삼성생명,KRX:032830,KRW,162000.0,162000.0,yahoo.KS
2026-01-08,국장,삼성생명,KRX:032830,KRW,159200.0,159200.0,yahoo.KS
2026-01-09,국장,삼성생명,KRX:032830,KRW,159500.0,159500.0,yahoo.KS
2026-01-12,국장,삼성생명,KRX:032830,KRW,158100.0,158100.0,yahoo.KS
2026-01-13,국장,삼성생명,KRX:032830,KRW,159100.0,159100.0,yahoo.KS
2026-01-14,국장,삼성생명,KRX:032830,KRW,161900.0,161900.0,yahoo.KS
2026-01-15,국장,삼성생명,KRX:032830,KRW,161200.0,161200.0,yahoo.KS
2026-01-16,국장,삼성생명,KRX:032830,KRW,170600.0,170600.0,yahoo.KS
2026-01-19,국장,삼성생명,KRX:032830,KRW,167000.0,167000.0,yahoo.KS
2026-01-20,국장,삼성생명,KRX:032830,KRW,175200.0,175200.0,yahoo.KS
2026-01-21,국장,삼성생명,KRX:032830,KRW,174700.0,174700.0,yahoo.KS
2026-01-22,국장,삼성생명,KRX:032830,KRW,178800.0,178800.0,yahoo.KS
2026-01-23,국장,삼성생명,KRX:032830,KRW,185100.0,185100.0,yahoo.KS
2026-01-26,국장,삼성생명,KRX:032830,KRW,182200.0,182200.0,yahoo.KS
2026-01-27,국장,삼성생명,KRX:032830,KRW,187100.0,187100.0,yahoo.KS
2026-01-28,국장,삼성생명,KRX:032830,KRW,192200.0,192200.0,yahoo.KS
2026-01-29,국장,삼성생명,KRX:032830,KRW,192000.0,192000.0,yahoo.KS
2026-01-30,국장,삼성생명,KRX:032830,KRW,188300.0,188300.0,yahoo.KS
2026-02-02,국장,삼성생명,KRX:032830,KRW,179000.0,179000.0,yahoo.KS
2026-02-03,국장,삼성생명,KRX:032830,KRW,186300.0,186300.0,yahoo.KS
2026-02-04,국장,삼성생명,KRX:032830,KRW,197500.0,197500.0,yahoo.KS
2026-02-05,국장,삼성생명,KRX:032830,KRW,191700.0,191700.0,yahoo.KS
2026-02-06,국장,삼성생명,KRX:032830,KRW,184300.0,184300.0,yahoo.KS
2026-02-09,국장,삼성생명,KRX:032830,KRW,193000.0,193000.0,yahoo.KS
2026-02-10,국장,삼성생명,KRX:032830,KRW,197700.0,197700.0,yahoo.KS
2026-02-11,국장,삼성생명,KRX:032830,KRW,200000.0,200000.0,yahoo.KS
2026-02-12,국장,삼성생명,KRX:032830,KRW,205000.0,205000.0,yahoo.KS
2026-02-13,국장,삼성생명,KRX:032830,KRW,205500.0,205500.0,yahoo.KS
2026-02-19,국장,삼성생명,KRX:032830,KRW,209000.0,209000.0,yahoo.KS
2026-02-20,국장,삼성생명,KRX:032830,KRW,219000.0,219000.0,yahoo.KS
2026-02-23,국장,삼성생명,KRX:032830,KRW,232000.0,232000.0,yahoo.KS
2026-02-24,국장,삼성생명,KRX:032830,KRW,224000.0,224000.0,yahoo.KS
2026-02-25,국장,삼성생명,KRX:032830,KRW,246000.0,246000.0,yahoo.KS
2026-02-26,국장,삼성생명,KRX:032830,KRW,239000.0,239000.0,yahoo.KS
2026-02-27,국장,삼성생명,KRX:032830,KRW,230000.0,230000.0,yahoo.KS
2026-03-03,국장,삼성생명,KRX:032830,KRW,221500.0,221500.0,yahoo.KS
2026-03-04,국장,삼성생명,KRX:032830,KRW,197500.0,197500.0,yahoo.KS
2026-03-05,국장,삼성생명,KRX:032830,KRW,214000.0,214000.0,yahoo.KS
2026-03-06,국장,삼성생명,KRX:032830,KRW,210000.0,210000.0,yahoo.KS
2026-03-09,국장,삼성생명,KRX:032830,KRW,200500.0,200500.0,yahoo.KS
2026-03-10,국장,삼성생명,KRX:032830,KRW,211500.0,211500.0,yahoo.KS
2026-03-11,국장,삼성생명,KRX:032830,KRW,226500.0,226500.0,yahoo.KS
2026-03-12,국장,삼성생명,KRX:032830,KRW,218500.0,218500.0,yahoo.KS
2026-03-13,국장,삼성생명,KRX:032830,KRW,216000.0,216000.0,yahoo.KS
2026-03-16,국장,삼성생명,KRX:032830,KRW,212000.0,212000.0,yahoo.KS
2026-03-17,국장,삼성생명,KRX:032830,KRW,217000.0,217000.0,yahoo.KS
2026-03-18,국장,삼성생명,KRX:032830,KRW,235000.0,235000.0,yahoo.KS
2026-03-19,국장,삼성생명,KRX:032830,KRW,230500.0,230500.0,yahoo.KS
2026-03-20,국장,삼성생명,KRX:032830,KRW,231500.0,231500.0,yahoo.KS
2026-03-23,국장,삼성생명,KRX:032830,KRW,217500.0,217500.0,yahoo.KS
2026-03-24,국장,삼성생명,KRX:032830,KRW,222000.0,222000.0,yahoo.KS
2026-03-25,국장,삼성생명,KRX:032830,KRW,227500.0,227500.0,yahoo.KS
2026-03-26,국장,삼성생명,KRX:032830,KRW,222000.0,222000.0,yahoo.KS
2026-03-27,국장,삼성생명,KRX:032830,KRW,223000.0,223000.0,yahoo.KS
2026-03-30,국장,삼성생명,KRX:032830,KRW,219500.0,219500.0,yahoo.KS
2026-03-31,국장,삼성생명,KRX:032830,KRW,210500.0,210500.0,yahoo.KS
2026-04-01,국장,삼성생명,KRX:032830,KRW,225000.0,225000.0,yahoo.KS
2026-04-02,국장,삼성생명,KRX:032830,KRW,217000.0,217000.0,yahoo.KS
2026-04-03,국장,삼성생명,KRX:032830,KRW,221000.0,221000.0,yahoo.KS
2026-04-06,국장,삼성생명,KRX:032830,KRW,226000.0,226000.0,yahoo.KS
2026-04-07,국장,삼성생명,KRX:032830,KRW,222000.0,222000.0,yahoo.KS
2026-04-08,국장,삼성생명,KRX:032830,KRW,238500.0,238500.0,yahoo.KS
2026-04-09,국장,삼성생명,KRX:032830,KRW,230000.0,230000.0,yahoo.KS
2026-04-10,국장,삼성생명,KRX:032830,KRW,234500.0,234500.0,yahoo.KS
2026-04-13,국장,삼성생명,KRX:032830,KRW,235000.0,235000.0,yahoo.KS
2026-04-14,국장,삼성생명,KRX:032830,KRW,246000.0,246000.0,yahoo.KS
2026-04-15,국장,삼성생명,KRX:032830,KRW,258000.0,258000.0,yahoo.KS
2026-04-16,국장,삼성생명,KRX:032830,KRW,258000.0,258000.0,yahoo.KS
2026-04-17,국장,삼성생명,KRX:032830,KRW,253500.0,253500.0,yahoo.KS
2026-04-20,국장,삼성생명,KRX:032830,KRW,253500.0,253500.0,yahoo.KS
2026-04-21,국장,삼성생명,KRX:032830,KRW,256000.0,256000.0,yahoo.KS
2026-04-22,국장,삼성생명,KRX:032830,KRW,247500.0,247500.0,yahoo.KS
2026-04-23,국장,삼성생명,KRX:032830,KRW,255500.0,255500.0,yahoo.KS
2026-04-24,국장,삼성생명,KRX:032830,KRW,244500.0,244500.0,yahoo.KS
2026-04-27,국장,삼성생명,KRX:032830,KRW,250000.0,250000.0,yahoo.KS
2026-04-28,국장,삼성생명,KRX:032830,KRW,252000.0,252000.0,yahoo.KS
2026-04-29,국장,삼성생명,KRX:032830,KRW,252000.0,252000.0,yahoo.KS
2026-04-30,국장,삼성생명,KRX:032830,KRW,249500.0,249500.0,yahoo.KS
2026-05-04,국장,삼성생명,KRX:032830,KRW,265000.0,265000.0,yahoo.KS
2026-05-06,국장,삼성생명,KRX:032830,KRW,298000.0,298000.0,yahoo.KS
2026-05-07,국장,삼성생명,KRX:032830,KRW,300000.0,300000.0,yahoo.KS
2026-05-08,국장,삼성생명,KRX:032830,KRW,295000.0,295000.0,yahoo.KS
2026-05-11,국장,삼성생명,KRX:032830,KRW,299500.0,299500.0,yahoo.KS
2026-05-12,국장,삼성생명,KRX:032830,KRW,299500.0,299500.0,yahoo.KS
2026-05-13,국장,삼성생명,KRX:032830,KRW,306000.0,306000.0,yahoo.KS
2026-05-14,국장,삼성생명,KRX:032830,KRW,330000.0,330000.0,yahoo.KS
2026-05-15,국장,삼성생명,KRX:032830,KRW,310000.0,310000.0,yahoo.KS
2026-05-18,국장,삼성생명,KRX:032830,KRW,313500.0,313500.0,yahoo.KS
2026-05-19,국장,삼성생명,KRX:032830,KRW,312000.0,312000.0,yahoo.KS
2026-05-20,국장,삼성생명,KRX:032830,KRW,312000.0,312000.0,yahoo.KS
2026-05-21,국장,삼성생명,KRX:032830,KRW,355000.0,355000.0,yahoo.KS
2026-05-22,국장,삼성생명,KRX:032830,KRW,364500.0,364500.0,yahoo.KS
2026-05-26,국장,삼성생명,KRX:032830,KRW,348000.0,348000.0,yahoo.KS
2026-05-27,국장,삼성생명,KRX:032830,KRW,354500.0,354500.0,yahoo.KS
2026-05-28,국장,삼성생명,KRX:032830,KRW,357500.0,357500.0,yahoo.KS
2026-05-29,국장,삼성생명,KRX:032830,KRW,388500.0,388500.0,yahoo.KS
2026-06-01,국장,삼성생명,KRX:032830,KRW,410000.0,410000.0,yahoo.KS
2026-06-02,국장,삼성생명,KRX:032830,KRW,480000.0,480000.0,yahoo.KS
2026-06-04,국장,삼성생명,KRX:032830,KRW,438000.0,438000.0,yahoo.KS
2026-06-05,국장,삼성생명,KRX:032830,KRW,412500.0,412500.0,yahoo.KS
2026-06-08,국장,삼성생명,KRX:032830,KRW,375500.0,375500.0,yahoo.KS
2026-06-09,국장,삼성생명,KRX:032830,KRW,393000.0,393000.0,yahoo.KS
2026-06-10,국장,삼성생명,KRX:032830,KRW,368000.0,368000.0,yahoo.KS
2026-06-11,국장,삼성생명,KRX:032830,KRW,365000.0,365000.0,yahoo.KS
2026-06-12,국장,삼성생명,KRX:032830,KRW,385500.0,385500.0,yahoo.KS
2026-06-15,국장,삼성생명,KRX:032830,KRW,423000.0,423000.0,yahoo.KS
2026-06-16,국장,삼성생명,KRX:032830,KRW,431000.0,431000.0,yahoo.KS
2026-06-17,국장,삼성생명,KRX:032830,KRW,447000.0,447000.0,yahoo.KS
2026-06-18,국장,삼성생명,KRX:032830,KRW,469000.0,469000.0,yahoo.KS
2026-06-19,국장,삼성생명,KRX:032830,KRW,497000.0,497000.0,yahoo.KS
2026-06-22,국장,삼성생명,KRX:032830,KRW,450500.0,450500.0,yahoo.KS
2026-06-23,국장,삼성생명,KRX:032830,KRW,425000.0,425000.0,yahoo.KS
2026-06-24,국장,삼성생명,KRX:032830,KRW,433000.0,433000.0,yahoo.KS
2026-06-25,국장,삼성생명,KRX:032830,KRW,447000.0,447000.0,yahoo.KS
2026-06-26,국장,삼성생명,KRX:032830,KRW,432500.0,432500.0,yahoo.KS
2026-06-29,국장,삼성생명,KRX:032830,KRW,408500.0,408500.0,yahoo.KS
2026-06-30,국장,삼성생명,KRX:032830,KRW,401000.0,401000.0,yahoo.KS
2026-07-01,국장,삼성생명,KRX:032830,KRW,387000.0,387000.0,yahoo.KS
2026-07-02,국장,삼성생명,KRX:032830,KRW,370500.0,370500.0,yahoo.KS
2026-07-03,국장,삼성생명,KRX:032830,KRW,383000.0,383000.0,yahoo.KS
2026-07-06,국장,삼성생명,KRX:032830,KRW,393500.0,393500.0,yahoo.KS
2026-07-07,국장,삼성생명,KRX:032830,KRW,375000.0,375000.0,yahoo.KS
2026-07-08,국장,삼성생명,KRX:032830,KRW,346000.0,346000.0,yahoo.KS
2026-07-09,국장,삼성생명,KRX:032830,KRW,326000.0,326000.0,yahoo.KS
2026-07-10,국장,삼성생명,KRX:032830,KRW,340500.0,340500.0,yahoo.KS
2026-07-13,국장,삼성생명,KRX:032830,KRW,326000.0,326000.0,yahoo.KS
2026-07-14,국장,삼성생명,KRX:032830,KRW,317000.0,317000.0,yahoo.KS
2026-07-15,국장,삼성생명,KRX:032830,KRW,337500.0,337500.0,yahoo.KS
2026-07-16,국장,삼성생명,KRX:032830,KRW,331000.0,331000.0,yahoo.KS
2026-07-20,국장,삼성생명,KRX:032830,KRW,301500.0,301500.0,yahoo.KS
2026-07-21,국장,삼성생명,KRX:032830,KRW,316000.0,316000.0,yahoo.KS
2026-07-22,국장,삼성생명,KRX:032830,KRW,320000.0,320000.0,yahoo.KS
2026-07-23,국장,삼성생명,KRX:032830,KRW,329500.0,329500.0,yahoo.KS
2026-07-24,국장,삼성생명,KRX:032830,KRW,318000.0,318000.0,yahoo.KS
2026-07-27,국장,삼성생명,KRX:032830,KRW,311500.0,311500.0,yahoo.KS
2026-07-28,국장,삼성생명,KRX:032830,KRW,285000.0,285000.0,yahoo.KS
2026-07-29,국장,삼성생명,KRX:032830,KRW,265500.0,265500.0,yahoo.KS
2026-07-30,국장,삼성생명,KRX:032830,KRW,264000.0,264000.0,yahoo.KS
2026-07-31,국장,삼성생명,KRX:032830,KRW,311500.0,311500.0,yahoo.KS
2026-08-03,국장,삼성생명,KRX:032830,KRW,287500.0,287500.0,yahoo.KS
2026-08-04,국장,삼성생명,KRX:032830,KRW,278000.0,278000.0,yahoo.KS
2026-08-05,국장,삼성생명,KRX:032830,KRW,294000.0,294000.0,yahoo.KS
2026-08-06,국장,삼성생명,KRX:032830,KRW,287500.0,287500.0,yahoo.KS
2026-08-07,국장,삼성생명,KRX:032830,KRW,275500.0,275500.0,yahoo.KS
2026-08-10,국장,삼성생명,KRX:032830,KRW,280500.0,280500.0,yahoo.KS
2026-08-11,국장,삼성생명,KRX:032830,KRW,289500.0,289500.0,yahoo.KS
2026-08-12,국장,삼성생명,KRX:032830,KRW,302500.0,302500.0,yahoo.KS
2026-08-13,국장,삼성생명,KRX:032830,KRW,291500.0,291500.0,yahoo.KS
2026-08-14,국장,삼성생명,KRX:032830,KRW,301000.0,301000.0,yahoo.KS
2026-08-18,국장,삼성생명,KRX:032830,KRW,310500.0,310500.0,yahoo.KS
2026-08-19,국장,삼성생명,KRX:032830,KRW,276000.0,276000.0,yahoo.KS
2026-08-20,국장,삼성생명,KRX:032830,KRW,297000.0,297000.0,yahoo.KS
2026-08-21,국장,삼성생명,KRX:032830,KRW,328500.0,328500.0,yahoo.KS
2026-08-24,국장,삼성생명,KRX:032830,KRW,285500.0,285500.0,yahoo.KS
2026-01-05,국장,JYP Ent.,KRX:035900,KRW,72700.0,72700.0,yahoo.KQ
2026-01-06,국장,JYP Ent.,KRX:035900,KRW,71500.0,71500.0,yahoo.KQ
2026-01-07,국장,JYP Ent.,KRX:035900,KRW,70000.0,70000.0,yahoo.KQ
2026-01-08,국장,JYP Ent.,KRX:035900,KRW,71500.0,71500.0,yahoo.KQ
2026-01-09,국장,JYP Ent.,KRX:035900,KRW,69400.0,69400.0,yahoo.KQ
2026-01-12,국장,JYP Ent.,KRX:035900,KRW,69800.0,69800.0,yahoo.KQ
2026-01-13,국장,JYP Ent.,KRX:035900,KRW,69100.0,69100.0,yahoo.KQ
2026-01-12,국장,한화오션,KRX:042660,KRW,145700.0,145700.0,yahoo.KS
2026-01-13,국장,한화오션,KRX:042660,KRW,149900.0,149900.0,yahoo.KS
2026-01-14,국장,한화오션,KRX:042660,KRW,142000.0,142000.0,yahoo.KS
2026-01-15,국장,한화오션,KRX:042660,KRW,148900.0,148900.0,yahoo.KS
2026-01-16,국장,한화오션,KRX:042660,KRW,147000.0,147000.0,yahoo.KS
2026-02-12,국장,대우건설,KRX:047040,KRW,7700.0,7700.0,yahoo.KS
2026-02-13,국장,대우건설,KRX:047040,KRW,7300.0,7300.0,yahoo.KS
2026-02-19,국장,대우건설,KRX:047040,KRW,7930.0,7930.0,yahoo.KS
2026-02-20,국장,대우건설,KRX:047040,KRW,7800.0,7800.0,yahoo.KS
2026-02-23,국장,대우건설,KRX:047040,KRW,7500.0,7500.0,yahoo.KS
2026-02-24,국장,대우건설,KRX:047040,KRW,8110.0,8110.0,yahoo.KS
2026-02-25,국장,대우건설,KRX:047040,KRW,8750.0,8750.0,yahoo.KS
2026-02-26,국장,대우건설,KRX:047040,KRW,10050.0,10050.0,yahoo.KS
2026-02-27,국장,대우건설,KRX:047040,KRW,10140.0,10140.0,yahoo.KS
2026-03-03,국장,대우건설,KRX:047040,KRW,8900.0,8900.0,yahoo.KS
2026-03-04,국장,대우건설,KRX:047040,KRW,7550.0,7550.0,yahoo.KS
2026-03-05,국장,대우건설,KRX:047040,KRW,8540.0,8540.0,yahoo.KS
2026-03-06,국장,대우건설,KRX:047040,KRW,8770.0,8770.0,yahoo.KS
2026-03-09,국장,대우건설,KRX:047040,KRW,8810.0,8810.0,yahoo.KS
2026-03-10,국장,대우건설,KRX:047040,KRW,9470.0,9470.0,yahoo.KS
2026-03-11,국장,대우건설,KRX:047040,KRW,9950.0,9950.0,yahoo.KS
2026-03-12,국장,대우건설,KRX:047040,KRW,10460.0,10460.0,yahoo.KS
2026-03-13,국장,대우건설,KRX:047040,KRW,12320.0,12320.0,yahoo.KS
2026-03-16,국장,대우건설,KRX:047040,KRW,11980.0,11980.0,yahoo.KS
2026-03-17,국장,대우건설,KRX:047040,KRW,12110.0,12110.0,yahoo.KS
2026-03-18,국장,대우건설,KRX:047040,KRW,14870.0,14870.0,yahoo.KS
2026-03-19,국장,대우건설,KRX:047040,KRW,16170.0,16170.0,yahoo.KS
2026-03-20,국장,대우건설,KRX:047040,KRW,19110.0,19110.0,yahoo.KS
2026-03-23,국장,대우건설,KRX:047040,KRW,17060.0,17060.0,yahoo.KS
2026-03-24,국장,대우건설,KRX:047040,KRW,16400.0,16400.0,yahoo.KS
2026-03-25,국장,대우건설,KRX:047040,KRW,16410.0,16410.0,yahoo.KS
2026-03-26,국장,대우건설,KRX:047040,KRW,15900.0,15900.0,yahoo.KS
2026-03-27,국장,대우건설,KRX:047040,KRW,15900.0,15900.0,yahoo.KS
2026-03-30,국장,대우건설,KRX:047040,KRW,17340.0,17340.0,yahoo.KS
2026-03-31,국장,대우건설,KRX:047040,KRW,15550.0,15550.0,yahoo.KS
2026-04-01,국장,대우건설,KRX:047040,KRW,19370.0,19370.0,yahoo.KS
2026-04-02,국장,대우건설,KRX:047040,KRW,16440.0,16440.0,yahoo.KS
2026-04-03,국장,대우건설,KRX:047040,KRW,16810.0,16810.0,yahoo.KS
2026-04-06,국장,대우건설,KRX:047040,KRW,17310.0,17310.0,yahoo.KS
2026-04-07,국장,대우건설,KRX:047040,KRW,17350.0,17350.0,yahoo.KS
2026-04-08,국장,대우건설,KRX:047040,KRW,22550.0,22550.0,yahoo.KS
2026-04-09,국장,대우건설,KRX:047040,KRW,23350.0,23350.0,yahoo.KS
2026-04-10,국장,대우건설,KRX:047040,KRW,24300.0,24300.0,yahoo.KS
2026-04-13,국장,대우건설,KRX:047040,KRW,23750.0,23750.0,yahoo.KS
2026-04-14,국장,대우건설,KRX:047040,KRW,23500.0,23500.0,yahoo.KS
2026-04-15,국장,대우건설,KRX:047040,KRW,28500.0,28500.0,yahoo.KS
2026-01-06,국장,한국항공우주,KRX:047810,KRW,136100.0,136100.0,yahoo.KS
2026-01-07,국장,한국항공우주,KRX:047810,KRW,136100.0,136100.0,yahoo.KS
2026-01-08,국장,한국항공우주,KRX:047810,KRW,142800.0,142800.0,yahoo.KS
2026-01-09,국장,한국항공우주,KRX:047810,KRW,149800.0,149800.0,yahoo.KS
2026-01-12,국장,한국항공우주,KRX:047810,KRW,153900.0,153900.0,yahoo.KS
2026-01-13,국장,한국항공우주,KRX:047810,KRW,157300.0,157300.0,yahoo.KS
2026-01-14,국장,한국항공우주,KRX:047810,KRW,154400.0,154400.0,yahoo.KS
2026-01-15,국장,한국항공우주,KRX:047810,KRW,166600.0,166600.0,yahoo.KS
2026-01-16,국장,한국항공우주,KRX:047810,KRW,155900.0,155900.0,yahoo.KS
2026-01-19,국장,한국항공우주,KRX:047810,KRW,165500.0,165500.0,yahoo.KS
2026-01-20,국장,한국항공우주,KRX:047810,KRW,165700.0,165700.0,yahoo.KS
2026-01-21,국장,한국항공우주,KRX:047810,KRW,164200.0,164200.0,yahoo.KS
2026-01-22,국장,한국항공우주,KRX:047810,KRW,165700.0,165700.0,yahoo.KS
2026-01-23,국장,한국항공우주,KRX:047810,KRW,162900.0,162900.0,yahoo.KS
2026-01-26,국장,한국항공우주,KRX:047810,KRW,167400.0,167400.0,yahoo.KS
2026-01-27,국장,한국항공우주,KRX:047810,KRW,164000.0,164000.0,yahoo.KS
2026-01-28,국장,한국항공우주,KRX:047810,KRW,166800.0,166800.0,yahoo.KS
2026-01-29,국장,한국항공우주,KRX:047810,KRW,168900.0,168900.0,yahoo.KS
2026-01-30,국장,한국항공우주,KRX:047810,KRW,168300.0,168300.0,yahoo.KS
2026-02-02,국장,한국항공우주,KRX:047810,KRW,160000.0,160000.0,yahoo.KS
2026-02-03,국장,한국항공우주,KRX:047810,KRW,163700.0,163700.0,yahoo.KS
2026-02-04,국장,한국항공우주,KRX:047810,KRW,171200.0,171200.0,yahoo.KS
2026-02-05,국장,한국항공우주,KRX:047810,KRW,162000.0,162000.0,yahoo.KS
2026-02-06,국장,한국항공우주,KRX:047810,KRW,158300.0,158300.0,yahoo.KS
2026-02-09,국장,한국항공우주,KRX:047810,KRW,162600.0,162600.0,yahoo.KS
2026-02-10,국장,한국항공우주,KRX:047810,KRW,161300.0,161300.0,yahoo.KS
2026-02-11,국장,한국항공우주,KRX:047810,KRW,162400.0,162400.0,yahoo.KS
2026-02-12,국장,한국항공우주,KRX:047810,KRW,165500.0,165500.0,yahoo.KS
2026-02-13,국장,한국항공우주,KRX:047810,KRW,176700.0,176700.0,yahoo.KS
2026-02-19,국장,한국항공우주,KRX:047810,KRW,175400.0,175400.0,yahoo.KS
2026-02-20,국장,한국항공우주,KRX:047810,KRW,177900.0,177900.0,yahoo.KS
2026-02-23,국장,한국항공우주,KRX:047810,KRW,175600.0,175600.0,yahoo.KS
2026-02-24,국장,한국항공우주,KRX:047810,KRW,183600.0,183600.0,yahoo.KS
2026-02-25,국장,한국항공우주,KRX:047810,KRW,182500.0,182500.0,yahoo.KS
2026-02-26,국장,한국항공우주,KRX:047810,KRW,183900.0,183900.0,yahoo.KS
2026-02-27,국장,한국항공우주,KRX:047810,KRW,191500.0,191500.0,yahoo.KS
2026-03-03,국장,한국항공우주,KRX:047810,KRW,197600.0,197600.0,yahoo.KS
2026-03-04,국장,한국항공우주,KRX:047810,KRW,158500.0,158500.0,yahoo.KS
2026-03-05,국장,한국항공우주,KRX:047810,KRW,179000.0,179000.0,yahoo.KS
2026-03-06,국장,한국항공우주,KRX:047810,KRW,183300.0,183300.0,yahoo.KS
2026-03-09,국장,한국항공우주,KRX:047810,KRW,174100.0,174100.0,yahoo.KS
2026-03-10,국장,한국항공우주,KRX:047810,KRW,174100.0,174100.0,yahoo.KS
2026-03-11,국장,한국항공우주,KRX:047810,KRW,175400.0,175400.0,yahoo.KS
2026-03-12,국장,한국항공우주,KRX:047810,KRW,179800.0,179800.0,yahoo.KS
2026-03-13,국장,한국항공우주,KRX:047810,KRW,182700.0,182700.0,yahoo.KS
2026-03-16,국장,한국항공우주,KRX:047810,KRW,191200.0,191200.0,yahoo.KS
2026-03-17,국장,한국항공우주,KRX:047810,KRW,202000.0,202000.0,yahoo.KS
2026-03-18,국장,한국항공우주,KRX:047810,KRW,194300.0,194300.0,yahoo.KS
2026-03-19,국장,한국항공우주,KRX:047810,KRW,190400.0,190400.0,yahoo.KS
2026-03-20,국장,한국항공우주,KRX:047810,KRW,185700.0,185700.0,yahoo.KS
2026-03-23,국장,한국항공우주,KRX:047810,KRW,169900.0,169900.0,yahoo.KS
2026-03-24,국장,한국항공우주,KRX:047810,KRW,176300.0,176300.0,yahoo.KS
2026-03-25,국장,한국항공우주,KRX:047810,KRW,185000.0,185000.0,yahoo.KS
2026-03-26,국장,한국항공우주,KRX:047810,KRW,188000.0,188000.0,yahoo.KS
2026-03-27,국장,한국항공우주,KRX:047810,KRW,186500.0,186500.0,yahoo.KS
2026-03-30,국장,한국항공우주,KRX:047810,KRW,174200.0,174200.0,yahoo.KS
2026-03-31,국장,한국항공우주,KRX:047810,KRW,164700.0,164700.0,yahoo.KS
2026-04-01,국장,한국항공우주,KRX:047810,KRW,187800.0,187800.0,yahoo.KS
2026-04-02,국장,한국항공우주,KRX:047810,KRW,184200.0,184200.0,yahoo.KS
2026-04-03,국장,한국항공우주,KRX:047810,KRW,182600.0,182600.0,yahoo.KS
2026-04-06,국장,한국항공우주,KRX:047810,KRW,183100.0,183100.0,yahoo.KS
2026-04-07,국장,한국항공우주,KRX:047810,KRW,186300.0,186300.0,yahoo.KS
2026-04-08,국장,한국항공우주,KRX:047810,KRW,190400.0,190400.0,yahoo.KS
2026-04-09,국장,한국항공우주,KRX:047810,KRW,199900.0,199900.0,yahoo.KS
2026-04-10,국장,한국항공우주,KRX:047810,KRW,199900.0,199900.0,yahoo.KS
2026-01-07,국장,리노공업,KRX:058470,KRW,64200.0,64200.0,yahoo.KQ
2026-01-08,국장,리노공업,KRX:058470,KRW,64300.0,64300.0,yahoo.KQ
2026-01-09,국장,리노공업,KRX:058470,KRW,62700.0,62700.0,yahoo.KQ
2026-07-16,국장,에스피지,KRX:058610,KRW,66000.0,66000.0,yahoo.KS
2026-07-20,국장,에스피지,KRX:058610,KRW,62600.0,62600.0,yahoo.KS
2026-07-21,국장,에스피지,KRX:058610,KRW,66000.0,66000.0,yahoo.KS
2026-07-22,국장,에스피지,KRX:058610,KRW,82600.0,82600.0,yahoo.KS
2026-07-23,국장,에스피지,KRX:058610,KRW,83700.0,83700.0,yahoo.KS
2026-07-24,국장,에스피지,KRX:058610,KRW,71600.0,71600.0,yahoo.KS
2026-07-27,국장,에스피지,KRX:058610,KRW,75000.0,75000.0,yahoo.KS
2026-07-28,국장,에스피지,KRX:058610,KRW,68000.0,68000.0,yahoo.KS
2026-07-29,국장,에스피지,KRX:058610,KRW,81800.0,81800.0,yahoo.KS
2026-07-30,국장,에스피지,KRX:058610,KRW,76800.0,76800.0,yahoo.KS
2026-07-31,국장,에스피지,KRX:058610,KRW,94600.0,94600.0,yahoo.KS
2026-08-03,국장,에스피지,KRX:058610,KRW,108700.0,108700.0,yahoo.KS
2026-08-04,국장,에스피지,KRX:058610,KRW,108800.0,108800.0,yahoo.KS
2026-08-05,국장,에스피지,KRX:058610,KRW,108900.0,108900.0,yahoo.KS
2026-08-06,국장,에스피지,KRX:058610,KRW,108400.0,108400.0,yahoo.KS
2026-08-07,국장,에스피지,KRX:058610,KRW,101700.0,101700.0,yahoo.KS
2026-08-10,국장,에스피지,KRX:058610,KRW,107400.0,107400.0,yahoo.KS
2026-08-11,국장,에스피지,KRX:058610,KRW,114000.0,114000.0,yahoo.KS
2026-08-12,국장,에스피지,KRX:058610,KRW,112200.0,112200.0,yahoo.KS
2026-08-13,국장,에스피지,KRX:058610,KRW,112200.0,112200.0,yahoo.KS
2026-08-14,국장,에스피지,KRX:058610,KRW,118600.0,118600.0,yahoo.KS
2026-08-18,국장,에스피지,KRX:058610,KRW,108000.0,108000.0,yahoo.KS
2026-08-19,국장,에스피지,KRX:058610,KRW,101500.0,101500.0,yahoo.KS
2026-08-20,국장,에스피지,KRX:058610,KRW,103400.0,103400.0,yahoo.KS
2026-08-21,국장,에스피지,KRX:058610,KRW,95500.0,95500.0,yahoo.KS
2026-08-24,국장,에스피지,KRX:058610,KRW,94000.0,94000.0,yahoo.KS
2026-05-18,국장,LG전자,KRX:066570,KRW,217000.0,217000.0,yahoo.KS
2026-05-19,국장,LG전자,KRX:066570,KRW,191700.0,191700.0,yahoo.KS
2026-05-20,국장,LG전자,KRX:066570,KRW,181000.0,181000.0,yahoo.KS
2026-05-21,국장,LG전자,KRX:066570,KRW,235000.0,235000.0,yahoo.KS
2026-05-22,국장,LG전자,KRX:066570,KRW,237000.0,237000.0,yahoo.KS
2026-05-26,국장,LG전자,KRX:066570,KRW,239500.0,239500.0,yahoo.KS
2026-05-27,국장,LG전자,KRX:066570,KRW,235000.0,235000.0,yahoo.KS
2026-05-28,국장,LG전자,KRX:066570,KRW,225500.0,225500.0,yahoo.KS
2026-05-29,국장,LG전자,KRX:066570,KRW,293000.0,293000.0,yahoo.KS
2026-06-01,국장,LG전자,KRX:066570,KRW,380500.0,380500.0,yahoo.KS
2026-06-02,국장,LG전자,KRX:066570,KRW,392500.0,392500.0,yahoo.KS
2026-06-04,국장,LG전자,KRX:066570,KRW,328000.0,328000.0,yahoo.KS
2026-06-05,국장,LG전자,KRX:066570,KRW,303000.0,303000.0,yahoo.KS
2026-06-08,국장,LG전자,KRX:066570,KRW,268000.0,268000.0,yahoo.KS
2026-06-09,국장,LG전자,KRX:066570,KRW,248000.0,248000.0,yahoo.KS
2026-06-10,국장,LG전자,KRX:066570,KRW,224000.0,224000.0,yahoo.KS
2026-06-11,국장,LG전자,KRX:066570,KRW,226000.0,226000.0,yahoo.KS
2026-06-12,국장,LG전자,KRX:066570,KRW,225500.0,225500.0,yahoo.KS
2026-06-15,국장,LG전자,KRX:066570,KRW,243500.0,243500.0,yahoo.KS
2026-06-16,국장,LG전자,KRX:066570,KRW,234000.0,234000.0,yahoo.KS
2026-06-17,국장,LG전자,KRX:066570,KRW,234500.0,234500.0,yahoo.KS
2026-06-18,국장,LG전자,KRX:066570,KRW,228500.0,228500.0,yahoo.KS
2026-06-19,국장,LG전자,KRX:066570,KRW,211500.0,211500.0,yahoo.KS
2026-06-22,국장,LG전자,KRX:066570,KRW,227500.0,227500.0,yahoo.KS
2026-06-23,국장,LG전자,KRX:066570,KRW,202000.0,202000.0,yahoo.KS
2026-06-24,국장,LG전자,KRX:066570,KRW,204500.0,204500.0,yahoo.KS
2026-06-25,국장,LG전자,KRX:066570,KRW,203000.0,203000.0,yahoo.KS
2026-06-26,국장,LG전자,KRX:066570,KRW,195900.0,195900.0,yahoo.KS
2026-06-29,국장,LG전자,KRX:066570,KRW,196700.0,196700.0,yahoo.KS
2026-06-30,국장,LG전자,KRX:066570,KRW,203000.0,203000.0,yahoo.KS
2026-07-01,국장,LG전자,KRX:066570,KRW,193300.0,193300.0,yahoo.KS
2026-07-02,국장,LG전자,KRX:066570,KRW,192300.0,192300.0,yahoo.KS
2026-07-03,국장,LG전자,KRX:066570,KRW,191000.0,191000.0,yahoo.KS
2026-07-06,국장,LG전자,KRX:066570,KRW,185700.0,185700.0,yahoo.KS
2026-07-07,국장,LG전자,KRX:066570,KRW,189100.0,189100.0,yahoo.KS
2026-07-08,국장,LG전자,KRX:066570,KRW,195800.0,195800.0,yahoo.KS
2026-07-09,국장,LG전자,KRX:066570,KRW,178000.0,178000.0,yahoo.KS
2026-07-10,국장,LG전자,KRX:066570,KRW,182400.0,182400.0,yahoo.KS
2026-02-25,국장,한국금융지주,KRX:071050,KRW,270000.0,270000.0,yahoo.KS
2026-02-26,국장,한국금융지주,KRX:071050,KRW,267000.0,267000.0,yahoo.KS
2026-02-27,국장,한국금융지주,KRX:071050,KRW,258500.0,258500.0,yahoo.KS
2026-03-03,국장,한국금융지주,KRX:071050,KRW,240500.0,240500.0,yahoo.KS
2026-03-04,국장,한국금융지주,KRX:071050,KRW,206500.0,206500.0,yahoo.KS
2026-03-05,국장,한국금융지주,KRX:071050,KRW,230500.0,230500.0,yahoo.KS
2026-03-06,국장,한국금융지주,KRX:071050,KRW,230000.0,230000.0,yahoo.KS
2026-03-09,국장,한국금융지주,KRX:071050,KRW,218000.0,218000.0,yahoo.KS
2026-03-10,국장,한국금융지주,KRX:071050,KRW,220000.0,220000.0,yahoo.KS
2026-03-11,국장,한국금융지주,KRX:071050,KRW,229500.0,229500.0,yahoo.KS
2026-03-12,국장,한국금융지주,KRX:071050,KRW,227000.0,227000.0,yahoo.KS
2026-03-13,국장,한국금융지주,KRX:071050,KRW,219500.0,219500.0,yahoo.KS
2026-03-16,국장,한국금융지주,KRX:071050,KRW,223500.0,223500.0,yahoo.KS
2026-03-17,국장,한국금융지주,KRX:071050,KRW,233500.0,233500.0,yahoo.KS
2026-03-18,국장,한국금융지주,KRX:071050,KRW,241000.0,241000.0,yahoo.KS
2026-03-19,국장,한국금융지주,KRX:071050,KRW,229000.0,229000.0,yahoo.KS
2026-03-20,국장,한국금융지주,KRX:071050,KRW,234500.0,234500.0,yahoo.KS
2026-03-23,국장,한국금융지주,KRX:071050,KRW,211000.0,211000.0,yahoo.KS
2026-03-24,국장,한국금융지주,KRX:071050,KRW,211000.0,211000.0,yahoo.KS
2026-03-25,국장,한국금융지주,KRX:071050,KRW,220500.0,220500.0,yahoo.KS
2026-03-26,국장,한국금융지주,KRX:071050,KRW,216000.0,216000.0,yahoo.KS
2026-03-27,국장,한국금융지주,KRX:071050,KRW,220000.0,220000.0,yahoo.KS
2026-03-30,국장,한국금융지주,KRX:071050,KRW,210000.0,210000.0,yahoo.KS
2026-03-31,국장,한국금융지주,KRX:071050,KRW,202500.0,202500.0,yahoo.KS
2026-04-01,국장,한국금융지주,KRX:071050,KRW,224000.0,224000.0,yahoo.KS
2026-04-02,국장,한국금융지주,KRX:071050,KRW,213500.0,213500.0,yahoo.KS
2026-04-03,국장,한국금융지주,KRX:071050,KRW,212000.0,212000.0,yahoo.KS
2026-04-06,국장,한국금융지주,KRX:071050,KRW,215000.0,215000.0,yahoo.KS
2026-04-07,국장,한국금융지주,KRX:071050,KRW,213000.0,213000.0,yahoo.KS
2026-04-08,국장,한국금융지주,KRX:071050,KRW,239000.0,239000.0,yahoo.KS
2026-04-09,국장,한국금융지주,KRX:071050,KRW,232000.0,232000.0,yahoo.KS
2026-04-10,국장,한국금융지주,KRX:071050,KRW,241500.0,241500.0,yahoo.KS
2026-04-13,국장,한국금융지주,KRX:071050,KRW,246000.0,246000.0,yahoo.KS
2026-04-14,국장,한국금융지주,KRX:071050,KRW,257500.0,257500.0,yahoo.KS
2026-04-15,국장,한국금융지주,KRX:071050,KRW,255000.0,255000.0,yahoo.KS
2026-04-16,국장,한국금융지주,KRX:071050,KRW,257000.0,257000.0,yahoo.KS
2026-04-17,국장,한국금융지주,KRX:071050,KRW,257000.0,257000.0,yahoo.KS
2026-04-20,국장,한국금융지주,KRX:071050,KRW,261000.0,261000.0,yahoo.KS
2026-04-21,국장,한국금융지주,KRX:071050,KRW,262000.0,262000.0,yahoo.KS
2026-04-22,국장,한국금융지주,KRX:071050,KRW,258000.0,258000.0,yahoo.KS
2026-04-23,국장,한국금융지주,KRX:071050,KRW,259000.0,259000.0,yahoo.KS
2026-04-24,국장,한국금융지주,KRX:071050,KRW,259000.0,259000.0,yahoo.KS
2026-04-27,국장,한국금융지주,KRX:071050,KRW,260500.0,260500.0,yahoo.KS
2026-04-28,국장,한국금융지주,KRX:071050,KRW,258500.0,258500.0,yahoo.KS
2026-04-29,국장,한국금융지주,KRX:071050,KRW,249000.0,249000.0,yahoo.KS
2026-04-30,국장,한국금융지주,KRX:071050,KRW,240000.0,240000.0,yahoo.KS
2026-05-04,국장,한국금융지주,KRX:071050,KRW,262000.0,262000.0,yahoo.KS
2026-05-06,국장,한국금융지주,KRX:071050,KRW,291500.0,291500.0,yahoo.KS
2026-05-07,국장,한국금융지주,KRX:071050,KRW,276000.0,276000.0,yahoo.KS
2026-01-02,국장,LIG디펜스앤에어로스페이스,KRX:079550,KRW,439000.0,439000.0,yahoo.KS
2026-01-05,국장,LIG디펜스앤에어로스페이스,KRX:079550,KRW,468500.0,468500.0,yahoo.KS
2026-01-06,국장,LIG디펜스앤에어로스페이스,KRX:079550,KRW,495000.0,495000.0,yahoo.KS
2026-01-07,국장,LIG디펜스앤에어로스페이스,KRX:079550,KRW,489500.0,489500.0,yahoo.KS
2026-01-08,국장,LIG디펜스앤에어로스페이스,KRX:079550,KRW,531000.0,531000.0,yahoo.KS
2026-01-09,국장,LIG디펜스앤에어로스페이스,KRX:079550,KRW,542000.0,542000.0,yahoo.KS
2026-01-12,국장,LIG디펜스앤에어로스페이스,KRX:079550,KRW,560000.0,560000.0,yahoo.KS
2026-01-13,국장,LIG디펜스앤에어로스페이스,KRX:079550,KRW,570000.0,570000.0,yahoo.KS
2026-01-14,국장,LIG디펜스앤에어로스페이스,KRX:079550,KRW,556000.0,556000.0,yahoo.KS
2026-01-15,국장,LIG디펜스앤에어로스페이스,KRX:079550,KRW,556000.0,556000.0,yahoo.KS
2026-01-16,국장,LIG디펜스앤에어로스페이스,KRX:079550,KRW,535000.0,535000.0,yahoo.KS
2026-01-19,국장,LIG디펜스앤에어로스페이스,KRX:079550,KRW,554000.0,554000.0,yahoo.KS
2026-01-20,국장,LIG디펜스앤에어로스페이스,KRX:079550,KRW,550000.0,550000.0,yahoo.KS
2026-01-21,국장,LIG디펜스앤에어로스페이스,KRX:079550,KRW,543000.0,543000.0,yahoo.KS
2026-01-22,국장,LIG디펜스앤에어로스페이스,KRX:079550,KRW,529000.0,529000.0,yahoo.KS
2026-01-23,국장,LIG디펜스앤에어로스페이스,KRX:079550,KRW,528000.0,528000.0,yahoo.KS
2026-01-26,국장,LIG디펜스앤에어로스페이스,KRX:079550,KRW,529000.0,529000.0,yahoo.KS
2026-01-27,국장,LIG디펜스앤에어로스페이스,KRX:079550,KRW,512000.0,512000.0,yahoo.KS
2026-01-28,국장,LIG디펜스앤에어로스페이스,KRX:079550,KRW,527000.0,527000.0,yahoo.KS
2026-01-29,국장,LIG디펜스앤에어로스페이스,KRX:079550,KRW,525000.0,525000.0,yahoo.KS
2026-01-30,국장,LIG디펜스앤에어로스페이스,KRX:079550,KRW,481500.0,481500.0,yahoo.KS
2026-02-02,국장,LIG디펜스앤에어로스페이스,KRX:079550,KRW,454000.0,454000.0,yahoo.KS
2026-02-03,국장,LIG디펜스앤에어로스페이스,KRX:079550,KRW,463500.0,463500.0,yahoo.KS
2026-02-04,국장,LIG디펜스앤에어로스페이스,KRX:079550,KRW,469000.0,469000.0,yahoo.KS
2026-02-05,국장,LIG디펜스앤에어로스페이스,KRX:079550,KRW,434500.0,434500.0,yahoo.KS
2026-02-06,국장,LIG디펜스앤에어로스페이스,KRX:079550,KRW,427000.0,427000.0,yahoo.KS
2026-02-09,국장,LIG디펜스앤에어로스페이스,KRX:079550,KRW,448000.0,448000.0,yahoo.KS
2026-02-10,국장,LIG디펜스앤에어로스페이스,KRX:079550,KRW,461000.0,461000.0,yahoo.KS
2026-02-11,국장,LIG디펜스앤에어로스페이스,KRX:079550,KRW,457500.0,457500.0,yahoo.KS
2026-02-12,국장,LIG디펜스앤에어로스페이스,KRX:079550,KRW,455500.0,455500.0,yahoo.KS
2026-02-13,국장,LIG디펜스앤에어로스페이스,KRX:079550,KRW,460000.0,460000.0,yahoo.KS
2026-02-19,국장,LIG디펜스앤에어로스페이스,KRX:079550,KRW,463000.0,463000.0,yahoo.KS
2026-02-20,국장,LIG디펜스앤에어로스페이스,KRX:079550,KRW,486500.0,486500.0,yahoo.KS
2026-02-23,국장,LIG디펜스앤에어로스페이스,KRX:079550,KRW,489500.0,489500.0,yahoo.KS
2026-02-24,국장,LIG디펜스앤에어로스페이스,KRX:079550,KRW,521000.0,521000.0,yahoo.KS
2026-02-25,국장,LIG디펜스앤에어로스페이스,KRX:079550,KRW,509000.0,509000.0,yahoo.KS
2026-02-26,국장,LIG디펜스앤에어로스페이스,KRX:079550,KRW,503000.0,503000.0,yahoo.KS
2026-02-27,국장,LIG디펜스앤에어로스페이스,KRX:079550,KRW,509000.0,509000.0,yahoo.KS
2026-03-03,국장,LIG디펜스앤에어로스페이스,KRX:079550,KRW,661000.0,661000.0,yahoo.KS
2026-03-04,국장,LIG디펜스앤에어로스페이스,KRX:079550,KRW,619000.0,619000.0,yahoo.KS
2026-03-05,국장,LIG디펜스앤에어로스페이스,KRX:079550,KRW,763000.0,763000.0,yahoo.KS
2026-03-06,국장,LIG디펜스앤에어로스페이스,KRX:079550,KRW,834000.0,834000.0,yahoo.KS
2026-03-09,국장,LIG디펜스앤에어로스페이스,KRX:079550,KRW,796000.0,796000.0,yahoo.KS
2026-03-10,국장,LIG디펜스앤에어로스페이스,KRX:079550,KRW,759000.0,759000.0,yahoo.KS
2026-03-11,국장,LIG디펜스앤에어로스페이스,KRX:079550,KRW,742000.0,742000.0,yahoo.KS
2026-03-12,국장,LIG디펜스앤에어로스페이스,KRX:079550,KRW,755000.0,755000.0,yahoo.KS
2026-03-13,국장,LIG디펜스앤에어로스페이스,KRX:079550,KRW,723000.0,723000.0,yahoo.KS
2026-03-16,국장,LIG디펜스앤에어로스페이스,KRX:079550,KRW,730000.0,730000.0,yahoo.KS
2026-03-17,국장,LIG디펜스앤에어로스페이스,KRX:079550,KRW,705000.0,705000.0,yahoo.KS
2026-03-18,국장,LIG디펜스앤에어로스페이스,KRX:079550,KRW,689000.0,689000.0,yahoo.KS
2026-03-19,국장,LIG디펜스앤에어로스페이스,KRX:079550,KRW,702000.0,702000.0,yahoo.KS
2026-03-20,국장,LIG디펜스앤에어로스페이스,KRX:079550,KRW,661000.0,661000.0,yahoo.KS
2026-03-23,국장,LIG디펜스앤에어로스페이스,KRX:079550,KRW,640000.0,640000.0,yahoo.KS
2026-03-24,국장,LIG디펜스앤에어로스페이스,KRX:079550,KRW,641000.0,641000.0,yahoo.KS
2026-03-25,국장,LIG디펜스앤에어로스페이스,KRX:079550,KRW,734000.0,734000.0,yahoo.KS
2026-03-26,국장,LIG디펜스앤에어로스페이스,KRX:079550,KRW,735000.0,735000.0,yahoo.KS
2026-03-27,국장,LIG디펜스앤에어로스페이스,KRX:079550,KRW,735000.0,735000.0,yahoo.KS
2026-03-30,국장,LIG디펜스앤에어로스페이스,KRX:079550,KRW,686000.0,686000.0,yahoo.KS
2026-03-31,국장,LIG디펜스앤에어로스페이스,KRX:079550,KRW,611000.0,611000.0,yahoo.KS
2026-04-01,국장,LIG디펜스앤에어로스페이스,KRX:079550,KRW,794000.0,794000.0,yahoo.KS
2026-04-02,국장,LIG디펜스앤에어로스페이스,KRX:079550,KRW,784000.0,784000.0,yahoo.KS
2026-04-03,국장,LIG디펜스앤에어로스페이스,KRX:079550,KRW,860000.0,860000.0,yahoo.KS
2026-04-06,국장,LIG디펜스앤에어로스페이스,KRX:079550,KRW,810000.0,810000.0,yahoo.KS
2026-04-07,국장,LIG디펜스앤에어로스페이스,KRX:079550,KRW,827000.0,827000.0,yahoo.KS
2026-04-08,국장,LIG디펜스앤에어로스페이스,KRX:079550,KRW,833000.0,833000.0,yahoo.KS
2026-04-09,국장,LIG디펜스앤에어로스페이스,KRX:079550,KRW,887000.0,887000.0,yahoo.KS
2026-04-10,국장,LIG디펜스앤에어로스페이스,KRX:079550,KRW,921000.0,921000.0,yahoo.KS
2026-04-13,국장,LIG디펜스앤에어로스페이스,KRX:079550,KRW,939000.0,939000.0,yahoo.KS
2026-04-14,국장,LIG디펜스앤에어로스페이스,KRX:079550,KRW,934000.0,934000.0,yahoo.KS
2026-04-15,국장,LIG디펜스앤에어로스페이스,KRX:079550,KRW,893000.0,893000.0,yahoo.KS
2026-04-16,국장,LIG디펜스앤에어로스페이스,KRX:079550,KRW,883000.0,883000.0,yahoo.KS
2026-04-17,국장,LIG디펜스앤에어로스페이스,KRX:079550,KRW,876000.0,876000.0,yahoo.KS
2026-04-20,국장,LIG디펜스앤에어로스페이스,KRX:079550,KRW,921000.0,921000.0,yahoo.KS
2026-04-21,국장,LIG디펜스앤에어로스페이스,KRX:079550,KRW,909000.0,909000.0,yahoo.KS
2026-04-22,국장,LIG디펜스앤에어로스페이스,KRX:079550,KRW,1020000.0,1020000.0,yahoo.KS
2026-04-23,국장,LIG디펜스앤에어로스페이스,KRX:079550,KRW,966000.0,966000.0,yahoo.KS
2026-04-24,국장,LIG디펜스앤에어로스페이스,KRX:079550,KRW,989000.0,989000.0,yahoo.KS
2026-04-27,국장,LIG디펜스앤에어로스페이스,KRX:079550,KRW,950000.0,950000.0,yahoo.KS
2026-04-28,국장,LIG디펜스앤에어로스페이스,KRX:079550,KRW,933000.0,933000.0,yahoo.KS
2026-04-29,국장,LIG디펜스앤에어로스페이스,KRX:079550,KRW,968000.0,968000.0,yahoo.KS
2026-04-30,국장,LIG디펜스앤에어로스페이스,KRX:079550,KRW,941000.0,941000.0,yahoo.KS
2026-05-04,국장,LIG디펜스앤에어로스페이스,KRX:079550,KRW,983000.0,983000.0,yahoo.KS
2026-05-06,국장,LIG디펜스앤에어로스페이스,KRX:079550,KRW,979000.0,979000.0,yahoo.KS
2026-05-07,국장,LIG디펜스앤에어로스페이스,KRX:079550,KRW,866000.0,866000.0,yahoo.KS
2026-05-08,국장,LIG디펜스앤에어로스페이스,KRX:079550,KRW,840000.0,840000.0,yahoo.KS
2026-05-11,국장,LIG디펜스앤에어로스페이스,KRX:079550,KRW,875000.0,875000.0,yahoo.KS
2026-05-12,국장,LIG디펜스앤에어로스페이스,KRX:079550,KRW,879000.0,879000.0,yahoo.KS
2026-05-13,국장,LIG디펜스앤에어로스페이스,KRX:079550,KRW,873000.0,873000.0,yahoo.KS
2026-05-14,국장,LIG디펜스앤에어로스페이스,KRX:079550,KRW,878000.0,878000.0,yahoo.KS
2026-05-15,국장,LIG디펜스앤에어로스페이스,KRX:079550,KRW,834000.0,834000.0,yahoo.KS
2026-05-18,국장,LIG디펜스앤에어로스페이스,KRX:079550,KRW,839000.0,839000.0,yahoo.KS
2026-05-19,국장,LIG디펜스앤에어로스페이스,KRX:079550,KRW,862000.0,862000.0,yahoo.KS
2026-05-20,국장,LIG디펜스앤에어로스페이스,KRX:079550,KRW,833000.0,833000.0,yahoo.KS
2026-05-21,국장,LIG디펜스앤에어로스페이스,KRX:079550,KRW,862000.0,862000.0,yahoo.KS
2026-05-22,국장,LIG디펜스앤에어로스페이스,KRX:079550,KRW,925000.0,925000.0,yahoo.KS
2026-05-26,국장,LIG디펜스앤에어로스페이스,KRX:079550,KRW,913000.0,913000.0,yahoo.KS
2026-05-27,국장,LIG디펜스앤에어로스페이스,KRX:079550,KRW,875000.0,875000.0,yahoo.KS
2026-05-28,국장,LIG디펜스앤에어로스페이스,KRX:079550,KRW,856000.0,856000.0,yahoo.KS
2026-05-29,국장,LIG디펜스앤에어로스페이스,KRX:079550,KRW,801000.0,801000.0,yahoo.KS
2026-06-01,국장,LIG디펜스앤에어로스페이스,KRX:079550,KRW,776000.0,776000.0,yahoo.KS
2026-06-02,국장,LIG디펜스앤에어로스페이스,KRX:079550,KRW,726000.0,726000.0,yahoo.KS
2026-06-04,국장,LIG디펜스앤에어로스페이스,KRX:079550,KRW,733000.0,733000.0,yahoo.KS
2026-06-05,국장,LIG디펜스앤에어로스페이스,KRX:079550,KRW,726000.0,726000.0,yahoo.KS
2026-06-08,국장,LIG디펜스앤에어로스페이스,KRX:079550,KRW,696000.0,696000.0,yahoo.KS
2026-06-09,국장,LIG디펜스앤에어로스페이스,KRX:079550,KRW,725000.0,725000.0,yahoo.KS
2026-06-10,국장,LIG디펜스앤에어로스페이스,KRX:079550,KRW,790000.0,790000.0,yahoo.KS
2026-06-11,국장,LIG디펜스앤에어로스페이스,KRX:079550,KRW,764000.0,764000.0,yahoo.KS
2026-06-12,국장,LIG디펜스앤에어로스페이스,KRX:079550,KRW,772000.0,772000.0,yahoo.KS
2026-06-15,국장,LIG디펜스앤에어로스페이스,KRX:079550,KRW,845000.0,845000.0,yahoo.KS
2026-06-16,국장,LIG디펜스앤에어로스페이스,KRX:079550,KRW,1002000.0,1002000.0,yahoo.KS
2026-06-17,국장,LIG디펜스앤에어로스페이스,KRX:079550,KRW,950000.0,950000.0,yahoo.KS
2026-06-18,국장,LIG디펜스앤에어로스페이스,KRX:079550,KRW,884000.0,884000.0,yahoo.KS
2026-06-19,국장,LIG디펜스앤에어로스페이스,KRX:079550,KRW,852000.0,852000.0,yahoo.KS
2026-06-22,국장,LIG디펜스앤에어로스페이스,KRX:079550,KRW,848000.0,848000.0,yahoo.KS
2026-06-23,국장,LIG디펜스앤에어로스페이스,KRX:079550,KRW,809000.0,809000.0,yahoo.KS
2026-06-24,국장,LIG디펜스앤에어로스페이스,KRX:079550,KRW,824000.0,824000.0,yahoo.KS
2026-06-25,국장,LIG디펜스앤에어로스페이스,KRX:079550,KRW,775000.0,775000.0,yahoo.KS
2026-06-26,국장,LIG디펜스앤에어로스페이스,KRX:079550,KRW,735000.0,735000.0,yahoo.KS
2026-06-29,국장,LIG디펜스앤에어로스페이스,KRX:079550,KRW,745000.0,745000.0,yahoo.KS
2026-06-30,국장,LIG디펜스앤에어로스페이스,KRX:079550,KRW,719000.0,719000.0,yahoo.KS
2026-07-01,국장,LIG디펜스앤에어로스페이스,KRX:079550,KRW,770000.0,770000.0,yahoo.KS
2026-07-02,국장,LIG디펜스앤에어로스페이스,KRX:079550,KRW,762000.0,762000.0,yahoo.KS
2026-07-03,국장,LIG디펜스앤에어로스페이스,KRX:079550,KRW,800000.0,800000.0,yahoo.KS
2026-07-06,국장,LIG디펜스앤에어로스페이스,KRX:079550,KRW,815000.0,815000.0,yahoo.KS
2026-07-07,국장,LIG디펜스앤에어로스페이스,KRX:079550,KRW,799000.0,799000.0,yahoo.KS
2026-07-08,국장,LIG디펜스앤에어로스페이스,KRX:079550,KRW,714000.0,714000.0,yahoo.KS
2026-07-09,국장,LIG디펜스앤에어로스페이스,KRX:079550,KRW,694000.0,694000.0,yahoo.KS
2026-07-10,국장,LIG디펜스앤에어로스페이스,KRX:079550,KRW,749000.0,749000.0,yahoo.KS
2026-07-13,국장,LIG디펜스앤에어로스페이스,KRX:079550,KRW,725000.0,725000.0,yahoo.KS
2026-07-14,국장,LIG디펜스앤에어로스페이스,KRX:079550,KRW,665000.0,665000.0,yahoo.KS
2026-07-15,국장,LIG디펜스앤에어로스페이스,KRX:079550,KRW,757000.0,757000.0,yahoo.KS
2026-07-16,국장,LIG디펜스앤에어로스페이스,KRX:079550,KRW,749000.0,749000.0,yahoo.KS
2026-07-20,국장,LIG디펜스앤에어로스페이스,KRX:079550,KRW,695000.0,695000.0,yahoo.KS
2026-07-21,국장,LIG디펜스앤에어로스페이스,KRX:079550,KRW,672000.0,672000.0,yahoo.KS
2026-07-22,국장,LIG디펜스앤에어로스페이스,KRX:079550,KRW,667000.0,667000.0,yahoo.KS
2026-07-23,국장,LIG디펜스앤에어로스페이스,KRX:079550,KRW,736000.0,736000.0,yahoo.KS
2026-07-24,국장,LIG디펜스앤에어로스페이스,KRX:079550,KRW,762000.0,762000.0,yahoo.KS
2026-07-27,국장,LIG디펜스앤에어로스페이스,KRX:079550,KRW,696000.0,696000.0,yahoo.KS
2026-07-28,국장,LIG디펜스앤에어로스페이스,KRX:079550,KRW,697000.0,697000.0,yahoo.KS
2026-07-29,국장,LIG디펜스앤에어로스페이스,KRX:079550,KRW,620000.0,620000.0,yahoo.KS
2026-07-30,국장,LIG디펜스앤에어로스페이스,KRX:079550,KRW,641000.0,641000.0,yahoo.KS
2026-07-31,국장,LIG디펜스앤에어로스페이스,KRX:079550,KRW,699000.0,699000.0,yahoo.KS
2026-08-03,국장,LIG디펜스앤에어로스페이스,KRX:079550,KRW,699000.0,699000.0,yahoo.KS
2026-08-04,국장,LIG디펜스앤에어로스페이스,KRX:079550,KRW,801000.0,801000.0,yahoo.KS
2026-08-05,국장,LIG디펜스앤에어로스페이스,KRX:079550,KRW,798000.0,798000.0,yahoo.KS
2026-08-06,국장,LIG디펜스앤에어로스페이스,KRX:079550,KRW,702000.0,702000.0,yahoo.KS
2026-08-07,국장,LIG디펜스앤에어로스페이스,KRX:079550,KRW,741000.0,741000.0,yahoo.KS
2026-08-10,국장,LIG디펜스앤에어로스페이스,KRX:079550,KRW,823000.0,823000.0,yahoo.KS
2026-08-11,국장,LIG디펜스앤에어로스페이스,KRX:079550,KRW,760000.0,760000.0,yahoo.KS
2026-08-12,국장,LIG디펜스앤에어로스페이스,KRX:079550,KRW,788000.0,788000.0,yahoo.KS
2026-08-13,국장,LIG디펜스앤에어로스페이스,KRX:079550,KRW,837000.0,837000.0,yahoo.KS
2026-08-14,국장,LIG디펜스앤에어로스페이스,KRX:079550,KRW,815000.0,815000.0,yahoo.KS
2026-08-18,국장,LIG디펜스앤에어로스페이스,KRX:079550,KRW,795000.0,795000.0,yahoo.KS
2026-08-19,국장,LIG디펜스앤에어로스페이스,KRX:079550,KRW,796000.0,796000.0,yahoo.KS
2026-08-20,국장,LIG디펜스앤에어로스페이스,KRX:079550,KRW,787000.0,787000.0,yahoo.KS
2026-08-21,국장,LIG디펜스앤에어로스페이스,KRX:079550,KRW,695000.0,695000.0,yahoo.KS
2026-08-24,국장,LIG디펜스앤에어로스페이스,KRX:079550,KRW,717000.0,717000.0,yahoo.KS
2026-01-02,국장,한화엔진,KRX:082740,KRW,42050.0,42050.0,yahoo.KS
2026-01-05,국장,한화엔진,KRX:082740,KRW,41900.0,41900.0,yahoo.KS
2026-01-06,국장,한화엔진,KRX:082740,KRW,43400.0,43400.0,yahoo.KS
2026-01-07,국장,한화엔진,KRX:082740,KRW,43850.0,43850.0,yahoo.KS
2026-01-08,국장,한화엔진,KRX:082740,KRW,45550.0,45550.0,yahoo.KS
2026-01-09,국장,한화엔진,KRX:082740,KRW,49700.0,49700.0,yahoo.KS
2026-01-12,국장,한화엔진,KRX:082740,KRW,54800.0,54800.0,yahoo.KS
2026-01-13,국장,한화엔진,KRX:082740,KRW,54200.0,54200.0,yahoo.KS
2026-01-14,국장,한화엔진,KRX:082740,KRW,52600.0,52600.0,yahoo.KS
2026-01-15,국장,한화엔진,KRX:082740,KRW,53300.0,53300.0,yahoo.KS
2026-01-16,국장,한화엔진,KRX:082740,KRW,53000.0,53000.0,yahoo.KS
2026-01-19,국장,한화엔진,KRX:082740,KRW,55100.0,55100.0,yahoo.KS
2026-01-20,국장,한화엔진,KRX:082740,KRW,54700.0,54700.0,yahoo.KS
2026-01-21,국장,한화엔진,KRX:082740,KRW,53600.0,53600.0,yahoo.KS
2026-01-22,국장,한화엔진,KRX:082740,KRW,52300.0,52300.0,yahoo.KS
2026-01-23,국장,한화엔진,KRX:082740,KRW,53500.0,53500.0,yahoo.KS
2026-01-26,국장,한화엔진,KRX:082740,KRW,53200.0,53200.0,yahoo.KS
2026-01-27,국장,한화엔진,KRX:082740,KRW,55400.0,55400.0,yahoo.KS
2026-01-28,국장,한화엔진,KRX:082740,KRW,57600.0,57600.0,yahoo.KS
2026-01-29,국장,한화엔진,KRX:082740,KRW,56600.0,56600.0,yahoo.KS
2026-01-30,국장,한화엔진,KRX:082740,KRW,54400.0,54400.0,yahoo.KS
2026-02-02,국장,한화엔진,KRX:082740,KRW,53100.0,53100.0,yahoo.KS
2026-02-03,국장,한화엔진,KRX:082740,KRW,57200.0,57200.0,yahoo.KS
2026-02-04,국장,한화엔진,KRX:082740,KRW,59400.0,59400.0,yahoo.KS
2026-02-05,국장,한화엔진,KRX:082740,KRW,56500.0,56500.0,yahoo.KS
2026-02-06,국장,한화엔진,KRX:082740,KRW,53000.0,53000.0,yahoo.KS
2026-02-09,국장,한화엔진,KRX:082740,KRW,54200.0,54200.0,yahoo.KS
2026-02-10,국장,한화엔진,KRX:082740,KRW,54500.0,54500.0,yahoo.KS
2026-02-11,국장,한화엔진,KRX:082740,KRW,53700.0,53700.0,yahoo.KS
2026-02-12,국장,한화엔진,KRX:082740,KRW,55000.0,55000.0,yahoo.KS
2026-02-13,국장,한화엔진,KRX:082740,KRW,54000.0,54000.0,yahoo.KS
2026-02-19,국장,한화엔진,KRX:082740,KRW,55200.0,55200.0,yahoo.KS
2026-02-20,국장,한화엔진,KRX:082740,KRW,57400.0,57400.0,yahoo.KS
2026-02-23,국장,한화엔진,KRX:082740,KRW,56400.0,56400.0,yahoo.KS
2026-02-24,국장,한화엔진,KRX:082740,KRW,55400.0,55400.0,yahoo.KS
2026-02-25,국장,한화엔진,KRX:082740,KRW,55100.0,55100.0,yahoo.KS
2026-02-26,국장,한화엔진,KRX:082740,KRW,53800.0,53800.0,yahoo.KS
2026-02-27,국장,한화엔진,KRX:082740,KRW,54000.0,54000.0,yahoo.KS
2026-03-03,국장,한화엔진,KRX:082740,KRW,51200.0,51200.0,yahoo.KS
2026-03-04,국장,한화엔진,KRX:082740,KRW,43550.0,43550.0,yahoo.KS
2026-03-05,국장,한화엔진,KRX:082740,KRW,47800.0,47800.0,yahoo.KS
2026-03-06,국장,한화엔진,KRX:082740,KRW,48400.0,48400.0,yahoo.KS
2026-03-09,국장,한화엔진,KRX:082740,KRW,48050.0,48050.0,yahoo.KS
2026-03-10,국장,한화엔진,KRX:082740,KRW,48250.0,48250.0,yahoo.KS
2026-03-11,국장,한화엔진,KRX:082740,KRW,49400.0,49400.0,yahoo.KS
2026-03-12,국장,한화엔진,KRX:082740,KRW,50500.0,50500.0,yahoo.KS
2026-03-13,국장,한화엔진,KRX:082740,KRW,49650.0,49650.0,yahoo.KS
2026-03-16,국장,한화엔진,KRX:082740,KRW,48700.0,48700.0,yahoo.KS
2026-03-17,국장,한화엔진,KRX:082740,KRW,49250.0,49250.0,yahoo.KS
2026-03-18,국장,한화엔진,KRX:082740,KRW,49450.0,49450.0,yahoo.KS
2026-03-19,국장,한화엔진,KRX:082740,KRW,48550.0,48550.0,yahoo.KS
2026-03-20,국장,한화엔진,KRX:082740,KRW,49050.0,49050.0,yahoo.KS
2026-03-23,국장,한화엔진,KRX:082740,KRW,45250.0,45250.0,yahoo.KS
2026-03-24,국장,한화엔진,KRX:082740,KRW,47150.0,47150.0,yahoo.KS
2026-03-25,국장,한화엔진,KRX:082740,KRW,48750.0,48750.0,yahoo.KS
2026-03-26,국장,한화엔진,KRX:082740,KRW,49200.0,49200.0,yahoo.KS
2026-03-27,국장,한화엔진,KRX:082740,KRW,46650.0,46650.0,yahoo.KS
2026-03-30,국장,한화엔진,KRX:082740,KRW,44600.0,44600.0,yahoo.KS
2026-03-31,국장,한화엔진,KRX:082740,KRW,43550.0,43550.0,yahoo.KS
2026-04-01,국장,한화엔진,KRX:082740,KRW,44750.0,44750.0,yahoo.KS
2026-04-02,국장,한화엔진,KRX:082740,KRW,43350.0,43350.0,yahoo.KS
2026-04-03,국장,한화엔진,KRX:082740,KRW,45700.0,45700.0,yahoo.KS
2026-04-06,국장,한화엔진,KRX:082740,KRW,44300.0,44300.0,yahoo.KS
2026-04-07,국장,한화엔진,KRX:082740,KRW,44150.0,44150.0,yahoo.KS
2026-04-08,국장,한화엔진,KRX:082740,KRW,46600.0,46600.0,yahoo.KS
2026-04-09,국장,한화엔진,KRX:082740,KRW,45500.0,45500.0,yahoo.KS
2026-04-10,국장,한화엔진,KRX:082740,KRW,45750.0,45750.0,yahoo.KS
2026-04-13,국장,한화엔진,KRX:082740,KRW,46100.0,46100.0,yahoo.KS
2026-04-14,국장,한화엔진,KRX:082740,KRW,48600.0,48600.0,yahoo.KS
2026-04-15,국장,한화엔진,KRX:082740,KRW,48300.0,48300.0,yahoo.KS
2026-04-16,국장,한화엔진,KRX:082740,KRW,48200.0,48200.0,yahoo.KS
2026-04-17,국장,한화엔진,KRX:082740,KRW,56100.0,56100.0,yahoo.KS
2026-04-20,국장,한화엔진,KRX:082740,KRW,54300.0,54300.0,yahoo.KS
2026-04-21,국장,한화엔진,KRX:082740,KRW,60600.0,60600.0,yahoo.KS
2026-04-22,국장,한화엔진,KRX:082740,KRW,67500.0,67500.0,yahoo.KS
2026-04-23,국장,한화엔진,KRX:082740,KRW,70100.0,70100.0,yahoo.KS
2026-04-24,국장,한화엔진,KRX:082740,KRW,76000.0,76000.0,yahoo.KS
2026-04-27,국장,한화엔진,KRX:082740,KRW,88500.0,88500.0,yahoo.KS
2026-04-28,국장,한화엔진,KRX:082740,KRW,81100.0,81100.0,yahoo.KS
2026-04-29,국장,한화엔진,KRX:082740,KRW,87700.0,87700.0,yahoo.KS
2026-04-30,국장,한화엔진,KRX:082740,KRW,88000.0,88000.0,yahoo.KS
2026-05-04,국장,한화엔진,KRX:082740,KRW,89500.0,89500.0,yahoo.KS
2026-05-06,국장,한화엔진,KRX:082740,KRW,84500.0,84500.0,yahoo.KS
2026-05-07,국장,한화엔진,KRX:082740,KRW,85500.0,85500.0,yahoo.KS
2026-05-08,국장,한화엔진,KRX:082740,KRW,79400.0,79400.0,yahoo.KS
2026-05-11,국장,한화엔진,KRX:082740,KRW,78400.0,78400.0,yahoo.KS
2026-05-12,국장,한화엔진,KRX:082740,KRW,77600.0,77600.0,yahoo.KS
2026-05-13,국장,한화엔진,KRX:082740,KRW,78800.0,78800.0,yahoo.KS
2026-05-14,국장,한화엔진,KRX:082740,KRW,77400.0,77400.0,yahoo.KS
2026-05-15,국장,한화엔진,KRX:082740,KRW,71600.0,71600.0,yahoo.KS
2026-05-18,국장,한화엔진,KRX:082740,KRW,68400.0,68400.0,yahoo.KS
2026-05-19,국장,한화엔진,KRX:082740,KRW,66300.0,66300.0,yahoo.KS
2026-05-20,국장,한화엔진,KRX:082740,KRW,69600.0,69600.0,yahoo.KS
2026-05-21,국장,한화엔진,KRX:082740,KRW,72600.0,72600.0,yahoo.KS
2026-05-22,국장,한화엔진,KRX:082740,KRW,74800.0,74800.0,yahoo.KS
2026-05-26,국장,한화엔진,KRX:082740,KRW,78400.0,78400.0,yahoo.KS
2026-05-27,국장,한화엔진,KRX:082740,KRW,72000.0,72000.0,yahoo.KS
2026-05-28,국장,한화엔진,KRX:082740,KRW,67000.0,67000.0,yahoo.KS
2026-05-29,국장,한화엔진,KRX:082740,KRW,64200.0,64200.0,yahoo.KS
2026-06-01,국장,한화엔진,KRX:082740,KRW,61800.0,61800.0,yahoo.KS
2026-06-02,국장,한화엔진,KRX:082740,KRW,58400.0,58400.0,yahoo.KS
2026-06-04,국장,한화엔진,KRX:082740,KRW,57300.0,57300.0,yahoo.KS
2026-06-05,국장,한화엔진,KRX:082740,KRW,56300.0,56300.0,yahoo.KS
2026-06-08,국장,한화엔진,KRX:082740,KRW,51600.0,51600.0,yahoo.KS
2026-06-09,국장,한화엔진,KRX:082740,KRW,52000.0,52000.0,yahoo.KS
2026-06-10,국장,한화엔진,KRX:082740,KRW,53100.0,53100.0,yahoo.KS
2026-06-11,국장,한화엔진,KRX:082740,KRW,50100.0,50100.0,yahoo.KS
2026-06-12,국장,한화엔진,KRX:082740,KRW,53900.0,53900.0,yahoo.KS
2026-06-15,국장,한화엔진,KRX:082740,KRW,59300.0,59300.0,yahoo.KS
2026-06-16,국장,한화엔진,KRX:082740,KRW,59300.0,59300.0,yahoo.KS
2026-06-17,국장,한화엔진,KRX:082740,KRW,65500.0,65500.0,yahoo.KS
2026-06-18,국장,한화엔진,KRX:082740,KRW,59300.0,59300.0,yahoo.KS
2026-06-19,국장,한화엔진,KRX:082740,KRW,61000.0,61000.0,yahoo.KS
2026-06-22,국장,한화엔진,KRX:082740,KRW,56100.0,56100.0,yahoo.KS
2026-06-23,국장,한화엔진,KRX:082740,KRW,53500.0,53500.0,yahoo.KS
2026-06-24,국장,한화엔진,KRX:082740,KRW,51600.0,51600.0,yahoo.KS
2026-06-25,국장,한화엔진,KRX:082740,KRW,50200.0,50200.0,yahoo.KS
2026-06-26,국장,한화엔진,KRX:082740,KRW,46650.0,46650.0,yahoo.KS
2026-06-29,국장,한화엔진,KRX:082740,KRW,51500.0,51500.0,yahoo.KS
2026-06-30,국장,한화엔진,KRX:082740,KRW,51000.0,51000.0,yahoo.KS
2026-07-01,국장,한화엔진,KRX:082740,KRW,55000.0,55000.0,yahoo.KS
2026-07-02,국장,한화엔진,KRX:082740,KRW,52300.0,52300.0,yahoo.KS
2026-07-03,국장,한화엔진,KRX:082740,KRW,52200.0,52200.0,yahoo.KS
2026-07-06,국장,한화엔진,KRX:082740,KRW,52900.0,52900.0,yahoo.KS
2026-07-07,국장,한화엔진,KRX:082740,KRW,48850.0,48850.0,yahoo.KS
2026-07-08,국장,한화엔진,KRX:082740,KRW,44750.0,44750.0,yahoo.KS
2026-07-09,국장,한화엔진,KRX:082740,KRW,42600.0,42600.0,yahoo.KS
2026-07-10,국장,한화엔진,KRX:082740,KRW,46600.0,46600.0,yahoo.KS
2026-07-13,국장,한화엔진,KRX:082740,KRW,46200.0,46200.0,yahoo.KS
2026-07-14,국장,한화엔진,KRX:082740,KRW,43500.0,43500.0,yahoo.KS
2026-07-15,국장,한화엔진,KRX:082740,KRW,47250.0,47250.0,yahoo.KS
2026-07-16,국장,한화엔진,KRX:082740,KRW,46900.0,46900.0,yahoo.KS
2026-07-20,국장,한화엔진,KRX:082740,KRW,42400.0,42400.0,yahoo.KS
2026-07-21,국장,한화엔진,KRX:082740,KRW,44400.0,44400.0,yahoo.KS
2026-07-22,국장,한화엔진,KRX:082740,KRW,47050.0,47050.0,yahoo.KS
2026-07-23,국장,한화엔진,KRX:082740,KRW,50300.0,50300.0,yahoo.KS
2026-07-24,국장,한화엔진,KRX:082740,KRW,49050.0,49050.0,yahoo.KS
2026-07-27,국장,한화엔진,KRX:082740,KRW,47500.0,47500.0,yahoo.KS
2026-07-28,국장,한화엔진,KRX:082740,KRW,42750.0,42750.0,yahoo.KS
2026-07-29,국장,한화엔진,KRX:082740,KRW,38700.0,38700.0,yahoo.KS
2026-07-30,국장,한화엔진,KRX:082740,KRW,39300.0,39300.0,yahoo.KS
2026-07-31,국장,한화엔진,KRX:082740,KRW,39050.0,39050.0,yahoo.KS
2026-08-03,국장,한화엔진,KRX:082740,KRW,38000.0,38000.0,yahoo.KS
2026-08-04,국장,한화엔진,KRX:082740,KRW,40750.0,40750.0,yahoo.KS
2026-08-05,국장,한화엔진,KRX:082740,KRW,46050.0,46050.0,yahoo.KS
2026-08-06,국장,한화엔진,KRX:082740,KRW,43450.0,43450.0,yahoo.KS
2026-08-07,국장,한화엔진,KRX:082740,KRW,42500.0,42500.0,yahoo.KS
2026-08-10,국장,한화엔진,KRX:082740,KRW,46450.0,46450.0,yahoo.KS
2026-08-11,국장,한화엔진,KRX:082740,KRW,44700.0,44700.0,yahoo.KS
2026-08-12,국장,한화엔진,KRX:082740,KRW,45200.0,45200.0,yahoo.KS
2026-08-13,국장,한화엔진,KRX:082740,KRW,48250.0,48250.0,yahoo.KS
2026-08-14,국장,한화엔진,KRX:082740,KRW,49050.0,49050.0,yahoo.KS
2026-08-18,국장,한화엔진,KRX:082740,KRW,47100.0,47100.0,yahoo.KS
2026-08-19,국장,한화엔진,KRX:082740,KRW,46350.0,46350.0,yahoo.KS
2026-08-20,국장,한화엔진,KRX:082740,KRW,46600.0,46600.0,yahoo.KS
2026-08-21,국장,한화엔진,KRX:082740,KRW,44100.0,44100.0,yahoo.KS
2026-08-24,국장,한화엔진,KRX:082740,KRW,44900.0,44900.0,yahoo.KS
2026-01-05,국장,GST,KRX:083450,KRW,32300.0,32300.0,yahoo.KQ
2026-01-06,국장,GST,KRX:083450,KRW,32050.0,32050.0,yahoo.KQ
2026-01-02,국장,펩트론,KRX:087010,KRW,247000.0,247000.0,yahoo.KQ
2026-01-05,국장,펩트론,KRX:087010,KRW,258000.0,258000.0,yahoo.KQ
2026-01-06,국장,펩트론,KRX:087010,KRW,254000.0,254000.0,yahoo.KQ
2026-01-07,국장,펩트론,KRX:087010,KRW,246500.0,246500.0,yahoo.KQ
2026-01-08,국장,펩트론,KRX:087010,KRW,254000.0,254000.0,yahoo.KQ
2026-01-09,국장,펩트론,KRX:087010,KRW,266000.0,266000.0,yahoo.KQ
2026-01-12,국장,펩트론,KRX:087010,KRW,254000.0,254000.0,yahoo.KQ
2026-01-13,국장,펩트론,KRX:087010,KRW,249000.0,249000.0,yahoo.KQ
2026-01-14,국장,펩트론,KRX:087010,KRW,229000.0,229000.0,yahoo.KQ
2026-01-15,국장,펩트론,KRX:087010,KRW,231500.0,231500.0,yahoo.KQ
2026-01-09,국장,KODEX 차이나H,KRX:099140,KRW,24395.0,24395.0,yahoo.KS
2026-01-12,국장,KODEX 차이나H,KRX:099140,KRW,24950.0,24950.0,yahoo.KS
2026-01-13,국장,KODEX 차이나H,KRX:099140,KRW,25090.0,25090.0,yahoo.KS
2026-01-14,국장,KODEX 차이나H,KRX:099140,KRW,25325.0,25325.0,yahoo.KS
2026-01-15,국장,KODEX 차이나H,KRX:099140,KRW,25145.0,25145.0,yahoo.KS
2026-01-19,국장,로보티즈,KRX:108490,KRW,270500.0,270500.0,yahoo.KS
2026-01-20,국장,로보티즈,KRX:108490,KRW,261500.0,261500.0,yahoo.KS
2026-01-21,국장,로보티즈,KRX:108490,KRW,256000.0,256000.0,yahoo.KS
2026-01-07,국장,티에스이,KRX:131290,KRW,62300.0,62300.0,yahoo.KQ
2026-01-08,국장,티에스이,KRX:131290,KRW,60900.0,60900.0,yahoo.KQ
2026-01-09,국장,티에스이,KRX:131290,KRW,59800.0,59800.0,yahoo.KQ
2026-01-12,국장,티에스이,KRX:131290,KRW,61100.0,61100.0,yahoo.KQ
2026-01-13,국장,티에스이,KRX:131290,KRW,60400.0,60400.0,yahoo.KQ
2026-01-14,국장,티에스이,KRX:131290,KRW,60700.0,60700.0,yahoo.KQ
2026-01-15,국장,티에스이,KRX:131290,KRW,59400.0,59400.0,yahoo.KQ
2026-07-16,국장,리가켐바이오,KRX:141080,KRW,103700.0,103700.0,yahoo.KS
2026-07-20,국장,리가켐바이오,KRX:141080,KRW,97100.0,97100.0,yahoo.KS
2026-07-21,국장,리가켐바이오,KRX:141080,KRW,93600.0,93600.0,yahoo.KS
2026-07-22,국장,리가켐바이오,KRX:141080,KRW,93900.0,93900.0,yahoo.KS
2026-07-23,국장,리가켐바이오,KRX:141080,KRW,101700.0,101700.0,yahoo.KS
2026-07-24,국장,리가켐바이오,KRX:141080,KRW,96100.0,96100.0,yahoo.KS
2026-07-27,국장,리가켐바이오,KRX:141080,KRW,97600.0,97600.0,yahoo.KS
2026-07-28,국장,리가켐바이오,KRX:141080,KRW,90600.0,90600.0,yahoo.KS
2026-07-29,국장,리가켐바이오,KRX:141080,KRW,82900.0,82900.0,yahoo.KS
2026-07-30,국장,리가켐바이오,KRX:141080,KRW,77900.0,77900.0,yahoo.KS
2026-07-31,국장,리가켐바이오,KRX:141080,KRW,87500.0,87500.0,yahoo.KS
2026-08-03,국장,리가켐바이오,KRX:141080,KRW,95400.0,95400.0,yahoo.KS
2026-08-04,국장,리가켐바이오,KRX:141080,KRW,109900.0,109900.0,yahoo.KS
2026-08-05,국장,리가켐바이오,KRX:141080,KRW,109500.0,109500.0,yahoo.KS
2026-08-06,국장,리가켐바이오,KRX:141080,KRW,110900.0,110900.0,yahoo.KS
2026-08-07,국장,리가켐바이오,KRX:141080,KRW,113200.0,113200.0,yahoo.KS
2026-08-10,국장,리가켐바이오,KRX:141080,KRW,119900.0,119900.0,yahoo.KS
2026-08-11,국장,리가켐바이오,KRX:141080,KRW,116900.0,116900.0,yahoo.KS
2026-08-12,국장,리가켐바이오,KRX:141080,KRW,115100.0,115100.0,yahoo.KS
2026-08-13,국장,리가켐바이오,KRX:141080,KRW,114400.0,114400.0,yahoo.KS
2026-08-14,국장,리가켐바이오,KRX:141080,KRW,113900.0,113900.0,yahoo.KS
2026-08-18,국장,리가켐바이오,KRX:141080,KRW,105100.0,105100.0,yahoo.KS
2026-08-19,국장,리가켐바이오,KRX:141080,KRW,104400.0,104400.0,yahoo.KS
2026-08-20,국장,리가켐바이오,KRX:141080,KRW,108300.0,108300.0,yahoo.KS
2026-08-21,국장,리가켐바이오,KRX:141080,KRW,100000.0,100000.0,yahoo.KS
2026-08-24,국장,리가켐바이오,KRX:141080,KRW,102900.0,102900.0,yahoo.KS
2026-01-30,국장,KODEX 은선물(H),KRX:144600,KRW,18500.0,18500.0,yahoo.KS
2026-02-02,국장,KODEX 은선물(H),KRX:144600,KRW,12950.0,12950.0,yahoo.KS
2026-02-03,국장,KODEX 은선물(H),KRX:144600,KRW,14160.0,14160.0,yahoo.KS
2026-02-04,국장,KODEX 은선물(H),KRX:144600,KRW,14560.0,14560.0,yahoo.KS
2026-02-05,국장,KODEX 은선물(H),KRX:144600,KRW,13130.0,13130.0,yahoo.KS
2026-02-06,국장,KODEX 은선물(H),KRX:144600,KRW,12280.0,12280.0,yahoo.KS
2026-02-09,국장,KODEX 은선물(H),KRX:144600,KRW,13595.0,13595.0,yahoo.KS
2026-02-10,국장,KODEX 은선물(H),KRX:144600,KRW,13575.0,13575.0,yahoo.KS
2026-01-09,국장,KODEX 미국S&P바이오(합성),KRX:185680,KRW,38885.0,38885.0,yahoo.KS
2026-01-12,국장,KODEX 미국S&P바이오(합성),KRX:185680,KRW,39115.0,39115.0,yahoo.KS
2026-01-13,국장,KODEX 미국S&P바이오(합성),KRX:185680,KRW,39240.0,39240.0,yahoo.KS
2026-01-14,국장,KODEX 미국S&P바이오(합성),KRX:185680,KRW,39370.0,39370.0,yahoo.KS
2026-01-15,국장,KODEX 미국S&P바이오(합성),KRX:185680,KRW,40170.0,40170.0,yahoo.KS
2026-01-16,국장,KODEX 미국S&P바이오(합성),KRX:185680,KRW,39540.0,39540.0,yahoo.KS
2026-01-19,국장,KODEX 미국S&P바이오(합성),KRX:185680,KRW,39000.0,39000.0,yahoo.KS
2026-01-20,국장,KODEX 미국S&P바이오(합성),KRX:185680,KRW,38965.0,38965.0,yahoo.KS
2026-01-21,국장,KODEX 미국S&P바이오(합성),KRX:185680,KRW,39600.0,39600.0,yahoo.KS
2026-01-22,국장,KODEX 미국S&P바이오(합성),KRX:185680,KRW,40350.0,40350.0,yahoo.KS
2026-01-23,국장,KODEX 미국S&P바이오(합성),KRX:185680,KRW,41400.0,41400.0,yahoo.KS
2026-01-26,국장,KODEX 미국S&P바이오(합성),KRX:185680,KRW,39450.0,39450.0,yahoo.KS
2026-01-27,국장,KODEX 미국S&P바이오(합성),KRX:185680,KRW,39630.0,39630.0,yahoo.KS
2026-01-28,국장,KODEX 미국S&P바이오(합성),KRX:185680,KRW,39360.0,39360.0,yahoo.KS
2026-01-29,국장,KODEX 미국S&P바이오(합성),KRX:185680,KRW,38320.0,38320.0,yahoo.KS
2026-07-16,국장,알테오젠,KRX:196170,KRW,212692.3125,212692.3125,yahoo.KS
2026-07-20,국장,알테오젠,KRX:196170,KRW,207307.6875,207307.6875,yahoo.KS
2026-07-21,국장,알테오젠,KRX:196170,KRW,210000.0,210000.0,yahoo.KS
2026-07-22,국장,알테오젠,KRX:196170,KRW,206153.8438,206153.8438,yahoo.KS
2026-07-23,국장,알테오젠,KRX:196170,KRW,235769.2344,235769.2344,yahoo.KS
2026-07-24,국장,알테오젠,KRX:196170,KRW,231153.8438,231153.8438,yahoo.KS
2026-07-27,국장,알테오젠,KRX:196170,KRW,240000.0,240000.0,yahoo.KS
2026-07-28,국장,알테오젠,KRX:196170,KRW,228076.9219,228076.9219,yahoo.KS
2026-07-29,국장,알테오젠,KRX:196170,KRW,217307.6875,217307.6875,yahoo.KS
2026-07-30,국장,알테오젠,KRX:196170,KRW,215000.0,215000.0,yahoo.KS
2026-07-31,국장,알테오젠,KRX:196170,KRW,237307.6875,237307.6875,yahoo.KS
2026-08-03,국장,알테오젠,KRX:196170,KRW,244230.7656,244230.7656,yahoo.KS
2026-08-04,국장,알테오젠,KRX:196170,KRW,266923.0625,266923.0625,yahoo.KS
2026-08-05,국장,알테오젠,KRX:196170,KRW,277000.0,277000.0,yahoo.KS
2026-08-06,국장,알테오젠,KRX:196170,KRW,293500.0,293500.0,yahoo.KS
2026-08-07,국장,알테오젠,KRX:196170,KRW,305000.0,305000.0,yahoo.KS
2026-08-10,국장,알테오젠,KRX:196170,KRW,348000.0,348000.0,yahoo.KS
2026-08-11,국장,알테오젠,KRX:196170,KRW,327500.0,327500.0,yahoo.KS
2026-08-12,국장,알테오젠,KRX:196170,KRW,317500.0,317500.0,yahoo.KS
2026-08-13,국장,알테오젠,KRX:196170,KRW,317500.0,317500.0,yahoo.KS
2026-08-14,국장,알테오젠,KRX:196170,KRW,314000.0,314000.0,yahoo.KS
2026-08-18,국장,알테오젠,KRX:196170,KRW,298000.0,298000.0,yahoo.KS
2026-08-19,국장,알테오젠,KRX:196170,KRW,303500.0,303500.0,yahoo.KS
2026-08-20,국장,알테오젠,KRX:196170,KRW,339500.0,339500.0,yahoo.KS
2026-08-21,국장,알테오젠,KRX:196170,KRW,320000.0,320000.0,yahoo.KS
2026-08-24,국장,알테오젠,KRX:196170,KRW,320500.0,320500.0,yahoo.KS
2026-01-02,국장,퓨쳐켐,KRX:220100,KRW,29200.0,29200.0,yahoo.KS
2026-01-05,국장,퓨쳐켐,KRX:220100,KRW,29250.0,29250.0,yahoo.KS
2026-01-06,국장,퓨쳐켐,KRX:220100,KRW,29000.0,29000.0,yahoo.KS
2026-01-07,국장,퓨쳐켐,KRX:220100,KRW,28800.0,28800.0,yahoo.KS
2026-01-08,국장,퓨쳐켐,KRX:220100,KRW,28400.0,28400.0,yahoo.KS
2026-01-09,국장,퓨쳐켐,KRX:220100,KRW,28700.0,28700.0,yahoo.KS
2026-01-12,국장,퓨쳐켐,KRX:220100,KRW,27800.0,27800.0,yahoo.KS
2026-01-13,국장,퓨쳐켐,KRX:220100,KRW,26600.0,26600.0,yahoo.KS
2026-01-14,국장,퓨쳐켐,KRX:220100,KRW,25350.0,25350.0,yahoo.KS
2026-01-15,국장,퓨쳐켐,KRX:220100,KRW,24700.0,24700.0,yahoo.KS
2026-01-16,국장,퓨쳐켐,KRX:220100,KRW,24700.0,24700.0,yahoo.KS
2026-01-19,국장,퓨쳐켐,KRX:220100,KRW,24550.0,24550.0,yahoo.KS
2026-01-20,국장,퓨쳐켐,KRX:220100,KRW,24450.0,24450.0,yahoo.KS
2026-01-21,국장,퓨쳐켐,KRX:220100,KRW,23050.0,23050.0,yahoo.KS
2026-01-22,국장,퓨쳐켐,KRX:220100,KRW,23250.0,23250.0,yahoo.KS
2026-01-23,국장,퓨쳐켐,KRX:220100,KRW,24450.0,24450.0,yahoo.KS
2026-01-26,국장,퓨쳐켐,KRX:220100,KRW,25650.0,25650.0,yahoo.KS
2026-01-27,국장,퓨쳐켐,KRX:220100,KRW,25400.0,25400.0,yahoo.KS
2026-01-28,국장,퓨쳐켐,KRX:220100,KRW,25850.0,25850.0,yahoo.KS
2026-01-29,국장,퓨쳐켐,KRX:220100,KRW,25750.0,25750.0,yahoo.KS
2026-01-30,국장,퓨쳐켐,KRX:220100,KRW,24850.0,24850.0,yahoo.KS
2026-02-02,국장,퓨쳐켐,KRX:220100,KRW,24000.0,24000.0,yahoo.KS
2026-02-03,국장,퓨쳐켐,KRX:220100,KRW,25000.0,25000.0,yahoo.KS
2026-02-04,국장,퓨쳐켐,KRX:220100,KRW,23800.0,23800.0,yahoo.KS
2026-02-05,국장,퓨쳐켐,KRX:220100,KRW,23700.0,23700.0,yahoo.KS
2026-02-06,국장,퓨쳐켐,KRX:220100,KRW,22450.0,22450.0,yahoo.KS
2026-02-09,국장,퓨쳐켐,KRX:220100,KRW,23100.0,23100.0,yahoo.KS
2026-02-10,국장,퓨쳐켐,KRX:220100,KRW,23400.0,23400.0,yahoo.KS
2026-02-11,국장,퓨쳐켐,KRX:220100,KRW,23550.0,23550.0,yahoo.KS
2026-02-12,국장,퓨쳐켐,KRX:220100,KRW,23350.0,23350.0,yahoo.KS
2026-02-13,국장,퓨쳐켐,KRX:220100,KRW,23100.0,23100.0,yahoo.KS
2026-02-19,국장,퓨쳐켐,KRX:220100,KRW,23650.0,23650.0,yahoo.KS
2026-02-20,국장,퓨쳐켐,KRX:220100,KRW,23600.0,23600.0,yahoo.KS
2026-02-23,국장,퓨쳐켐,KRX:220100,KRW,24000.0,24000.0,yahoo.KS
2026-02-24,국장,퓨쳐켐,KRX:220100,KRW,24450.0,24450.0,yahoo.KS
2026-02-25,국장,퓨쳐켐,KRX:220100,KRW,23950.0,23950.0,yahoo.KS
2026-02-26,국장,퓨쳐켐,KRX:220100,KRW,23200.0,23200.0,yahoo.KS
2026-02-27,국장,퓨쳐켐,KRX:220100,KRW,23300.0,23300.0,yahoo.KS
2026-03-03,국장,퓨쳐켐,KRX:220100,KRW,22050.0,22050.0,yahoo.KS
2026-03-04,국장,퓨쳐켐,KRX:220100,KRW,18500.0,18500.0,yahoo.KS
2026-03-05,국장,퓨쳐켐,KRX:220100,KRW,20200.0,20200.0,yahoo.KS
2026-03-06,국장,퓨쳐켐,KRX:220100,KRW,20050.0,20050.0,yahoo.KS
2026-03-09,국장,퓨쳐켐,KRX:220100,KRW,19080.0,19080.0,yahoo.KS
2026-03-10,국장,퓨쳐켐,KRX:220100,KRW,19620.0,19620.0,yahoo.KS
2026-03-11,국장,퓨쳐켐,KRX:220100,KRW,20300.0,20300.0,yahoo.KS
2026-03-12,국장,퓨쳐켐,KRX:220100,KRW,19890.0,19890.0,yahoo.KS
2026-03-13,국장,퓨쳐켐,KRX:220100,KRW,21800.0,21800.0,yahoo.KS
2026-03-16,국장,퓨쳐켐,KRX:220100,KRW,21900.0,21900.0,yahoo.KS
2026-03-17,국장,퓨쳐켐,KRX:220100,KRW,21900.0,21900.0,yahoo.KS
2026-03-18,국장,퓨쳐켐,KRX:220100,KRW,21600.0,21600.0,yahoo.KS
2026-03-19,국장,퓨쳐켐,KRX:220100,KRW,21000.0,21000.0,yahoo.KS
2026-03-20,국장,퓨쳐켐,KRX:220100,KRW,21100.0,21100.0,yahoo.KS
2026-03-23,국장,퓨쳐켐,KRX:220100,KRW,19530.0,19530.0,yahoo.KS
2026-03-24,국장,퓨쳐켐,KRX:220100,KRW,20300.0,20300.0,yahoo.KS
2026-03-25,국장,퓨쳐켐,KRX:220100,KRW,20550.0,20550.0,yahoo.KS
2026-03-26,국장,퓨쳐켐,KRX:220100,KRW,20550.0,20550.0,yahoo.KS
2026-03-27,국장,퓨쳐켐,KRX:220100,KRW,19900.0,19900.0,yahoo.KS
2026-03-30,국장,퓨쳐켐,KRX:220100,KRW,19030.0,19030.0,yahoo.KS
2026-03-31,국장,퓨쳐켐,KRX:220100,KRW,18620.0,18620.0,yahoo.KS
2026-04-01,국장,퓨쳐켐,KRX:220100,KRW,20050.0,20050.0,yahoo.KS
2026-04-02,국장,퓨쳐켐,KRX:220100,KRW,18520.0,18520.0,yahoo.KS
2026-04-03,국장,퓨쳐켐,KRX:220100,KRW,18540.0,18540.0,yahoo.KS
2026-04-06,국장,퓨쳐켐,KRX:220100,KRW,18210.0,18210.0,yahoo.KS
2026-04-07,국장,퓨쳐켐,KRX:220100,KRW,18230.0,18230.0,yahoo.KS
2026-04-08,국장,퓨쳐켐,KRX:220100,KRW,19130.0,19130.0,yahoo.KS
2026-04-09,국장,퓨쳐켐,KRX:220100,KRW,18590.0,18590.0,yahoo.KS
2026-04-10,국장,퓨쳐켐,KRX:220100,KRW,18760.0,18760.0,yahoo.KS
2026-04-13,국장,퓨쳐켐,KRX:220100,KRW,18490.0,18490.0,yahoo.KS
2026-04-14,국장,퓨쳐켐,KRX:220100,KRW,18820.0,18820.0,yahoo.KS
2026-04-15,국장,퓨쳐켐,KRX:220100,KRW,19400.0,19400.0,yahoo.KS
2026-04-16,국장,퓨쳐켐,KRX:220100,KRW,19270.0,19270.0,yahoo.KS
2026-04-17,국장,퓨쳐켐,KRX:220100,KRW,19290.0,19290.0,yahoo.KS
2026-04-20,국장,퓨쳐켐,KRX:220100,KRW,19280.0,19280.0,yahoo.KS
2026-04-21,국장,퓨쳐켐,KRX:220100,KRW,18930.0,18930.0,yahoo.KS
2026-04-22,국장,퓨쳐켐,KRX:220100,KRW,18520.0,18520.0,yahoo.KS
2026-04-23,국장,퓨쳐켐,KRX:220100,KRW,18800.0,18800.0,yahoo.KS
2026-04-24,국장,퓨쳐켐,KRX:220100,KRW,19270.0,19270.0,yahoo.KS
2026-04-27,국장,퓨쳐켐,KRX:220100,KRW,19700.0,19700.0,yahoo.KS
2026-04-28,국장,퓨쳐켐,KRX:220100,KRW,19100.0,19100.0,yahoo.KS
2026-04-29,국장,퓨쳐켐,KRX:220100,KRW,19010.0,19010.0,yahoo.KS
2026-04-30,국장,퓨쳐켐,KRX:220100,KRW,18340.0,18340.0,yahoo.KS
2026-05-04,국장,퓨쳐켐,KRX:220100,KRW,20400.0,20400.0,yahoo.KS
2026-05-06,국장,퓨쳐켐,KRX:220100,KRW,19130.0,19130.0,yahoo.KS
2026-05-07,국장,퓨쳐켐,KRX:220100,KRW,19050.0,19050.0,yahoo.KS
2026-05-08,국장,퓨쳐켐,KRX:220100,KRW,18460.0,18460.0,yahoo.KS
2026-05-11,국장,퓨쳐켐,KRX:220100,KRW,17150.0,17150.0,yahoo.KS
2026-05-12,국장,퓨쳐켐,KRX:220100,KRW,17250.0,17250.0,yahoo.KS
2026-05-13,국장,퓨쳐켐,KRX:220100,KRW,17310.0,17310.0,yahoo.KS
2026-05-14,국장,퓨쳐켐,KRX:220100,KRW,17740.0,17740.0,yahoo.KS
2026-05-15,국장,퓨쳐켐,KRX:220100,KRW,16750.0,16750.0,yahoo.KS
2026-05-18,국장,퓨쳐켐,KRX:220100,KRW,15700.0,15700.0,yahoo.KS
2026-05-19,국장,퓨쳐켐,KRX:220100,KRW,15860.0,15860.0,yahoo.KS
2026-05-20,국장,퓨쳐켐,KRX:220100,KRW,15600.0,15600.0,yahoo.KS
2026-05-21,국장,퓨쳐켐,KRX:220100,KRW,15600.0,15600.0,yahoo.KS
2026-05-22,국장,퓨쳐켐,KRX:220100,KRW,17190.0,17190.0,yahoo.KS
2026-05-26,국장,퓨쳐켐,KRX:220100,KRW,16800.0,16800.0,yahoo.KS
2026-05-27,국장,퓨쳐켐,KRX:220100,KRW,16520.0,16520.0,yahoo.KS
2026-05-28,국장,퓨쳐켐,KRX:220100,KRW,16320.0,16320.0,yahoo.KS
2026-05-29,국장,퓨쳐켐,KRX:220100,KRW,15100.0,15100.0,yahoo.KS
2026-06-01,국장,퓨쳐켐,KRX:220100,KRW,12880.0,12880.0,yahoo.KS
2026-06-02,국장,퓨쳐켐,KRX:220100,KRW,12100.0,12100.0,yahoo.KS
2026-06-04,국장,퓨쳐켐,KRX:220100,KRW,12210.0,12210.0,yahoo.KS
2026-06-05,국장,퓨쳐켐,KRX:220100,KRW,11820.0,11820.0,yahoo.KS
2026-06-08,국장,퓨쳐켐,KRX:220100,KRW,10870.0,10870.0,yahoo.KS
2026-06-09,국장,퓨쳐켐,KRX:220100,KRW,11450.0,11450.0,yahoo.KS
2026-06-10,국장,퓨쳐켐,KRX:220100,KRW,11440.0,11440.0,yahoo.KS
2026-06-11,국장,퓨쳐켐,KRX:220100,KRW,11600.0,11600.0,yahoo.KS
2026-06-12,국장,퓨쳐켐,KRX:220100,KRW,11370.0,11370.0,yahoo.KS
2026-06-15,국장,퓨쳐켐,KRX:220100,KRW,11400.0,11400.0,yahoo.KS
2026-06-16,국장,퓨쳐켐,KRX:220100,KRW,11590.0,11590.0,yahoo.KS
2026-06-17,국장,퓨쳐켐,KRX:220100,KRW,12500.0,12500.0,yahoo.KS
2026-06-18,국장,퓨쳐켐,KRX:220100,KRW,11660.0,11660.0,yahoo.KS
2026-06-19,국장,퓨쳐켐,KRX:220100,KRW,11190.0,11190.0,yahoo.KS
2026-06-22,국장,퓨쳐켐,KRX:220100,KRW,10580.0,10580.0,yahoo.KS
2026-06-23,국장,퓨쳐켐,KRX:220100,KRW,10160.0,10160.0,yahoo.KS
2026-06-24,국장,퓨쳐켐,KRX:220100,KRW,10330.0,10330.0,yahoo.KS
2026-06-25,국장,퓨쳐켐,KRX:220100,KRW,9860.0,9860.0,yahoo.KS
2026-06-26,국장,퓨쳐켐,KRX:220100,KRW,9080.0,9080.0,yahoo.KS
2026-06-29,국장,퓨쳐켐,KRX:220100,KRW,10240.0,10240.0,yahoo.KS
2026-06-30,국장,퓨쳐켐,KRX:220100,KRW,9750.0,9750.0,yahoo.KS
2026-07-01,국장,퓨쳐켐,KRX:220100,KRW,9840.0,9840.0,yahoo.KS
2026-07-02,국장,퓨쳐켐,KRX:220100,KRW,9250.0,9250.0,yahoo.KS
2026-07-03,국장,퓨쳐켐,KRX:220100,KRW,9400.0,9400.0,yahoo.KS
2026-07-06,국장,퓨쳐켐,KRX:220100,KRW,8822.2168,8822.2168,yahoo.KS
2026-07-07,국장,퓨쳐켐,KRX:220100,KRW,8889.9316,8889.9316,yahoo.KS
2026-07-08,국장,퓨쳐켐,KRX:220100,KRW,8464.2979,8464.2979,yahoo.KS
2026-07-09,국장,퓨쳐켐,KRX:220100,KRW,8386.9102,8386.9102,yahoo.KS
2026-07-10,국장,퓨쳐켐,KRX:220100,KRW,8851.2373,8851.2373,yahoo.KS
2026-07-13,국장,퓨쳐켐,KRX:220100,KRW,8793.1963,8793.1963,yahoo.KS
2026-07-14,국장,퓨쳐켐,KRX:220100,KRW,8464.2979,8464.2979,yahoo.KS
2026-07-15,국장,퓨쳐켐,KRX:220100,KRW,8820.0,8820.0,yahoo.KS
2026-07-16,국장,퓨쳐켐,KRX:220100,KRW,8280.0,8280.0,yahoo.KS
2026-07-20,국장,퓨쳐켐,KRX:220100,KRW,7580.0,7580.0,yahoo.KS
2026-07-21,국장,퓨쳐켐,KRX:220100,KRW,7580.0,7580.0,yahoo.KS
2026-07-22,국장,퓨쳐켐,KRX:220100,KRW,7310.0,7310.0,yahoo.KS
2026-07-23,국장,퓨쳐켐,KRX:220100,KRW,7890.0,7890.0,yahoo.KS
2026-07-24,국장,퓨쳐켐,KRX:220100,KRW,7830.0,7830.0,yahoo.KS
2026-07-27,국장,퓨쳐켐,KRX:220100,KRW,7760.0,7760.0,yahoo.KS
2026-07-28,국장,퓨쳐켐,KRX:220100,KRW,7460.0,7460.0,yahoo.KS
2026-07-29,국장,퓨쳐켐,KRX:220100,KRW,6920.0,6920.0,yahoo.KS
2026-07-30,국장,퓨쳐켐,KRX:220100,KRW,6910.0,6910.0,yahoo.KS
2026-07-31,국장,퓨쳐켐,KRX:220100,KRW,7620.0,7620.0,yahoo.KS
2026-08-03,국장,퓨쳐켐,KRX:220100,KRW,7950.0,7950.0,yahoo.KS
2026-08-04,국장,퓨쳐켐,KRX:220100,KRW,9010.0,9010.0,yahoo.KS
2026-08-05,국장,퓨쳐켐,KRX:220100,KRW,8960.0,8960.0,yahoo.KS
2026-08-06,국장,퓨쳐켐,KRX:220100,KRW,8790.0,8790.0,yahoo.KS
2026-08-07,국장,퓨쳐켐,KRX:220100,KRW,8770.0,8770.0,yahoo.KS
2026-08-10,국장,퓨쳐켐,KRX:220100,KRW,9120.0,9120.0,yahoo.KS
2026-08-11,국장,퓨쳐켐,KRX:220100,KRW,9070.0,9070.0,yahoo.KS
2026-08-12,국장,퓨쳐켐,KRX:220100,KRW,8920.0,8920.0,yahoo.KS
2026-08-13,국장,퓨쳐켐,KRX:220100,KRW,8670.0,8670.0,yahoo.KS
2026-08-14,국장,퓨쳐켐,KRX:220100,KRW,8440.0,8440.0,yahoo.KS
2026-08-18,국장,퓨쳐켐,KRX:220100,KRW,7660.0,7660.0,yahoo.KS
2026-08-19,국장,퓨쳐켐,KRX:220100,KRW,7400.0,7400.0,yahoo.KS
2026-08-20,국장,퓨쳐켐,KRX:220100,KRW,8040.0,8040.0,yahoo.KS
2026-08-21,국장,퓨쳐켐,KRX:220100,KRW,8100.0,8100.0,yahoo.KS
2026-08-24,국장,퓨쳐켐,KRX:220100,KRW,8130.0,8130.0,yahoo.KS
2026-01-02,국장,올릭스,KRX:226950,KRW,139800.0,139800.0,yahoo.KS
2026-01-05,국장,올릭스,KRX:226950,KRW,148600.0,148600.0,yahoo.KS
2026-01-06,국장,올릭스,KRX:226950,KRW,145000.0,145000.0,yahoo.KS
2026-01-07,국장,올릭스,KRX:226950,KRW,158600.0,158600.0,yahoo.KS
2026-01-08,국장,올릭스,KRX:226950,KRW,157000.0,157000.0,yahoo.KS
2026-01-09,국장,올릭스,KRX:226950,KRW,154500.0,154500.0,yahoo.KS
2026-01-12,국장,올릭스,KRX:226950,KRW,148700.0,148700.0,yahoo.KS
2026-01-13,국장,올릭스,KRX:226950,KRW,140800.0,140800.0,yahoo.KS
2026-01-14,국장,올릭스,KRX:226950,KRW,134100.0,134100.0,yahoo.KS
2026-01-15,국장,올릭스,KRX:226950,KRW,136300.0,136300.0,yahoo.KS
2026-01-16,국장,올릭스,KRX:226950,KRW,137700.0,137700.0,yahoo.KS
2026-01-19,국장,올릭스,KRX:226950,KRW,139800.0,139800.0,yahoo.KS
2026-01-20,국장,올릭스,KRX:226950,KRW,138700.0,138700.0,yahoo.KS
2026-01-21,국장,올릭스,KRX:226950,KRW,118000.0,118000.0,yahoo.KS
2026-01-22,국장,올릭스,KRX:226950,KRW,118900.0,118900.0,yahoo.KS
2026-01-23,국장,올릭스,KRX:226950,KRW,127400.0,127400.0,yahoo.KS
2026-01-26,국장,올릭스,KRX:226950,KRW,147300.0,147300.0,yahoo.KS
2026-01-27,국장,올릭스,KRX:226950,KRW,149900.0,149900.0,yahoo.KS
2026-01-28,국장,올릭스,KRX:226950,KRW,150500.0,150500.0,yahoo.KS
2026-01-29,국장,올릭스,KRX:226950,KRW,147500.0,147500.0,yahoo.KS
2026-01-30,국장,올릭스,KRX:226950,KRW,137900.0,137900.0,yahoo.KS
2026-02-02,국장,올릭스,KRX:226950,KRW,130800.0,130800.0,yahoo.KS
2026-02-03,국장,올릭스,KRX:226950,KRW,137700.0,137700.0,yahoo.KS
2026-02-04,국장,올릭스,KRX:226950,KRW,138900.0,138900.0,yahoo.KS
2026-02-05,국장,올릭스,KRX:226950,KRW,132100.0,132100.0,yahoo.KS
2026-02-06,국장,올릭스,KRX:226950,KRW,122400.0,122400.0,yahoo.KS
2026-02-09,국장,올릭스,KRX:226950,KRW,134000.0,134000.0,yahoo.KS
2026-02-10,국장,올릭스,KRX:226950,KRW,129000.0,129000.0,yahoo.KS
2026-02-11,국장,올릭스,KRX:226950,KRW,129000.0,129000.0,yahoo.KS
2026-02-12,국장,올릭스,KRX:226950,KRW,129100.0,129100.0,yahoo.KS
2026-02-13,국장,올릭스,KRX:226950,KRW,127300.0,127300.0,yahoo.KS
2026-02-19,국장,올릭스,KRX:226950,KRW,131300.0,131300.0,yahoo.KS
2026-02-20,국장,올릭스,KRX:226950,KRW,130100.0,130100.0,yahoo.KS
2026-02-23,국장,올릭스,KRX:226950,KRW,136200.0,136200.0,yahoo.KS
2026-02-24,국장,올릭스,KRX:226950,KRW,143800.0,143800.0,yahoo.KS
2026-02-25,국장,올릭스,KRX:226950,KRW,163500.0,163500.0,yahoo.KS
2026-02-26,국장,올릭스,KRX:226950,KRW,159400.0,159400.0,yahoo.KS
2026-02-27,국장,올릭스,KRX:226950,KRW,180000.0,180000.0,yahoo.KS
2026-03-03,국장,올릭스,KRX:226950,KRW,194200.0,194200.0,yahoo.KS
2026-03-04,국장,올릭스,KRX:226950,KRW,163400.0,163400.0,yahoo.KS
2026-03-05,국장,올릭스,KRX:226950,KRW,196300.0,196300.0,yahoo.KS
2026-03-06,국장,올릭스,KRX:226950,KRW,207000.0,207000.0,yahoo.KS
2026-03-09,국장,올릭스,KRX:226950,KRW,203000.0,203000.0,yahoo.KS
2026-03-10,국장,올릭스,KRX:226950,KRW,186200.0,186200.0,yahoo.KS
2026-03-11,국장,올릭스,KRX:226950,KRW,180000.0,180000.0,yahoo.KS
2026-03-12,국장,올릭스,KRX:226950,KRW,180700.0,180700.0,yahoo.KS
2026-03-13,국장,올릭스,KRX:226950,KRW,196000.0,196000.0,yahoo.KS
2026-03-16,국장,올릭스,KRX:226950,KRW,186700.0,186700.0,yahoo.KS
2026-03-17,국장,올릭스,KRX:226950,KRW,186600.0,186600.0,yahoo.KS
2026-03-18,국장,올릭스,KRX:226950,KRW,190000.0,190000.0,yahoo.KS
2026-03-19,국장,올릭스,KRX:226950,KRW,181800.0,181800.0,yahoo.KS
2026-03-20,국장,올릭스,KRX:226950,KRW,186900.0,186900.0,yahoo.KS
2026-03-23,국장,올릭스,KRX:226950,KRW,176500.0,176500.0,yahoo.KS
2026-03-24,국장,올릭스,KRX:226950,KRW,184300.0,184300.0,yahoo.KS
2026-03-25,국장,올릭스,KRX:226950,KRW,187600.0,187600.0,yahoo.KS
2026-03-26,국장,올릭스,KRX:226950,KRW,200000.0,200000.0,yahoo.KS
2026-03-27,국장,올릭스,KRX:226950,KRW,200500.0,200500.0,yahoo.KS
2026-03-30,국장,올릭스,KRX:226950,KRW,186000.0,186000.0,yahoo.KS
2026-03-31,국장,올릭스,KRX:226950,KRW,185100.0,185100.0,yahoo.KS
2026-04-01,국장,올릭스,KRX:226950,KRW,199500.0,199500.0,yahoo.KS
2026-04-02,국장,올릭스,KRX:226950,KRW,178800.0,178800.0,yahoo.KS
2026-04-03,국장,올릭스,KRX:226950,KRW,164000.0,164000.0,yahoo.KS
2026-04-06,국장,올릭스,KRX:226950,KRW,157300.0,157300.0,yahoo.KS
2026-04-07,국장,올릭스,KRX:226950,KRW,156500.0,156500.0,yahoo.KS
2026-04-08,국장,올릭스,KRX:226950,KRW,164000.0,164000.0,yahoo.KS
2026-04-09,국장,올릭스,KRX:226950,KRW,160800.0,160800.0,yahoo.KS
2026-04-10,국장,올릭스,KRX:226950,KRW,164800.0,164800.0,yahoo.KS
2026-04-13,국장,올릭스,KRX:226950,KRW,161800.0,161800.0,yahoo.KS
2026-04-14,국장,올릭스,KRX:226950,KRW,156800.0,156800.0,yahoo.KS
2026-04-15,국장,올릭스,KRX:226950,KRW,165300.0,165300.0,yahoo.KS
2026-04-16,국장,올릭스,KRX:226950,KRW,182700.0,182700.0,yahoo.KS
2026-04-17,국장,올릭스,KRX:226950,KRW,173500.0,173500.0,yahoo.KS
2026-04-20,국장,올릭스,KRX:226950,KRW,174000.0,174000.0,yahoo.KS
2026-04-21,국장,올릭스,KRX:226950,KRW,164600.0,164600.0,yahoo.KS
2026-04-22,국장,올릭스,KRX:226950,KRW,166100.0,166100.0,yahoo.KS
2026-04-23,국장,올릭스,KRX:226950,KRW,173000.0,173000.0,yahoo.KS
2026-01-28,국장,KODEX 코스닥150,KRX:229200,KRW,20320.0,20320.0,yahoo.KS
2026-01-29,국장,KODEX 코스닥150,KRX:229200,KRW,20915.0,20915.0,yahoo.KS
2026-01-30,국장,KODEX 코스닥150,KRX:229200,KRW,20500.0,20500.0,yahoo.KS
2026-02-02,국장,KODEX 코스닥150,KRX:229200,KRW,19295.0,19295.0,yahoo.KS
2026-02-03,국장,KODEX 코스닥150,KRX:229200,KRW,20145.0,20145.0,yahoo.KS
2026-02-04,국장,KODEX 코스닥150,KRX:229200,KRW,20040.0,20040.0,yahoo.KS
2026-02-05,국장,KODEX 코스닥150,KRX:229200,KRW,19175.0,19175.0,yahoo.KS
2026-02-06,국장,KODEX 코스닥150,KRX:229200,KRW,18530.0,18530.0,yahoo.KS
2026-02-09,국장,KODEX 코스닥150,KRX:229200,KRW,19585.0,19585.0,yahoo.KS
2026-02-10,국장,KODEX 코스닥150,KRX:229200,KRW,19110.0,19110.0,yahoo.KS
2026-02-11,국장,KODEX 코스닥150,KRX:229200,KRW,19085.0,19085.0,yahoo.KS
2026-02-12,국장,KODEX 코스닥150,KRX:229200,KRW,19345.0,19345.0,yahoo.KS
2026-02-13,국장,KODEX 코스닥150,KRX:229200,KRW,18955.0,18955.0,yahoo.KS
2026-02-19,국장,KODEX 코스닥150,KRX:229200,KRW,20345.0,20345.0,yahoo.KS
2026-02-20,국장,KODEX 코스닥150,KRX:229200,KRW,20225.0,20225.0,yahoo.KS
2026-02-23,국장,KODEX 코스닥150,KRX:229200,KRW,19965.0,19965.0,yahoo.KS
2026-02-24,국장,KODEX 코스닥150,KRX:229200,KRW,20145.0,20145.0,yahoo.KS
2026-02-25,국장,KODEX 코스닥150,KRX:229200,KRW,20160.0,20160.0,yahoo.KS
2026-02-26,국장,KODEX 코스닥150,KRX:229200,KRW,21015.0,21015.0,yahoo.KS
2026-01-30,국장,KODEX 코스닥150레버리지,KRX:233740,KRW,19720.0,19720.0,yahoo.KS
2026-02-02,국장,KODEX 코스닥150레버리지,KRX:233740,KRW,17460.0,17460.0,yahoo.KS
2026-02-03,국장,KODEX 코스닥150레버리지,KRX:233740,KRW,18995.0,18995.0,yahoo.KS
2026-02-04,국장,KODEX 코스닥150레버리지,KRX:233740,KRW,18765.0,18765.0,yahoo.KS
2026-02-05,국장,KODEX 코스닥150레버리지,KRX:233740,KRW,17110.0,17110.0,yahoo.KS
2026-02-06,국장,KODEX 코스닥150레버리지,KRX:233740,KRW,16000.0,16000.0,yahoo.KS
2026-02-09,국장,KODEX 코스닥150레버리지,KRX:233740,KRW,17820.0,17820.0,yahoo.KS
2026-02-10,국장,KODEX 코스닥150레버리지,KRX:233740,KRW,16945.0,16945.0,yahoo.KS
2026-02-11,국장,KODEX 코스닥150레버리지,KRX:233740,KRW,16900.0,16900.0,yahoo.KS
2026-02-12,국장,KODEX 코스닥150레버리지,KRX:233740,KRW,17410.0,17410.0,yahoo.KS
2026-02-13,국장,KODEX 코스닥150레버리지,KRX:233740,KRW,16660.0,16660.0,yahoo.KS
2026-02-19,국장,KODEX 코스닥150레버리지,KRX:233740,KRW,19125.0,19125.0,yahoo.KS
2026-02-20,국장,KODEX 코스닥150레버리지,KRX:233740,KRW,18890.0,18890.0,yahoo.KS
2026-02-23,국장,KODEX 코스닥150레버리지,KRX:233740,KRW,18380.0,18380.0,yahoo.KS
2026-02-24,국장,KODEX 코스닥150레버리지,KRX:233740,KRW,18715.0,18715.0,yahoo.KS
2026-01-27,국장,에스티팜,KRX:237690,KRW,146500.0,146500.0,yahoo.KS
2026-01-28,국장,에스티팜,KRX:237690,KRW,150500.0,150500.0,yahoo.KS
2026-01-29,국장,에스티팜,KRX:237690,KRW,154600.0,154600.0,yahoo.KS
2026-01-29,국장,일동제약,KRX:249420,KRW,39300.0,39300.0,yahoo.KS
2026-01-30,국장,일동제약,KRX:249420,KRW,38050.0,38050.0,yahoo.KS
2026-01-02,국장,HD현대일렉트릭,KRX:267260,KRW,819000.0,819000.0,yahoo.KS
2026-01-05,국장,HD현대일렉트릭,KRX:267260,KRW,868000.0,868000.0,yahoo.KS
2026-01-06,국장,HD현대일렉트릭,KRX:267260,KRW,834000.0,834000.0,yahoo.KS
2026-01-07,국장,HD현대일렉트릭,KRX:267260,KRW,821000.0,821000.0,yahoo.KS
2026-01-08,국장,HD현대일렉트릭,KRX:267260,KRW,862000.0,862000.0,yahoo.KS
2026-01-09,국장,HD현대일렉트릭,KRX:267260,KRW,848000.0,848000.0,yahoo.KS
2026-01-12,국장,HD현대일렉트릭,KRX:267260,KRW,876000.0,876000.0,yahoo.KS
2026-01-13,국장,HD현대일렉트릭,KRX:267260,KRW,886000.0,886000.0,yahoo.KS
2026-01-14,국장,HD현대일렉트릭,KRX:267260,KRW,922000.0,922000.0,yahoo.KS
2026-01-15,국장,HD현대일렉트릭,KRX:267260,KRW,892000.0,892000.0,yahoo.KS
2026-01-16,국장,HD현대일렉트릭,KRX:267260,KRW,906000.0,906000.0,yahoo.KS
2026-01-19,국장,HD현대일렉트릭,KRX:267260,KRW,918000.0,918000.0,yahoo.KS
2026-01-20,국장,HD현대일렉트릭,KRX:267260,KRW,915000.0,915000.0,yahoo.KS
2026-01-21,국장,HD현대일렉트릭,KRX:267260,KRW,894000.0,894000.0,yahoo.KS
2026-01-22,국장,HD현대일렉트릭,KRX:267260,KRW,888000.0,888000.0,yahoo.KS
2026-01-23,국장,HD현대일렉트릭,KRX:267260,KRW,884000.0,884000.0,yahoo.KS
2026-01-26,국장,HD현대일렉트릭,KRX:267260,KRW,872000.0,872000.0,yahoo.KS
2026-01-27,국장,HD현대일렉트릭,KRX:267260,KRW,901000.0,901000.0,yahoo.KS
2026-01-28,국장,HD현대일렉트릭,KRX:267260,KRW,902000.0,902000.0,yahoo.KS
2026-01-29,국장,HD현대일렉트릭,KRX:267260,KRW,897000.0,897000.0,yahoo.KS
2026-01-30,국장,HD현대일렉트릭,KRX:267260,KRW,889000.0,889000.0,yahoo.KS
2026-02-02,국장,HD현대일렉트릭,KRX:267260,KRW,836000.0,836000.0,yahoo.KS
2026-02-03,국장,HD현대일렉트릭,KRX:267260,KRW,889000.0,889000.0,yahoo.KS
2026-02-04,국장,HD현대일렉트릭,KRX:267260,KRW,924000.0,924000.0,yahoo.KS
2026-02-05,국장,HD현대일렉트릭,KRX:267260,KRW,873000.0,873000.0,yahoo.KS
2026-02-06,국장,HD현대일렉트릭,KRX:267260,KRW,840000.0,840000.0,yahoo.KS
2026-02-09,국장,HD현대일렉트릭,KRX:267260,KRW,933000.0,933000.0,yahoo.KS
2026-02-10,국장,HD현대일렉트릭,KRX:267260,KRW,939000.0,939000.0,yahoo.KS
2026-02-11,국장,HD현대일렉트릭,KRX:267260,KRW,995000.0,995000.0,yahoo.KS
2026-02-12,국장,HD현대일렉트릭,KRX:267260,KRW,966000.0,966000.0,yahoo.KS
2026-02-13,국장,HD현대일렉트릭,KRX:267260,KRW,949000.0,949000.0,yahoo.KS
2026-02-19,국장,HD현대일렉트릭,KRX:267260,KRW,967000.0,967000.0,yahoo.KS
2026-02-20,국장,HD현대일렉트릭,KRX:267260,KRW,1011000.0,1011000.0,yahoo.KS
2026-02-23,국장,HD현대일렉트릭,KRX:267260,KRW,1067000.0,1067000.0,yahoo.KS
2026-02-24,국장,HD현대일렉트릭,KRX:267260,KRW,1070000.0,1070000.0,yahoo.KS
2026-02-25,국장,HD현대일렉트릭,KRX:267260,KRW,1065000.0,1065000.0,yahoo.KS
2026-02-26,국장,HD현대일렉트릭,KRX:267260,KRW,1111000.0,1111000.0,yahoo.KS
2026-02-27,국장,HD현대일렉트릭,KRX:267260,KRW,1050000.0,1050000.0,yahoo.KS
2026-03-03,국장,HD현대일렉트릭,KRX:267260,KRW,987000.0,987000.0,yahoo.KS
2026-03-04,국장,HD현대일렉트릭,KRX:267260,KRW,871000.0,871000.0,yahoo.KS
2026-03-05,국장,HD현대일렉트릭,KRX:267260,KRW,984000.0,984000.0,yahoo.KS
2026-03-06,국장,HD현대일렉트릭,KRX:267260,KRW,968000.0,968000.0,yahoo.KS
2026-03-09,국장,HD현대일렉트릭,KRX:267260,KRW,907000.0,907000.0,yahoo.KS
2026-03-10,국장,HD현대일렉트릭,KRX:267260,KRW,941000.0,941000.0,yahoo.KS
2026-03-11,국장,HD현대일렉트릭,KRX:267260,KRW,939000.0,939000.0,yahoo.KS
2026-03-12,국장,HD현대일렉트릭,KRX:267260,KRW,944000.0,944000.0,yahoo.KS
2026-03-13,국장,HD현대일렉트릭,KRX:267260,KRW,929000.0,929000.0,yahoo.KS
2026-03-16,국장,HD현대일렉트릭,KRX:267260,KRW,905000.0,905000.0,yahoo.KS
2026-03-17,국장,HD현대일렉트릭,KRX:267260,KRW,931000.0,931000.0,yahoo.KS
2026-03-18,국장,HD현대일렉트릭,KRX:267260,KRW,974000.0,974000.0,yahoo.KS
2026-03-19,국장,HD현대일렉트릭,KRX:267260,KRW,958000.0,958000.0,yahoo.KS
2026-03-20,국장,HD현대일렉트릭,KRX:267260,KRW,959000.0,959000.0,yahoo.KS
2026-03-23,국장,HD현대일렉트릭,KRX:267260,KRW,913000.0,913000.0,yahoo.KS
2026-03-24,국장,HD현대일렉트릭,KRX:267260,KRW,925000.0,925000.0,yahoo.KS
2026-03-25,국장,HD현대일렉트릭,KRX:267260,KRW,992000.0,992000.0,yahoo.KS
2026-03-26,국장,HD현대일렉트릭,KRX:267260,KRW,965000.0,965000.0,yahoo.KS
2026-03-27,국장,HD현대일렉트릭,KRX:267260,KRW,915000.0,915000.0,yahoo.KS
2026-03-30,국장,HD현대일렉트릭,KRX:267260,KRW,872000.0,872000.0,yahoo.KS
2026-03-31,국장,HD현대일렉트릭,KRX:267260,KRW,832000.0,832000.0,yahoo.KS
2026-04-01,국장,HD현대일렉트릭,KRX:267260,KRW,897000.0,897000.0,yahoo.KS
2026-04-02,국장,HD현대일렉트릭,KRX:267260,KRW,882000.0,882000.0,yahoo.KS
2026-04-03,국장,HD현대일렉트릭,KRX:267260,KRW,883000.0,883000.0,yahoo.KS
2026-04-06,국장,HD현대일렉트릭,KRX:267260,KRW,894000.0,894000.0,yahoo.KS
2026-04-07,국장,HD현대일렉트릭,KRX:267260,KRW,891000.0,891000.0,yahoo.KS
2026-01-19,국장,에이피알,KRX:278470,KRW,237000.0,237000.0,yahoo.KS
2026-01-20,국장,에이피알,KRX:278470,KRW,247000.0,247000.0,yahoo.KS
2026-01-21,국장,에이피알,KRX:278470,KRW,256500.0,256500.0,yahoo.KS
2026-01-22,국장,에이피알,KRX:278470,KRW,286000.0,286000.0,yahoo.KS
2026-01-23,국장,에이피알,KRX:278470,KRW,276500.0,276500.0,yahoo.KS
2026-01-26,국장,에이피알,KRX:278470,KRW,278000.0,278000.0,yahoo.KS
2026-01-27,국장,에이피알,KRX:278470,KRW,276000.0,276000.0,yahoo.KS
2026-01-28,국장,에이피알,KRX:278470,KRW,271000.0,271000.0,yahoo.KS
2026-01-29,국장,에이피알,KRX:278470,KRW,276500.0,276500.0,yahoo.KS
2026-01-30,국장,에이피알,KRX:278470,KRW,270000.0,270000.0,yahoo.KS
2026-02-02,국장,에이피알,KRX:278470,KRW,274000.0,274000.0,yahoo.KS
2026-02-03,국장,에이피알,KRX:278470,KRW,272000.0,272000.0,yahoo.KS
2026-02-04,국장,에이피알,KRX:278470,KRW,264000.0,264000.0,yahoo.KS
2026-02-05,국장,에이피알,KRX:278470,KRW,278000.0,278000.0,yahoo.KS
2026-02-06,국장,에이피알,KRX:278470,KRW,256500.0,256500.0,yahoo.KS
2026-02-09,국장,에이피알,KRX:278470,KRW,266000.0,266000.0,yahoo.KS
2026-02-10,국장,에이피알,KRX:278470,KRW,275500.0,275500.0,yahoo.KS
2026-02-11,국장,에이피알,KRX:278470,KRW,282000.0,282000.0,yahoo.KS
2026-02-12,국장,에이피알,KRX:278470,KRW,282000.0,282000.0,yahoo.KS
2026-02-13,국장,에이피알,KRX:278470,KRW,272000.0,272000.0,yahoo.KS
2026-02-19,국장,에이피알,KRX:278470,KRW,285500.0,285500.0,yahoo.KS
2026-02-20,국장,에이피알,KRX:278470,KRW,288500.0,288500.0,yahoo.KS
2026-02-23,국장,에이피알,KRX:278470,KRW,297500.0,297500.0,yahoo.KS
2026-02-24,국장,에이피알,KRX:278470,KRW,295000.0,295000.0,yahoo.KS
2026-02-25,국장,에이피알,KRX:278470,KRW,302000.0,302000.0,yahoo.KS
2026-02-26,국장,에이피알,KRX:278470,KRW,317000.0,317000.0,yahoo.KS
2026-02-27,국장,에이피알,KRX:278470,KRW,312500.0,312500.0,yahoo.KS
2026-03-03,국장,에이피알,KRX:278470,KRW,285500.0,285500.0,yahoo.KS
2026-03-04,국장,에이피알,KRX:278470,KRW,267000.0,267000.0,yahoo.KS
2026-03-05,국장,에이피알,KRX:278470,KRW,283000.0,283000.0,yahoo.KS
2026-03-06,국장,에이피알,KRX:278470,KRW,306000.0,306000.0,yahoo.KS
2026-03-09,국장,에이피알,KRX:278470,KRW,296500.0,296500.0,yahoo.KS
2026-03-10,국장,에이피알,KRX:278470,KRW,301500.0,301500.0,yahoo.KS
2026-03-11,국장,에이피알,KRX:278470,KRW,319000.0,319000.0,yahoo.KS
2026-03-12,국장,에이피알,KRX:278470,KRW,322500.0,322500.0,yahoo.KS
2026-03-13,국장,에이피알,KRX:278470,KRW,342500.0,342500.0,yahoo.KS
2026-03-16,국장,에이피알,KRX:278470,KRW,328500.0,328500.0,yahoo.KS
2026-03-17,국장,에이피알,KRX:278470,KRW,349000.0,349000.0,yahoo.KS
2026-03-18,국장,에이피알,KRX:278470,KRW,362000.0,362000.0,yahoo.KS
2026-03-19,국장,에이피알,KRX:278470,KRW,369000.0,369000.0,yahoo.KS
2026-03-20,국장,에이피알,KRX:278470,KRW,359500.0,359500.0,yahoo.KS
2026-03-23,국장,에이피알,KRX:278470,KRW,324500.0,324500.0,yahoo.KS
2026-03-24,국장,에이피알,KRX:278470,KRW,332500.0,332500.0,yahoo.KS
2026-03-25,국장,에이피알,KRX:278470,KRW,328500.0,328500.0,yahoo.KS
2026-03-26,국장,에이피알,KRX:278470,KRW,310000.0,310000.0,yahoo.KS
2026-03-27,국장,에이피알,KRX:278470,KRW,327000.0,327000.0,yahoo.KS
2026-03-30,국장,에이피알,KRX:278470,KRW,326000.0,326000.0,yahoo.KS
2026-03-31,국장,에이피알,KRX:278470,KRW,337000.0,337000.0,yahoo.KS
2026-04-01,국장,에이피알,KRX:278470,KRW,343500.0,343500.0,yahoo.KS
2026-04-02,국장,에이피알,KRX:278470,KRW,339500.0,339500.0,yahoo.KS
2026-04-03,국장,에이피알,KRX:278470,KRW,327000.0,327000.0,yahoo.KS
2026-04-06,국장,에이피알,KRX:278470,KRW,336000.0,336000.0,yahoo.KS
2026-04-07,국장,에이피알,KRX:278470,KRW,318000.0,318000.0,yahoo.KS
2026-04-08,국장,에이피알,KRX:278470,KRW,335500.0,335500.0,yahoo.KS
2026-04-09,국장,에이피알,KRX:278470,KRW,365500.0,365500.0,yahoo.KS
2026-04-10,국장,에이피알,KRX:278470,KRW,393000.0,393000.0,yahoo.KS
2026-04-13,국장,에이피알,KRX:278470,KRW,399500.0,399500.0,yahoo.KS
2026-04-14,국장,에이피알,KRX:278470,KRW,386000.0,386000.0,yahoo.KS
2026-04-15,국장,에이피알,KRX:278470,KRW,413000.0,413000.0,yahoo.KS
2026-04-16,국장,에이피알,KRX:278470,KRW,414500.0,414500.0,yahoo.KS
2026-04-17,국장,에이피알,KRX:278470,KRW,419500.0,419500.0,yahoo.KS
2026-04-20,국장,에이피알,KRX:278470,KRW,414500.0,414500.0,yahoo.KS
2026-04-21,국장,에이피알,KRX:278470,KRW,410000.0,410000.0,yahoo.KS
2026-04-22,국장,에이피알,KRX:278470,KRW,434000.0,434000.0,yahoo.KS
2026-04-23,국장,에이피알,KRX:278470,KRW,436000.0,436000.0,yahoo.KS
2026-04-24,국장,에이피알,KRX:278470,KRW,450000.0,450000.0,yahoo.KS
2026-04-27,국장,에이피알,KRX:278470,KRW,449000.0,449000.0,yahoo.KS
2026-04-28,국장,에이피알,KRX:278470,KRW,459000.0,459000.0,yahoo.KS
2026-04-29,국장,에이피알,KRX:278470,KRW,451000.0,451000.0,yahoo.KS
2026-04-30,국장,에이피알,KRX:278470,KRW,424500.0,424500.0,yahoo.KS
2026-05-04,국장,에이피알,KRX:278470,KRW,428500.0,428500.0,yahoo.KS
2026-05-06,국장,에이피알,KRX:278470,KRW,422000.0,422000.0,yahoo.KS
2026-05-07,국장,에이피알,KRX:278470,KRW,401500.0,401500.0,yahoo.KS
2026-05-08,국장,에이피알,KRX:278470,KRW,434000.0,434000.0,yahoo.KS
2026-05-11,국장,에이피알,KRX:278470,KRW,438000.0,438000.0,yahoo.KS
2026-05-12,국장,에이피알,KRX:278470,KRW,415500.0,415500.0,yahoo.KS
2026-05-13,국장,에이피알,KRX:278470,KRW,402000.0,402000.0,yahoo.KS
2026-05-14,국장,에이피알,KRX:278470,KRW,425000.0,425000.0,yahoo.KS
2026-05-15,국장,에이피알,KRX:278470,KRW,404000.0,404000.0,yahoo.KS
2026-05-18,국장,에이피알,KRX:278470,KRW,402000.0,402000.0,yahoo.KS
2026-05-19,국장,에이피알,KRX:278470,KRW,397500.0,397500.0,yahoo.KS
2026-05-20,국장,에이피알,KRX:278470,KRW,390000.0,390000.0,yahoo.KS
2026-05-21,국장,에이피알,KRX:278470,KRW,399500.0,399500.0,yahoo.KS
2026-05-22,국장,에이피알,KRX:278470,KRW,391000.0,391000.0,yahoo.KS
2026-05-26,국장,에이피알,KRX:278470,KRW,389500.0,389500.0,yahoo.KS
2026-05-27,국장,에이피알,KRX:278470,KRW,385000.0,385000.0,yahoo.KS
2026-05-28,국장,에이피알,KRX:278470,KRW,400500.0,400500.0,yahoo.KS
2026-05-29,국장,에이피알,KRX:278470,KRW,395500.0,395500.0,yahoo.KS
2026-06-01,국장,에이피알,KRX:278470,KRW,426500.0,426500.0,yahoo.KS
2026-06-02,국장,에이피알,KRX:278470,KRW,401000.0,401000.0,yahoo.KS
2026-06-04,국장,에이피알,KRX:278470,KRW,405000.0,405000.0,yahoo.KS
2026-06-05,국장,에이피알,KRX:278470,KRW,389000.0,389000.0,yahoo.KS
2026-01-09,국장,KODEX 차이나CSI300,KRX:283580,KRW,16005.0,16005.0,yahoo.KS
2026-01-12,국장,KODEX 차이나CSI300,KRX:283580,KRW,16275.0,16275.0,yahoo.KS
2026-01-13,국장,KODEX 차이나CSI300,KRX:283580,KRW,16225.0,16225.0,yahoo.KS
2026-01-14,국장,KODEX 차이나CSI300,KRX:283580,KRW,16250.0,16250.0,yahoo.KS
2026-01-15,국장,KODEX 차이나CSI300,KRX:283580,KRW,16140.0,16140.0,yahoo.KS
2026-01-16,국장,KODEX 차이나CSI300,KRX:283580,KRW,16145.0,16145.0,yahoo.KS
2026-01-19,국장,KODEX 차이나CSI300,KRX:283580,KRW,16145.0,16145.0,yahoo.KS
2026-01-20,국장,KODEX 차이나CSI300,KRX:283580,KRW,16150.0,16150.0,yahoo.KS
2026-01-21,국장,KODEX 차이나CSI300,KRX:283580,KRW,16125.0,16125.0,yahoo.KS
2026-01-22,국장,KODEX 차이나CSI300,KRX:283580,KRW,16085.0,16085.0,yahoo.KS
2026-01-23,국장,KODEX 차이나CSI300,KRX:283580,KRW,16025.0,16025.0,yahoo.KS
2026-01-26,국장,KODEX 차이나CSI300,KRX:283580,KRW,15770.0,15770.0,yahoo.KS
2026-01-27,국장,KODEX 차이나CSI300,KRX:283580,KRW,15845.0,15845.0,yahoo.KS
2026-01-28,국장,KODEX 차이나CSI300,KRX:283580,KRW,15695.0,15695.0,yahoo.KS
2026-01-29,국장,KODEX 차이나CSI300,KRX:283580,KRW,15705.0,15705.0,yahoo.KS
2026-01-02,국장,에이비엘바이오,KRX:298380,KRW,195500.0,195500.0,yahoo.KS
2026-01-05,국장,에이비엘바이오,KRX:298380,KRW,212000.0,212000.0,yahoo.KS
2026-01-06,국장,에이비엘바이오,KRX:298380,KRW,201000.0,201000.0,yahoo.KS
2026-01-07,국장,에이비엘바이오,KRX:298380,KRW,210500.0,210500.0,yahoo.KS
2026-01-08,국장,에이비엘바이오,KRX:298380,KRW,215500.0,215500.0,yahoo.KS
2026-01-09,국장,에이비엘바이오,KRX:298380,KRW,204500.0,204500.0,yahoo.KS
2026-01-12,국장,에이비엘바이오,KRX:298380,KRW,201500.0,201500.0,yahoo.KS
2026-01-13,국장,에이비엘바이오,KRX:298380,KRW,195200.0,195200.0,yahoo.KS
2026-01-14,국장,에이비엘바이오,KRX:298380,KRW,192200.0,192200.0,yahoo.KS
2026-01-15,국장,에이비엘바이오,KRX:298380,KRW,192600.0,192600.0,yahoo.KS
2026-01-16,국장,에이비엘바이오,KRX:298380,KRW,197500.0,197500.0,yahoo.KS
2026-01-19,국장,에이비엘바이오,KRX:298380,KRW,196700.0,196700.0,yahoo.KS
2026-01-20,국장,에이비엘바이오,KRX:298380,KRW,201000.0,201000.0,yahoo.KS
2026-01-21,국장,에이비엘바이오,KRX:298380,KRW,177100.0,177100.0,yahoo.KS
2026-01-22,국장,에이비엘바이오,KRX:298380,KRW,179600.0,179600.0,yahoo.KS
2026-01-23,국장,에이비엘바이오,KRX:298380,KRW,198000.0,198000.0,yahoo.KS
2026-01-26,국장,에이비엘바이오,KRX:298380,KRW,241000.0,241000.0,yahoo.KS
2026-01-27,국장,에이비엘바이오,KRX:298380,KRW,243500.0,243500.0,yahoo.KS
2026-01-28,국장,에이비엘바이오,KRX:298380,KRW,241500.0,241500.0,yahoo.KS
2026-01-29,국장,에이비엘바이오,KRX:298380,KRW,245500.0,245500.0,yahoo.KS
2026-01-30,국장,에이비엘바이오,KRX:298380,KRW,197700.0,197700.0,yahoo.KS
2026-02-02,국장,에이비엘바이오,KRX:298380,KRW,198300.0,198300.0,yahoo.KS
2026-02-03,국장,에이비엘바이오,KRX:298380,KRW,201500.0,201500.0,yahoo.KS
2026-02-04,국장,에이비엘바이오,KRX:298380,KRW,192600.0,192600.0,yahoo.KS
2026-02-05,국장,에이비엘바이오,KRX:298380,KRW,186100.0,186100.0,yahoo.KS
2026-02-06,국장,에이비엘바이오,KRX:298380,KRW,177600.0,177600.0,yahoo.KS
2026-02-09,국장,에이비엘바이오,KRX:298380,KRW,189200.0,189200.0,yahoo.KS
2026-02-10,국장,에이비엘바이오,KRX:298380,KRW,185800.0,185800.0,yahoo.KS
2026-02-11,국장,에이비엘바이오,KRX:298380,KRW,187000.0,187000.0,yahoo.KS
2026-02-12,국장,에이비엘바이오,KRX:298380,KRW,189200.0,189200.0,yahoo.KS
2026-02-13,국장,에이비엘바이오,KRX:298380,KRW,184400.0,184400.0,yahoo.KS
2026-02-19,국장,에이비엘바이오,KRX:298380,KRW,194600.0,194600.0,yahoo.KS
2026-02-20,국장,에이비엘바이오,KRX:298380,KRW,188000.0,188000.0,yahoo.KS
2026-02-23,국장,에이비엘바이오,KRX:298380,KRW,189500.0,189500.0,yahoo.KS
2026-02-24,국장,에이비엘바이오,KRX:298380,KRW,190000.0,190000.0,yahoo.KS
2026-02-25,국장,에이비엘바이오,KRX:298380,KRW,187400.0,187400.0,yahoo.KS
2026-02-26,국장,에이비엘바이오,KRX:298380,KRW,191100.0,191100.0,yahoo.KS
2026-02-27,국장,에이비엘바이오,KRX:298380,KRW,194000.0,194000.0,yahoo.KS
2026-03-03,국장,에이비엘바이오,KRX:298380,KRW,184600.0,184600.0,yahoo.KS
2026-03-04,국장,에이비엘바이오,KRX:298380,KRW,152900.0,152900.0,yahoo.KS
2026-03-05,국장,에이비엘바이오,KRX:298380,KRW,177100.0,177100.0,yahoo.KS
2026-03-06,국장,에이비엘바이오,KRX:298380,KRW,190300.0,190300.0,yahoo.KS
2026-03-09,국장,에이비엘바이오,KRX:298380,KRW,189700.0,189700.0,yahoo.KS
2026-03-10,국장,에이비엘바이오,KRX:298380,KRW,185200.0,185200.0,yahoo.KS
2026-03-11,국장,에이비엘바이오,KRX:298380,KRW,182400.0,182400.0,yahoo.KS
2026-03-12,국장,에이비엘바이오,KRX:298380,KRW,181200.0,181200.0,yahoo.KS
2026-03-13,국장,에이비엘바이오,KRX:298380,KRW,188000.0,188000.0,yahoo.KS
2026-03-16,국장,에이비엘바이오,KRX:298380,KRW,187000.0,187000.0,yahoo.KS
2026-03-17,국장,에이비엘바이오,KRX:298380,KRW,191000.0,191000.0,yahoo.KS
2026-03-18,국장,에이비엘바이오,KRX:298380,KRW,195500.0,195500.0,yahoo.KS
2026-03-19,국장,에이비엘바이오,KRX:298380,KRW,190000.0,190000.0,yahoo.KS
2026-03-20,국장,에이비엘바이오,KRX:298380,KRW,190500.0,190500.0,yahoo.KS
2026-03-23,국장,에이비엘바이오,KRX:298380,KRW,168800.0,168800.0,yahoo.KS
2026-03-24,국장,에이비엘바이오,KRX:298380,KRW,172900.0,172900.0,yahoo.KS
2026-03-25,국장,에이비엘바이오,KRX:298380,KRW,172300.0,172300.0,yahoo.KS
2026-03-26,국장,에이비엘바이오,KRX:298380,KRW,179900.0,179900.0,yahoo.KS
2026-03-27,국장,에이비엘바이오,KRX:298380,KRW,179900.0,179900.0,yahoo.KS
2026-03-30,국장,에이비엘바이오,KRX:298380,KRW,171600.0,171600.0,yahoo.KS
2026-03-31,국장,에이비엘바이오,KRX:298380,KRW,165900.0,165900.0,yahoo.KS
2026-04-01,국장,에이비엘바이오,KRX:298380,KRW,180100.0,180100.0,yahoo.KS
2026-04-02,국장,에이비엘바이오,KRX:298380,KRW,159800.0,159800.0,yahoo.KS
2026-04-03,국장,에이비엘바이오,KRX:298380,KRW,156800.0,156800.0,yahoo.KS
2026-04-06,국장,에이비엘바이오,KRX:298380,KRW,154400.0,154400.0,yahoo.KS
2026-04-07,국장,에이비엘바이오,KRX:298380,KRW,153800.0,153800.0,yahoo.KS
2026-04-08,국장,에이비엘바이오,KRX:298380,KRW,158400.0,158400.0,yahoo.KS
2026-04-09,국장,에이비엘바이오,KRX:298380,KRW,155600.0,155600.0,yahoo.KS
2026-04-10,국장,에이비엘바이오,KRX:298380,KRW,157700.0,157700.0,yahoo.KS
2026-04-13,국장,에이비엘바이오,KRX:298380,KRW,155000.0,155000.0,yahoo.KS
2026-04-14,국장,에이비엘바이오,KRX:298380,KRW,155900.0,155900.0,yahoo.KS
2026-04-15,국장,에이비엘바이오,KRX:298380,KRW,163800.0,163800.0,yahoo.KS
2026-04-16,국장,에이비엘바이오,KRX:298380,KRW,163900.0,163900.0,yahoo.KS
2026-04-17,국장,에이비엘바이오,KRX:298380,KRW,161500.0,161500.0,yahoo.KS
2026-04-20,국장,에이비엘바이오,KRX:298380,KRW,160200.0,160200.0,yahoo.KS
2026-04-21,국장,에이비엘바이오,KRX:298380,KRW,155900.0,155900.0,yahoo.KS
2026-04-22,국장,에이비엘바이오,KRX:298380,KRW,150400.0,150400.0,yahoo.KS
2026-04-23,국장,에이비엘바이오,KRX:298380,KRW,153500.0,153500.0,yahoo.KS
2026-04-24,국장,에이비엘바이오,KRX:298380,KRW,157200.0,157200.0,yahoo.KS
2026-04-27,국장,에이비엘바이오,KRX:298380,KRW,172700.0,172700.0,yahoo.KS
2026-04-28,국장,에이비엘바이오,KRX:298380,KRW,139400.0,139400.0,yahoo.KS
2026-04-29,국장,에이비엘바이오,KRX:298380,KRW,142000.0,142000.0,yahoo.KS
2026-04-30,국장,에이비엘바이오,KRX:298380,KRW,134800.0,134800.0,yahoo.KS
2026-05-04,국장,에이비엘바이오,KRX:298380,KRW,132500.0,132500.0,yahoo.KS
2026-05-06,국장,에이비엘바이오,KRX:298380,KRW,127600.0,127600.0,yahoo.KS
2026-05-07,국장,에이비엘바이오,KRX:298380,KRW,126400.0,126400.0,yahoo.KS
2026-05-08,국장,에이비엘바이오,KRX:298380,KRW,130100.0,130100.0,yahoo.KS
2026-05-11,국장,에이비엘바이오,KRX:298380,KRW,127700.0,127700.0,yahoo.KS
2026-05-12,국장,에이비엘바이오,KRX:298380,KRW,130000.0,130000.0,yahoo.KS
2026-05-13,국장,에이비엘바이오,KRX:298380,KRW,123900.0,123900.0,yahoo.KS
2026-05-14,국장,에이비엘바이오,KRX:298380,KRW,125600.0,125600.0,yahoo.KS
2026-05-15,국장,에이비엘바이오,KRX:298380,KRW,119300.0,119300.0,yahoo.KS
2026-05-18,국장,에이비엘바이오,KRX:298380,KRW,112200.0,112200.0,yahoo.KS
2026-05-19,국장,에이비엘바이오,KRX:298380,KRW,112000.0,112000.0,yahoo.KS
2026-05-20,국장,에이비엘바이오,KRX:298380,KRW,106300.0,106300.0,yahoo.KS
2026-05-21,국장,에이비엘바이오,KRX:298380,KRW,109900.0,109900.0,yahoo.KS
2026-05-22,국장,에이비엘바이오,KRX:298380,KRW,120200.0,120200.0,yahoo.KS
2026-05-26,국장,에이비엘바이오,KRX:298380,KRW,117500.0,117500.0,yahoo.KS
2026-05-27,국장,에이비엘바이오,KRX:298380,KRW,118500.0,118500.0,yahoo.KS
2026-05-28,국장,에이비엘바이오,KRX:298380,KRW,114500.0,114500.0,yahoo.KS
2026-05-29,국장,에이비엘바이오,KRX:298380,KRW,111900.0,111900.0,yahoo.KS
2026-06-01,국장,에이비엘바이오,KRX:298380,KRW,111900.0,111900.0,yahoo.KS
2026-06-02,국장,에이비엘바이오,KRX:298380,KRW,107100.0,107100.0,yahoo.KS
2026-06-04,국장,에이비엘바이오,KRX:298380,KRW,106000.0,106000.0,yahoo.KS
2026-06-05,국장,에이비엘바이오,KRX:298380,KRW,99800.0,99800.0,yahoo.KS
2026-06-08,국장,에이비엘바이오,KRX:298380,KRW,88600.0,88600.0,yahoo.KS
2026-06-09,국장,에이비엘바이오,KRX:298380,KRW,92400.0,92400.0,yahoo.KS
2026-06-10,국장,에이비엘바이오,KRX:298380,KRW,90200.0,90200.0,yahoo.KS
2026-06-11,국장,에이비엘바이오,KRX:298380,KRW,93100.0,93100.0,yahoo.KS
2026-06-12,국장,에이비엘바이오,KRX:298380,KRW,91100.0,91100.0,yahoo.KS
2026-06-15,국장,에이비엘바이오,KRX:298380,KRW,95900.0,95900.0,yahoo.KS
2026-06-16,국장,에이비엘바이오,KRX:298380,KRW,98700.0,98700.0,yahoo.KS
2026-06-17,국장,에이비엘바이오,KRX:298380,KRW,108300.0,108300.0,yahoo.KS
2026-06-18,국장,에이비엘바이오,KRX:298380,KRW,101300.0,101300.0,yahoo.KS
2026-06-19,국장,에이비엘바이오,KRX:298380,KRW,99100.0,99100.0,yahoo.KS
2026-06-22,국장,에이비엘바이오,KRX:298380,KRW,97700.0,97700.0,yahoo.KS
2026-06-23,국장,에이비엘바이오,KRX:298380,KRW,92100.0,92100.0,yahoo.KS
2026-06-24,국장,에이비엘바이오,KRX:298380,KRW,98800.0,98800.0,yahoo.KS
2026-06-25,국장,에이비엘바이오,KRX:298380,KRW,95000.0,95000.0,yahoo.KS
2026-06-26,국장,에이비엘바이오,KRX:298380,KRW,88700.0,88700.0,yahoo.KS
2026-06-29,국장,에이비엘바이오,KRX:298380,KRW,106600.0,106600.0,yahoo.KS
2026-06-30,국장,에이비엘바이오,KRX:298380,KRW,99500.0,99500.0,yahoo.KS
2026-07-01,국장,에이비엘바이오,KRX:298380,KRW,101500.0,101500.0,yahoo.KS
2026-07-02,국장,에이비엘바이오,KRX:298380,KRW,97000.0,97000.0,yahoo.KS
2026-07-03,국장,에이비엘바이오,KRX:298380,KRW,96100.0,96100.0,yahoo.KS
2026-07-06,국장,에이비엘바이오,KRX:298380,KRW,90200.0,90200.0,yahoo.KS
2026-07-07,국장,에이비엘바이오,KRX:298380,KRW,93900.0,93900.0,yahoo.KS
2026-07-08,국장,에이비엘바이오,KRX:298380,KRW,81500.0,81500.0,yahoo.KS
2026-07-09,국장,에이비엘바이오,KRX:298380,KRW,80500.0,80500.0,yahoo.KS
2026-07-10,국장,에이비엘바이오,KRX:298380,KRW,81800.0,81800.0,yahoo.KS
2026-07-13,국장,에이비엘바이오,KRX:298380,KRW,79100.0,79100.0,yahoo.KS
2026-07-14,국장,에이비엘바이오,KRX:298380,KRW,74400.0,74400.0,yahoo.KS
2026-07-15,국장,에이비엘바이오,KRX:298380,KRW,79300.0,79300.0,yahoo.KS
2026-07-16,국장,에이비엘바이오,KRX:298380,KRW,75600.0,75600.0,yahoo.KS
2026-07-20,국장,에이비엘바이오,KRX:298380,KRW,70200.0,70200.0,yahoo.KS
2026-07-21,국장,에이비엘바이오,KRX:298380,KRW,69300.0,69300.0,yahoo.KS
2026-07-22,국장,에이비엘바이오,KRX:298380,KRW,69400.0,69400.0,yahoo.KS
2026-07-23,국장,에이비엘바이오,KRX:298380,KRW,74300.0,74300.0,yahoo.KS
2026-07-24,국장,에이비엘바이오,KRX:298380,KRW,72400.0,72400.0,yahoo.KS
2026-07-27,국장,에이비엘바이오,KRX:298380,KRW,72600.0,72600.0,yahoo.KS
2026-07-28,국장,에이비엘바이오,KRX:298380,KRW,68800.0,68800.0,yahoo.KS
2026-07-29,국장,에이비엘바이오,KRX:298380,KRW,63300.0,63300.0,yahoo.KS
2026-07-30,국장,에이비엘바이오,KRX:298380,KRW,60800.0,60800.0,yahoo.KS
2026-07-31,국장,에이비엘바이오,KRX:298380,KRW,66800.0,66800.0,yahoo.KS
2026-08-03,국장,에이비엘바이오,KRX:298380,KRW,71000.0,71000.0,yahoo.KS
2026-08-04,국장,에이비엘바이오,KRX:298380,KRW,80400.0,80400.0,yahoo.KS
2026-08-05,국장,에이비엘바이오,KRX:298380,KRW,80200.0,80200.0,yahoo.KS
2026-08-06,국장,에이비엘바이오,KRX:298380,KRW,83300.0,83300.0,yahoo.KS
2026-08-07,국장,에이비엘바이오,KRX:298380,KRW,86600.0,86600.0,yahoo.KS
2026-08-10,국장,에이비엘바이오,KRX:298380,KRW,93600.0,93600.0,yahoo.KS
2026-08-11,국장,에이비엘바이오,KRX:298380,KRW,89100.0,89100.0,yahoo.KS
2026-08-12,국장,에이비엘바이오,KRX:298380,KRW,86800.0,86800.0,yahoo.KS
2026-08-13,국장,에이비엘바이오,KRX:298380,KRW,86800.0,86800.0,yahoo.KS
2026-08-14,국장,에이비엘바이오,KRX:298380,KRW,84100.0,84100.0,yahoo.KS
2026-08-18,국장,에이비엘바이오,KRX:298380,KRW,79800.0,79800.0,yahoo.KS
2026-08-19,국장,에이비엘바이오,KRX:298380,KRW,79700.0,79700.0,yahoo.KS
2026-08-20,국장,에이비엘바이오,KRX:298380,KRW,82500.0,82500.0,yahoo.KS
2026-08-21,국장,에이비엘바이오,KRX:298380,KRW,75200.0,75200.0,yahoo.KS
2026-08-24,국장,에이비엘바이오,KRX:298380,KRW,75800.0,75800.0,yahoo.KS
2026-01-02,국장,보로노이,KRX:310210,KRW,215000.0,215000.0,yahoo.KS
2026-01-05,국장,보로노이,KRX:310210,KRW,214500.0,214500.0,yahoo.KS
2026-01-06,국장,보로노이,KRX:310210,KRW,203000.0,203000.0,yahoo.KS
2026-01-07,국장,보로노이,KRX:310210,KRW,205000.0,205000.0,yahoo.KS
2026-01-08,국장,보로노이,KRX:310210,KRW,203000.0,203000.0,yahoo.KS
2026-04-07,국장,HD현대에너지솔루션,KRX:322000,KRW,168800.0,168800.0,yahoo.KS
2026-04-08,국장,HD현대에너지솔루션,KRX:322000,KRW,171400.0,171400.0,yahoo.KS
2026-04-09,국장,HD현대에너지솔루션,KRX:322000,KRW,164200.0,164200.0,yahoo.KS
2026-04-10,국장,HD현대에너지솔루션,KRX:322000,KRW,168400.0,168400.0,yahoo.KS
2026-04-13,국장,HD현대에너지솔루션,KRX:322000,KRW,160900.0,160900.0,yahoo.KS
2026-04-14,국장,HD현대에너지솔루션,KRX:322000,KRW,157800.0,157800.0,yahoo.KS
2026-04-15,국장,HD현대에너지솔루션,KRX:322000,KRW,160000.0,160000.0,yahoo.KS
2026-04-16,국장,HD현대에너지솔루션,KRX:322000,KRW,162900.0,162900.0,yahoo.KS
2026-04-17,국장,HD현대에너지솔루션,KRX:322000,KRW,160400.0,160400.0,yahoo.KS
2026-04-20,국장,HD현대에너지솔루션,KRX:322000,KRW,162900.0,162900.0,yahoo.KS
2026-04-21,국장,HD현대에너지솔루션,KRX:322000,KRW,170000.0,170000.0,yahoo.KS
2026-04-22,국장,HD현대에너지솔루션,KRX:322000,KRW,182400.0,182400.0,yahoo.KS
2026-04-23,국장,HD현대에너지솔루션,KRX:322000,KRW,179700.0,179700.0,yahoo.KS
2026-04-24,국장,HD현대에너지솔루션,KRX:322000,KRW,191000.0,191000.0,yahoo.KS
2026-01-02,국장,디앤디파마텍,KRX:347860,KRW,2475.0,2475.0,yahoo.KS
2026-01-05,국장,디앤디파마텍,KRX:347860,KRW,2340.0,2340.0,yahoo.KS
2026-01-06,국장,디앤디파마텍,KRX:347860,KRW,2325.0,2325.0,yahoo.KS
2026-01-07,국장,디앤디파마텍,KRX:347860,KRW,2240.0,2240.0,yahoo.KS
2026-01-08,국장,디앤디파마텍,KRX:347860,KRW,2150.0,2150.0,yahoo.KS
2026-01-09,국장,디앤디파마텍,KRX:347860,KRW,2130.0,2130.0,yahoo.KS
2026-01-12,국장,디앤디파마텍,KRX:347860,KRW,2135.0,2135.0,yahoo.KS
2026-01-13,국장,디앤디파마텍,KRX:347860,KRW,2095.0,2095.0,yahoo.KS
2026-01-14,국장,디앤디파마텍,KRX:347860,KRW,2080.0,2080.0,yahoo.KS
2026-01-15,국장,디앤디파마텍,KRX:347860,KRW,2025.0,2025.0,yahoo.KS
2026-01-16,국장,디앤디파마텍,KRX:347860,KRW,1994.0,1994.0,yahoo.KS
2026-01-19,국장,디앤디파마텍,KRX:347860,KRW,1979.0,1979.0,yahoo.KS
2026-01-20,국장,디앤디파마텍,KRX:347860,KRW,2050.0,2050.0,yahoo.KS
2026-01-21,국장,디앤디파마텍,KRX:347860,KRW,1945.0,1945.0,yahoo.KS
2026-01-22,국장,디앤디파마텍,KRX:347860,KRW,1909.0,1909.0,yahoo.KS
2026-01-23,국장,디앤디파마텍,KRX:347860,KRW,2010.0,2010.0,yahoo.KS
2026-01-26,국장,디앤디파마텍,KRX:347860,KRW,2060.0,2060.0,yahoo.KS
2026-01-27,국장,디앤디파마텍,KRX:347860,KRW,2035.0,2035.0,yahoo.KS
2026-01-28,국장,디앤디파마텍,KRX:347860,KRW,2140.0,2140.0,yahoo.KS
2026-01-29,국장,디앤디파마텍,KRX:347860,KRW,2140.0,2140.0,yahoo.KS
2026-01-30,국장,디앤디파마텍,KRX:347860,KRW,2010.0,2010.0,yahoo.KS
2026-02-02,국장,디앤디파마텍,KRX:347860,KRW,1898.0,1898.0,yahoo.KS
2026-02-03,국장,디앤디파마텍,KRX:347860,KRW,1868.0,1868.0,yahoo.KS
2026-02-04,국장,디앤디파마텍,KRX:347860,KRW,1855.0,1855.0,yahoo.KS
2026-02-05,국장,디앤디파마텍,KRX:347860,KRW,1779.0,1779.0,yahoo.KS
2026-02-06,국장,디앤디파마텍,KRX:347860,KRW,1744.0,1744.0,yahoo.KS
2026-02-09,국장,디앤디파마텍,KRX:347860,KRW,1807.0,1807.0,yahoo.KS
2026-02-10,국장,디앤디파마텍,KRX:347860,KRW,1876.0,1876.0,yahoo.KS
2026-02-11,국장,디앤디파마텍,KRX:347860,KRW,1879.0,1879.0,yahoo.KS
2026-02-12,국장,디앤디파마텍,KRX:347860,KRW,1866.0,1866.0,yahoo.KS
2026-02-13,국장,디앤디파마텍,KRX:347860,KRW,1769.0,1769.0,yahoo.KS
2026-02-19,국장,디앤디파마텍,KRX:347860,KRW,1772.0,1772.0,yahoo.KS
2026-02-20,국장,디앤디파마텍,KRX:347860,KRW,1774.0,1774.0,yahoo.KS
2026-02-23,국장,디앤디파마텍,KRX:347860,KRW,1750.0,1750.0,yahoo.KS
2026-02-24,국장,디앤디파마텍,KRX:347860,KRW,1730.0,1730.0,yahoo.KS
2026-02-25,국장,디앤디파마텍,KRX:347860,KRW,1732.0,1732.0,yahoo.KS
2026-02-26,국장,디앤디파마텍,KRX:347860,KRW,1718.0,1718.0,yahoo.KS
2026-02-27,국장,디앤디파마텍,KRX:347860,KRW,1645.0,1645.0,yahoo.KS
2026-03-03,국장,디앤디파마텍,KRX:347860,KRW,1545.0,1545.0,yahoo.KS
2026-03-04,국장,디앤디파마텍,KRX:347860,KRW,1372.0,1372.0,yahoo.KS
2026-03-05,국장,디앤디파마텍,KRX:347860,KRW,1550.0,1550.0,yahoo.KS
2026-01-02,국장,하이브,KRX:352820,KRW,346000.0,346000.0,yahoo.KS
2026-01-05,국장,하이브,KRX:352820,KRW,337500.0,337500.0,yahoo.KS
2026-01-06,국장,하이브,KRX:352820,KRW,335500.0,335500.0,yahoo.KS
2026-01-07,국장,하이브,KRX:352820,KRW,329000.0,329000.0,yahoo.KS
2026-01-08,국장,하이브,KRX:352820,KRW,335500.0,335500.0,yahoo.KS
2026-01-09,국장,하이브,KRX:352820,KRW,331000.0,331000.0,yahoo.KS
2026-01-12,국장,하이브,KRX:352820,KRW,332000.0,332000.0,yahoo.KS
2026-01-13,국장,하이브,KRX:352820,KRW,332000.0,332000.0,yahoo.KS
2026-01-14,국장,하이브,KRX:352820,KRW,331000.0,331000.0,yahoo.KS
2026-01-15,국장,하이브,KRX:352820,KRW,338500.0,338500.0,yahoo.KS
2026-01-16,국장,하이브,KRX:352820,KRW,336500.0,336500.0,yahoo.KS
2026-01-19,국장,하이브,KRX:352820,KRW,366500.0,366500.0,yahoo.KS
2026-01-20,국장,하이브,KRX:352820,KRW,370000.0,370000.0,yahoo.KS
2026-01-21,국장,하이브,KRX:352820,KRW,361000.0,361000.0,yahoo.KS
2026-01-22,국장,하이브,KRX:352820,KRW,368500.0,368500.0,yahoo.KS
2026-01-23,국장,하이브,KRX:352820,KRW,380000.0,380000.0,yahoo.KS
2026-01-26,국장,하이브,KRX:352820,KRW,382000.0,382000.0,yahoo.KS
2026-01-27,국장,하이브,KRX:352820,KRW,379000.0,379000.0,yahoo.KS
2026-01-28,국장,하이브,KRX:352820,KRW,379500.0,379500.0,yahoo.KS
2026-01-29,국장,하이브,KRX:352820,KRW,377500.0,377500.0,yahoo.KS
2026-01-30,국장,하이브,KRX:352820,KRW,374000.0,374000.0,yahoo.KS
2026-02-02,국장,하이브,KRX:352820,KRW,357000.0,357000.0,yahoo.KS
2026-02-03,국장,하이브,KRX:352820,KRW,368500.0,368500.0,yahoo.KS
2026-02-04,국장,하이브,KRX:352820,KRW,369500.0,369500.0,yahoo.KS
2026-02-05,국장,하이브,KRX:352820,KRW,364500.0,364500.0,yahoo.KS
2026-02-06,국장,하이브,KRX:352820,KRW,355500.0,355500.0,yahoo.KS
2026-02-09,국장,하이브,KRX:352820,KRW,376500.0,376500.0,yahoo.KS
2026-02-10,국장,하이브,KRX:352820,KRW,377000.0,377000.0,yahoo.KS
2026-02-11,국장,하이브,KRX:352820,KRW,383000.0,383000.0,yahoo.KS
2026-02-12,국장,하이브,KRX:352820,KRW,380500.0,380500.0,yahoo.KS
2026-02-13,국장,하이브,KRX:352820,KRW,390000.0,390000.0,yahoo.KS
2026-02-19,국장,하이브,KRX:352820,KRW,404500.0,404500.0,yahoo.KS
2026-02-20,국장,하이브,KRX:352820,KRW,398500.0,398500.0,yahoo.KS
2026-02-23,국장,하이브,KRX:352820,KRW,401500.0,401500.0,yahoo.KS
2026-02-24,국장,하이브,KRX:352820,KRW,399000.0,399000.0,yahoo.KS
2026-02-25,국장,하이브,KRX:352820,KRW,396500.0,396500.0,yahoo.KS
2026-02-26,국장,하이브,KRX:352820,KRW,391000.0,391000.0,yahoo.KS
2026-02-27,국장,하이브,KRX:352820,KRW,387500.0,387500.0,yahoo.KS
2026-03-03,국장,하이브,KRX:352820,KRW,359500.0,359500.0,yahoo.KS
2026-03-04,국장,하이브,KRX:352820,KRW,327000.0,327000.0,yahoo.KS
2026-03-05,국장,하이브,KRX:352820,KRW,343000.0,343000.0,yahoo.KS
2026-03-06,국장,하이브,KRX:352820,KRW,353000.0,353000.0,yahoo.KS
2026-03-09,국장,하이브,KRX:352820,KRW,346000.0,346000.0,yahoo.KS
2026-03-10,국장,하이브,KRX:352820,KRW,351500.0,351500.0,yahoo.KS
2026-03-11,국장,하이브,KRX:352820,KRW,353500.0,353500.0,yahoo.KS
2026-03-12,국장,하이브,KRX:352820,KRW,355000.0,355000.0,yahoo.KS
2026-03-13,국장,하이브,KRX:352820,KRW,361500.0,361500.0,yahoo.KS
2026-03-16,국장,하이브,KRX:352820,KRW,350000.0,350000.0,yahoo.KS
2026-03-17,국장,하이브,KRX:352820,KRW,365000.0,365000.0,yahoo.KS
2026-03-18,국장,하이브,KRX:352820,KRW,367500.0,367500.0,yahoo.KS
2026-03-19,국장,하이브,KRX:352820,KRW,354500.0,354500.0,yahoo.KS
2026-03-20,국장,하이브,KRX:352820,KRW,344000.0,344000.0,yahoo.KS
2026-03-23,국장,하이브,KRX:352820,KRW,290500.0,290500.0,yahoo.KS
2026-03-24,국장,하이브,KRX:352820,KRW,293000.0,293000.0,yahoo.KS
2026-03-25,국장,하이브,KRX:352820,KRW,304500.0,304500.0,yahoo.KS
2026-03-26,국장,하이브,KRX:352820,KRW,304000.0,304000.0,yahoo.KS
2026-03-27,국장,하이브,KRX:352820,KRW,307000.0,307000.0,yahoo.KS
2026-03-30,국장,하이브,KRX:352820,KRW,302500.0,302500.0,yahoo.KS
2026-03-31,국장,하이브,KRX:352820,KRW,299000.0,299000.0,yahoo.KS
2026-04-01,국장,하이브,KRX:352820,KRW,289500.0,289500.0,yahoo.KS
2026-04-02,국장,하이브,KRX:352820,KRW,268500.0,268500.0,yahoo.KS
2026-04-03,국장,하이브,KRX:352820,KRW,270000.0,270000.0,yahoo.KS
2026-04-06,국장,하이브,KRX:352820,KRW,271000.0,271000.0,yahoo.KS
2026-04-07,국장,하이브,KRX:352820,KRW,256000.0,256000.0,yahoo.KS
2026-04-08,국장,하이브,KRX:352820,KRW,260500.0,260500.0,yahoo.KS
2026-04-09,국장,하이브,KRX:352820,KRW,255500.0,255500.0,yahoo.KS
2026-04-10,국장,하이브,KRX:352820,KRW,254000.0,254000.0,yahoo.KS
2026-04-13,국장,하이브,KRX:352820,KRW,250000.0,250000.0,yahoo.KS
2026-04-14,국장,하이브,KRX:352820,KRW,245500.0,245500.0,yahoo.KS
2026-04-15,국장,하이브,KRX:352820,KRW,255500.0,255500.0,yahoo.KS
2026-04-16,국장,하이브,KRX:352820,KRW,268000.0,268000.0,yahoo.KS
2026-04-17,국장,하이브,KRX:352820,KRW,262500.0,262500.0,yahoo.KS
2026-04-20,국장,하이브,KRX:352820,KRW,255000.0,255000.0,yahoo.KS
2026-04-21,국장,하이브,KRX:352820,KRW,249000.0,249000.0,yahoo.KS
2026-04-22,국장,하이브,KRX:352820,KRW,250000.0,250000.0,yahoo.KS
2026-04-23,국장,하이브,KRX:352820,KRW,246500.0,246500.0,yahoo.KS
2026-04-24,국장,하이브,KRX:352820,KRW,252000.0,252000.0,yahoo.KS
2026-04-27,국장,하이브,KRX:352820,KRW,250000.0,250000.0,yahoo.KS
2026-04-28,국장,하이브,KRX:352820,KRW,248500.0,248500.0,yahoo.KS
2026-04-29,국장,하이브,KRX:352820,KRW,252500.0,252500.0,yahoo.KS
2026-04-30,국장,하이브,KRX:352820,KRW,263000.0,263000.0,yahoo.KS
2026-05-04,국장,하이브,KRX:352820,KRW,257500.0,257500.0,yahoo.KS
2026-05-06,국장,하이브,KRX:352820,KRW,246500.0,246500.0,yahoo.KS
2026-05-07,국장,하이브,KRX:352820,KRW,243500.0,243500.0,yahoo.KS
2026-05-08,국장,하이브,KRX:352820,KRW,247500.0,247500.0,yahoo.KS
2026-05-11,국장,하이브,KRX:352820,KRW,241500.0,241500.0,yahoo.KS
2026-05-12,국장,하이브,KRX:352820,KRW,231500.0,231500.0,yahoo.KS
2026-05-13,국장,하이브,KRX:352820,KRW,230500.0,230500.0,yahoo.KS
2026-05-14,국장,하이브,KRX:352820,KRW,247000.0,247000.0,yahoo.KS
2026-05-15,국장,하이브,KRX:352820,KRW,244000.0,244000.0,yahoo.KS
2026-05-18,국장,하이브,KRX:352820,KRW,235000.0,235000.0,yahoo.KS
2026-05-19,국장,하이브,KRX:352820,KRW,236000.0,236000.0,yahoo.KS
2026-05-20,국장,하이브,KRX:352820,KRW,226500.0,226500.0,yahoo.KS
2026-05-21,국장,하이브,KRX:352820,KRW,231000.0,231000.0,yahoo.KS
2026-05-22,국장,하이브,KRX:352820,KRW,235000.0,235000.0,yahoo.KS
2026-05-26,국장,하이브,KRX:352820,KRW,236000.0,236000.0,yahoo.KS
2026-05-27,국장,하이브,KRX:352820,KRW,233000.0,233000.0,yahoo.KS
2026-05-28,국장,하이브,KRX:352820,KRW,223500.0,223500.0,yahoo.KS
2026-05-29,국장,하이브,KRX:352820,KRW,220000.0,220000.0,yahoo.KS
2026-06-01,국장,하이브,KRX:352820,KRW,216000.0,216000.0,yahoo.KS
2026-06-02,국장,하이브,KRX:352820,KRW,213500.0,213500.0,yahoo.KS
2026-06-04,국장,하이브,KRX:352820,KRW,215000.0,215000.0,yahoo.KS
2026-06-05,국장,하이브,KRX:352820,KRW,209500.0,209500.0,yahoo.KS
2026-06-08,국장,하이브,KRX:352820,KRW,197400.0,197400.0,yahoo.KS
2026-06-09,국장,하이브,KRX:352820,KRW,206500.0,206500.0,yahoo.KS
2026-06-10,국장,하이브,KRX:352820,KRW,205000.0,205000.0,yahoo.KS
2026-06-11,국장,하이브,KRX:352820,KRW,218000.0,218000.0,yahoo.KS
2026-06-12,국장,하이브,KRX:352820,KRW,225000.0,225000.0,yahoo.KS
2026-06-15,국장,하이브,KRX:352820,KRW,218500.0,218500.0,yahoo.KS
2026-06-16,국장,하이브,KRX:352820,KRW,223000.0,223000.0,yahoo.KS
2026-06-17,국장,하이브,KRX:352820,KRW,235500.0,235500.0,yahoo.KS
2026-06-18,국장,하이브,KRX:352820,KRW,228000.0,228000.0,yahoo.KS
2026-06-19,국장,하이브,KRX:352820,KRW,223500.0,223500.0,yahoo.KS
2026-06-22,국장,하이브,KRX:352820,KRW,213000.0,213000.0,yahoo.KS
2026-06-23,국장,하이브,KRX:352820,KRW,195100.0,195100.0,yahoo.KS
2026-06-24,국장,하이브,KRX:352820,KRW,193900.0,193900.0,yahoo.KS
2026-06-25,국장,하이브,KRX:352820,KRW,187700.0,187700.0,yahoo.KS
2026-06-26,국장,하이브,KRX:352820,KRW,177800.0,177800.0,yahoo.KS
2026-06-29,국장,하이브,KRX:352820,KRW,195300.0,195300.0,yahoo.KS
2026-06-30,국장,하이브,KRX:352820,KRW,192100.0,192100.0,yahoo.KS
2026-07-01,국장,하이브,KRX:352820,KRW,204000.0,204000.0,yahoo.KS
2026-07-02,국장,하이브,KRX:352820,KRW,213500.0,213500.0,yahoo.KS
2026-07-03,국장,하이브,KRX:352820,KRW,205000.0,205000.0,yahoo.KS
2026-07-06,국장,하이브,KRX:352820,KRW,215000.0,215000.0,yahoo.KS
2026-07-07,국장,하이브,KRX:352820,KRW,232000.0,232000.0,yahoo.KS
2026-07-08,국장,하이브,KRX:352820,KRW,230000.0,230000.0,yahoo.KS
2026-07-09,국장,하이브,KRX:352820,KRW,216000.0,216000.0,yahoo.KS
2026-07-10,국장,하이브,KRX:352820,KRW,220500.0,220500.0,yahoo.KS
2026-07-13,국장,하이브,KRX:352820,KRW,213000.0,213000.0,yahoo.KS
2026-07-14,국장,하이브,KRX:352820,KRW,206000.0,206000.0,yahoo.KS
2026-07-15,국장,하이브,KRX:352820,KRW,208000.0,208000.0,yahoo.KS
2026-07-16,국장,하이브,KRX:352820,KRW,208500.0,208500.0,yahoo.KS
2026-07-20,국장,하이브,KRX:352820,KRW,203000.0,203000.0,yahoo.KS
2026-07-21,국장,하이브,KRX:352820,KRW,198400.0,198400.0,yahoo.KS
2026-07-22,국장,하이브,KRX:352820,KRW,199600.0,199600.0,yahoo.KS
2026-07-23,국장,하이브,KRX:352820,KRW,211000.0,211000.0,yahoo.KS
2026-07-24,국장,하이브,KRX:352820,KRW,212000.0,212000.0,yahoo.KS
2026-07-27,국장,하이브,KRX:352820,KRW,225000.0,225000.0,yahoo.KS
2026-07-28,국장,하이브,KRX:352820,KRW,188800.0,188800.0,yahoo.KS
2026-07-29,국장,하이브,KRX:352820,KRW,170300.0,170300.0,yahoo.KS
2026-07-30,국장,하이브,KRX:352820,KRW,163000.0,163000.0,yahoo.KS
2026-07-31,국장,하이브,KRX:352820,KRW,168800.0,168800.0,yahoo.KS
2026-08-03,국장,하이브,KRX:352820,KRW,174300.0,174300.0,yahoo.KS
2026-08-04,국장,하이브,KRX:352820,KRW,181000.0,181000.0,yahoo.KS
2026-08-05,국장,하이브,KRX:352820,KRW,181000.0,181000.0,yahoo.KS
2026-08-06,국장,하이브,KRX:352820,KRW,180700.0,180700.0,yahoo.KS
2026-08-07,국장,하이브,KRX:352820,KRW,185000.0,185000.0,yahoo.KS
2026-08-10,국장,하이브,KRX:352820,KRW,183900.0,183900.0,yahoo.KS
2026-08-11,국장,하이브,KRX:352820,KRW,180300.0,180300.0,yahoo.KS
2026-08-12,국장,하이브,KRX:352820,KRW,179500.0,179500.0,yahoo.KS
2026-08-13,국장,하이브,KRX:352820,KRW,176400.0,176400.0,yahoo.KS
2026-08-14,국장,하이브,KRX:352820,KRW,179400.0,179400.0,yahoo.KS
2026-08-18,국장,하이브,KRX:352820,KRW,171800.0,171800.0,yahoo.KS
2026-08-19,국장,하이브,KRX:352820,KRW,172200.0,172200.0,yahoo.KS
2026-08-20,국장,하이브,KRX:352820,KRW,173400.0,173400.0,yahoo.KS
2026-08-21,국장,하이브,KRX:352820,KRW,167900.0,167900.0,yahoo.KS
2026-08-24,국장,하이브,KRX:352820,KRW,174600.0,174600.0,yahoo.KS
2026-03-25,국장,대덕전자,KRX:353200,KRW,88600.0,88600.0,yahoo.KS
2026-03-26,국장,대덕전자,KRX:353200,KRW,87700.0,87700.0,yahoo.KS
2026-03-27,국장,대덕전자,KRX:353200,KRW,87700.0,87700.0,yahoo.KS
2026-03-30,국장,대덕전자,KRX:353200,KRW,82700.0,82700.0,yahoo.KS
2026-03-31,국장,대덕전자,KRX:353200,KRW,76700.0,76700.0,yahoo.KS
2026-04-01,국장,대덕전자,KRX:353200,KRW,87900.0,87900.0,yahoo.KS
2026-01-09,국장,TIGER 차이나항셍테크,KRX:371160,KRW,9180.0,9180.0,yahoo.KS
2026-01-12,국장,TIGER 차이나항셍테크,KRX:371160,KRW,9485.0,9485.0,yahoo.KS
2026-01-13,국장,TIGER 차이나항셍테크,KRX:371160,KRW,9515.0,9515.0,yahoo.KS
2026-01-14,국장,TIGER 차이나항셍테크,KRX:371160,KRW,9615.0,9615.0,yahoo.KS
2026-01-15,국장,TIGER 차이나항셍테크,KRX:371160,KRW,9440.0,9440.0,yahoo.KS
2026-01-16,국장,TIGER 차이나항셍테크,KRX:371160,KRW,9455.0,9455.0,yahoo.KS
2026-01-19,국장,TIGER 차이나항셍테크,KRX:371160,KRW,9355.0,9355.0,yahoo.KS
2026-01-20,국장,TIGER 차이나항셍테크,KRX:371160,KRW,9305.0,9305.0,yahoo.KS
2026-01-21,국장,TIGER 차이나항셍테크,KRX:371160,KRW,9255.0,9255.0,yahoo.KS
2026-01-22,국장,TIGER 차이나항셍테크,KRX:371160,KRW,9310.0,9310.0,yahoo.KS
2026-01-23,국장,TIGER 차이나항셍테크,KRX:371160,KRW,9365.0,9365.0,yahoo.KS
2026-01-26,국장,TIGER 차이나항셍테크,KRX:371160,KRW,9080.0,9080.0,yahoo.KS
2026-01-27,국장,TIGER 차이나항셍테크,KRX:371160,KRW,9150.0,9150.0,yahoo.KS
2026-01-28,국장,TIGER 차이나항셍테크,KRX:371160,KRW,9220.0,9220.0,yahoo.KS
2026-01-29,국장,TIGER 차이나항셍테크,KRX:371160,KRW,9150.0,9150.0,yahoo.KS
2026-01-30,국장,TIGER 차이나항셍테크,KRX:371160,KRW,9035.0,9035.0,yahoo.KS
2026-01-09,국장,TIGER 차이나전기차SOLACTIVE,KRX:371460,KRW,12995.0,12995.0,yahoo.KS
2026-01-12,국장,TIGER 차이나전기차SOLACTIVE,KRX:371460,KRW,13105.0,13105.0,yahoo.KS
2026-01-13,국장,TIGER 차이나전기차SOLACTIVE,KRX:371460,KRW,13215.0,13215.0,yahoo.KS
2026-01-14,국장,TIGER 차이나전기차SOLACTIVE,KRX:371460,KRW,13035.0,13035.0,yahoo.KS
2026-01-15,국장,TIGER 차이나전기차SOLACTIVE,KRX:371460,KRW,13010.0,13010.0,yahoo.KS
2026-01-02,국장,KODEX 미국나스닥100,KRX:379810,KRW,24425.0,24425.0,yahoo.KS
2026-01-05,국장,KODEX 미국나스닥100,KRX:379810,KRW,24330.0,24330.0,yahoo.KS
2026-01-06,국장,KODEX 미국나스닥100,KRX:379810,KRW,24520.0,24520.0,yahoo.KS
2026-01-07,국장,KODEX 미국나스닥100,KRX:379810,KRW,24650.0,24650.0,yahoo.KS
2026-01-08,국장,KODEX 미국나스닥100,KRX:379810,KRW,24610.0,24610.0,yahoo.KS
2026-01-09,국장,KODEX 미국나스닥100,KRX:379810,KRW,24755.0,24755.0,yahoo.KS
2026-01-12,국장,KODEX 미국나스닥100,KRX:379810,KRW,24950.0,24950.0,yahoo.KS
2026-01-13,국장,KODEX 미국나스닥100,KRX:379810,KRW,25250.0,25250.0,yahoo.KS
2026-01-14,국장,KODEX 미국나스닥100,KRX:379810,KRW,25245.0,25245.0,yahoo.KS
2026-01-15,국장,KODEX 미국나스닥100,KRX:379810,KRW,24980.0,24980.0,yahoo.KS
2026-01-16,국장,KODEX 미국나스닥100,KRX:379810,KRW,25155.0,25155.0,yahoo.KS
2026-01-19,국장,KODEX 미국나스닥100,KRX:379810,KRW,24815.0,24815.0,yahoo.KS
2026-01-20,국장,KODEX 미국나스닥100,KRX:379810,KRW,24750.0,24750.0,yahoo.KS
2026-01-21,국장,KODEX 미국나스닥100,KRX:379810,KRW,24555.0,24555.0,yahoo.KS
2026-01-22,국장,KODEX 미국나스닥100,KRX:379810,KRW,24795.0,24795.0,yahoo.KS
2026-01-23,국장,KODEX 미국나스닥100,KRX:379810,KRW,24955.0,24955.0,yahoo.KS
2026-01-26,국장,KODEX 미국나스닥100,KRX:379810,KRW,24515.0,24515.0,yahoo.KS
2026-01-27,국장,KODEX 미국나스닥100,KRX:379810,KRW,24840.0,24840.0,yahoo.KS
2026-01-28,국장,KODEX 미국나스닥100,KRX:379810,KRW,24755.0,24755.0,yahoo.KS
2026-01-29,국장,KODEX 미국나스닥100,KRX:379810,KRW,24705.0,24705.0,yahoo.KS
2026-01-30,국장,KODEX 미국나스닥100,KRX:379810,KRW,24495.0,24495.0,yahoo.KS
2026-02-02,국장,KODEX 미국나스닥100,KRX:379810,KRW,24405.0,24405.0,yahoo.KS
2026-02-03,국장,KODEX 미국나스닥100,KRX:379810,KRW,24815.0,24815.0,yahoo.KS
2026-02-04,국장,KODEX 미국나스닥100,KRX:379810,KRW,24390.0,24390.0,yahoo.KS
2026-02-05,국장,KODEX 미국나스닥100,KRX:379810,KRW,24280.0,24280.0,yahoo.KS
2026-02-06,국장,KODEX 미국나스닥100,KRX:379810,KRW,23885.0,23885.0,yahoo.KS
2026-02-09,국장,KODEX 미국나스닥100,KRX:379810,KRW,24295.0,24295.0,yahoo.KS
2026-02-10,국장,KODEX 미국나스닥100,KRX:379810,KRW,24420.0,24420.0,yahoo.KS
2026-02-11,국장,KODEX 미국나스닥100,KRX:379810,KRW,24245.0,24245.0,yahoo.KS
2026-02-12,국장,KODEX 미국나스닥100,KRX:379810,KRW,24130.0,24130.0,yahoo.KS
2026-02-13,국장,KODEX 미국나스닥100,KRX:379810,KRW,23620.0,23620.0,yahoo.KS
2026-02-19,국장,KODEX 미국나스닥100,KRX:379810,KRW,23940.0,23940.0,yahoo.KS
2026-02-20,국장,KODEX 미국나스닥100,KRX:379810,KRW,23900.0,23900.0,yahoo.KS
2026-02-23,국장,KODEX 미국나스닥100,KRX:379810,KRW,23700.0,23700.0,yahoo.KS
2026-02-24,국장,KODEX 미국나스닥100,KRX:379810,KRW,23730.0,23730.0,yahoo.KS
2026-02-25,국장,KODEX 미국나스닥100,KRX:379810,KRW,23715.0,23715.0,yahoo.KS
2026-02-26,국장,KODEX 미국나스닥100,KRX:379810,KRW,23915.0,23915.0,yahoo.KS
2026-02-27,국장,KODEX 미국나스닥100,KRX:379810,KRW,23830.0,23830.0,yahoo.KS
2026-03-03,국장,KODEX 미국나스닥100,KRX:379810,KRW,24070.0,24070.0,yahoo.KS
2026-03-04,국장,KODEX 미국나스닥100,KRX:379810,KRW,24005.0,24005.0,yahoo.KS
2026-03-05,국장,KODEX 미국나스닥100,KRX:379810,KRW,24340.0,24340.0,yahoo.KS
2026-03-06,국장,KODEX 미국나스닥100,KRX:379810,KRW,24575.0,24575.0,yahoo.KS
2026-03-09,국장,KODEX 미국나스닥100,KRX:379810,KRW,24080.0,24080.0,yahoo.KS
2026-03-10,국장,KODEX 미국나스닥100,KRX:379810,KRW,24330.0,24330.0,yahoo.KS
2026-03-11,국장,KODEX 미국나스닥100,KRX:379810,KRW,24335.0,24335.0,yahoo.KS
2026-03-12,국장,KODEX 미국나스닥100,KRX:379810,KRW,24350.0,24350.0,yahoo.KS
2026-03-13,국장,KODEX 미국나스닥100,KRX:379810,KRW,24330.0,24330.0,yahoo.KS
2026-03-16,국장,KODEX 미국나스닥100,KRX:379810,KRW,24380.0,24380.0,yahoo.KS
2026-03-17,국장,KODEX 미국나스닥100,KRX:379810,KRW,24325.0,24325.0,yahoo.KS
2026-03-18,국장,KODEX 미국나스닥100,KRX:379810,KRW,24580.0,24580.0,yahoo.KS
2026-03-19,국장,KODEX 미국나스닥100,KRX:379810,KRW,24295.0,24295.0,yahoo.KS
2026-03-20,국장,KODEX 미국나스닥100,KRX:379810,KRW,24255.0,24255.0,yahoo.KS
2026-03-23,국장,KODEX 미국나스닥100,KRX:379810,KRW,23890.0,23890.0,yahoo.KS
2026-03-24,국장,KODEX 미국나스닥100,KRX:379810,KRW,23945.0,23945.0,yahoo.KS
2026-03-25,국장,KODEX 미국나스닥100,KRX:379810,KRW,24035.0,24035.0,yahoo.KS
2026-03-26,국장,KODEX 미국나스닥100,KRX:379810,KRW,24090.0,24090.0,yahoo.KS
2026-03-27,국장,KODEX 미국나스닥100,KRX:379810,KRW,23795.0,23795.0,yahoo.KS
2026-03-30,국장,KODEX 미국나스닥100,KRX:379810,KRW,23335.0,23335.0,yahoo.KS
2026-03-31,국장,KODEX 미국나스닥100,KRX:379810,KRW,23515.0,23515.0,yahoo.KS
2026-04-01,국장,KODEX 미국나스닥100,KRX:379810,KRW,23895.0,23895.0,yahoo.KS
2026-04-02,국장,KODEX 미국나스닥100,KRX:379810,KRW,23835.0,23835.0,yahoo.KS
2026-04-03,국장,KODEX 미국나스닥100,KRX:379810,KRW,23995.0,23995.0,yahoo.KS
2026-04-06,국장,KODEX 미국나스닥100,KRX:379810,KRW,24065.0,24065.0,yahoo.KS
2026-04-07,국장,KODEX 미국나스닥100,KRX:379810,KRW,24055.0,24055.0,yahoo.KS
2026-04-08,국장,KODEX 미국나스닥100,KRX:379810,KRW,24440.0,24440.0,yahoo.KS
2026-04-09,국장,KODEX 미국나스닥100,KRX:379810,KRW,24490.0,24490.0,yahoo.KS
2026-04-10,국장,KODEX 미국나스닥100,KRX:379810,KRW,24680.0,24680.0,yahoo.KS
2026-04-13,국장,KODEX 미국나스닥100,KRX:379810,KRW,24675.0,24675.0,yahoo.KS
2026-04-14,국장,KODEX 미국나스닥100,KRX:379810,KRW,25005.0,25005.0,yahoo.KS
2026-04-15,국장,KODEX 미국나스닥100,KRX:379810,KRW,25290.0,25290.0,yahoo.KS
2026-04-16,국장,KODEX 미국나스닥100,KRX:379810,KRW,25770.0,25770.0,yahoo.KS
2026-04-17,국장,KODEX 미국나스닥100,KRX:379810,KRW,25905.0,25905.0,yahoo.KS
2026-04-20,국장,KODEX 미국나스닥100,KRX:379810,KRW,26010.0,26010.0,yahoo.KS
2026-04-21,국장,KODEX 미국나스닥100,KRX:379810,KRW,26050.0,26050.0,yahoo.KS
2026-04-22,국장,KODEX 미국나스닥100,KRX:379810,KRW,26155.0,26155.0,yahoo.KS
2026-04-23,국장,KODEX 미국나스닥100,KRX:379810,KRW,26415.0,26415.0,yahoo.KS
2026-04-24,국장,KODEX 미국나스닥100,KRX:379810,KRW,26550.0,26550.0,yahoo.KS
2026-04-27,국장,KODEX 미국나스닥100,KRX:379810,KRW,26715.0,26715.0,yahoo.KS
2026-04-28,국장,KODEX 미국나스닥100,KRX:379810,KRW,26660.0,26660.0,yahoo.KS
2026-04-29,국장,KODEX 미국나스닥100,KRX:379810,KRW,26600.0,26600.0,yahoo.KS
2026-04-30,국장,KODEX 미국나스닥100,KRX:379810,KRW,26645.0,26645.0,yahoo.KS
2026-05-04,국장,KODEX 미국나스닥100,KRX:379810,KRW,26945.0,26945.0,yahoo.KS
2026-05-06,국장,KODEX 미국나스닥100,KRX:379810,KRW,27210.0,27210.0,yahoo.KS
2026-05-07,국장,KODEX 미국나스닥100,KRX:379810,KRW,27560.0,27560.0,yahoo.KS
2026-05-08,국장,KODEX 미국나스닥100,KRX:379810,KRW,27975.0,27975.0,yahoo.KS
2026-05-11,국장,KODEX 미국나스닥100,KRX:379810,KRW,28535.0,28535.0,yahoo.KS
2026-05-12,국장,KODEX 미국나스닥100,KRX:379810,KRW,28765.0,28765.0,yahoo.KS
2026-05-13,국장,KODEX 미국나스닥100,KRX:379810,KRW,28875.0,28875.0,yahoo.KS
2026-05-14,국장,KODEX 미국나스닥100,KRX:379810,KRW,29180.0,29180.0,yahoo.KS
2026-05-15,국장,KODEX 미국나스닥100,KRX:379810,KRW,29075.0,29075.0,yahoo.KS
2026-05-18,국장,KODEX 미국나스닥100,KRX:379810,KRW,28740.0,28740.0,yahoo.KS
2026-05-19,국장,KODEX 미국나스닥100,KRX:379810,KRW,28860.0,28860.0,yahoo.KS
2026-05-20,국장,KODEX 미국나스닥100,KRX:379810,KRW,28875.0,28875.0,yahoo.KS
2026-05-21,국장,KODEX 미국나스닥100,KRX:379810,KRW,29230.0,29230.0,yahoo.KS
2026-05-22,국장,KODEX 미국나스닥100,KRX:379810,KRW,29645.0,29645.0,yahoo.KS
2026-05-26,국장,KODEX 미국나스닥100,KRX:379810,KRW,29670.0,29670.0,yahoo.KS
2026-05-27,국장,KODEX 미국나스닥100,KRX:379810,KRW,29865.0,29865.0,yahoo.KS
2026-05-28,국장,KODEX 미국나스닥100,KRX:379810,KRW,29760.0,29760.0,yahoo.KS
2026-05-29,국장,KODEX 미국나스닥100,KRX:379810,KRW,30250.0,30250.0,yahoo.KS
2026-06-01,국장,KODEX 미국나스닥100,KRX:379810,KRW,30435.0,30435.0,yahoo.KS
2026-06-02,국장,KODEX 미국나스닥100,KRX:379810,KRW,30605.0,30605.0,yahoo.KS
2026-06-04,국장,KODEX 미국나스닥100,KRX:379810,KRW,30875.0,30875.0,yahoo.KS
2026-06-05,국장,KODEX 미국나스닥100,KRX:379810,KRW,30750.0,30750.0,yahoo.KS
2026-06-08,국장,KODEX 미국나스닥100,KRX:379810,KRW,29585.0,29585.0,yahoo.KS
2026-06-09,국장,KODEX 미국나스닥100,KRX:379810,KRW,29695.0,29695.0,yahoo.KS
2026-06-10,국장,KODEX 미국나스닥100,KRX:379810,KRW,29270.0,29270.0,yahoo.KS
2026-06-11,국장,KODEX 미국나스닥100,KRX:379810,KRW,29130.0,29130.0,yahoo.KS
2026-06-12,국장,KODEX 미국나스닥100,KRX:379810,KRW,29645.0,29645.0,yahoo.KS
2026-06-15,국장,KODEX 미국나스닥100,KRX:379810,KRW,30285.0,30285.0,yahoo.KS
2026-06-16,국장,KODEX 미국나스닥100,KRX:379810,KRW,30605.0,30605.0,yahoo.KS
2026-06-17,국장,KODEX 미국나스닥100,KRX:379810,KRW,30275.0,30275.0,yahoo.KS
2026-06-18,국장,KODEX 미국나스닥100,KRX:379810,KRW,30425.0,30425.0,yahoo.KS
2026-06-19,국장,KODEX 미국나스닥100,KRX:379810,KRW,30600.0,30600.0,yahoo.KS
2026-06-22,국장,KODEX 미국나스닥100,KRX:379810,KRW,31010.0,31010.0,yahoo.KS
2026-06-23,국장,KODEX 미국나스닥100,KRX:379810,KRW,30375.0,30375.0,yahoo.KS
2026-06-24,국장,KODEX 미국나스닥100,KRX:379810,KRW,30200.0,30200.0,yahoo.KS
2026-06-25,국장,KODEX 미국나스닥100,KRX:379810,KRW,30510.0,30510.0,yahoo.KS
2026-06-26,국장,KODEX 미국나스닥100,KRX:379810,KRW,29615.0,29615.0,yahoo.KS
2026-06-29,국장,KODEX 미국나스닥100,KRX:379810,KRW,30105.0,30105.0,yahoo.KS
2026-06-30,국장,KODEX 미국나스닥100,KRX:379810,KRW,30690.0,30690.0,yahoo.KS
2026-07-01,국장,KODEX 미국나스닥100,KRX:379810,KRW,31100.0,31100.0,yahoo.KS
2026-07-02,국장,KODEX 미국나스닥100,KRX:379810,KRW,30620.0,30620.0,yahoo.KS
2026-07-03,국장,KODEX 미국나스닥100,KRX:379810,KRW,30065.0,30065.0,yahoo.KS
2026-07-06,국장,KODEX 미국나스닥100,KRX:379810,KRW,30020.0,30020.0,yahoo.KS
2026-07-07,국장,KODEX 미국나스닥100,KRX:379810,KRW,29835.0,29835.0,yahoo.KS
2026-07-08,국장,KODEX 미국나스닥100,KRX:379810,KRW,28975.0,28975.0,yahoo.KS
2026-07-09,국장,KODEX 미국나스닥100,KRX:379810,KRW,29390.0,29390.0,yahoo.KS
2026-07-10,국장,KODEX 미국나스닥100,KRX:379810,KRW,29495.0,29495.0,yahoo.KS
2026-07-13,국장,KODEX 미국나스닥100,KRX:379810,KRW,29370.0,29370.0,yahoo.KS
2026-07-14,국장,KODEX 미국나스닥100,KRX:379810,KRW,29150.0,29150.0,yahoo.KS
2026-07-15,국장,KODEX 미국나스닥100,KRX:379810,KRW,29425.0,29425.0,yahoo.KS
2026-07-16,국장,KODEX 미국나스닥100,KRX:379810,KRW,28995.0,28995.0,yahoo.KS
2026-07-20,국장,KODEX 미국나스닥100,KRX:379810,KRW,28055.0,28055.0,yahoo.KS
2026-07-21,국장,KODEX 미국나스닥100,KRX:379810,KRW,28295.0,28295.0,yahoo.KS
2026-07-22,국장,KODEX 미국나스닥100,KRX:379810,KRW,28400.0,28400.0,yahoo.KS
2026-07-23,국장,KODEX 미국나스닥100,KRX:379810,KRW,28160.0,28160.0,yahoo.KS
2026-07-24,국장,KODEX 미국나스닥100,KRX:379810,KRW,27600.0,27600.0,yahoo.KS
2026-07-27,국장,KODEX 미국나스닥100,KRX:379810,KRW,27825.0,27825.0,yahoo.KS
2026-07-28,국장,KODEX 미국나스닥100,KRX:379810,KRW,26930.0,26930.0,yahoo.KS
2026-07-29,국장,KODEX 미국나스닥100,KRX:379810,KRW,26550.0,26550.0,yahoo.KS
2026-07-30,국장,KODEX 미국나스닥100,KRX:379810,KRW,25990.0,25990.0,yahoo.KS
2026-07-31,국장,KODEX 미국나스닥100,KRX:379810,KRW,26875.0,26875.0,yahoo.KS
2026-08-03,국장,KODEX 미국나스닥100,KRX:379810,KRW,26965.0,26965.0,yahoo.KS
2026-08-04,국장,KODEX 미국나스닥100,KRX:379810,KRW,27445.0,27445.0,yahoo.KS
2026-08-05,국장,KODEX 미국나스닥100,KRX:379810,KRW,28090.0,28090.0,yahoo.KS
2026-08-06,국장,KODEX 미국나스닥100,KRX:379810,KRW,27695.0,27695.0,yahoo.KS
2026-08-07,국장,KODEX 미국나스닥100,KRX:379810,KRW,27605.0,27605.0,yahoo.KS
2026-08-10,국장,KODEX 미국나스닥100,KRX:379810,KRW,27960.0,27960.0,yahoo.KS
2026-08-11,국장,KODEX 미국나스닥100,KRX:379810,KRW,27790.0,27790.0,yahoo.KS
2026-08-12,국장,KODEX 미국나스닥100,KRX:379810,KRW,27725.0,27725.0,yahoo.KS
2026-08-13,국장,KODEX 미국나스닥100,KRX:379810,KRW,27965.0,27965.0,yahoo.KS
2026-08-14,국장,KODEX 미국나스닥100,KRX:379810,KRW,28185.0,28185.0,yahoo.KS
2026-08-18,국장,KODEX 미국나스닥100,KRX:379810,KRW,27790.0,27790.0,yahoo.KS
2026-08-19,국장,KODEX 미국나스닥100,KRX:379810,KRW,27170.0,27170.0,yahoo.KS
2026-08-20,국장,KODEX 미국나스닥100,KRX:379810,KRW,27235.0,27235.0,yahoo.KS
2026-08-21,국장,KODEX 미국나스닥100,KRX:379810,KRW,26875.0,26875.0,yahoo.KS
2026-08-24,국장,KODEX 미국나스닥100,KRX:379810,KRW,26595.0,26595.0,yahoo.KS
2026-08-25,국장,KODEX 미국나스닥100,KRX:379810,KRW,26765.0,26765.0,yahoo.KS
2026-01-02,국장,인벤티지랩,KRX:389470,KRW,83200.0,83200.0,yahoo.KS
2026-01-05,국장,인벤티지랩,KRX:389470,KRW,88200.0,88200.0,yahoo.KS
2026-01-06,국장,인벤티지랩,KRX:389470,KRW,85700.0,85700.0,yahoo.KS
2026-01-07,국장,인벤티지랩,KRX:389470,KRW,84300.0,84300.0,yahoo.KS
2026-01-08,국장,인벤티지랩,KRX:389470,KRW,88600.0,88600.0,yahoo.KS
2026-01-09,국장,인벤티지랩,KRX:389470,KRW,87000.0,87000.0,yahoo.KS
2026-01-12,국장,인벤티지랩,KRX:389470,KRW,86900.0,86900.0,yahoo.KS
2026-01-13,국장,인벤티지랩,KRX:389470,KRW,83600.0,83600.0,yahoo.KS
2026-01-14,국장,인벤티지랩,KRX:389470,KRW,80200.0,80200.0,yahoo.KS
2026-01-15,국장,인벤티지랩,KRX:389470,KRW,81300.0,81300.0,yahoo.KS
2026-01-16,국장,인벤티지랩,KRX:389470,KRW,80600.0,80600.0,yahoo.KS
2026-01-19,국장,인벤티지랩,KRX:389470,KRW,81300.0,81300.0,yahoo.KS
2026-01-20,국장,인벤티지랩,KRX:389470,KRW,79600.0,79600.0,yahoo.KS
2026-01-21,국장,인벤티지랩,KRX:389470,KRW,73800.0,73800.0,yahoo.KS
2026-01-22,국장,인벤티지랩,KRX:389470,KRW,76400.0,76400.0,yahoo.KS
2026-01-23,국장,인벤티지랩,KRX:389470,KRW,76000.0,76000.0,yahoo.KS
2026-01-26,국장,인벤티지랩,KRX:389470,KRW,80300.0,80300.0,yahoo.KS
2026-01-27,국장,인벤티지랩,KRX:389470,KRW,80000.0,80000.0,yahoo.KS
2026-01-28,국장,인벤티지랩,KRX:389470,KRW,81900.0,81900.0,yahoo.KS
2026-01-29,국장,인벤티지랩,KRX:389470,KRW,79700.0,79700.0,yahoo.KS
2026-01-30,국장,인벤티지랩,KRX:389470,KRW,73900.0,73900.0,yahoo.KS
2026-02-02,국장,인벤티지랩,KRX:389470,KRW,72000.0,72000.0,yahoo.KS
2026-02-03,국장,인벤티지랩,KRX:389470,KRW,76700.0,76700.0,yahoo.KS
2026-02-04,국장,인벤티지랩,KRX:389470,KRW,76600.0,76600.0,yahoo.KS
2026-02-05,국장,인벤티지랩,KRX:389470,KRW,74000.0,74000.0,yahoo.KS
2026-02-06,국장,인벤티지랩,KRX:389470,KRW,68300.0,68300.0,yahoo.KS
2026-02-09,국장,인벤티지랩,KRX:389470,KRW,69700.0,69700.0,yahoo.KS
2026-02-10,국장,인벤티지랩,KRX:389470,KRW,70500.0,70500.0,yahoo.KS
2026-02-11,국장,인벤티지랩,KRX:389470,KRW,70600.0,70600.0,yahoo.KS
2026-02-12,국장,인벤티지랩,KRX:389470,KRW,75200.0,75200.0,yahoo.KS
2026-02-13,국장,인벤티지랩,KRX:389470,KRW,77700.0,77700.0,yahoo.KS
2026-02-19,국장,인벤티지랩,KRX:389470,KRW,73200.0,73200.0,yahoo.KS
2026-02-20,국장,인벤티지랩,KRX:389470,KRW,70200.0,70200.0,yahoo.KS
2026-02-23,국장,인벤티지랩,KRX:389470,KRW,74300.0,74300.0,yahoo.KS
2026-02-24,국장,인벤티지랩,KRX:389470,KRW,78000.0,78000.0,yahoo.KS
2026-02-25,국장,인벤티지랩,KRX:389470,KRW,81800.0,81800.0,yahoo.KS
2026-02-26,국장,인벤티지랩,KRX:389470,KRW,82800.0,82800.0,yahoo.KS
2026-02-27,국장,인벤티지랩,KRX:389470,KRW,93600.0,93600.0,yahoo.KS
2026-03-03,국장,인벤티지랩,KRX:389470,KRW,91000.0,91000.0,yahoo.KS
2026-03-04,국장,인벤티지랩,KRX:389470,KRW,81000.0,81000.0,yahoo.KS
2026-03-05,국장,인벤티지랩,KRX:389470,KRW,93000.0,93000.0,yahoo.KS
2026-03-06,국장,인벤티지랩,KRX:389470,KRW,95500.0,95500.0,yahoo.KS
2026-03-09,국장,인벤티지랩,KRX:389470,KRW,90700.0,90700.0,yahoo.KS
2026-03-10,국장,인벤티지랩,KRX:389470,KRW,93000.0,93000.0,yahoo.KS
2026-03-11,국장,인벤티지랩,KRX:389470,KRW,94000.0,94000.0,yahoo.KS
2026-03-12,국장,인벤티지랩,KRX:389470,KRW,99500.0,99500.0,yahoo.KS
2026-03-13,국장,인벤티지랩,KRX:389470,KRW,99000.0,99000.0,yahoo.KS
2026-03-16,국장,인벤티지랩,KRX:389470,KRW,90800.0,90800.0,yahoo.KS
2026-03-17,국장,인벤티지랩,KRX:389470,KRW,87000.0,87000.0,yahoo.KS
2026-03-18,국장,인벤티지랩,KRX:389470,KRW,83900.0,83900.0,yahoo.KS
2026-03-19,국장,인벤티지랩,KRX:389470,KRW,78800.0,78800.0,yahoo.KS
2026-03-20,국장,인벤티지랩,KRX:389470,KRW,79900.0,79900.0,yahoo.KS
2026-03-23,국장,인벤티지랩,KRX:389470,KRW,71900.0,71900.0,yahoo.KS
2026-03-24,국장,인벤티지랩,KRX:389470,KRW,70800.0,70800.0,yahoo.KS
2026-03-25,국장,인벤티지랩,KRX:389470,KRW,70800.0,70800.0,yahoo.KS
2026-03-26,국장,인벤티지랩,KRX:389470,KRW,74000.0,74000.0,yahoo.KS
2026-03-27,국장,인벤티지랩,KRX:389470,KRW,76800.0,76800.0,yahoo.KS
2026-03-30,국장,인벤티지랩,KRX:389470,KRW,71500.0,71500.0,yahoo.KS
2026-03-31,국장,인벤티지랩,KRX:389470,KRW,65500.0,65500.0,yahoo.KS
2026-04-01,국장,인벤티지랩,KRX:389470,KRW,70100.0,70100.0,yahoo.KS
2026-04-02,국장,인벤티지랩,KRX:389470,KRW,63700.0,63700.0,yahoo.KS
2026-04-03,국장,인벤티지랩,KRX:389470,KRW,61100.0,61100.0,yahoo.KS
2026-04-06,국장,인벤티지랩,KRX:389470,KRW,59000.0,59000.0,yahoo.KS
2026-04-07,국장,인벤티지랩,KRX:389470,KRW,61900.0,61900.0,yahoo.KS
2026-04-08,국장,인벤티지랩,KRX:389470,KRW,64200.0,64200.0,yahoo.KS
2026-04-09,국장,인벤티지랩,KRX:389470,KRW,65300.0,65300.0,yahoo.KS
2026-04-10,국장,인벤티지랩,KRX:389470,KRW,61800.0,61800.0,yahoo.KS
2026-04-13,국장,인벤티지랩,KRX:389470,KRW,60500.0,60500.0,yahoo.KS
2026-04-14,국장,인벤티지랩,KRX:389470,KRW,61700.0,61700.0,yahoo.KS
2026-04-15,국장,인벤티지랩,KRX:389470,KRW,61800.0,61800.0,yahoo.KS
2026-04-16,국장,인벤티지랩,KRX:389470,KRW,62000.0,62000.0,yahoo.KS
2026-04-17,국장,인벤티지랩,KRX:389470,KRW,62500.0,62500.0,yahoo.KS
2026-04-20,국장,인벤티지랩,KRX:389470,KRW,64400.0,64400.0,yahoo.KS
2026-04-21,국장,인벤티지랩,KRX:389470,KRW,61100.0,61100.0,yahoo.KS
2026-04-22,국장,인벤티지랩,KRX:389470,KRW,60000.0,60000.0,yahoo.KS
2026-04-23,국장,인벤티지랩,KRX:389470,KRW,60500.0,60500.0,yahoo.KS
2026-04-24,국장,인벤티지랩,KRX:389470,KRW,62400.0,62400.0,yahoo.KS
2026-04-27,국장,인벤티지랩,KRX:389470,KRW,64900.0,64900.0,yahoo.KS
2026-04-28,국장,인벤티지랩,KRX:389470,KRW,62300.0,62300.0,yahoo.KS
2026-04-29,국장,인벤티지랩,KRX:389470,KRW,64100.0,64100.0,yahoo.KS
2026-04-30,국장,인벤티지랩,KRX:389470,KRW,61500.0,61500.0,yahoo.KS
2026-05-04,국장,인벤티지랩,KRX:389470,KRW,63300.0,63300.0,yahoo.KS
2026-05-06,국장,인벤티지랩,KRX:389470,KRW,58700.0,58700.0,yahoo.KS
2026-05-07,국장,인벤티지랩,KRX:389470,KRW,55700.0,55700.0,yahoo.KS
2026-05-08,국장,인벤티지랩,KRX:389470,KRW,54000.0,54000.0,yahoo.KS
2026-05-11,국장,인벤티지랩,KRX:389470,KRW,55600.0,55600.0,yahoo.KS
2026-05-12,국장,인벤티지랩,KRX:389470,KRW,57600.0,57600.0,yahoo.KS
2026-05-13,국장,인벤티지랩,KRX:389470,KRW,54700.0,54700.0,yahoo.KS
2026-05-14,국장,인벤티지랩,KRX:389470,KRW,54300.0,54300.0,yahoo.KS
2026-05-15,국장,인벤티지랩,KRX:389470,KRW,54500.0,54500.0,yahoo.KS
2026-05-18,국장,인벤티지랩,KRX:389470,KRW,51000.0,51000.0,yahoo.KS
2026-05-19,국장,인벤티지랩,KRX:389470,KRW,51500.0,51500.0,yahoo.KS
2026-05-20,국장,인벤티지랩,KRX:389470,KRW,48100.0,48100.0,yahoo.KS
2026-05-21,국장,인벤티지랩,KRX:389470,KRW,48150.0,48150.0,yahoo.KS
2026-05-22,국장,인벤티지랩,KRX:389470,KRW,50800.0,50800.0,yahoo.KS
2026-05-26,국장,인벤티지랩,KRX:389470,KRW,54600.0,54600.0,yahoo.KS
2026-05-27,국장,인벤티지랩,KRX:389470,KRW,53900.0,53900.0,yahoo.KS
2026-05-28,국장,인벤티지랩,KRX:389470,KRW,53100.0,53100.0,yahoo.KS
2026-05-29,국장,인벤티지랩,KRX:389470,KRW,50900.0,50900.0,yahoo.KS
2026-06-01,국장,인벤티지랩,KRX:389470,KRW,50700.0,50700.0,yahoo.KS
2026-06-02,국장,인벤티지랩,KRX:389470,KRW,49700.0,49700.0,yahoo.KS
2026-06-04,국장,인벤티지랩,KRX:389470,KRW,50900.0,50900.0,yahoo.KS
2026-06-05,국장,인벤티지랩,KRX:389470,KRW,47000.0,47000.0,yahoo.KS
2026-06-08,국장,인벤티지랩,KRX:389470,KRW,41350.0,41350.0,yahoo.KS
2026-06-09,국장,인벤티지랩,KRX:389470,KRW,45950.0,45950.0,yahoo.KS
2026-06-10,국장,인벤티지랩,KRX:389470,KRW,43850.0,43850.0,yahoo.KS
2026-06-11,국장,인벤티지랩,KRX:389470,KRW,44400.0,44400.0,yahoo.KS
2026-06-12,국장,인벤티지랩,KRX:389470,KRW,44850.0,44850.0,yahoo.KS
2026-06-15,국장,인벤티지랩,KRX:389470,KRW,46000.0,46000.0,yahoo.KS
2026-06-16,국장,인벤티지랩,KRX:389470,KRW,46150.0,46150.0,yahoo.KS
2026-06-17,국장,인벤티지랩,KRX:389470,KRW,46300.0,46300.0,yahoo.KS
2026-06-18,국장,인벤티지랩,KRX:389470,KRW,43350.0,43350.0,yahoo.KS
2026-06-19,국장,인벤티지랩,KRX:389470,KRW,42300.0,42300.0,yahoo.KS
2026-06-22,국장,인벤티지랩,KRX:389470,KRW,40800.0,40800.0,yahoo.KS
2026-06-23,국장,인벤티지랩,KRX:389470,KRW,38400.0,38400.0,yahoo.KS
2026-06-24,국장,인벤티지랩,KRX:389470,KRW,40300.0,40300.0,yahoo.KS
2026-06-25,국장,인벤티지랩,KRX:389470,KRW,36900.0,36900.0,yahoo.KS
2026-06-26,국장,인벤티지랩,KRX:389470,KRW,35550.0,35550.0,yahoo.KS
2026-06-29,국장,인벤티지랩,KRX:389470,KRW,39750.0,39750.0,yahoo.KS
2026-06-30,국장,인벤티지랩,KRX:389470,KRW,39500.0,39500.0,yahoo.KS
2026-07-01,국장,인벤티지랩,KRX:389470,KRW,43050.0,43050.0,yahoo.KS
2026-07-02,국장,인벤티지랩,KRX:389470,KRW,38900.0,38900.0,yahoo.KS
2026-07-03,국장,인벤티지랩,KRX:389470,KRW,38100.0,38100.0,yahoo.KS
2026-07-06,국장,인벤티지랩,KRX:389470,KRW,37550.0,37550.0,yahoo.KS
2026-07-07,국장,인벤티지랩,KRX:389470,KRW,38100.0,38100.0,yahoo.KS
2026-07-08,국장,인벤티지랩,KRX:389470,KRW,36050.0,36050.0,yahoo.KS
2026-07-09,국장,인벤티지랩,KRX:389470,KRW,36000.0,36000.0,yahoo.KS
2026-07-10,국장,인벤티지랩,KRX:389470,KRW,36850.0,36850.0,yahoo.KS
2026-07-13,국장,인벤티지랩,KRX:389470,KRW,34200.0,34200.0,yahoo.KS
2026-07-14,국장,인벤티지랩,KRX:389470,KRW,33000.0,33000.0,yahoo.KS
2026-07-15,국장,인벤티지랩,KRX:389470,KRW,34400.0,34400.0,yahoo.KS
2026-07-16,국장,인벤티지랩,KRX:389470,KRW,33650.0,33650.0,yahoo.KS
2026-07-20,국장,인벤티지랩,KRX:389470,KRW,31100.0,31100.0,yahoo.KS
2026-07-21,국장,인벤티지랩,KRX:389470,KRW,30900.0,30900.0,yahoo.KS
2026-07-22,국장,인벤티지랩,KRX:389470,KRW,29950.0,29950.0,yahoo.KS
2026-07-23,국장,인벤티지랩,KRX:389470,KRW,30400.0,30400.0,yahoo.KS
2026-07-24,국장,인벤티지랩,KRX:389470,KRW,29450.0,29450.0,yahoo.KS
2026-07-27,국장,인벤티지랩,KRX:389470,KRW,29300.0,29300.0,yahoo.KS
2026-07-28,국장,인벤티지랩,KRX:389470,KRW,27500.0,27500.0,yahoo.KS
2026-07-29,국장,인벤티지랩,KRX:389470,KRW,24800.0,24800.0,yahoo.KS
2026-07-30,국장,인벤티지랩,KRX:389470,KRW,24750.0,24750.0,yahoo.KS
2026-07-31,국장,인벤티지랩,KRX:389470,KRW,27250.0,27250.0,yahoo.KS
2026-08-03,국장,인벤티지랩,KRX:389470,KRW,28350.0,28350.0,yahoo.KS
2026-08-04,국장,인벤티지랩,KRX:389470,KRW,31300.0,31300.0,yahoo.KS
2026-08-05,국장,인벤티지랩,KRX:389470,KRW,32100.0,32100.0,yahoo.KS
2026-08-06,국장,인벤티지랩,KRX:389470,KRW,31600.0,31600.0,yahoo.KS
2026-08-07,국장,인벤티지랩,KRX:389470,KRW,31350.0,31350.0,yahoo.KS
2026-08-10,국장,인벤티지랩,KRX:389470,KRW,33600.0,33600.0,yahoo.KS
2026-08-11,국장,인벤티지랩,KRX:389470,KRW,32150.0,32150.0,yahoo.KS
2026-08-12,국장,인벤티지랩,KRX:389470,KRW,31400.0,31400.0,yahoo.KS
2026-08-13,국장,인벤티지랩,KRX:389470,KRW,32300.0,32300.0,yahoo.KS
2026-08-14,국장,인벤티지랩,KRX:389470,KRW,32100.0,32100.0,yahoo.KS
2026-08-18,국장,인벤티지랩,KRX:389470,KRW,30500.0,30500.0,yahoo.KS
2026-08-19,국장,인벤티지랩,KRX:389470,KRW,30100.0,30100.0,yahoo.KS
2026-08-20,국장,인벤티지랩,KRX:389470,KRW,30250.0,30250.0,yahoo.KS
2026-08-21,국장,인벤티지랩,KRX:389470,KRW,28450.0,28450.0,yahoo.KS
2026-08-24,국장,인벤티지랩,KRX:389470,KRW,29900.0,29900.0,yahoo.KS
2026-01-09,국장,TIGER 차이나반도체FACTSET,KRX:396520,KRW,10920.0,10920.0,yahoo.KS
2026-01-12,국장,TIGER 차이나반도체FACTSET,KRX:396520,KRW,11190.0,11190.0,yahoo.KS
2026-01-13,국장,TIGER 차이나반도체FACTSET,KRX:396520,KRW,10960.0,10960.0,yahoo.KS
2026-01-14,국장,TIGER 차이나반도체FACTSET,KRX:396520,KRW,11115.0,11115.0,yahoo.KS
2026-01-15,국장,TIGER 차이나반도체FACTSET,KRX:396520,KRW,11170.0,11170.0,yahoo.KS
2026-01-16,국장,TIGER 차이나반도체FACTSET,KRX:396520,KRW,11720.0,11720.0,yahoo.KS
2026-01-19,국장,TIGER 차이나반도체FACTSET,KRX:396520,KRW,11750.0,11750.0,yahoo.KS
2026-01-20,국장,TIGER 차이나반도체FACTSET,KRX:396520,KRW,11620.0,11620.0,yahoo.KS
2026-01-21,국장,TIGER 차이나반도체FACTSET,KRX:396520,KRW,11920.0,11920.0,yahoo.KS
2026-01-22,국장,TIGER 차이나반도체FACTSET,KRX:396520,KRW,11795.0,11795.0,yahoo.KS
2026-01-23,국장,TIGER 차이나반도체FACTSET,KRX:396520,KRW,11915.0,11915.0,yahoo.KS
2026-01-26,국장,TIGER 차이나반도체FACTSET,KRX:396520,KRW,11455.0,11455.0,yahoo.KS
2026-01-27,국장,TIGER 차이나반도체FACTSET,KRX:396520,KRW,11730.0,11730.0,yahoo.KS
2026-01-28,국장,TIGER 차이나반도체FACTSET,KRX:396520,KRW,11690.0,11690.0,yahoo.KS
2026-01-29,국장,TIGER 차이나반도체FACTSET,KRX:396520,KRW,11285.0,11285.0,yahoo.KS
2026-01-30,국장,TIGER 차이나반도체FACTSET,KRX:396520,KRW,11465.0,11465.0,yahoo.KS
2026-02-02,국장,TIGER 차이나반도체FACTSET,KRX:396520,KRW,11135.0,11135.0,yahoo.KS
2026-02-03,국장,TIGER 차이나반도체FACTSET,KRX:396520,KRW,11170.0,11170.0,yahoo.KS
2026-02-04,국장,TIGER 차이나반도체FACTSET,KRX:396520,KRW,10950.0,10950.0,yahoo.KS
2026-02-05,국장,TIGER 차이나반도체FACTSET,KRX:396520,KRW,10905.0,10905.0,yahoo.KS
2026-01-30,국장,에이프릴바이오,KRX:397030,KRW,58300.0,58300.0,yahoo.KS
2026-02-02,국장,에이프릴바이오,KRX:397030,KRW,61000.0,61000.0,yahoo.KS
2026-02-03,국장,에이프릴바이오,KRX:397030,KRW,62700.0,62700.0,yahoo.KS
2026-02-04,국장,에이프릴바이오,KRX:397030,KRW,61700.0,61700.0,yahoo.KS
2026-02-05,국장,에이프릴바이오,KRX:397030,KRW,64600.0,64600.0,yahoo.KS
2026-02-06,국장,에이프릴바이오,KRX:397030,KRW,59100.0,59100.0,yahoo.KS
2026-01-09,국장,TIGER 차이나과창판STAR50(합성),KRX:414780,KRW,12555.0,12555.0,yahoo.KS
2026-01-12,국장,TIGER 차이나과창판STAR50(합성),KRX:414780,KRW,13030.0,13030.0,yahoo.KS
2026-01-13,국장,TIGER 차이나과창판STAR50(합성),KRX:414780,KRW,12725.0,12725.0,yahoo.KS
2026-01-14,국장,TIGER 차이나과창판STAR50(합성),KRX:414780,KRW,13070.0,13070.0,yahoo.KS
2026-01-15,국장,TIGER 차이나과창판STAR50(합성),KRX:414780,KRW,12810.0,12810.0,yahoo.KS
2026-01-02,국장,TIGER 미국나스닥100레버리지(합성),KRX:418660,KRW,34415.0,34415.0,yahoo.KS
2026-01-05,국장,TIGER 미국나스닥100레버리지(합성),KRX:418660,KRW,34105.0,34105.0,yahoo.KS
2026-01-06,국장,TIGER 미국나스닥100레버리지(합성),KRX:418660,KRW,34625.0,34625.0,yahoo.KS
2026-01-07,국장,TIGER 미국나스닥100레버리지(합성),KRX:418660,KRW,35020.0,35020.0,yahoo.KS
2026-01-08,국장,TIGER 미국나스닥100레버리지(합성),KRX:418660,KRW,34945.0,34945.0,yahoo.KS
2026-01-09,국장,TIGER 미국나스닥100레버리지(합성),KRX:418660,KRW,35310.0,35310.0,yahoo.KS
2026-01-12,국장,TIGER 미국나스닥100레버리지(합성),KRX:418660,KRW,35810.0,35810.0,yahoo.KS
2026-01-13,국장,TIGER 미국나스닥100레버리지(합성),KRX:418660,KRW,36685.0,36685.0,yahoo.KS
2026-01-14,국장,TIGER 미국나스닥100레버리지(합성),KRX:418660,KRW,36640.0,36640.0,yahoo.KS
2026-01-15,국장,TIGER 미국나스닥100레버리지(합성),KRX:418660,KRW,35860.0,35860.0,yahoo.KS
2026-01-16,국장,TIGER 미국나스닥100레버리지(합성),KRX:418660,KRW,36365.0,36365.0,yahoo.KS
2026-01-02,국장,TIME 미국나스닥100액티브,KRX:426030,KRW,34255.0,34255.0,yahoo.KS
2026-01-05,국장,TIME 미국나스닥100액티브,KRX:426030,KRW,35125.0,35125.0,yahoo.KS
2026-01-06,국장,TIME 미국나스닥100액티브,KRX:426030,KRW,35380.0,35380.0,yahoo.KS
2026-01-07,국장,TIME 미국나스닥100액티브,KRX:426030,KRW,36040.0,36040.0,yahoo.KS
2026-01-08,국장,TIME 미국나스닥100액티브,KRX:426030,KRW,35800.0,35800.0,yahoo.KS
2026-01-09,국장,TIME 미국나스닥100액티브,KRX:426030,KRW,35855.0,35855.0,yahoo.KS
2026-01-12,국장,TIME 미국나스닥100액티브,KRX:426030,KRW,36485.0,36485.0,yahoo.KS
2026-01-13,국장,TIME 미국나스닥100액티브,KRX:426030,KRW,37430.0,37430.0,yahoo.KS
2026-01-14,국장,TIME 미국나스닥100액티브,KRX:426030,KRW,37875.0,37875.0,yahoo.KS
2026-01-15,국장,TIME 미국나스닥100액티브,KRX:426030,KRW,37675.0,37675.0,yahoo.KS
2026-01-16,국장,TIME 미국나스닥100액티브,KRX:426030,KRW,37995.0,37995.0,yahoo.KS
2026-01-19,국장,TIME 미국나스닥100액티브,KRX:426030,KRW,37480.0,37480.0,yahoo.KS
2026-01-20,국장,TIME 미국나스닥100액티브,KRX:426030,KRW,37185.0,37185.0,yahoo.KS
2026-01-21,국장,TIME 미국나스닥100액티브,KRX:426030,KRW,37350.0,37350.0,yahoo.KS
2026-01-22,국장,TIME 미국나스닥100액티브,KRX:426030,KRW,37850.0,37850.0,yahoo.KS
2026-01-23,국장,TIME 미국나스닥100액티브,KRX:426030,KRW,37635.0,37635.0,yahoo.KS
2026-01-26,국장,TIME 미국나스닥100액티브,KRX:426030,KRW,36455.0,36455.0,yahoo.KS
2026-01-27,국장,TIME 미국나스닥100액티브,KRX:426030,KRW,36750.0,36750.0,yahoo.KS
2026-01-28,국장,TIME 미국나스닥100액티브,KRX:426030,KRW,37355.0,37355.0,yahoo.KS
2026-01-29,국장,TIME 미국나스닥100액티브,KRX:426030,KRW,38180.0,38180.0,yahoo.KS
2026-01-30,국장,TIME 미국나스닥100액티브,KRX:426030,KRW,37920.0,37920.0,yahoo.KS
2026-02-02,국장,TIME 미국나스닥100액티브,KRX:426030,KRW,36485.0,36485.0,yahoo.KS
2026-02-03,국장,TIME 미국나스닥100액티브,KRX:426030,KRW,38410.0,38410.0,yahoo.KS
2026-02-04,국장,TIME 미국나스닥100액티브,KRX:426030,KRW,38545.0,38545.0,yahoo.KS
2026-02-05,국장,TIME 미국나스닥100액티브,KRX:426030,KRW,36600.0,36600.0,yahoo.KS
2026-02-06,국장,TIME 미국나스닥100액티브,KRX:426030,KRW,35785.0,35785.0,yahoo.KS
2026-02-09,국장,TIME 미국나스닥100액티브,KRX:426030,KRW,37170.0,37170.0,yahoo.KS
2026-02-10,국장,TIME 미국나스닥100액티브,KRX:426030,KRW,37720.0,37720.0,yahoo.KS
2026-02-11,국장,TIME 미국나스닥100액티브,KRX:426030,KRW,36830.0,36830.0,yahoo.KS
2026-02-12,국장,TIME 미국나스닥100액티브,KRX:426030,KRW,37180.0,37180.0,yahoo.KS
2026-02-13,국장,TIME 미국나스닥100액티브,KRX:426030,KRW,36525.0,36525.0,yahoo.KS
2026-02-19,국장,TIME 미국나스닥100액티브,KRX:426030,KRW,37080.0,37080.0,yahoo.KS
2026-02-20,국장,TIME 미국나스닥100액티브,KRX:426030,KRW,37225.0,37225.0,yahoo.KS
2026-02-23,국장,TIME 미국나스닥100액티브,KRX:426030,KRW,37060.0,37060.0,yahoo.KS
2026-02-24,국장,TIME 미국나스닥100액티브,KRX:426030,KRW,37825.0,37825.0,yahoo.KS
2026-02-25,국장,TIME 미국나스닥100액티브,KRX:426030,KRW,37820.0,37820.0,yahoo.KS
2026-02-26,국장,TIME 미국나스닥100액티브,KRX:426030,KRW,38335.0,38335.0,yahoo.KS
2026-02-27,국장,TIME 미국나스닥100액티브,KRX:426030,KRW,37495.0,37495.0,yahoo.KS
2026-03-03,국장,TIME 미국나스닥100액티브,KRX:426030,KRW,38050.0,38050.0,yahoo.KS
2026-03-04,국장,TIME 미국나스닥100액티브,KRX:426030,KRW,36440.0,36440.0,yahoo.KS
2026-03-05,국장,TIME 미국나스닥100액티브,KRX:426030,KRW,37685.0,37685.0,yahoo.KS
2026-03-06,국장,TIME 미국나스닥100액티브,KRX:426030,KRW,37250.0,37250.0,yahoo.KS
2026-03-09,국장,TIME 미국나스닥100액티브,KRX:426030,KRW,34650.0,34650.0,yahoo.KS
2026-03-10,국장,TIME 미국나스닥100액티브,KRX:426030,KRW,36850.0,36850.0,yahoo.KS
2026-03-11,국장,TIME 미국나스닥100액티브,KRX:426030,KRW,37645.0,37645.0,yahoo.KS
2026-03-12,국장,TIME 미국나스닥100액티브,KRX:426030,KRW,37815.0,37815.0,yahoo.KS
2026-03-13,국장,TIME 미국나스닥100액티브,KRX:426030,KRW,37565.0,37565.0,yahoo.KS
2026-03-16,국장,TIME 미국나스닥100액티브,KRX:426030,KRW,38075.0,38075.0,yahoo.KS
2026-03-17,국장,TIME 미국나스닥100액티브,KRX:426030,KRW,38330.0,38330.0,yahoo.KS
2026-03-18,국장,TIME 미국나스닥100액티브,KRX:426030,KRW,39570.0,39570.0,yahoo.KS
2026-03-19,국장,TIME 미국나스닥100액티브,KRX:426030,KRW,39380.0,39380.0,yahoo.KS
2026-03-20,국장,TIME 미국나스닥100액티브,KRX:426030,KRW,40530.0,40530.0,yahoo.KS
2026-03-23,국장,TIME 미국나스닥100액티브,KRX:426030,KRW,38500.0,38500.0,yahoo.KS
2026-03-24,국장,TIME 미국나스닥100액티브,KRX:426030,KRW,39010.0,39010.0,yahoo.KS
2026-03-25,국장,TIME 미국나스닥100액티브,KRX:426030,KRW,39780.0,39780.0,yahoo.KS
2026-03-26,국장,TIME 미국나스닥100액티브,KRX:426030,KRW,39400.0,39400.0,yahoo.KS
2026-03-27,국장,TIME 미국나스닥100액티브,KRX:426030,KRW,37780.0,37780.0,yahoo.KS
2026-03-30,국장,TIME 미국나스닥100액티브,KRX:426030,KRW,36850.0,36850.0,yahoo.KS
2026-03-31,국장,TIME 미국나스닥100액티브,KRX:426030,KRW,35245.0,35245.0,yahoo.KS
2026-04-01,국장,TIME 미국나스닥100액티브,KRX:426030,KRW,37585.0,37585.0,yahoo.KS
2026-04-02,국장,TIME 미국나스닥100액티브,KRX:426030,KRW,37230.0,37230.0,yahoo.KS
2026-04-03,국장,TIME 미국나스닥100액티브,KRX:426030,KRW,38650.0,38650.0,yahoo.KS
2026-04-06,국장,TIME 미국나스닥100액티브,KRX:426030,KRW,38980.0,38980.0,yahoo.KS
2026-04-07,국장,TIME 미국나스닥100액티브,KRX:426030,KRW,38295.0,38295.0,yahoo.KS
2026-04-08,국장,TIME 미국나스닥100액티브,KRX:426030,KRW,40185.0,40185.0,yahoo.KS
2026-04-09,국장,TIME 미국나스닥100액티브,KRX:426030,KRW,40475.0,40475.0,yahoo.KS
2026-04-10,국장,TIME 미국나스닥100액티브,KRX:426030,KRW,41565.0,41565.0,yahoo.KS
2026-04-13,국장,TIME 미국나스닥100액티브,KRX:426030,KRW,41635.0,41635.0,yahoo.KS
2026-04-14,국장,TIME 미국나스닥100액티브,KRX:426030,KRW,43320.0,43320.0,yahoo.KS
2026-04-15,국장,TIME 미국나스닥100액티브,KRX:426030,KRW,43365.0,43365.0,yahoo.KS
2026-04-16,국장,TIME 미국나스닥100액티브,KRX:426030,KRW,44025.0,44025.0,yahoo.KS
2026-04-17,국장,TIME 미국나스닥100액티브,KRX:426030,KRW,43950.0,43950.0,yahoo.KS
2026-04-20,국장,TIME 미국나스닥100액티브,KRX:426030,KRW,44015.0,44015.0,yahoo.KS
2026-04-21,국장,TIME 미국나스닥100액티브,KRX:426030,KRW,44775.0,44775.0,yahoo.KS
2026-04-22,국장,TIME 미국나스닥100액티브,KRX:426030,KRW,44755.0,44755.0,yahoo.KS
2026-04-23,국장,TIME 미국나스닥100액티브,KRX:426030,KRW,45080.0,45080.0,yahoo.KS
2026-04-24,국장,TIME 미국나스닥100액티브,KRX:426030,KRW,45800.0,45800.0,yahoo.KS
2026-04-27,국장,TIME 미국나스닥100액티브,KRX:426030,KRW,46685.0,46685.0,yahoo.KS
2026-04-28,국장,TIME 미국나스닥100액티브,KRX:426030,KRW,46005.0,46005.0,yahoo.KS
2026-04-29,국장,TIME 미국나스닥100액티브,KRX:426030,KRW,45810.0,45810.0,yahoo.KS
2026-04-30,국장,TIME 미국나스닥100액티브,KRX:426030,KRW,46500.0,46500.0,yahoo.KS
2026-05-04,국장,TIME 미국나스닥100액티브,KRX:426030,KRW,49145.0,49145.0,yahoo.KS
2026-05-06,국장,TIME 미국나스닥100액티브,KRX:426030,KRW,50925.0,50925.0,yahoo.KS
2026-05-07,국장,TIME 미국나스닥100액티브,KRX:426030,KRW,51185.0,51185.0,yahoo.KS
2026-05-08,국장,TIME 미국나스닥100액티브,KRX:426030,KRW,50535.0,50535.0,yahoo.KS
2026-05-11,국장,TIME 미국나스닥100액티브,KRX:426030,KRW,52315.0,52315.0,yahoo.KS
2026-05-12,국장,TIME 미국나스닥100액티브,KRX:426030,KRW,54095.0,54095.0,yahoo.KS
2026-05-13,국장,TIME 미국나스닥100액티브,KRX:426030,KRW,54410.0,54410.0,yahoo.KS
2026-05-14,국장,TIME 미국나스닥100액티브,KRX:426030,KRW,55010.0,55010.0,yahoo.KS
2026-05-15,국장,TIME 미국나스닥100액티브,KRX:426030,KRW,53445.0,53445.0,yahoo.KS
2026-05-18,국장,TIME 미국나스닥100액티브,KRX:426030,KRW,52165.0,52165.0,yahoo.KS
2026-05-19,국장,TIME 미국나스닥100액티브,KRX:426030,KRW,51000.0,51000.0,yahoo.KS
2026-05-20,국장,TIME 미국나스닥100액티브,KRX:426030,KRW,51760.0,51760.0,yahoo.KS
2026-05-21,국장,TIME 미국나스닥100액티브,KRX:426030,KRW,53315.0,53315.0,yahoo.KS
2026-05-22,국장,TIME 미국나스닥100액티브,KRX:426030,KRW,55300.0,55300.0,yahoo.KS
2026-05-26,국장,TIME 미국나스닥100액티브,KRX:426030,KRW,55800.0,55800.0,yahoo.KS
2026-05-27,국장,TIME 미국나스닥100액티브,KRX:426030,KRW,55930.0,55930.0,yahoo.KS
2026-05-28,국장,TIME 미국나스닥100액티브,KRX:426030,KRW,54995.0,54995.0,yahoo.KS
2026-05-29,국장,TIME 미국나스닥100액티브,KRX:426030,KRW,57500.0,57500.0,yahoo.KS
2026-06-01,국장,TIME 미국나스닥100액티브,KRX:426030,KRW,58115.0,58115.0,yahoo.KS
2026-06-02,국장,TIME 미국나스닥100액티브,KRX:426030,KRW,58505.0,58505.0,yahoo.KS
2026-06-04,국장,TIME 미국나스닥100액티브,KRX:426030,KRW,58985.0,58985.0,yahoo.KS
2026-06-05,국장,TIME 미국나스닥100액티브,KRX:426030,KRW,58160.0,58160.0,yahoo.KS
2026-06-08,국장,TIME 미국나스닥100액티브,KRX:426030,KRW,54525.0,54525.0,yahoo.KS
2026-06-09,국장,TIME 미국나스닥100액티브,KRX:426030,KRW,56135.0,56135.0,yahoo.KS
2026-06-10,국장,TIME 미국나스닥100액티브,KRX:426030,KRW,53440.0,53440.0,yahoo.KS
2026-06-11,국장,TIME 미국나스닥100액티브,KRX:426030,KRW,53695.0,53695.0,yahoo.KS
2026-06-12,국장,TIME 미국나스닥100액티브,KRX:426030,KRW,55800.0,55800.0,yahoo.KS
2026-06-15,국장,TIME 미국나스닥100액티브,KRX:426030,KRW,58865.0,58865.0,yahoo.KS
2026-06-16,국장,TIME 미국나스닥100액티브,KRX:426030,KRW,60000.0,60000.0,yahoo.KS
2026-06-17,국장,TIME 미국나스닥100액티브,KRX:426030,KRW,59240.0,59240.0,yahoo.KS
2026-06-18,국장,TIME 미국나스닥100액티브,KRX:426030,KRW,60535.0,60535.0,yahoo.KS
2026-06-19,국장,TIME 미국나스닥100액티브,KRX:426030,KRW,61960.0,61960.0,yahoo.KS
2026-06-22,국장,TIME 미국나스닥100액티브,KRX:426030,KRW,62605.0,62605.0,yahoo.KS
2026-06-23,국장,TIME 미국나스닥100액티브,KRX:426030,KRW,59815.0,59815.0,yahoo.KS
2026-06-24,국장,TIME 미국나스닥100액티브,KRX:426030,KRW,59845.0,59845.0,yahoo.KS
2026-06-25,국장,TIME 미국나스닥100액티브,KRX:426030,KRW,61150.0,61150.0,yahoo.KS
2026-06-26,국장,TIME 미국나스닥100액티브,KRX:426030,KRW,57670.0,57670.0,yahoo.KS
2026-06-29,국장,TIME 미국나스닥100액티브,KRX:426030,KRW,58100.0,58100.0,yahoo.KS
2026-06-30,국장,TIME 미국나스닥100액티브,KRX:426030,KRW,60330.0,60330.0,yahoo.KS
2026-07-01,국장,TIME 미국나스닥100액티브,KRX:426030,KRW,61530.0,61530.0,yahoo.KS
2026-07-02,국장,TIME 미국나스닥100액티브,KRX:426030,KRW,57835.0,57835.0,yahoo.KS
2026-07-03,국장,TIME 미국나스닥100액티브,KRX:426030,KRW,55200.0,55200.0,yahoo.KS
2026-07-06,국장,TIME 미국나스닥100액티브,KRX:426030,KRW,55400.0,55400.0,yahoo.KS
2026-07-07,국장,TIME 미국나스닥100액티브,KRX:426030,KRW,54255.0,54255.0,yahoo.KS
2026-07-08,국장,TIME 미국나스닥100액티브,KRX:426030,KRW,51135.0,51135.0,yahoo.KS
2026-07-09,국장,TIME 미국나스닥100액티브,KRX:426030,KRW,53575.0,53575.0,yahoo.KS
2026-07-10,국장,TIME 미국나스닥100액티브,KRX:426030,KRW,54200.0,54200.0,yahoo.KS
2026-07-13,국장,TIME 미국나스닥100액티브,KRX:426030,KRW,52680.0,52680.0,yahoo.KS
2026-07-14,국장,TIME 미국나스닥100액티브,KRX:426030,KRW,52185.0,52185.0,yahoo.KS
2026-07-15,국장,TIME 미국나스닥100액티브,KRX:426030,KRW,53680.0,53680.0,yahoo.KS
2026-07-16,국장,TIME 미국나스닥100액티브,KRX:426030,KRW,50455.0,50455.0,yahoo.KS
2026-07-20,국장,TIME 미국나스닥100액티브,KRX:426030,KRW,47240.0,47240.0,yahoo.KS
2026-07-21,국장,TIME 미국나스닥100액티브,KRX:426030,KRW,48395.0,48395.0,yahoo.KS
2026-07-22,국장,TIME 미국나스닥100액티브,KRX:426030,KRW,49120.0,49120.0,yahoo.KS
2026-07-23,국장,TIME 미국나스닥100액티브,KRX:426030,KRW,49685.0,49685.0,yahoo.KS
2026-07-24,국장,TIME 미국나스닥100액티브,KRX:426030,KRW,48635.0,48635.0,yahoo.KS
2026-07-27,국장,TIME 미국나스닥100액티브,KRX:426030,KRW,48145.0,48145.0,yahoo.KS
2026-07-28,국장,TIME 미국나스닥100액티브,KRX:426030,KRW,44450.0,44450.0,yahoo.KS
2026-07-29,국장,TIME 미국나스닥100액티브,KRX:426030,KRW,42600.0,42600.0,yahoo.KS
2026-07-30,국장,TIME 미국나스닥100액티브,KRX:426030,KRW,40960.0,40960.0,yahoo.KS
2026-07-31,국장,TIME 미국나스닥100액티브,KRX:426030,KRW,45735.0,45735.0,yahoo.KS
2026-08-03,국장,TIME 미국나스닥100액티브,KRX:426030,KRW,44950.0,44950.0,yahoo.KS
2026-08-04,국장,TIME 미국나스닥100액티브,KRX:426030,KRW,46580.0,46580.0,yahoo.KS
2026-08-05,국장,TIME 미국나스닥100액티브,KRX:426030,KRW,48415.0,48415.0,yahoo.KS
2026-08-06,국장,TIME 미국나스닥100액티브,KRX:426030,KRW,46270.0,46270.0,yahoo.KS
2026-08-07,국장,TIME 미국나스닥100액티브,KRX:426030,KRW,46640.0,46640.0,yahoo.KS
2026-08-10,국장,TIME 미국나스닥100액티브,KRX:426030,KRW,47375.0,47375.0,yahoo.KS
2026-08-11,국장,TIME 미국나스닥100액티브,KRX:426030,KRW,46335.0,46335.0,yahoo.KS
2026-08-12,국장,TIME 미국나스닥100액티브,KRX:426030,KRW,46860.0,46860.0,yahoo.KS
2026-08-13,국장,TIME 미국나스닥100액티브,KRX:426030,KRW,48470.0,48470.0,yahoo.KS
2026-08-14,국장,TIME 미국나스닥100액티브,KRX:426030,KRW,48620.0,48620.0,yahoo.KS
2026-08-18,국장,TIME 미국나스닥100액티브,KRX:426030,KRW,49060.0,49060.0,yahoo.KS
2026-08-19,국장,TIME 미국나스닥100액티브,KRX:426030,KRW,45975.0,45975.0,yahoo.KS
2026-08-20,국장,TIME 미국나스닥100액티브,KRX:426030,KRW,46250.0,46250.0,yahoo.KS
2026-08-21,국장,TIME 미국나스닥100액티브,KRX:426030,KRW,45820.0,45820.0,yahoo.KS
2026-08-24,국장,TIME 미국나스닥100액티브,KRX:426030,KRW,44370.0,44370.0,yahoo.KS
2026-08-25,국장,TIME 미국나스닥100액티브,KRX:426030,KRW,44995.0,44995.0,yahoo.KS
2026-01-06,국장,PLUS K방산,KRX:449450,KRW,57630.0,57630.0,yahoo.KS
2026-01-07,국장,PLUS K방산,KRX:449450,KRW,57345.0,57345.0,yahoo.KS
2026-01-08,국장,PLUS K방산,KRX:449450,KRW,60410.0,60410.0,yahoo.KS
2026-01-09,국장,PLUS K방산,KRX:449450,KRW,64780.0,64780.0,yahoo.KS
2026-01-12,국장,PLUS K방산,KRX:449450,KRW,66600.0,66600.0,yahoo.KS
2026-01-13,국장,PLUS K방산,KRX:449450,KRW,69735.0,69735.0,yahoo.KS
2026-01-14,국장,PLUS K방산,KRX:449450,KRW,68010.0,68010.0,yahoo.KS
2026-01-15,국장,PLUS K방산,KRX:449450,KRW,70130.0,70130.0,yahoo.KS
2026-01-16,국장,PLUS K방산,KRX:449450,KRW,68310.0,68310.0,yahoo.KS
2026-01-19,국장,PLUS K방산,KRX:449450,KRW,69700.0,69700.0,yahoo.KS
2026-01-20,국장,PLUS K방산,KRX:449450,KRW,69475.0,69475.0,yahoo.KS
2026-01-21,국장,PLUS K방산,KRX:449450,KRW,68600.0,68600.0,yahoo.KS
2026-01-22,국장,PLUS K방산,KRX:449450,KRW,67205.0,67205.0,yahoo.KS
2026-01-23,국장,PLUS K방산,KRX:449450,KRW,67000.0,67000.0,yahoo.KS
2026-01-26,국장,PLUS K방산,KRX:449450,KRW,67710.0,67710.0,yahoo.KS
2026-01-27,국장,PLUS K방산,KRX:449450,KRW,66735.0,66735.0,yahoo.KS
2026-01-28,국장,PLUS K방산,KRX:449450,KRW,68620.0,68620.0,yahoo.KS
2026-01-29,국장,PLUS K방산,KRX:449450,KRW,69275.0,69275.0,yahoo.KS
2026-01-30,국장,PLUS K방산,KRX:449450,KRW,68505.0,68505.0,yahoo.KS
2026-02-02,국장,PLUS K방산,KRX:449450,KRW,65130.0,65130.0,yahoo.KS
2026-02-03,국장,PLUS K방산,KRX:449450,KRW,69500.0,69500.0,yahoo.KS
2026-02-04,국장,PLUS K방산,KRX:449450,KRW,71180.0,71180.0,yahoo.KS
2026-02-05,국장,PLUS K방산,KRX:449450,KRW,66225.0,66225.0,yahoo.KS
2026-02-06,국장,PLUS K방산,KRX:449450,KRW,63975.0,63975.0,yahoo.KS
2026-02-09,국장,PLUS K방산,KRX:449450,KRW,65515.0,65515.0,yahoo.KS
2026-02-10,국장,PLUS K방산,KRX:449450,KRW,64130.0,64130.0,yahoo.KS
2026-02-11,국장,PLUS K방산,KRX:449450,KRW,63835.0,63835.0,yahoo.KS
2026-02-12,국장,PLUS K방산,KRX:449450,KRW,64585.0,64585.0,yahoo.KS
2026-01-02,국장,SOL AI반도체소부장,KRX:455850,KRW,17965.0,17965.0,yahoo.KS
2026-01-05,국장,SOL AI반도체소부장,KRX:455850,KRW,18635.0,18635.0,yahoo.KS
2026-01-06,국장,SOL AI반도체소부장,KRX:455850,KRW,19100.0,19100.0,yahoo.KS
2026-01-07,국장,SOL AI반도체소부장,KRX:455850,KRW,18605.0,18605.0,yahoo.KS
2026-01-08,국장,SOL AI반도체소부장,KRX:455850,KRW,18450.0,18450.0,yahoo.KS
2026-01-09,국장,SOL AI반도체소부장,KRX:455850,KRW,18060.0,18060.0,yahoo.KS
2026-01-12,국장,SOL AI반도체소부장,KRX:455850,KRW,17985.0,17985.0,yahoo.KS
2026-01-13,국장,SOL AI반도체소부장,KRX:455850,KRW,18450.0,18450.0,yahoo.KS
2026-01-14,국장,SOL AI반도체소부장,KRX:455850,KRW,18715.0,18715.0,yahoo.KS
2026-01-15,국장,SOL AI반도체소부장,KRX:455850,KRW,18835.0,18835.0,yahoo.KS
2026-01-16,국장,SOL AI반도체소부장,KRX:455850,KRW,18825.0,18825.0,yahoo.KS
2026-01-19,국장,SOL AI반도체소부장,KRX:455850,KRW,18760.0,18760.0,yahoo.KS
2026-01-20,국장,SOL AI반도체소부장,KRX:455850,KRW,18375.0,18375.0,yahoo.KS
2026-01-21,국장,SOL AI반도체소부장,KRX:455850,KRW,18215.0,18215.0,yahoo.KS
2026-01-22,국장,SOL AI반도체소부장,KRX:455850,KRW,18500.0,18500.0,yahoo.KS
2026-01-23,국장,SOL AI반도체소부장,KRX:455850,KRW,18700.0,18700.0,yahoo.KS
2026-04-24,국장,OCI홀딩스,KRX:456040,KRW,145500.0,145500.0,yahoo.KS
2026-04-27,국장,OCI홀딩스,KRX:456040,KRW,140700.0,140700.0,yahoo.KS
2026-04-28,국장,OCI홀딩스,KRX:456040,KRW,140900.0,140900.0,yahoo.KS
2026-04-29,국장,OCI홀딩스,KRX:456040,KRW,141500.0,141500.0,yahoo.KS
2026-04-30,국장,OCI홀딩스,KRX:456040,KRW,150000.0,150000.0,yahoo.KS
2026-05-04,국장,OCI홀딩스,KRX:456040,KRW,144300.0,144300.0,yahoo.KS
2026-05-06,국장,OCI홀딩스,KRX:456040,KRW,141900.0,141900.0,yahoo.KS
2026-05-07,국장,OCI홀딩스,KRX:456040,KRW,133900.0,133900.0,yahoo.KS
2026-05-08,국장,OCI홀딩스,KRX:456040,KRW,134300.0,134300.0,yahoo.KS
2026-05-11,국장,OCI홀딩스,KRX:456040,KRW,131000.0,131000.0,yahoo.KS
2026-05-12,국장,OCI홀딩스,KRX:456040,KRW,135000.0,135000.0,yahoo.KS
2026-01-29,국장,지투지바이오,KRX:456160,KRW,84100.0,84100.0,yahoo.KQ
2026-01-30,국장,지투지바이오,KRX:456160,KRW,77600.0,77600.0,yahoo.KQ
2026-01-02,국장,KoAct 바이오헬스케어액티브,KRX:462900,KRW,22700.0,22700.0,yahoo.KS
2026-01-05,국장,KoAct 바이오헬스케어액티브,KRX:462900,KRW,23490.0,23490.0,yahoo.KS
2026-01-06,국장,KoAct 바이오헬스케어액티브,KRX:462900,KRW,23245.0,23245.0,yahoo.KS
2026-01-07,국장,KoAct 바이오헬스케어액티브,KRX:462900,KRW,23705.0,23705.0,yahoo.KS
2026-01-08,국장,KoAct 바이오헬스케어액티브,KRX:462900,KRW,24190.0,24190.0,yahoo.KS
2026-01-09,국장,KoAct 바이오헬스케어액티브,KRX:462900,KRW,24370.0,24370.0,yahoo.KS
2026-01-12,국장,KoAct 바이오헬스케어액티브,KRX:462900,KRW,23820.0,23820.0,yahoo.KS
2026-01-13,국장,KoAct 바이오헬스케어액티브,KRX:462900,KRW,23075.0,23075.0,yahoo.KS
2026-01-14,국장,KoAct 바이오헬스케어액티브,KRX:462900,KRW,22555.0,22555.0,yahoo.KS
2026-01-15,국장,KoAct 바이오헬스케어액티브,KRX:462900,KRW,22640.0,22640.0,yahoo.KS
2026-01-16,국장,KoAct 바이오헬스케어액티브,KRX:462900,KRW,23130.0,23130.0,yahoo.KS
2026-01-19,국장,KoAct 바이오헬스케어액티브,KRX:462900,KRW,22965.0,22965.0,yahoo.KS
2026-01-20,국장,KoAct 바이오헬스케어액티브,KRX:462900,KRW,22965.0,22965.0,yahoo.KS
2026-01-21,국장,KoAct 바이오헬스케어액티브,KRX:462900,KRW,20670.0,20670.0,yahoo.KS
2026-01-22,국장,KoAct 바이오헬스케어액티브,KRX:462900,KRW,21030.0,21030.0,yahoo.KS
2026-01-23,국장,KoAct 바이오헬스케어액티브,KRX:462900,KRW,22505.0,22505.0,yahoo.KS
2026-01-26,국장,KoAct 바이오헬스케어액티브,KRX:462900,KRW,24545.0,24545.0,yahoo.KS
2026-01-27,국장,KoAct 바이오헬스케어액티브,KRX:462900,KRW,24680.0,24680.0,yahoo.KS
2026-01-28,국장,KoAct 바이오헬스케어액티브,KRX:462900,KRW,25160.0,25160.0,yahoo.KS
2026-01-29,국장,KoAct 바이오헬스케어액티브,KRX:462900,KRW,25375.0,25375.0,yahoo.KS
2026-01-30,국장,KoAct 바이오헬스케어액티브,KRX:462900,KRW,24015.0,24015.0,yahoo.KS
2026-02-02,국장,KoAct 바이오헬스케어액티브,KRX:462900,KRW,23200.0,23200.0,yahoo.KS
2026-02-03,국장,KoAct 바이오헬스케어액티브,KRX:462900,KRW,24130.0,24130.0,yahoo.KS
2026-02-04,국장,KoAct 바이오헬스케어액티브,KRX:462900,KRW,23755.0,23755.0,yahoo.KS
2026-02-05,국장,KoAct 바이오헬스케어액티브,KRX:462900,KRW,22840.0,22840.0,yahoo.KS
2026-02-06,국장,KoAct 바이오헬스케어액티브,KRX:462900,KRW,21755.0,21755.0,yahoo.KS
2026-02-09,국장,KoAct 바이오헬스케어액티브,KRX:462900,KRW,22730.0,22730.0,yahoo.KS
2026-02-10,국장,KoAct 바이오헬스케어액티브,KRX:462900,KRW,22660.0,22660.0,yahoo.KS
2026-02-11,국장,KoAct 바이오헬스케어액티브,KRX:462900,KRW,23320.0,23320.0,yahoo.KS
2026-02-12,국장,KoAct 바이오헬스케어액티브,KRX:462900,KRW,23325.0,23325.0,yahoo.KS
2026-01-02,국장,TIME K바이오액티브,KRX:463050,KRW,19185.0,19185.0,yahoo.KS
2026-01-05,국장,TIME K바이오액티브,KRX:463050,KRW,19925.0,19925.0,yahoo.KS
2026-01-06,국장,TIME K바이오액티브,KRX:463050,KRW,19770.0,19770.0,yahoo.KS
2026-01-07,국장,TIME K바이오액티브,KRX:463050,KRW,20050.0,20050.0,yahoo.KS
2026-01-08,국장,TIME K바이오액티브,KRX:463050,KRW,20470.0,20470.0,yahoo.KS
2026-01-09,국장,TIME K바이오액티브,KRX:463050,KRW,20555.0,20555.0,yahoo.KS
2026-01-12,국장,TIME K바이오액티브,KRX:463050,KRW,20035.0,20035.0,yahoo.KS
2026-01-13,국장,TIME K바이오액티브,KRX:463050,KRW,19625.0,19625.0,yahoo.KS
2026-01-14,국장,TIME K바이오액티브,KRX:463050,KRW,19135.0,19135.0,yahoo.KS
2026-01-15,국장,TIME K바이오액티브,KRX:463050,KRW,19200.0,19200.0,yahoo.KS
2026-01-16,국장,TIME K바이오액티브,KRX:463050,KRW,19600.0,19600.0,yahoo.KS
2026-01-09,국장,TIGER 글로벌AI&로보틱스 INDXX,KRX:464310,KRW,15650.0,15650.0,yahoo.KS
2026-01-12,국장,TIGER 글로벌AI&로보틱스 INDXX,KRX:464310,KRW,15895.0,15895.0,yahoo.KS
2026-01-13,국장,TIGER 글로벌AI&로보틱스 INDXX,KRX:464310,KRW,15985.0,15985.0,yahoo.KS
2026-01-14,국장,TIGER 글로벌AI&로보틱스 INDXX,KRX:464310,KRW,15990.0,15990.0,yahoo.KS
2026-01-15,국장,TIGER 글로벌AI&로보틱스 INDXX,KRX:464310,KRW,15820.0,15820.0,yahoo.KS
2026-01-16,국장,TIGER 글로벌AI&로보틱스 INDXX,KRX:464310,KRW,16030.0,16030.0,yahoo.KS
2026-01-19,국장,TIGER 글로벌AI&로보틱스 INDXX,KRX:464310,KRW,15815.0,15815.0,yahoo.KS
2026-01-20,국장,TIGER 글로벌AI&로보틱스 INDXX,KRX:464310,KRW,15855.0,15855.0,yahoo.KS
2026-01-21,국장,TIGER 글로벌AI&로보틱스 INDXX,KRX:464310,KRW,15655.0,15655.0,yahoo.KS
2026-01-22,국장,TIGER 글로벌AI&로보틱스 INDXX,KRX:464310,KRW,15685.0,15685.0,yahoo.KS
2026-01-23,국장,TIGER 글로벌AI&로보틱스 INDXX,KRX:464310,KRW,15790.0,15790.0,yahoo.KS
2026-01-26,국장,TIGER 글로벌AI&로보틱스 INDXX,KRX:464310,KRW,15540.0,15540.0,yahoo.KS
2026-01-27,국장,TIGER 글로벌AI&로보틱스 INDXX,KRX:464310,KRW,15810.0,15810.0,yahoo.KS
2026-01-28,국장,TIGER 글로벌AI&로보틱스 INDXX,KRX:464310,KRW,15540.0,15540.0,yahoo.KS
2026-01-29,국장,TIGER 글로벌AI&로보틱스 INDXX,KRX:464310,KRW,15460.0,15460.0,yahoo.KS
2026-02-26,국장,SOL 자동차TOP3플러스,KRX:466930,KRW,25910.0,25910.0,yahoo.KS
2026-02-27,국장,SOL 자동차TOP3플러스,KRX:466930,KRW,26300.0,26300.0,yahoo.KS
2026-01-05,국장,오름테라퓨틱,KRX:475830,KRW,127700.0,127700.0,yahoo.KQ
2026-01-06,국장,오름테라퓨틱,KRX:475830,KRW,133000.0,133000.0,yahoo.KQ
2026-01-07,국장,오름테라퓨틱,KRX:475830,KRW,134500.0,134500.0,yahoo.KQ
2026-01-08,국장,오름테라퓨틱,KRX:475830,KRW,142100.0,142100.0,yahoo.KQ
2026-01-09,국장,오름테라퓨틱,KRX:475830,KRW,143700.0,143700.0,yahoo.KQ
2026-01-12,국장,오름테라퓨틱,KRX:475830,KRW,132200.0,132200.0,yahoo.KQ
2026-01-13,국장,오름테라퓨틱,KRX:475830,KRW,119800.0,119800.0,yahoo.KQ
2026-01-14,국장,오름테라퓨틱,KRX:475830,KRW,119500.0,119500.0,yahoo.KQ
2026-01-15,국장,오름테라퓨틱,KRX:475830,KRW,119100.0,119100.0,yahoo.KQ
2026-01-16,국장,오름테라퓨틱,KRX:475830,KRW,121800.0,121800.0,yahoo.KQ
2026-01-19,국장,오름테라퓨틱,KRX:475830,KRW,114700.0,114700.0,yahoo.KQ
2026-01-20,국장,오름테라퓨틱,KRX:475830,KRW,110400.0,110400.0,yahoo.KQ
2026-01-21,국장,오름테라퓨틱,KRX:475830,KRW,100000.0,100000.0,yahoo.KQ
2026-01-22,국장,오름테라퓨틱,KRX:475830,KRW,104900.0,104900.0,yahoo.KQ
2026-01-23,국장,오름테라퓨틱,KRX:475830,KRW,117500.0,117500.0,yahoo.KQ
2026-01-26,국장,오름테라퓨틱,KRX:475830,KRW,121500.0,121500.0,yahoo.KQ
2026-01-27,국장,오름테라퓨틱,KRX:475830,KRW,121300.0,121300.0,yahoo.KQ
2026-01-28,국장,오름테라퓨틱,KRX:475830,KRW,117200.0,117200.0,yahoo.KQ
2026-01-29,국장,오름테라퓨틱,KRX:475830,KRW,113500.0,113500.0,yahoo.KQ
2026-01-30,국장,오름테라퓨틱,KRX:475830,KRW,113000.0,113000.0,yahoo.KQ
2026-01-02,국장,KoAct 미국치매&뇌질환치료제액티브,KRX:490330,KRW,11975.0,11975.0,yahoo.KS
2026-01-05,국장,KoAct 미국치매&뇌질환치료제액티브,KRX:490330,KRW,12005.0,12005.0,yahoo.KS
2026-01-06,국장,KoAct 미국치매&뇌질환치료제액티브,KRX:490330,KRW,11740.0,11740.0,yahoo.KS
2026-01-07,국장,KoAct 미국치매&뇌질환치료제액티브,KRX:490330,KRW,12005.0,12005.0,yahoo.KS
2026-01-08,국장,KoAct 미국치매&뇌질환치료제액티브,KRX:490330,KRW,12325.0,12325.0,yahoo.KS
2026-01-09,국장,KoAct 미국치매&뇌질환치료제액티브,KRX:490330,KRW,12230.0,12230.0,yahoo.KS
2026-01-12,국장,KoAct 미국치매&뇌질환치료제액티브,KRX:490330,KRW,12225.0,12225.0,yahoo.KS
2026-01-13,국장,KoAct 미국치매&뇌질환치료제액티브,KRX:490330,KRW,12225.0,12225.0,yahoo.KS
2026-01-14,국장,KoAct 미국치매&뇌질환치료제액티브,KRX:490330,KRW,12230.0,12230.0,yahoo.KS
2026-01-15,국장,KoAct 미국치매&뇌질환치료제액티브,KRX:490330,KRW,12190.0,12190.0,yahoo.KS
2026-01-16,국장,KoAct 미국치매&뇌질환치료제액티브,KRX:490330,KRW,12095.0,12095.0,yahoo.KS
2026-06-08,국장,GS피앤엘,KRX:499790,KRW,44200.0,44200.0,yahoo.KS
2026-06-09,국장,GS피앤엘,KRX:499790,KRW,47000.0,47000.0,yahoo.KS
2026-06-10,국장,GS피앤엘,KRX:499790,KRW,49900.0,49900.0,yahoo.KS
2026-06-11,국장,GS피앤엘,KRX:499790,KRW,50800.0,50800.0,yahoo.KS
2026-04-13,미장,어플라이드 옵토일렉트로닉스,AAOI,USD,153.19,226237.118,yahoo×fx
2026-04-14,미장,어플라이드 옵토일렉트로닉스,AAOI,USD,146.39,215108.3993,yahoo×fx
2026-04-15,미장,어플라이드 옵토일렉트로닉스,AAOI,USD,142.55,210127.2659,yahoo×fx
2026-04-16,미장,어플라이드 옵토일렉트로닉스,AAOI,USD,157.32,232506.3921,yahoo×fx
2026-04-17,미장,어플라이드 옵토일렉트로닉스,AAOI,USD,159.42,,yahoo(fx없음)
2026-04-20,미장,어플라이드 옵토일렉트로닉스,AAOI,USD,163.47,240179.9356,yahoo×fx
2026-04-21,미장,어플라이드 옵토일렉트로닉스,AAOI,USD,150.57,223716.9242,yahoo×fx
2026-04-22,미장,어플라이드 옵토일렉트로닉스,AAOI,USD,149.42,220836.7747,yahoo×fx
2026-04-23,미장,어플라이드 옵토일렉트로닉스,AAOI,USD,137.73,203833.5005,yahoo×fx
2026-04-24,미장,어플라이드 옵토일렉트로닉스,AAOI,USD,162.17,,yahoo(fx없음)
2026-04-27,미장,어플라이드 옵토일렉트로닉스,AAOI,USD,145.78,214733.9382,yahoo×fx
2026-04-28,미장,어플라이드 옵토일렉트로닉스,AAOI,USD,137.26,202045.338,yahoo×fx
2026-04-29,미장,어플라이드 옵토일렉트로닉스,AAOI,USD,152.83,227316.2889,yahoo×fx
2026-04-30,미장,어플라이드 옵토일렉트로닉스,AAOI,USD,164.36,242268.2861,yahoo×fx
2026-05-01,미장,어플라이드 옵토일렉트로닉스,AAOI,USD,183.51,,yahoo(fx없음)
2026-05-04,미장,어플라이드 옵토일렉트로닉스,AAOI,USD,172.98,255327.1311,yahoo×fx
2026-05-05,미장,어플라이드 옵토일렉트로닉스,AAOI,USD,180.57,266152.9609,yahoo×fx
2026-05-06,미장,어플라이드 옵토일렉트로닉스,AAOI,USD,178.54,257892.0846,yahoo×fx
2026-05-07,미장,어플라이드 옵토일렉트로닉스,AAOI,USD,157.55,229202.1751,yahoo×fx
2026-05-08,미장,어플라이드 옵토일렉트로닉스,AAOI,USD,148.94,,yahoo(fx없음)
2026-05-11,미장,어플라이드 옵토일렉트로닉스,AAOI,USD,184.9,272625.787,yahoo×fx
2026-05-12,미장,어플라이드 옵토일렉트로닉스,AAOI,USD,188.28,281100.1535,yahoo×fx
2026-05-13,미장,어플라이드 옵토일렉트로닉스,AAOI,USD,223.1,332383.3055,yahoo×fx
2026-05-14,미장,어플라이드 옵토일렉트로닉스,AAOI,USD,203.57,303999.2278,yahoo×fx
2026-05-15,미장,어플라이드 옵토일렉트로닉스,AAOI,USD,190.36,,yahoo(fx없음)
2026-05-18,미장,어플라이드 옵토일렉트로닉스,AAOI,USD,173.26,258559.3457,yahoo×fx
2026-05-19,미장,어플라이드 옵토일렉트로닉스,AAOI,USD,171.33,258339.9391,yahoo×fx
2026-05-20,미장,어플라이드 옵토일렉트로닉스,AAOI,USD,165.26,247851.9852,yahoo×fx
2026-05-21,미장,어플라이드 옵토일렉트로닉스,AAOI,USD,176.81,265992.9646,yahoo×fx
2026-05-22,미장,어플라이드 옵토일렉트로닉스,AAOI,USD,181.49,,yahoo(fx없음)
2026-05-26,미장,어플라이드 옵토일렉트로닉스,AAOI,USD,177.62,267396.235,yahoo×fx
2026-05-27,미장,어플라이드 옵토일렉트로닉스,AAOI,USD,179.83,270304.2714,yahoo×fx
2026-05-28,미장,어플라이드 옵토일렉트로닉스,AAOI,USD,169.02,252733.9288,yahoo×fx
2026-05-29,미장,어플라이드 옵토일렉트로닉스,AAOI,USD,158.41,,yahoo(fx없음)
2026-06-01,미장,어플라이드 옵토일렉트로닉스,AAOI,USD,185.67,280597.5018,yahoo×fx
2026-04-16,미장,TRADR AAOI 2배 ETF,AAOX,USD,56.85,84019.7522,yahoo×fx
2026-04-17,미장,TRADR AAOI 2배 ETF,AAOX,USD,58.48,,yahoo(fx없음)
2026-04-20,미장,TRADR AAOI 2배 ETF,AAOX,USD,61.26,90006.8657,yahoo×fx
2026-04-21,미장,TRADR AAOI 2배 ETF,AAOX,USD,51.77,76919.8692,yahoo×fx
2026-04-22,미장,TRADR AAOI 2배 ETF,AAOX,USD,50.79,75065.5878,yahoo×fx
2026-04-23,미장,TRADR AAOI 2배 ETF,AAOX,USD,42.92,63519.4492,yahoo×fx
2026-04-24,미장,TRADR AAOI 2배 ETF,AAOX,USD,58.0,,yahoo(fx없음)
2026-04-27,미장,TRADR AAOI 2배 ETF,AAOX,USD,46.24,68111.5225,yahoo×fx
2026-04-28,미장,TRADR AAOI 2배 ETF,AAOX,USD,40.8,60057.1905,yahoo×fx
2026-04-29,미장,TRADR AAOI 2배 ETF,AAOX,USD,50.1,74517.736,yahoo×fx
2026-04-30,미장,TRADR AAOI 2배 ETF,AAOX,USD,57.32,84490.2533,yahoo×fx
2026-05-01,미장,TRADR AAOI 2배 ETF,AAOX,USD,70.7,,yahoo(fx없음)
2026-05-04,미장,TRADR AAOI 2배 ETF,AAOX,USD,63.0,92991.1531,yahoo×fx
2026-05-05,미장,TRADR AAOI 2배 ETF,AAOX,USD,68.0,100229.2773,yahoo×fx
2026-05-06,미장,TRADR AAOI 2배 ETF,AAOX,USD,66.27,95723.6934,yahoo×fx
2026-05-07,미장,TRADR AAOI 2배 ETF,AAOX,USD,50.99,74179.7465,yahoo×fx
2026-05-08,미장,TRADR AAOI 2배 ETF,AAOX,USD,45.14,,yahoo(fx없음)
2026-05-11,미장,TRADR AAOI 2배 ETF,AAOX,USD,66.89,98625.9563,yahoo×fx
2026-05-12,미장,TRADR AAOI 2배 ETF,AAOX,USD,69.21,103329.8359,yahoo×fx
2026-05-13,미장,TRADR AAOI 2배 ETF,AAOX,USD,95.29,141966.8517,yahoo×fx
2026-05-14,미장,TRADR AAOI 2배 ETF,AAOX,USD,78.0,116480.5173,yahoo×fx
2026-05-15,미장,TRADR AAOI 2배 ETF,AAOX,USD,68.0,,yahoo(fx없음)
2026-05-18,미장,TRADR AAOI 2배 ETF,AAOX,USD,56.11,83734.0731,yahoo×fx
2026-05-19,미장,TRADR AAOI 2배 ETF,AAOX,USD,54.0,81423.8987,yahoo×fx
2026-05-20,미장,TRADR AAOI 2배 ETF,AAOX,USD,50.51,75753.3812,yahoo×fx
2026-05-21,미장,TRADR AAOI 2배 ETF,AAOX,USD,57.3,86202.1203,yahoo×fx
2026-05-22,미장,TRADR AAOI 2배 ETF,AAOX,USD,59.86,,yahoo(fx없음)
2026-05-26,미장,TRADR AAOI 2배 ETF,AAOX,USD,57.77,86969.2661,yahoo×fx
2026-05-27,미장,TRADR AAOI 2배 ETF,AAOX,USD,59.17,88939.0151,yahoo×fx
2026-05-28,미장,TRADR AAOI 2배 ETF,AAOX,USD,52.12,77934.5152,yahoo×fx
2026-05-29,미장,TRADR AAOI 2배 ETF,AAOX,USD,45.5,,yahoo(fx없음)
2026-06-01,미장,TRADR AAOI 2배 ETF,AAOX,USD,61.0,92187.4712,yahoo×fx
2026-06-02,미장,TRADR AAOI 2배 ETF,AAOX,USD,71.5,108436.8983,yahoo×fx
2026-06-03,미장,TRADR AAOI 2배 ETF,AAOX,USD,58.52,89542.037,yahoo×fx
2026-06-04,미장,TRADR AAOI 2배 ETF,AAOX,USD,70.66,108326.728,yahoo×fx
2026-06-05,미장,TRADR AAOI 2배 ETF,AAOX,USD,52.53,,yahoo(fx없음)
2026-06-08,미장,TRADR AAOI 2배 ETF,AAOX,USD,63.89,97680.1426,yahoo×fx
2026-01-02,미장,아처 에비에이션,ACHR,USD,8.13,11736.7935,yahoo×fx
2026-01-05,미장,아처 에비에이션,ACHR,USD,8.56,12330.5092,yahoo×fx
2026-01-06,미장,아처 에비에이션,ACHR,USD,8.82,12749.8393,yahoo×fx
2026-01-07,미장,아처 에비에이션,ACHR,USD,8.42,12166.563,yahoo×fx
2026-01-08,미장,아처 에비에이션,ACHR,USD,8.71,12595.8796,yahoo×fx
2026-01-09,미장,아처 에비에이션,ACHR,USD,8.81,12775.205,yahoo×fx
2026-01-12,미장,아처 에비에이션,ACHR,USD,8.86,12893.4258,yahoo×fx
2026-01-13,미장,아처 에비에이션,ACHR,USD,8.47,12407.9579,yahoo×fx
2026-01-14,미장,아처 에비에이션,ACHR,USD,8.91,13124.519,yahoo×fx
2026-01-15,미장,아처 에비에이션,ACHR,USD,8.86,12961.2937,yahoo×fx
2026-01-16,미장,아처 에비에이션,ACHR,USD,8.86,13013.9216,yahoo×fx
2026-01-20,미장,아처 에비에이션,ACHR,USD,8.65,12728.6476,yahoo×fx
2026-01-21,미장,아처 에비에이션,ACHR,USD,8.47,12516.7972,yahoo×fx
2026-01-22,미장,아처 에비에이션,ACHR,USD,9.01,13198.1182,yahoo×fx
2026-01-23,미장,아처 에비에이션,ACHR,USD,8.61,12598.6682,yahoo×fx
2026-01-26,미장,아처 에비에이션,ACHR,USD,8.03,11601.8244,yahoo×fx
2026-01-27,미장,아처 에비에이션,ACHR,USD,8.09,11657.5283,yahoo×fx
2026-01-28,미장,아처 에비에이션,ACHR,USD,7.73,11073.3024,yahoo×fx
2026-01-29,미장,아처 에비에이션,ACHR,USD,7.43,10619.476,yahoo×fx
2026-01-30,미장,아처 에비에이션,ACHR,USD,7.19,10272.7846,yahoo×fx
2026-02-02,미장,아처 에비에이션,ACHR,USD,7.05,10214.0406,yahoo×fx
2026-02-03,미장,아처 에비에이션,ACHR,USD,7.2,10458.288,yahoo×fx
2026-02-04,미장,아처 에비에이션,ACHR,USD,6.95,10054.4261,yahoo×fx
2026-02-05,미장,아처 에비에이션,ACHR,USD,6.49,9476.1135,yahoo×fx
2026-02-06,미장,아처 에비에이션,ACHR,USD,7.3,10735.9647,yahoo×fx
2026-02-09,미장,아처 에비에이션,ACHR,USD,7.37,10777.888,yahoo×fx
2026-02-10,미장,아처 에비에이션,ACHR,USD,7.17,10457.7322,yahoo×fx
2026-02-11,미장,아처 에비에이션,ACHR,USD,6.97,10143.6495,yahoo×fx
2026-02-12,미장,아처 에비에이션,ACHR,USD,6.76,9762.7243,yahoo×fx
2026-02-13,미장,아처 에비에이션,ACHR,USD,6.77,9754.8931,yahoo×fx
2026-02-17,미장,아처 에비에이션,ACHR,USD,6.82,9822.3687,yahoo×fx
2026-02-18,미장,아처 에비에이션,ACHR,USD,6.97,10036.5904,yahoo×fx
2026-02-19,미장,아처 에비에이션,ACHR,USD,7.23,10412.3571,yahoo×fx
2026-02-20,미장,아처 에비에이션,ACHR,USD,6.93,10032.9073,yahoo×fx
2026-02-23,미장,아처 에비에이션,ACHR,USD,6.96,10046.342,yahoo×fx
2026-02-24,미장,아처 에비에이션,ACHR,USD,7.19,10369.4177,yahoo×fx
2026-02-25,미장,아처 에비에이션,ACHR,USD,7.1,10223.9288,yahoo×fx
2026-02-26,미장,아처 에비에이션,ACHR,USD,7.38,10530.744,yahoo×fx
2026-02-27,미장,아처 에비에이션,ACHR,USD,7.12,10198.1179,yahoo×fx
2026-03-02,미장,아처 에비에이션,ACHR,USD,7.52,10817.52,yahoo×fx
2026-03-03,미장,아처 에비에이션,ACHR,USD,6.72,9759.2542,yahoo×fx
2026-03-04,미장,아처 에비에이션,ACHR,USD,6.76,10025.5532,yahoo×fx
2026-03-05,미장,아처 에비에이션,ACHR,USD,6.46,9436.4451,yahoo×fx
2026-03-06,미장,아처 에비에이션,ACHR,USD,6.26,9261.733,yahoo×fx
2026-03-09,미장,아처 에비에이션,ACHR,USD,6.52,9674.9629,yahoo×fx
2026-03-10,미장,아처 에비에이션,ACHR,USD,6.32,9255.4505,yahoo×fx
2026-03-11,미장,아처 에비에이션,ACHR,USD,6.43,9469.9753,yahoo×fx
2026-03-12,미장,아처 에비에이션,ACHR,USD,6.15,9073.3409,yahoo×fx
2026-03-13,미장,아처 에비에이션,ACHR,USD,6.03,8867.5974,yahoo×fx
2026-03-16,미장,아처 에비에이션,ACHR,USD,6.12,9190.7098,yahoo×fx
2026-03-17,미장,아처 에비에이션,ACHR,USD,6.29,9365.2441,yahoo×fx
2026-03-18,미장,아처 에비에이션,ACHR,USD,6.01,8924.069,yahoo×fx
2026-03-19,미장,아처 에비에이션,ACHR,USD,6.01,9046.5528,yahoo×fx
2026-03-20,미장,아처 에비에이션,ACHR,USD,5.76,8581.4785,yahoo×fx
2026-03-23,미장,아처 에비에이션,ACHR,USD,5.89,8859.7965,yahoo×fx
2026-03-24,미장,아처 에비에이션,ACHR,USD,5.51,8184.3339,yahoo×fx
2026-03-25,미장,아처 에비에이션,ACHR,USD,5.56,8325.0438,yahoo×fx
2026-03-26,미장,아처 에비에이션,ACHR,USD,5.37,8060.2086,yahoo×fx
2026-03-27,미장,아처 에비에이션,ACHR,USD,5.09,7677.5526,yahoo×fx
2026-03-30,미장,아처 에비에이션,ACHR,USD,4.94,7489.6823,yahoo×fx
2026-03-31,미장,아처 에비에이션,ACHR,USD,5.17,7772.216,yahoo×fx
2026-04-01,미장,아처 에비에이션,ACHR,USD,5.21,7877.9888,yahoo×fx
2026-04-02,미장,아처 에비에이션,ACHR,USD,5.42,8179.9724,yahoo×fx
2026-04-06,미장,아처 에비에이션,ACHR,USD,5.54,8353.4888,yahoo×fx
2026-04-07,미장,아처 에비에이션,ACHR,USD,5.34,8005.3545,yahoo×fx
2026-04-08,미장,아처 에비에이션,ACHR,USD,5.58,8245.0078,yahoo×fx
2026-04-09,미장,아처 에비에이션,ACHR,USD,5.32,7837.85,yahoo×fx
2026-04-10,미장,아처 에비에이션,ACHR,USD,5.4,,yahoo(fx없음)
2026-04-13,미장,아처 에비에이션,ACHR,USD,5.45,8048.7775,yahoo×fx
2026-04-14,미장,아처 에비에이션,ACHR,USD,5.67,8331.6118,yahoo×fx
2026-04-15,미장,아처 에비에이션,ACHR,USD,6.06,8932.8039,yahoo×fx
2026-04-16,미장,아처 에비에이션,ACHR,USD,6.08,8985.7538,yahoo×fx
2026-04-17,미장,아처 에비에이션,ACHR,USD,6.11,,yahoo(fx없음)
2026-04-20,미장,아처 에비에이션,ACHR,USD,6.11,8977.1789,yahoo×fx
2026-04-21,미장,아처 에비에이션,ACHR,USD,5.94,8825.6524,yahoo×fx
2026-04-22,미장,아처 에비에이션,ACHR,USD,6.06,8956.4373,yahoo×fx
2026-04-23,미장,아처 에비에이션,ACHR,USD,5.77,8539.3112,yahoo×fx
2026-04-24,미장,아처 에비에이션,ACHR,USD,5.7,,yahoo(fx없음)
2026-04-27,미장,아처 에비에이션,ACHR,USD,5.9,8690.7001,yahoo×fx
2026-04-28,미장,아처 에비에이션,ACHR,USD,5.84,8596.4218,yahoo×fx
2026-04-29,미장,아처 에비에이션,ACHR,USD,5.6,8329.3279,yahoo×fx
2026-04-30,미장,아처 에비에이션,ACHR,USD,5.74,8460.8171,yahoo×fx
2026-05-01,미장,아처 에비에이션,ACHR,USD,5.87,,yahoo(fx없음)
2026-05-04,미장,아처 에비에이션,ACHR,USD,5.77,8516.8088,yahoo×fx
2026-05-05,미장,아처 에비에이션,ACHR,USD,5.84,8607.9264,yahoo×fx
2026-05-06,미장,아처 에비에이션,ACHR,USD,6.41,9258.924,yahoo×fx
2026-05-07,미장,아처 에비에이션,ACHR,USD,6.28,9136.0818,yahoo×fx
2026-05-08,미장,아처 에비에이션,ACHR,USD,6.48,,yahoo(fx없음)
2026-05-11,미장,아처 에비에이션,ACHR,USD,6.54,9642.9026,yahoo×fx
2026-05-12,미장,아처 에비에이션,ACHR,USD,6.39,9540.2058,yahoo×fx
2026-05-13,미장,아처 에비에이션,ACHR,USD,6.52,9713.7565,yahoo×fx
2026-05-14,미장,아처 에비에이션,ACHR,USD,6.41,9572.309,yahoo×fx
2026-05-15,미장,아처 에비에이션,ACHR,USD,6.05,,yahoo(fx없음)
2026-05-18,미장,아처 에비에이션,ACHR,USD,5.92,8834.5342,yahoo×fx
2026-05-19,미장,아처 에비에이션,ACHR,USD,5.91,8911.3931,yahoo×fx
2026-05-20,미장,아처 에비에이션,ACHR,USD,5.78,8668.671,yahoo×fx
2026-05-21,미장,아처 에비에이션,ACHR,USD,6.12,9206.928,yahoo×fx
2026-05-22,미장,아처 에비에이션,ACHR,USD,6.36,,yahoo(fx없음)
2026-05-26,미장,아처 에비에이션,ACHR,USD,6.51,9800.4144,yahoo×fx
2026-05-27,미장,아처 에비에이션,ACHR,USD,6.55,9845.3707,yahoo×fx
2026-05-28,미장,아처 에비에이션,ACHR,USD,6.81,10182.9251,yahoo×fx
2026-05-29,미장,아처 에비에이션,ACHR,USD,6.81,,yahoo(fx없음)
2026-06-01,미장,아처 에비에이션,ACHR,USD,6.84,10337.0872,yahoo×fx
2026-06-02,미장,아처 에비에이션,ACHR,USD,6.74,10221.8835,yahoo×fx
2026-06-03,미장,아처 에비에이션,ACHR,USD,6.53,9991.6185,yahoo×fx
2026-06-04,미장,아처 에비에이션,ACHR,USD,6.38,9780.9864,yahoo×fx
2026-06-05,미장,아처 에비에이션,ACHR,USD,5.54,,yahoo(fx없음)
2026-06-08,미장,아처 에비에이션,ACHR,USD,5.73,8760.4825,yahoo×fx
2026-06-09,미장,아처 에비에이션,ACHR,USD,5.32,8117.3098,yahoo×fx
2026-06-10,미장,아처 에비에이션,ACHR,USD,5.05,7701.503,yahoo×fx
2026-06-11,미장,아처 에비에이션,ACHR,USD,5.3,8042.1143,yahoo×fx
2026-06-12,미장,아처 에비에이션,ACHR,USD,5.08,,yahoo(fx없음)
2026-06-15,미장,아처 에비에이션,ACHR,USD,5.55,8398.8711,yahoo×fx
2026-06-16,미장,아처 에비에이션,ACHR,USD,5.44,8219.6223,yahoo×fx
2026-06-17,미장,아처 에비에이션,ACHR,USD,5.36,8176.2516,yahoo×fx
2026-06-18,미장,아처 에비에이션,ACHR,USD,5.57,8564.2098,yahoo×fx
2026-06-22,미장,아처 에비에이션,ACHR,USD,5.43,8357.0415,yahoo×fx
2026-06-23,미장,아처 에비에이션,ACHR,USD,5.25,8060.0625,yahoo×fx
2026-06-24,미장,아처 에비에이션,ACHR,USD,5.05,7790.9383,yahoo×fx
2026-06-25,미장,아처 에비에이션,ACHR,USD,4.79,7407.639,yahoo×fx
2026-06-26,미장,아처 에비에이션,ACHR,USD,4.87,,yahoo(fx없음)
2026-06-29,미장,아처 에비에이션,ACHR,USD,4.68,7215.296,yahoo×fx
2026-06-30,미장,아처 에비에이션,ACHR,USD,4.73,7324.9253,yahoo×fx
2026-07-01,미장,아처 에비에이션,ACHR,USD,4.92,7634.9056,yahoo×fx
2026-07-02,미장,아처 에비에이션,ACHR,USD,4.98,7679.8075,yahoo×fx
2026-07-06,미장,아처 에비에이션,ACHR,USD,5.37,8209.4411,yahoo×fx
2026-07-07,미장,아처 에비에이션,ACHR,USD,4.93,7492.9095,yahoo×fx
2026-07-08,미장,아처 에비에이션,ACHR,USD,4.84,7276.2141,yahoo×fx
2026-07-09,미장,아처 에비에이션,ACHR,USD,4.85,7303.6635,yahoo×fx
2026-07-10,미장,아처 에비에이션,ACHR,USD,4.73,,yahoo(fx없음)
2026-07-13,미장,아처 에비에이션,ACHR,USD,4.55,6814.5351,yahoo×fx
2026-07-14,미장,아처 에비에이션,ACHR,USD,4.85,7216.2179,yahoo×fx
2026-07-15,미장,아처 에비에이션,ACHR,USD,4.78,7104.0361,yahoo×fx
2026-07-16,미장,아처 에비에이션,ACHR,USD,4.49,6640.0361,yahoo×fx
2026-07-17,미장,아처 에비에이션,ACHR,USD,4.44,,yahoo(fx없음)
2026-07-20,미장,아처 에비에이션,ACHR,USD,5.31,7832.3031,yahoo×fx
2026-07-21,미장,아처 에비에이션,ACHR,USD,5.28,7812.9218,yahoo×fx
2026-07-22,미장,아처 에비에이션,ACHR,USD,5.18,7643.7632,yahoo×fx
2026-07-23,미장,아처 에비에이션,ACHR,USD,5.11,7532.3448,yahoo×fx
2026-07-24,미장,아처 에비에이션,ACHR,USD,4.77,,yahoo(fx없음)
2026-07-27,미장,아처 에비에이션,ACHR,USD,4.95,7248.9774,yahoo×fx
2026-07-28,미장,아처 에비에이션,ACHR,USD,4.82,7004.2316,yahoo×fx
2026-07-29,미장,아처 에비에이션,ACHR,USD,4.48,6461.4146,yahoo×fx
2026-07-30,미장,아처 에비에이션,ACHR,USD,4.74,6733.6436,yahoo×fx
2026-07-31,미장,아처 에비에이션,ACHR,USD,4.64,,yahoo(fx없음)
2026-08-03,미장,아처 에비에이션,ACHR,USD,4.84,6913.9402,yahoo×fx
2026-08-04,미장,아처 에비에이션,ACHR,USD,5.31,7584.9635,yahoo×fx
2026-08-05,미장,아처 에비에이션,ACHR,USD,5.2,7390.0319,yahoo×fx
2026-08-06,미장,아처 에비에이션,ACHR,USD,5.23,7438.6293,yahoo×fx
2026-08-07,미장,아처 에비에이션,ACHR,USD,5.59,,yahoo(fx없음)
2026-08-10,미장,아처 에비에이션,ACHR,USD,6.26,8872.3613,yahoo×fx
2026-08-11,미장,아처 에비에이션,ACHR,USD,6.79,9588.7025,yahoo×fx
2026-08-12,미장,아처 에비에이션,ACHR,USD,6.29,8909.5331,yahoo×fx
2026-08-13,미장,아처 에비에이션,ACHR,USD,6.97,9875.444,yahoo×fx
2026-08-14,미장,아처 에비에이션,ACHR,USD,6.62,,yahoo(fx없음)
2026-08-17,미장,아처 에비에이션,ACHR,USD,6.39,9040.1244,yahoo×fx
2026-08-18,미장,아처 에비에이션,ACHR,USD,6.32,8933.8256,yahoo×fx
2026-08-19,미장,아처 에비에이션,ACHR,USD,6.45,8961.6299,yahoo×fx
2026-08-20,미장,아처 에비에이션,ACHR,USD,6.09,8469.9116,yahoo×fx
2026-08-21,미장,아처 에비에이션,ACHR,USD,6.3,,yahoo(fx없음)
2026-08-24,미장,아처 에비에이션,ACHR,USD,6.07,,yahoo(fx없음)
2026-08-25,미장,아처 에비에이션,ACHR,USD,5.985,8275.7589,yahoo×fx
2026-01-29,미장,퍼스트 머제스틱 실버,AG,USD,25.17,35974.7265,yahoo×fx
2026-01-30,미장,퍼스트 머제스틱 실버,AG,USD,20.84,29775.3588,yahoo×fx
2026-02-02,미장,퍼스트 머제스틱 실버,AG,USD,20.4,29555.5204,yahoo×fx
2026-02-03,미장,퍼스트 머제스틱 실버,AG,USD,22.04,32013.9838,yahoo×fx
2026-02-04,미장,퍼스트 머제스틱 실버,AG,USD,22.43,32449.034,yahoo×fx
2026-05-11,미장,알몬티 인더스트리스,AII,USD,19.79,29179.3659,yahoo×fx
2026-05-12,미장,알몬티 인더스트리스,AII,USD,19.6,29262.6044,yahoo×fx
2026-05-13,미장,알몬티 인더스트리스,AII,USD,16.87,25133.6015,yahoo×fx
2026-05-14,미장,알몬티 인더스트리스,AII,USD,17.08,25506.2465,yahoo×fx
2026-05-15,미장,알몬티 인더스트리스,AII,USD,17.07,,yahoo(fx없음)
2026-05-18,미장,알몬티 인더스트리스,AII,USD,16.93,25264.9771,yahoo×fx
2026-05-19,미장,알몬티 인더스트리스,AII,USD,16.56,24969.9948,yahoo×fx
2026-05-20,미장,알몬티 인더스트리스,AII,USD,16.6,24896.1829,yahoo×fx
2026-05-21,미장,알몬티 인더스트리스,AII,USD,16.86,25364.1853,yahoo×fx
2026-05-22,미장,알몬티 인더스트리스,AII,USD,17.01,,yahoo(fx없음)
2026-05-26,미장,알몬티 인더스트리스,AII,USD,16.65,25065.5745,yahoo×fx
2026-05-27,미장,알몬티 인더스트리스,AII,USD,16.7,25101.9379,yahoo×fx
2026-05-28,미장,알몬티 인더스트리스,AII,USD,16.6,24821.8152,yahoo×fx
2026-05-29,미장,알몬티 인더스트리스,AII,USD,16.36,,yahoo(fx없음)
2026-06-01,미장,알몬티 인더스트리스,AII,USD,16.6,25087.0829,yahoo×fx
2026-06-02,미장,알몬티 인더스트리스,AII,USD,16.76,25418.2159,yahoo×fx
2026-06-03,미장,알몬티 인더스트리스,AII,USD,16.59,25384.5249,yahoo×fx
2026-05-08,미장,아마존닷컴,AMZN,USD,272.68,,yahoo(fx없음)
2026-05-11,미장,아마존닷컴,AMZN,USD,268.99,396612.278,yahoo×fx
2026-05-12,미장,아마존닷컴,AMZN,USD,265.82,396866.6101,yahoo×fx
2026-05-13,미장,아마존닷컴,AMZN,USD,270.13,402450.4772,yahoo×fx
2026-05-14,미장,아마존닷컴,AMZN,USD,267.22,399050.3075,yahoo×fx
2026-05-15,미장,아마존닷컴,AMZN,USD,264.14,,yahoo(fx없음)
2026-05-18,미장,아마존닷컴,AMZN,USD,264.86,395255.8391,yahoo×fx
2026-05-19,미장,아마존닷컴,AMZN,USD,259.34,391045.8071,yahoo×fx
2026-05-20,미장,아마존닷컴,AMZN,USD,265.01,397454.0675,yahoo×fx
2026-05-21,미장,아마존닷컴,AMZN,USD,268.46,403871.2177,yahoo×fx
2026-05-22,미장,아마존닷컴,AMZN,USD,266.32,,yahoo(fx없음)
2026-05-26,미장,아마존닷컴,AMZN,USD,265.29,399378.1749,yahoo×fx
2026-05-27,미장,아마존닷컴,AMZN,USD,271.85,408620.4587,yahoo×fx
2026-05-28,미장,아마존닷컴,AMZN,USD,274.0,409709.4707,yahoo×fx
2026-05-29,미장,아마존닷컴,AMZN,USD,270.64,,yahoo(fx없음)
2026-06-01,미장,아마존닷컴,AMZN,USD,261.26,394834.4201,yahoo×fx
2026-06-02,미장,아마존닷컴,AMZN,USD,256.52,389038.2091,yahoo×fx
2026-06-03,미장,아마존닷컴,AMZN,USD,250.02,382558.1051,yahoo×fx
2026-06-04,미장,아마존닷컴,AMZN,USD,253.79,389077.8114,yahoo×fx
2026-06-05,미장,아마존닷컴,AMZN,USD,246.03,,yahoo(fx없음)
2026-06-08,미장,아마존닷컴,AMZN,USD,245.22,374911.9567,yahoo×fx
2026-06-09,미장,아마존닷컴,AMZN,USD,244.19,372587.5619,yahoo×fx
2026-06-10,미장,아마존닷컴,AMZN,USD,238.0,362961.9116,yahoo×fx
2026-06-11,미장,아마존닷컴,AMZN,USD,241.51,366462.4366,yahoo×fx
2026-06-12,미장,아마존닷컴,AMZN,USD,238.55,,yahoo(fx없음)
2026-06-15,미장,아마존닷컴,AMZN,USD,246.02,372304.5471,yahoo×fx
2026-06-16,미장,아마존닷컴,AMZN,USD,246.0,371696.1504,yahoo×fx
2026-06-17,미장,아마존닷컴,AMZN,USD,237.5,362287.2604,yahoo×fx
2026-06-18,미장,아마존닷컴,AMZN,USD,244.39,375764.3018,yahoo×fx
2026-06-22,미장,아마존닷컴,AMZN,USD,232.79,358275.4505,yahoo×fx
2026-06-23,미장,아마존닷컴,AMZN,USD,234.11,359417.3784,yahoo×fx
2026-06-24,미장,아마존닷컴,AMZN,USD,234.27,361422.3941,yahoo×fx
2026-06-25,미장,아마존닷컴,AMZN,USD,227.01,351066.4119,yahoo×fx
2026-06-26,미장,아마존닷컴,AMZN,USD,232.69,,yahoo(fx없음)
2026-06-29,미장,아마존닷컴,AMZN,USD,240.14,370231.0366,yahoo×fx
2026-06-30,미장,아마존닷컴,AMZN,USD,238.34,369095.6982,yahoo×fx
2026-07-01,미장,아마존닷컴,AMZN,USD,241.7,375072.4864,yahoo×fx
2026-07-02,미장,아마존닷컴,AMZN,USD,242.67,374228.6855,yahoo×fx
2026-07-06,미장,아마존닷컴,AMZN,USD,244.16,373262.0496,yahoo×fx
2026-07-07,미장,아마존닷컴,AMZN,USD,245.98,373855.1527,yahoo×fx
2026-07-08,미장,아마존닷컴,AMZN,USD,243.62,366246.1137,yahoo×fx
2026-07-09,미장,아마존닷컴,AMZN,USD,247.04,372020.0047,yahoo×fx
2026-07-10,미장,아마존닷컴,AMZN,USD,245.34,,yahoo(fx없음)
2026-07-13,미장,아마존닷컴,AMZN,USD,247.31,370396.1713,yahoo×fx
2026-07-14,미장,아마존닷컴,AMZN,USD,247.49,368235.4306,yahoo×fx
2026-07-15,미장,아마존닷컴,AMZN,USD,254.96,378921.5495,yahoo×fx
2026-07-16,미장,아마존닷컴,AMZN,USD,249.89,369549.8195,yahoo×fx
2026-07-17,미장,아마존닷컴,AMZN,USD,247.23,,yahoo(fx없음)
2026-07-20,미장,아마존닷컴,AMZN,USD,249.99,368737.7604,yahoo×fx
2026-07-21,미장,아마존닷컴,AMZN,USD,247.55,366304.6833,yahoo×fx
2026-07-22,미장,아마존닷컴,AMZN,USD,244.85,361308.0157,yahoo×fx
2026-07-23,미장,아마존닷컴,AMZN,USD,233.66,344424.2009,yahoo×fx
2026-07-24,미장,아마존닷컴,AMZN,USD,232.11,,yahoo(fx없음)
2026-07-27,미장,아마존닷컴,AMZN,USD,231.39,338856.7571,yahoo×fx
2026-07-28,미장,아마존닷컴,AMZN,USD,230.86,335476.5264,yahoo×fx
2026-07-29,미장,아마존닷컴,AMZN,USD,226.65,326892.7598,yahoo×fx
2026-07-30,미장,아마존닷컴,AMZN,USD,235.5,334551.2943,yahoo×fx
2026-07-31,미장,아마존닷컴,AMZN,USD,271.58,,yahoo(fx없음)
2026-08-03,미장,아마존닷컴,AMZN,USD,284.02,405722.5543,yahoo×fx
2026-08-04,미장,아마존닷컴,AMZN,USD,277.42,396275.0847,yahoo×fx
2026-08-05,미장,아마존닷컴,AMZN,USD,272.65,387479.2746,yahoo×fx
2026-08-06,미장,아마존닷컴,AMZN,USD,272.26,387235.4252,yahoo×fx
2026-08-07,미장,아마존닷컴,AMZN,USD,274.48,,yahoo(fx없음)
2026-08-10,미장,아마존닷컴,AMZN,USD,278.09,394139.749,yahoo×fx
2026-08-11,미장,아마존닷컴,AMZN,USD,272.27,384494.2477,yahoo×fx
2026-08-12,미장,아마존닷컴,AMZN,USD,267.28,378591.4166,yahoo×fx
2026-08-13,미장,아마존닷컴,AMZN,USD,265.13,375649.4409,yahoo×fx
2026-04-28,미장,디렉시온 아마존 2배 ETF,AMZU,USD,41.13,60542.9499,yahoo×fx
2026-04-29,미장,디렉시온 아마존 2배 ETF,AMZU,USD,42.19,62752.5604,yahoo×fx
2026-04-30,미장,디렉시온 아마존 2배 ETF,AMZU,USD,42.75,63013.9279,yahoo×fx
2026-05-01,미장,디렉시온 아마존 2배 ETF,AMZU,USD,43.78,,yahoo(fx없음)
2026-05-04,미장,디렉시온 아마존 2배 ETF,AMZU,USD,45.01,66437.0102,yahoo×fx
2026-05-05,미장,디렉시온 아마존 2배 ETF,AMZU,USD,45.48,67035.6983,yahoo×fx
2026-05-06,미장,디렉시온 아마존 2배 ETF,AMZU,USD,45.93,66343.5867,yahoo×fx
2026-05-07,미장,디렉시온 아마존 2배 ETF,AMZU,USD,44.7,65029.1159,yahoo×fx
2026-05-08,미장,디렉시온 아마존 2배 ETF,AMZU,USD,45.1,,yahoo(fx없음)
2026-05-11,미장,디렉시온 아마존 2배 ETF,AMZU,USD,43.89,64713.6075,yahoo×fx
2026-05-12,미장,디렉시온 아마존 2배 ETF,AMZU,USD,42.84,63959.6914,yahoo×fx
2026-05-13,미장,디렉시온 아마존 2배 ETF,AMZU,USD,44.2,65850.9276,yahoo×fx
2026-05-14,미장,디렉시온 아마존 2배 ETF,AMZU,USD,43.28,64631.7519,yahoo×fx
2026-05-15,미장,디렉시온 아마존 2배 ETF,AMZU,USD,42.25,,yahoo(fx없음)
2026-05-18,미장,디렉시온 아마존 2배 ETF,AMZU,USD,42.44,63334.0565,yahoo×fx
2026-05-19,미장,디렉시온 아마존 2배 ETF,AMZU,USD,40.67,61324.2557,yahoo×fx
2026-05-20,미장,디렉시온 아마존 2배 ETF,AMZU,USD,42.43,63635.2424,yahoo×fx
2026-05-21,미장,디렉시온 아마존 2배 ETF,AMZU,USD,43.5,65441.4011,yahoo×fx
2026-05-22,미장,디렉시온 아마존 2배 ETF,AMZU,USD,42.77,,yahoo(fx없음)
2026-05-26,미장,디렉시온 아마존 2배 ETF,AMZU,USD,42.43,63875.8172,yahoo×fx
2026-05-27,미장,디렉시온 아마존 2배 ETF,AMZU,USD,44.53,66933.4858,yahoo×fx
2026-05-28,미장,디렉시온 아마존 2배 ETF,AMZU,USD,45.2,67587.1109,yahoo×fx
2026-05-29,미장,디렉시온 아마존 2배 ETF,AMZU,USD,44.07,,yahoo(fx없음)
2026-06-01,미장,디렉시온 아마존 2배 ETF,AMZU,USD,41.02,61992.2969,yahoo×fx
2026-06-02,미장,디렉시온 아마존 2배 ETF,AMZU,USD,39.52,59936.0317,yahoo×fx
2026-06-03,미장,디렉시온 아마존 2배 ETF,AMZU,USD,37.53,57425.0259,yahoo×fx
2026-06-04,미장,디렉시온 아마존 2배 ETF,AMZU,USD,38.64,59237.8218,yahoo×fx
2026-06-05,미장,디렉시온 아마존 2배 ETF,AMZU,USD,36.25,,yahoo(fx없음)
2026-06-08,미장,디렉시온 아마존 2배 ETF,AMZU,USD,35.98,55009.1019,yahoo×fx
2026-06-09,미장,디렉시온 아마존 2배 ETF,AMZU,USD,35.61,54334.0971,yahoo×fx
2026-06-10,미장,디렉시온 아마존 2배 ETF,AMZU,USD,33.81,51561.9442,yahoo×fx
2026-01-06,미장,앱러빈,APP,USD,617.24,892257.4764,yahoo×fx
2026-01-07,미장,앱러빈,APP,USD,632.92,914544.0338,yahoo×fx
2026-01-08,미장,앱러빈,APP,USD,616.53,891588.7456,yahoo×fx
2026-01-09,미장,앱러빈,APP,USD,647.72,939245.7467,yahoo×fx
2026-01-12,미장,앱러빈,APP,USD,658.65,958493.8551,yahoo×fx
2026-01-13,미장,앱러빈,APP,USD,668.63,979496.189,yahoo×fx
2026-01-14,미장,앱러빈,APP,USD,617.76,909966.678,yahoo×fx
2026-01-15,미장,앱러빈,APP,USD,606.99,887965.6715,yahoo×fx
2026-01-16,미장,앱러빈,APP,USD,568.76,835417.4333,yahoo×fx
2026-01-20,미장,앱러빈,APP,USD,565.52,832174.0302,yahoo×fx
2026-01-21,미장,앱러빈,APP,USD,532.56,787006.5288,yahoo×fx
2026-01-22,미장,앱러빈,APP,USD,521.94,764553.3508,yahoo×fx
2026-01-23,미장,앱러빈,APP,USD,524.41,767348.1424,yahoo×fx
2026-01-26,미장,앱러빈,APP,USD,535.44,773609.1013,yahoo×fx
2026-01-27,미장,앱러빈,APP,USD,543.56,783259.0747,yahoo×fx
2026-01-28,미장,앱러빈,APP,USD,542.36,776936.1079,yahoo×fx
2026-01-29,미장,앱러빈,APP,USD,569.24,813597.652,yahoo×fx
2026-01-30,미장,앱러빈,APP,USD,473.11,675960.6273,yahoo×fx
2026-02-02,미장,앱러빈,APP,USD,483.0,699770.4236,yahoo×fx
2026-02-03,미장,앱러빈,APP,USD,461.79,670768.4771,yahoo×fx
2026-02-04,미장,앱러빈,APP,USD,387.34,560357.0467,yahoo×fx
2026-02-05,미장,앱러빈,APP,USD,375.23,547877.0858,yahoo×fx
2026-02-06,미장,앱러빈,APP,USD,406.72,598154.9932,yahoo×fx
2026-02-09,미장,앱러빈,APP,USD,460.38,673259.7304,yahoo×fx
2026-02-10,미장,앱러빈,APP,USD,472.92,689772.7749,yahoo×fx
2026-02-11,미장,앱러빈,APP,USD,456.81,664809.2737,yahoo×fx
2026-02-12,미장,앱러빈,APP,USD,366.91,529887.7367,yahoo×fx
2026-02-13,미장,앱러빈,APP,USD,390.55,562743.4869,yahoo×fx
2026-02-17,미장,앱러빈,APP,USD,376.38,542073.7671,yahoo×fx
2026-02-18,미장,앱러빈,APP,USD,404.39,582309.4775,yahoo×fx
2026-02-19,미장,앱러빈,APP,USD,412.0,593345.9341,yahoo×fx
2026-02-17,미장,TRADR 앱러빈 2배 ETF,APPX,USD,26.58,38281.3128,yahoo×fx
2026-02-18,미장,TRADR 앱러빈 2배 ETF,APPX,USD,30.51,43933.4841,yahoo×fx
2026-03-27,미장,암 홀딩스 ADR,ARM,USD,144.13,217399.9321,yahoo×fx
2026-03-30,미장,암 홀딩스 ADR,ARM,USD,136.96,207649.1756,yahoo×fx
2026-03-31,미장,암 홀딩스 ADR,ARM,USD,151.28,227423.7539,yahoo×fx
2026-04-01,미장,암 홀딩스 ADR,ARM,USD,155.07,234479.8021,yahoo×fx
2026-04-02,미장,암 홀딩스 ADR,ARM,USD,149.11,225039.7908,yahoo×fx
2026-04-06,미장,암 홀딩스 ADR,ARM,USD,148.77,224322.8473,yahoo×fx
2026-04-07,미장,암 홀딩스 ADR,ARM,USD,143.86,215664.8434,yahoo×fx
2026-04-08,미장,암 홀딩스 ADR,ARM,USD,148.91,220029.4178,yahoo×fx
2026-04-09,미장,암 홀딩스 ADR,ARM,USD,149.795,220689.9793,yahoo×fx
2026-04-10,미장,암 홀딩스 ADR,ARM,USD,148.93,,yahoo(fx없음)
2026-04-13,미장,암 홀딩스 ADR,ARM,USD,157.58,232720.4445,yahoo×fx
2026-04-14,미장,암 홀딩스 ADR,ARM,USD,161.22,236899.9013,yahoo×fx
2026-04-15,미장,암 홀딩스 ADR,ARM,USD,159.34,234876.7243,yahoo×fx
2026-04-16,미장,암 홀딩스 ADR,ARM,USD,162.33,239910.7634,yahoo×fx
2026-04-17,미장,암 홀딩스 ADR,ARM,USD,166.73,,yahoo(fx없음)
2026-04-20,미장,암 홀딩스 ADR,ARM,USD,175.1,257267.4367,yahoo×fx
2026-04-21,미장,암 홀딩스 ADR,ARM,USD,175.49,260743.0587,yahoo×fx
2026-04-22,미장,암 홀딩스 ADR,ARM,USD,196.57,290522.6003,yahoo×fx
2026-04-23,미장,암 홀딩스 ADR,ARM,USD,204.61,302812.5604,yahoo×fx
2026-04-24,미장,암 홀딩스 ADR,ARM,USD,234.81,,yahoo(fx없음)
2026-04-27,미장,암 홀딩스 ADR,ARM,USD,215.88,317991.2472,yahoo×fx
2026-04-28,미장,암 홀딩스 ADR,ARM,USD,198.65,292410.8026,yahoo×fx
2026-04-29,미장,암 홀딩스 ADR,ARM,USD,201.69,299989.6768,yahoo×fx
2026-04-30,미장,암 홀딩스 ADR,ARM,USD,210.32,310013.796,yahoo×fx
2026-05-01,미장,암 홀딩스 ADR,ARM,USD,211.18,,yahoo(fx없음)
2026-05-04,미장,암 홀딩스 ADR,ARM,USD,203.26,300021.9248,yahoo×fx
2026-05-05,미장,암 홀딩스 ADR,ARM,USD,208.84,307821.7928,yahoo×fx
2026-05-06,미장,암 홀딩스 ADR,ARM,USD,237.3,342767.9778,yahoo×fx
2026-05-07,미장,암 홀딩스 ADR,ARM,USD,213.31,310321.2597,yahoo×fx
2026-05-08,미장,암 홀딩스 ADR,ARM,USD,213.27,,yahoo(fx없음)
2026-05-11,미장,암 홀딩스 ADR,ARM,USD,212.65,313541.7731,yahoo×fx
2026-05-12,미장,암 홀딩스 ADR,ARM,USD,207.92,310422.476,yahoo×fx
2026-05-13,미장,암 홀딩스 ADR,ARM,USD,221.21,329567.5088,yahoo×fx
2026-05-14,미장,암 홀딩스 ADR,ARM,USD,228.5,341228.1822,yahoo×fx
2026-05-15,미장,암 홀딩스 ADR,ARM,USD,209.16,,yahoo(fx없음)
2026-05-18,미장,암 홀딩스 ADR,ARM,USD,215.12,321027.8596,yahoo×fx
2026-05-19,미장,암 홀딩스 ADR,ARM,USD,223.15,336476.7128,yahoo×fx
2026-05-20,미장,암 홀딩스 ADR,ARM,USD,256.73,385035.9736,yahoo×fx
2026-05-21,미장,암 홀딩스 ADR,ARM,USD,298.23,448657.2358,yahoo×fx
2026-05-22,미장,암 홀딩스 ADR,ARM,USD,306.51,,yahoo(fx없음)
2026-05-26,미장,암 홀딩스 ADR,ARM,USD,321.22,483577.4198,yahoo×fx
2026-05-27,미장,암 홀딩스 ADR,ARM,USD,302.71,455006.4108,yahoo×fx
2026-05-28,미장,암 홀딩스 ADR,ARM,USD,335.27,501325.875,yahoo×fx
2026-05-29,미장,암 홀딩스 ADR,ARM,USD,353.29,,yahoo(fx없음)
2026-06-01,미장,암 홀딩스 ADR,ARM,USD,408.85,617882.7567,yahoo×fx
2026-06-02,미장,암 홀딩스 ADR,ARM,USD,402.71,610749.9632,yahoo×fx
2026-06-03,미장,암 홀딩스 ADR,ARM,USD,411.83,630145.1747,yahoo×fx
2026-06-04,미장,암 홀딩스 ADR,ARM,USD,393.44,603171.0434,yahoo×fx
2026-06-05,미장,암 홀딩스 ADR,ARM,USD,342.93,,yahoo(fx없음)
2026-06-08,미장,암 홀딩스 ADR,ARM,USD,346.39,529588.7673,yahoo×fx
2026-06-09,미장,암 홀딩스 ADR,ARM,USD,324.86,495674.6333,yahoo×fx
2026-06-10,미장,암 홀딩스 ADR,ARM,USD,307.43,468846.1253,yahoo×fx
2026-06-11,미장,암 홀딩스 ADR,ARM,USD,342.23,519292.9757,yahoo×fx
2026-06-12,미장,암 홀딩스 ADR,ARM,USD,380.81,,yahoo(fx없음)
2026-06-15,미장,암 홀딩스 ADR,ARM,USD,412.55,624316.0462,yahoo×fx
2026-06-16,미장,암 홀딩스 ADR,ARM,USD,396.34,598853.8654,yahoo×fx
2026-06-17,미장,암 홀딩스 ADR,ARM,USD,418.88,638967.9555,yahoo×fx
2026-06-18,미장,암 홀딩스 ADR,ARM,USD,439.46,675696.1302,yahoo×fx
2026-06-22,미장,암 홀딩스 ADR,ARM,USD,407.72,627501.4878,yahoo×fx
2026-06-23,미장,암 홀딩스 ADR,ARM,USD,366.39,562500.27,yahoo×fx
2026-06-24,미장,암 홀딩스 ADR,ARM,USD,359.08,553974.2436,yahoo×fx
2026-06-25,미장,암 홀딩스 ADR,ARM,USD,347.71,537726.5408,yahoo×fx
2026-06-26,미장,암 홀딩스 ADR,ARM,USD,334.27,,yahoo(fx없음)
2026-06-29,미장,암 홀딩스 ADR,ARM,USD,343.58,529707.566,yahoo×fx
2026-06-30,미장,암 홀딩스 ADR,ARM,USD,354.57,549090.6538,yahoo×fx
2026-07-01,미장,암 홀딩스 ADR,ARM,USD,337.47,523689.3424,yahoo×fx
2026-07-02,미장,암 홀딩스 ADR,ARM,USD,315.28,486202.7461,yahoo×fx
2026-07-06,미장,암 홀딩스 ADR,ARM,USD,322.24,492627.6106,yahoo×fx
2026-07-07,미장,암 홀딩스 ADR,ARM,USD,300.43,456611.5243,yahoo×fx
2026-07-08,미장,암 홀딩스 ADR,ARM,USD,300.24,451365.782,yahoo×fx
2026-07-09,미장,암 홀딩스 ADR,ARM,USD,327.87,493742.7156,yahoo×fx
2026-04-09,미장,레버리지셰어즈 ARM 2배 ETF,ARMG,USD,9.44,13907.7629,yahoo×fx
2026-04-10,미장,레버리지셰어즈 ARM 2배 ETF,ARMG,USD,9.34,,yahoo(fx없음)
2026-04-13,미장,레버리지셰어즈 ARM 2배 ETF,ARMG,USD,10.46,15447.7461,yahoo×fx
2026-04-14,미장,레버리지셰어즈 ARM 2배 ETF,ARMG,USD,10.89,16001.9848,yahoo×fx
2026-04-15,미장,레버리지셰어즈 ARM 2배 ETF,ARMG,USD,10.63,15669.2586,yahoo×fx
2026-04-16,미장,레버리지셰어즈 ARM 2배 ETF,ARMG,USD,11.05,16331.0168,yahoo×fx
2026-04-17,미장,레버리지셰어즈 ARM 2배 ETF,ARMG,USD,11.62,,yahoo(fx없음)
2026-04-20,미장,레버리지셰어즈 ARM 2배 ETF,ARMG,USD,12.804,18812.405,yahoo×fx
2026-04-21,미장,레버리지셰어즈 ARM 2배 ETF,ARMG,USD,12.89,19151.9631,yahoo×fx
2026-04-22,미장,레버리지셰어즈 ARM 2배 ETF,ARMG,USD,15.95,23573.4611,yahoo×fx
2026-04-23,미장,레버리지셰어즈 ARM 2배 ETF,ARMG,USD,17.24,25514.3368,yahoo×fx
2026-04-24,미장,레버리지셰어즈 ARM 2배 ETF,ARMG,USD,22.3,,yahoo(fx없음)
2026-04-27,미장,레버리지셰어즈 ARM 2배 ETF,ARMG,USD,18.7,27545.1011,yahoo×fx
2026-04-28,미장,레버리지셰어즈 ARM 2배 ETF,ARMG,USD,15.72,23139.683,yahoo×fx
2026-04-29,미장,레버리지셰어즈 ARM 2배 ETF,ARMG,USD,16.18,24065.8089,yahoo×fx
2026-04-30,미장,레버리지셰어즈 ARM 2배 ETF,ARMG,USD,17.53,25839.3965,yahoo×fx
2026-05-01,미장,레버리지셰어즈 ARM 2배 ETF,ARMG,USD,17.66,,yahoo(fx없음)
2026-05-04,미장,레버리지셰어즈 ARM 2배 ETF,ARMG,USD,16.35,24133.4189,yahoo×fx
2026-05-05,미장,레버리지셰어즈 ARM 2배 ETF,ARMG,USD,17.24,25411.0694,yahoo×fx
2026-05-06,미장,레버리지셰어즈 ARM 2배 ETF,ARMG,USD,21.95,31705.6775,yahoo×fx
2026-05-07,미장,레버리지셰어즈 ARM 2배 ETF,ARMG,USD,17.48,25429.7292,yahoo×fx
2026-05-08,미장,레버리지셰어즈 ARM 2배 ETF,ARMG,USD,17.47,,yahoo(fx없음)
2026-05-11,미장,레버리지셰어즈 ARM 2배 ETF,ARMG,USD,17.37,25611.1969,yahoo×fx
2026-05-12,미장,레버리지셰어즈 ARM 2배 ETF,ARMG,USD,16.58,24753.7739,yahoo×fx
2026-05-13,미장,레버리지셰어즈 ARM 2배 ETF,ARMG,USD,18.68,27830.211,yahoo×fx
2026-05-14,미장,레버리지셰어즈 ARM 2배 ETF,ARMG,USD,19.9,29717.4648,yahoo×fx
2026-05-15,미장,레버리지셰어즈 ARM 2배 ETF,ARMG,USD,16.54,,yahoo(fx없음)
2026-05-18,미장,레버리지셰어즈 ARM 2배 ETF,ARMG,USD,17.46,26055.9049,yahoo×fx
2026-05-19,미장,레버리지셰어즈 ARM 2배 ETF,ARMG,USD,18.72,28226.9505,yahoo×fx
2026-05-20,미장,레버리지셰어즈 ARM 2배 ETF,ARMG,USD,24.41,36609.3859,yahoo×fx
2026-05-21,미장,레버리지셰어즈 ARM 2배 ETF,ARMG,USD,32.3,48592.1196,yahoo×fx
2026-05-22,미장,레버리지셰어즈 ARM 2배 ETF,ARMG,USD,34.09,,yahoo(fx없음)
2026-05-26,미장,레버리지셰어즈 ARM 2배 ETF,ARMG,USD,37.34,56213.1276,yahoo×fx
2026-05-27,미장,레버리지셰어즈 ARM 2배 ETF,ARMG,USD,33.05,49677.7839,yahoo×fx
2026-05-28,미장,레버리지셰어즈 ARM 2배 ETF,ARMG,USD,40.02,59841.508,yahoo×fx
2026-05-29,미장,레버리지셰어즈 ARM 2배 ETF,ARMG,USD,44.36,,yahoo(fx없음)
2026-06-01,미장,레버리지셰어즈 ARM 2배 ETF,ARMG,USD,58.3,88107.041,yahoo×fx
2026-06-02,미장,레버리지셰어즈 ARM 2배 ETF,ARMG,USD,56.34,85445.2429,yahoo×fx
2026-06-03,미장,레버리지셰어즈 ARM 2배 ETF,ARMG,USD,59.07,90383.5964,yahoo×fx
2026-06-04,미장,레버리지셰어즈 ARM 2배 ETF,ARMG,USD,53.64,82233.871,yahoo×fx
2026-06-05,미장,레버리지셰어즈 ARM 2배 ETF,ARMG,USD,39.69,,yahoo(fx없음)
2026-06-08,미장,레버리지셰어즈 ARM 2배 ETF,ARMG,USD,40.61,62087.8179,yahoo×fx
2026-06-09,미장,레버리지셰어즈 ARM 2배 ETF,ARMG,USD,35.53,54212.0295,yahoo×fx
2026-06-10,미장,레버리지셰어즈 ARM 2배 ETF,ARMG,USD,31.74,48405.0882,yahoo×fx
2026-06-11,미장,레버리지셰어즈 ARM 2배 ETF,ARMG,USD,38.98,59147.4719,yahoo×fx
2026-06-12,미장,레버리지셰어즈 ARM 2배 ETF,ARMG,USD,47.52,,yahoo(fx없음)
2026-06-15,미장,레버리지셰어즈 ARM 2배 ETF,ARMG,USD,55.44,83897.9076,yahoo×fx
2026-06-16,미장,레버리지셰어즈 ARM 2배 ETF,ARMG,USD,51.06,77149.6177,yahoo×fx
2026-06-17,미장,레버리지셰어즈 ARM 2배 ETF,ARMG,USD,56.91,86811.6545,yahoo×fx
2026-06-18,미장,레버리지셰어즈 ARM 2배 ETF,ARMG,USD,62.49,96082.1306,yahoo×fx
2026-06-22,미장,레버리지셰어즈 ARM 2배 ETF,ARMG,USD,53.45,82262.2263,yahoo×fx
2026-06-23,미장,레버리지셰어즈 ARM 2배 ETF,ARMG,USD,42.58,65370.9478,yahoo×fx
2026-06-24,미장,레버리지셰어즈 ARM 2배 ETF,ARMG,USD,40.71,62805.7586,yahoo×fx
2026-06-25,미장,레버리지셰어즈 ARM 2배 ETF,ARMG,USD,38.05,58843.5621,yahoo×fx
2026-06-26,미장,레버리지셰어즈 ARM 2배 ETF,ARMG,USD,35.1,,yahoo(fx없음)
2026-06-29,미장,레버리지셰어즈 ARM 2배 ETF,ARMG,USD,37.17,57306.1006,yahoo×fx
2026-06-30,미장,레버리지셰어즈 ARM 2배 ETF,ARMG,USD,39.42,61046.2028,yahoo×fx
2026-07-01,미장,레버리지셰어즈 ARM 2배 ETF,ARMG,USD,35.61,55259.9571,yahoo×fx
2026-07-02,미장,레버리지셰어즈 ARM 2배 ETF,ARMG,USD,30.76,47435.9193,yahoo×fx
2026-07-06,미장,레버리지셰어즈 ARM 2배 ETF,ARMG,USD,32.18,49195.4976,yahoo×fx
2026-07-07,미장,레버리지셰어즈 ARM 2배 ETF,ARMG,USD,27.78,42221.7114,yahoo×fx
2026-07-08,미장,레버리지셰어즈 ARM 2배 ETF,ARMG,USD,27.78,41763.0634,yahoo×fx
2026-07-09,미장,레버리지셰어즈 ARM 2배 ETF,ARMG,USD,32.91,49559.499,yahoo×fx
2026-07-10,미장,레버리지셰어즈 ARM 2배 ETF,ARMG,USD,31.95,,yahoo(fx없음)
2026-07-13,미장,레버리지셰어즈 ARM 2배 ETF,ARMG,USD,27.07,40542.7372,yahoo×fx
2026-07-14,미장,레버리지셰어즈 ARM 2배 ETF,ARMG,USD,23.82,35441.3013,yahoo×fx
2026-07-15,미장,레버리지셰어즈 ARM 2배 ETF,ARMG,USD,23.13,34375.8036,yahoo×fx
2026-07-16,미장,레버리지셰어즈 ARM 2배 ETF,ARMG,USD,20.58,30434.7324,yahoo×fx
2026-07-17,미장,레버리지셰어즈 ARM 2배 ETF,ARMG,USD,21.4,,yahoo(fx없음)
2026-07-20,미장,레버리지셰어즈 ARM 2배 ETF,ARMG,USD,21.81,32169.9675,yahoo×fx
2026-07-21,미장,레버리지셰어즈 ARM 2배 ETF,ARMG,USD,25.04,37052.1894,yahoo×fx
2026-07-22,미장,레버리지셰어즈 ARM 2배 ETF,ARMG,USD,23.88,35238.0433,yahoo×fx
2026-07-23,미장,레버리지셰어즈 ARM 2배 ETF,ARMG,USD,23.82,35111.6333,yahoo×fx
2026-07-24,미장,레버리지셰어즈 ARM 2배 ETF,ARMG,USD,19.9,,yahoo(fx없음)
2026-07-27,미장,레버리지셰어즈 ARM 2배 ETF,ARMG,USD,20.91,30621.439,yahoo×fx
2026-07-28,미장,레버리지셰어즈 ARM 2배 ETF,ARMG,USD,17.47,25386.7048,yahoo×fx
2026-07-29,미장,레버리지셰어즈 ARM 2배 ETF,ARMG,USD,14.6,21057.289,yahoo×fx
2026-07-30,미장,레버리지셰어즈 ARM 2배 ETF,ARMG,USD,16.74,23780.8433,yahoo×fx
2026-07-31,미장,레버리지셰어즈 ARM 2배 ETF,ARMG,USD,16.53,,yahoo(fx없음)
2026-01-23,미장,AST 스페이스모바일,ASTS,USD,113.57,166182.4389,yahoo×fx
2026-01-26,미장,AST 스페이스모바일,ASTS,USD,104.78,151387.1962,yahoo×fx
2026-01-27,미장,AST 스페이스모바일,ASTS,USD,111.34,160438.7057,yahoo×fx
2026-01-28,미장,AST 스페이스모바일,ASTS,USD,121.23,173663.1933,yahoo×fx
2026-01-29,미장,AST 스페이스모바일,ASTS,USD,122.09,174499.5715,yahoo×fx
2026-01-30,미장,AST 스페이스모바일,ASTS,USD,111.21,158892.3994,yahoo×fx
2026-02-02,미장,AST 스페이스모바일,ASTS,USD,104.55,151472.0495,yahoo×fx
2026-02-03,미장,AST 스페이스모바일,ASTS,USD,115.76,168146.038,yahoo×fx
2026-02-04,미장,AST 스페이스모바일,ASTS,USD,103.5,149731.3856,yahoo×fx
2026-02-05,미장,AST 스페이스모바일,ASTS,USD,93.27,136184.4534,yahoo×fx
2026-02-06,미장,AST 스페이스모바일,ASTS,USD,101.79,149700.524,yahoo×fx
2026-02-09,미장,AST 스페이스모바일,ASTS,USD,102.12,149340.2945,yahoo×fx
2026-02-10,미장,AST 스페이스모바일,ASTS,USD,96.27,140413.6447,yahoo×fx
2026-02-11,미장,AST 스페이스모바일,ASTS,USD,96.92,141050.5767,yahoo×fx
2026-02-12,미장,AST 스페이스모바일,ASTS,USD,82.22,118741.2987,yahoo×fx
2026-02-13,미장,AST 스페이스모바일,ASTS,USD,82.51,118888.6641,yahoo×fx
2026-02-17,미장,AST 스페이스모바일,ASTS,USD,83.03,119582.2935,yahoo×fx
2026-02-18,미장,AST 스페이스모바일,ASTS,USD,84.43,121576.6651,yahoo×fx
2026-02-19,미장,AST 스페이스모바일,ASTS,USD,86.4,124429.8292,yahoo×fx
2026-02-20,미장,AST 스페이스모바일,ASTS,USD,80.2,116109.5456,yahoo×fx
2026-02-23,미장,AST 스페이스모바일,ASTS,USD,83.9,121104.6133,yahoo×fx
2026-02-24,미장,AST 스페이스모바일,ASTS,USD,85.82,123769.5994,yahoo×fx
2026-02-25,미장,AST 스페이스모바일,ASTS,USD,82.36,118597.5765,yahoo×fx
2026-02-26,미장,AST 스페이스모바일,ASTS,USD,85.76,122373.5245,yahoo×fx
2026-02-27,미장,AST 스페이스모바일,ASTS,USD,79.19,113425.42,yahoo×fx
2026-03-02,미장,AST 스페이스모바일,ASTS,USD,86.92,125034.4174,yahoo×fx
2026-03-03,미장,AST 스페이스모바일,ASTS,USD,92.68,134596.3859,yahoo×fx
2026-03-04,미장,AST 스페이스모바일,ASTS,USD,104.89,155559.2058,yahoo×fx
2026-03-05,미장,AST 스페이스모바일,ASTS,USD,93.86,137105.9959,yahoo×fx
2026-03-06,미장,AST 스페이스모바일,ASTS,USD,89.475,132379.1559,yahoo×fx
2026-03-09,미장,AST 스페이스모바일,ASTS,USD,89.76,133193.9709,yahoo×fx
2026-03-10,미장,AST 스페이스모바일,ASTS,USD,87.53,128185.0547,yahoo×fx
2026-03-11,미장,AST 스페이스모바일,ASTS,USD,88.21,129913.925,yahoo×fx
2026-03-12,미장,AST 스페이스모바일,ASTS,USD,87.09,128487.3522,yahoo×fx
2026-03-13,미장,AST 스페이스모바일,ASTS,USD,86.34,126969.868,yahoo×fx
2026-03-16,미장,AST 스페이스모바일,ASTS,USD,89.11,133820.9434,yahoo×fx
2026-03-17,미장,AST 스페이스모바일,ASTS,USD,95.7,142488.6857,yahoo×fx
2026-03-18,미장,AST 스페이스모바일,ASTS,USD,90.74,134737.1002,yahoo×fx
2026-03-19,미장,AST 스페이스모바일,ASTS,USD,94.09,141628.967,yahoo×fx
2026-03-20,미장,AST 스페이스모바일,ASTS,USD,89.93,133981.3086,yahoo×fx
2026-03-23,미장,AST 스페이스모바일,ASTS,USD,88.42,133002.242,yahoo×fx
2026-03-24,미장,AST 스페이스모바일,ASTS,USD,86.98,129196.6165,yahoo×fx
2026-03-25,미장,AST 스페이스모바일,ASTS,USD,96.06,143831.6006,yahoo×fx
2026-03-26,미장,AST 스페이스모바일,ASTS,USD,87.86,131875.2225,yahoo×fx
2026-03-27,미장,AST 스페이스모바일,ASTS,USD,78.67,118662.6773,yahoo×fx
2026-03-30,미장,AST 스페이스모바일,ASTS,USD,73.82,111920.7165,yahoo×fx
2026-03-31,미장,AST 스페이스모바일,ASTS,USD,82.87,124580.9576,yahoo×fx
2026-04-01,미장,AST 스페이스모바일,ASTS,USD,83.99,127000.433,yahoo×fx
2026-04-02,미장,AST 스페이스모바일,ASTS,USD,92.62,139783.9578,yahoo×fx
2026-04-06,미장,AST 스페이스모바일,ASTS,USD,94.81,142959.2525,yahoo×fx
2026-04-07,미장,AST 스페이스모바일,ASTS,USD,92.57,138774.4641,yahoo×fx
2026-04-08,미장,AST 스페이스모바일,ASTS,USD,96.46,142529.2923,yahoo×fx
2026-04-09,미장,AST 스페이스모바일,ASTS,USD,91.61,134967.1844,yahoo×fx
2026-04-10,미장,AST 스페이스모바일,ASTS,USD,94.9,,yahoo(fx없음)
2026-04-13,미장,AST 스페이스모바일,ASTS,USD,98.97,146162.8532,yahoo×fx
2026-04-14,미장,AST 스페이스모바일,ASTS,USD,88.57,130146.5328,yahoo×fx
2026-04-15,미장,AST 스페이스모바일,ASTS,USD,86.91,128110.5651,yahoo×fx
2026-04-16,미장,AST 스페이스모바일,ASTS,USD,90.94,134402.0524,yahoo×fx
2026-02-17,미장,TRADR AST 스페이스모바일 2배 ETF,ASTX,USD,42.44,61123.3584,yahoo×fx
2026-02-18,미장,TRADR AST 스페이스모바일 2배 ETF,ASTX,USD,43.74,62984.2889,yahoo×fx
2026-02-19,미장,TRADR AST 스페이스모바일 2배 ETF,ASTX,USD,45.74,65872.9224,yahoo×fx
2026-02-20,미장,TRADR AST 스페이스모바일 2배 ETF,ASTX,USD,39.2,56751.8011,yahoo×fx
2026-02-23,미장,TRADR AST 스페이스모바일 2배 ETF,ASTX,USD,42.69,61620.4491,yahoo×fx
2026-02-24,미장,TRADR AST 스페이스모바일 2배 ETF,ASTX,USD,44.45,64105.7889,yahoo×fx
2026-02-25,미장,TRADR AST 스페이스모바일 2배 ETF,ASTX,USD,41.01,59053.9871,yahoo×fx
2026-02-26,미장,TRADR AST 스페이스모바일 2배 ETF,ASTX,USD,44.22,63098.8487,yahoo×fx
2026-02-27,미장,TRADR AST 스페이스모바일 2배 ETF,ASTX,USD,37.54,53769.2921,yahoo×fx
2026-03-02,미장,TRADR AST 스페이스모바일 2배 ETF,ASTX,USD,44.74,64358.4924,yahoo×fx
2026-03-03,미장,TRADR AST 스페이스모바일 2배 ETF,ASTX,USD,50.7,73630.0911,yahoo×fx
2026-03-04,미장,TRADR AST 스페이스모바일 2배 ETF,ASTX,USD,64.0,94916.4766,yahoo×fx
2026-03-05,미장,TRADR AST 스페이스모바일 2배 ETF,ASTX,USD,50.68,74030.8104,yahoo×fx
2026-03-06,미장,TRADR AST 스페이스모바일 2배 ETF,ASTX,USD,45.82,67791.1482,yahoo×fx
2026-03-09,미장,TRADR AST 스페이스모바일 2배 ETF,ASTX,USD,46.05,68333.134,yahoo×fx
2026-03-10,미장,TRADR AST 스페이스모바일 2배 ETF,ASTX,USD,43.92,64319.5184,yahoo×fx
2026-03-11,미장,TRADR AST 스페이스모바일 2배 ETF,ASTX,USD,44.52,65568.1676,yahoo×fx
2026-03-12,미장,TRADR AST 스페이스모바일 2배 ETF,ASTX,USD,43.39,64015.0002,yahoo×fx
2026-03-13,미장,TRADR AST 스페이스모바일 2배 ETF,ASTX,USD,42.5,62499.6481,yahoo×fx
2026-03-16,미장,TRADR AST 스페이스모바일 2배 ETF,ASTX,USD,44.87,67383.5209,yahoo×fx
2026-03-17,미장,TRADR AST 스페이스모바일 2배 ETF,ASTX,USD,51.6,76827.7555,yahoo×fx
2026-03-18,미장,TRADR AST 스페이스모바일 2배 ETF,ASTX,USD,46.2,68600.9949,yahoo×fx
2026-03-19,미장,TRADR AST 스페이스모바일 2배 ETF,ASTX,USD,49.5,74509.875,yahoo×fx
2026-03-20,미장,TRADR AST 스페이스모바일 2배 ETF,ASTX,USD,45.34,67549.3443,yahoo×fx
2026-03-23,미장,TRADR AST 스페이스모바일 2배 ETF,ASTX,USD,43.66,65673.8067,yahoo×fx
2026-03-24,미장,TRADR AST 스페이스모바일 2배 ETF,ASTX,USD,42.3,62830.7262,yahoo×fx
2026-03-25,미장,TRADR AST 스페이스모바일 2배 ETF,ASTX,USD,50.97,76317.8955,yahoo×fx
2026-03-26,미장,TRADR AST 스페이스모바일 2배 ETF,ASTX,USD,42.75,64166.4662,yahoo×fx
2026-03-27,미장,TRADR AST 스페이스모바일 2배 ETF,ASTX,USD,33.58,50650.7311,yahoo×fx
2026-03-30,미장,TRADR AST 스페이스모바일 2배 ETF,ASTX,USD,29.3,44422.608,yahoo×fx
2026-03-31,미장,TRADR AST 스페이스모바일 2배 ETF,ASTX,USD,36.4,54721.2127,yahoo×fx
2026-04-01,미장,TRADR AST 스페이스모바일 2배 ETF,ASTX,USD,37.28,56370.7121,yahoo×fx
2026-04-02,미장,TRADR AST 스페이스모바일 2배 ETF,ASTX,USD,45.01,67929.9883,yahoo×fx
2026-04-06,미장,TRADR AST 스페이스모바일 2배 ETF,ASTX,USD,47.09,71004.6556,yahoo×fx
2026-04-07,미장,TRADR AST 스페이스모바일 2배 ETF,ASTX,USD,44.73,67056.0844,yahoo×fx
2026-04-08,미장,TRADR AST 스페이스모바일 2배 ETF,ASTX,USD,48.63,71855.6884,yahoo×fx
2026-04-09,미장,TRADR AST 스페이스모바일 2배 ETF,ASTX,USD,43.73,64426.535,yahoo×fx
2026-04-10,미장,TRADR AST 스페이스모바일 2배 ETF,ASTX,USD,46.81,,yahoo(fx없음)
2026-04-13,미장,TRADR AST 스페이스모바일 2배 ETF,ASTX,USD,50.63,74772.409,yahoo×fx
2026-04-14,미장,TRADR AST 스페이스모바일 2배 ETF,ASTX,USD,40.09,58909.0498,yahoo×fx
2026-04-15,미장,TRADR AST 스페이스모바일 2배 ETF,ASTX,USD,38.64,56957.6798,yahoo×fx
2026-04-16,미장,TRADR AST 스페이스모바일 2배 ETF,ASTX,USD,42.05,62146.5367,yahoo×fx
2026-04-17,미장,TRADR AST 스페이스모바일 2배 ETF,ASTX,USD,37.16,,yahoo(fx없음)
2026-04-20,미장,TRADR AST 스페이스모바일 2배 ETF,ASTX,USD,33.12,48661.89,yahoo×fx
2026-04-21,미장,TRADR AST 스페이스모바일 2배 ETF,ASTX,USD,31.63,46995.8543,yahoo×fx
2026-04-22,미장,TRADR AST 스페이스모바일 2배 ETF,ASTX,USD,36.0,53206.5586,yahoo×fx
2026-04-23,미장,TRADR AST 스페이스모바일 2배 ETF,ASTX,USD,31.01,45893.2483,yahoo×fx
2026-04-24,미장,TRADR AST 스페이스모바일 2배 ETF,ASTX,USD,29.17,,yahoo(fx없음)
2026-04-27,미장,TRADR AST 스페이스모바일 2배 ETF,ASTX,USD,29.67,43703.9101,yahoo×fx
2026-04-28,미장,TRADR AST 스페이스모바일 2배 ETF,ASTX,USD,25.7,37830.1439,yahoo×fx
2026-04-29,미장,TRADR AST 스페이스모바일 2배 ETF,ASTX,USD,24.13,35890.4783,yahoo×fx
2026-04-30,미장,TRADR AST 스페이스모바일 2배 ETF,ASTX,USD,26.79,39488.7295,yahoo×fx
2026-05-01,미장,TRADR AST 스페이스모바일 2배 ETF,ASTX,USD,24.71,,yahoo(fx없음)
2026-05-04,미장,TRADR AST 스페이스모바일 2배 ETF,ASTX,USD,22.91,33816.3064,yahoo×fx
2026-05-05,미장,TRADR AST 스페이스모바일 2배 ETF,ASTX,USD,19.87,29287.5857,yahoo×fx
2026-05-06,미장,TRADR AST 스페이스모바일 2배 ETF,ASTX,USD,24.11,34825.6892,yahoo×fx
2026-05-07,미장,TRADR AST 스페이스모바일 2배 ETF,ASTX,USD,20.6,29968.6754,yahoo×fx
2026-05-08,미장,TRADR AST 스페이스모바일 2배 ETF,ASTX,USD,26.39,,yahoo(fx없음)
2026-05-11,미장,TRADR AST 스페이스모바일 2배 ETF,ASTX,USD,31.61,46607.3639,yahoo×fx
2026-05-12,미장,TRADR AST 스페이스모바일 2배 ETF,ASTX,USD,24.42,36458.8157,yahoo×fx
2026-05-13,미장,TRADR AST 스페이스모바일 2배 ETF,ASTX,USD,25.46,37931.3242,yahoo×fx
2026-05-14,미장,TRADR AST 스페이스모바일 2배 ETF,ASTX,USD,30.99,46278.6052,yahoo×fx
2026-05-15,미장,TRADR AST 스페이스모바일 2배 ETF,ASTX,USD,31.43,,yahoo(fx없음)
2026-05-18,미장,TRADR AST 스페이스모바일 2배 ETF,ASTX,USD,34.01,50753.7989,yahoo×fx
2026-01-02,미장,브로드컴,AVGO,USD,347.62,501838.1348,yahoo×fx
2026-01-05,미장,브로드컴,AVGO,USD,343.42,494689.6542,yahoo×fx
2026-01-06,미장,브로드컴,AVGO,USD,343.77,496940.1655,yahoo×fx
2026-01-07,미장,브로드컴,AVGO,USD,343.5,496343.7466,yahoo×fx
2026-01-08,미장,브로드컴,AVGO,USD,332.48,480812.648,yahoo×fx
2026-01-09,미장,브로드컴,AVGO,USD,344.97,500234.0842,yahoo×fx
2026-01-12,미장,브로드컴,AVGO,USD,352.21,512550.0645,yahoo×fx
2026-01-13,미장,브로드컴,AVGO,USD,354.61,519478.8249,yahoo×fx
2026-01-14,미장,브로드컴,AVGO,USD,339.89,500661.3938,yahoo×fx
2026-01-15,미장,브로드컴,AVGO,USD,343.02,501803.9503,yahoo×fx
2026-01-16,미장,브로드컴,AVGO,USD,351.71,516605.6918,yahoo×fx
2026-01-20,미장,브로드컴,AVGO,USD,332.6,489427.5675,yahoo×fx
2026-01-21,미장,브로드컴,AVGO,USD,328.8,485894.0556,yahoo×fx
2026-01-22,미장,브로드컴,AVGO,USD,325.49,476787.4881,yahoo×fx
2026-01-23,미장,브로드컴,AVGO,USD,320.05,468316.3483,yahoo×fx
2026-01-26,미장,브로드컴,AVGO,USD,324.85,469346.5564,yahoo×fx
2026-01-27,미장,브로드컴,AVGO,USD,332.79,479543.74,yahoo×fx
2026-01-28,미장,브로드컴,AVGO,USD,333.24,477369.6217,yahoo×fx
2026-01-29,미장,브로드컴,AVGO,USD,330.73,472702.4893,yahoo×fx
2026-01-30,미장,브로드컴,AVGO,USD,331.3,473348.1738,yahoo×fx
2026-02-02,미장,브로드컴,AVGO,USD,331.11,479712.1629,yahoo×fx
2026-02-03,미장,브로드컴,AVGO,USD,320.33,465292.1312,yahoo×fx
2026-02-04,미장,브로드컴,AVGO,USD,308.05,445649.7729,yahoo×fx
2026-02-05,미장,브로드컴,AVGO,USD,310.51,453378.7658,yahoo×fx
2026-02-06,미장,브로드컴,AVGO,USD,332.92,489618.8232,yahoo×fx
2026-02-09,미장,브로드컴,AVGO,USD,343.94,502977.868,yahoo×fx
2026-02-10,미장,브로드컴,AVGO,USD,340.44,496545.3745,yahoo×fx
2026-02-11,미장,브로드컴,AVGO,USD,342.76,498828.9099,yahoo×fx
2026-02-12,미장,브로드컴,AVGO,USD,331.17,478272.4023,yahoo×fx
2026-02-13,미장,브로드컴,AVGO,USD,325.17,468537.4803,yahoo×fx
2026-02-17,미장,브로드컴,AVGO,USD,332.54,478934.09,yahoo×fx
2026-02-18,미장,브로드컴,AVGO,USD,333.51,480244.399,yahoo×fx
2026-02-19,미장,브로드컴,AVGO,USD,333.99,480999.0358,yahoo×fx
2026-02-20,미장,브로드컴,AVGO,USD,332.65,481594.0287,yahoo×fx
2026-02-23,미장,브로드컴,AVGO,USD,330.34,476825.945,yahoo×fx
2026-02-24,미장,브로드컴,AVGO,USD,325.49,469421.648,yahoo×fx
2026-02-25,미장,브로드컴,AVGO,USD,332.31,478523.0701,yahoo×fx
2026-02-26,미장,브로드컴,AVGO,USD,321.7,459043.4157,yahoo×fx
2026-02-27,미장,브로드컴,AVGO,USD,319.55,457697.8214,yahoo×fx
2026-03-02,미장,브로드컴,AVGO,USD,318.82,458622.5805,yahoo×fx
2026-03-03,미장,브로드컴,AVGO,USD,313.84,455780.4176,yahoo×fx
2026-03-04,미장,브로드컴,AVGO,USD,317.53,470919.1982,yahoo×fx
2026-03-05,미장,브로드컴,AVGO,USD,332.77,486093.7615,yahoo×fx
2026-03-06,미장,브로드컴,AVGO,USD,330.48,488948.4843,yahoo×fx
2026-03-09,미장,브로드컴,AVGO,USD,345.75,513054.9726,yahoo×fx
2026-03-10,미장,브로드컴,AVGO,USD,342.58,501698.1029,yahoo×fx
2026-03-11,미장,브로드컴,AVGO,USD,341.57,503057.4854,yahoo×fx
2026-03-12,미장,브로드컴,AVGO,USD,335.97,495669.9701,yahoo×fx
2026-03-13,미장,브로드컴,AVGO,USD,322.16,473762.044,yahoo×fx
2026-03-16,미장,브로드컴,AVGO,USD,324.92,487948.6302,yahoo×fx
2026-03-17,미장,브로드컴,AVGO,USD,321.31,478401.6794,yahoo×fx
2026-03-18,미장,브로드컴,AVGO,USD,315.93,469114.9667,yahoo×fx
2026-03-19,미장,브로드컴,AVGO,USD,319.84,481439.1545,yahoo×fx
2026-03-20,미장,브로드컴,AVGO,USD,310.51,462610.2223,yahoo×fx
2026-03-23,미장,브로드컴,AVGO,USD,322.51,485122.7692,yahoo×fx
2026-03-24,미장,브로드컴,AVGO,USD,318.29,472775.2424,yahoo×fx
2026-03-25,미장,브로드컴,AVGO,USD,318.81,477357.4161,yahoo×fx
2026-03-26,미장,브로드컴,AVGO,USD,309.42,464430.1485,yahoo×fx
2026-03-27,미장,브로드컴,AVGO,USD,300.68,453533.6693,yahoo×fx
2026-03-30,미장,브로드컴,AVGO,USD,293.41,444847.7103,yahoo×fx
2026-03-31,미장,브로드컴,AVGO,USD,309.51,465295.6694,yahoo×fx
2026-04-01,미장,브로드컴,AVGO,USD,313.49,474025.0686,yahoo×fx
2026-04-02,미장,브로드컴,AVGO,USD,314.55,474725.1234,yahoo×fx
2026-04-06,미장,브로드컴,AVGO,USD,314.43,474113.2568,yahoo×fx
2026-04-07,미장,브로드컴,AVGO,USD,333.97,500664.4496,yahoo×fx
2026-04-08,미장,브로드컴,AVGO,USD,350.63,518090.8867,yahoo×fx
2026-04-09,미장,브로드컴,AVGO,USD,354.91,522881.8206,yahoo×fx
2026-04-10,미장,브로드컴,AVGO,USD,371.55,,yahoo(fx없음)
2026-04-13,미장,브로드컴,AVGO,USD,379.75,560829.977,yahoo×fx
2026-04-14,미장,브로드컴,AVGO,USD,380.78,559525.7625,yahoo×fx
2026-04-15,미장,브로드컴,AVGO,USD,396.72,584789.1082,yahoo×fx
2026-04-16,미장,브로드컴,AVGO,USD,398.47,588906.8017,yahoo×fx
2026-04-17,미장,브로드컴,AVGO,USD,406.54,,yahoo(fx없음)
2026-04-20,미장,브로드컴,AVGO,USD,399.63,587160.3849,yahoo×fx
2026-04-21,미장,브로드컴,AVGO,USD,402.17,597544.2256,yahoo×fx
2026-04-22,미장,브로드컴,AVGO,USD,422.65,624659.7685,yahoo×fx
2026-04-23,미장,브로드컴,AVGO,USD,419.94,621490.1861,yahoo×fx
2026-04-24,미장,브로드컴,AVGO,USD,422.76,,yahoo(fx없음)
2026-04-27,미장,브로드컴,AVGO,USD,418.2,616008.618,yahoo×fx
2026-04-28,미장,브로드컴,AVGO,USD,399.83,588545.738,yahoo×fx
2026-04-29,미장,브로드컴,AVGO,USD,405.45,603058.2411,yahoo×fx
2026-04-30,미장,브로드컴,AVGO,USD,417.43,615295.9876,yahoo×fx
2026-05-01,미장,브로드컴,AVGO,USD,421.28,,yahoo(fx없음)
2026-05-04,미장,브로드컴,AVGO,USD,416.5,614774.8453,yahoo×fx
2026-05-05,미장,브로드컴,AVGO,USD,427.36,629911.5073,yahoo×fx
2026-05-06,미장,브로드컴,AVGO,USD,425.44,614526.7908,yahoo×fx
2026-05-07,미장,브로드컴,AVGO,USD,412.56,600188.175,yahoo×fx
2026-05-08,미장,브로드컴,AVGO,USD,430.0,,yahoo(fx없음)
2026-05-11,미장,브로드컴,AVGO,USD,428.43,631698.5818,yahoo×fx
2026-05-12,미장,브로드컴,AVGO,USD,419.3,626010.6847,yahoo×fx
2026-05-13,미장,브로드컴,AVGO,USD,416.79,620950.4121,yahoo×fx
2026-05-14,미장,브로드컴,AVGO,USD,439.79,656755.9963,yahoo×fx
2026-05-15,미장,브로드컴,AVGO,USD,425.19,,yahoo(fx없음)
2026-05-18,미장,브로드컴,AVGO,USD,420.71,627833.9119,yahoo×fx
2026-05-19,미장,브로드컴,AVGO,USD,411.07,619831.9005,yahoo×fx
2026-05-20,미장,브로드컴,AVGO,USD,417.76,626543.938,yahoo×fx
2026-05-21,미장,브로드컴,AVGO,USD,414.57,623679.1291,yahoo×fx
2026-05-22,미장,브로드컴,AVGO,USD,414.14,,yahoo(fx없음)
2026-05-26,미장,브로드컴,AVGO,USD,422.01,635310.7244,yahoo×fx
2026-05-27,미장,브로드컴,AVGO,USD,421.86,634101.9564,yahoo×fx
2026-05-28,미장,브로드컴,AVGO,USD,426.58,637860.8048,yahoo×fx
2026-05-29,미장,브로드컴,AVGO,USD,446.77,,yahoo(fx없음)
2026-06-01,미장,브로드컴,AVGO,USD,459.97,695138.8727,yahoo×fx
2026-06-02,미장,브로드컴,AVGO,USD,481.57,730349.0614,yahoo×fx
2026-06-03,미장,브로드컴,AVGO,USD,479.23,733274.6251,yahoo×fx
2026-06-04,미장,브로드컴,AVGO,USD,418.91,642218.3368,yahoo×fx
2026-06-05,미장,브로드컴,AVGO,USD,385.73,,yahoo(fx없음)
2026-06-08,미장,브로드컴,AVGO,USD,396.6,606353.8193,yahoo×fx
2026-06-09,미장,브로드컴,AVGO,USD,392.16,598361.6782,yahoo×fx
2026-06-10,미장,브로드컴,AVGO,USD,372.1,567471.1325,yahoo×fx
2026-06-11,미장,브로드컴,AVGO,USD,385.57,585056.2196,yahoo×fx
2026-06-12,미장,브로드컴,AVGO,USD,382.07,,yahoo(fx없음)
2026-06-15,미장,브로드컴,AVGO,USD,393.94,596153.3682,yahoo×fx
2026-06-16,미장,브로드컴,AVGO,USD,376.71,569193.714,yahoo×fx
2026-06-17,미장,브로드컴,AVGO,USD,392.9,599337.526,yahoo×fx
2026-06-18,미장,브로드컴,AVGO,USD,411.35,632475.3395,yahoo×fx
2026-06-22,미장,브로드컴,AVGO,USD,392.13,603507.7032,yahoo×fx
2026-06-23,미장,브로드컴,AVGO,USD,380.15,583625.2781,yahoo×fx
2026-06-24,미장,브로드컴,AVGO,USD,382.07,589442.3282,yahoo×fx
2026-06-25,미장,브로드컴,AVGO,USD,378.91,585976.7351,yahoo×fx
2026-06-26,미장,브로드컴,AVGO,USD,365.02,,yahoo(fx없음)
2026-06-29,미장,브로드컴,AVGO,USD,372.45,574217.35,yahoo×fx
2026-06-30,미장,브로드컴,AVGO,USD,377.75,584987.422,yahoo×fx
2026-07-01,미장,브로드컴,AVGO,USD,369.34,573145.5214,yahoo×fx
2026-07-02,미장,브로드컴,AVGO,USD,360.45,555860.7791,yahoo×fx
2026-07-06,미장,브로드컴,AVGO,USD,373.9,571603.3583,yahoo×fx
2026-07-07,미장,브로드컴,AVGO,USD,370.78,563533.6835,yahoo×fx
2026-07-08,미장,브로드컴,AVGO,USD,388.69,584337.1057,yahoo×fx
2026-07-09,미장,브로드컴,AVGO,USD,401.11,604035.5518,yahoo×fx
2026-07-10,미장,브로드컴,AVGO,USD,399.97,,yahoo(fx없음)
2026-07-13,미장,브로드컴,AVGO,USD,384.05,575191.648,yahoo×fx
2026-07-14,미장,브로드컴,AVGO,USD,389.11,578948.9669,yahoo×fx
2026-07-15,미장,브로드컴,AVGO,USD,394.28,585978.9149,yahoo×fx
2026-07-16,미장,브로드컴,AVGO,USD,374.45,553755.3914,yahoo×fx
2026-07-17,미장,브로드컴,AVGO,USD,370.83,,yahoo(fx없음)
2026-07-20,미장,브로드컴,AVGO,USD,378.16,557789.7907,yahoo×fx
2026-07-21,미장,브로드컴,AVGO,USD,386.5,571911.7687,yahoo×fx
2026-07-22,미장,브로드컴,AVGO,USD,396.81,585544.7386,yahoo×fx
2026-07-23,미장,브로드컴,AVGO,USD,392.47,578516.4959,yahoo×fx
2026-07-24,미장,브로드컴,AVGO,USD,381.92,,yahoo(fx없음)
2026-07-27,미장,브로드컴,AVGO,USD,383.22,561202.6761,yahoo×fx
2026-07-28,미장,브로드컴,AVGO,USD,380.91,553523.1939,yahoo×fx
2026-07-29,미장,브로드컴,AVGO,USD,370.32,534105.151,yahoo×fx
2026-07-30,미장,브로드컴,AVGO,USD,387.84,550965.4893,yahoo×fx
2026-07-31,미장,브로드컴,AVGO,USD,389.28,,yahoo(fx없음)
2026-08-03,미장,브로드컴,AVGO,USD,392.23,560300.5707,yahoo×fx
2026-08-04,미장,브로드컴,AVGO,USD,418.16,597312.3165,yahoo×fx
2026-08-05,미장,브로드컴,AVGO,USD,418.28,594442.8174,yahoo×fx
2026-08-06,미장,브로드컴,AVGO,USD,420.57,598176.742,yahoo×fx
2026-08-07,미장,브로드컴,AVGO,USD,427.76,,yahoo(fx없음)
2026-08-10,미장,브로드컴,AVGO,USD,422.4,598671.7601,yahoo×fx
2026-08-11,미장,브로드컴,AVGO,USD,416.08,587579.8578,yahoo×fx
2026-08-12,미장,브로드컴,AVGO,USD,416.05,589318.1495,yahoo×fx
2026-08-13,미장,브로드컴,AVGO,USD,417.82,591988.2672,yahoo×fx
2026-08-14,미장,브로드컴,AVGO,USD,392.99,,yahoo(fx없음)
2026-08-17,미장,브로드컴,AVGO,USD,392.43,555182.4759,yahoo×fx
2026-08-18,미장,브로드컴,AVGO,USD,380.0,537160.3833,yahoo×fx
2026-08-19,미장,브로드컴,AVGO,USD,362.48,503629.7361,yahoo×fx
2026-08-20,미장,브로드컴,AVGO,USD,364.03,506289.2962,yahoo×fx
2026-08-21,미장,브로드컴,AVGO,USD,368.45,,yahoo(fx없음)
2026-08-24,미장,브로드컴,AVGO,USD,358.76,,yahoo(fx없음)
2026-08-25,미장,브로드컴,AVGO,USD,356.94,493558.7884,yahoo×fx
2026-01-02,미장,디렉시온 브로드컴 2배 ETF,AVL,USD,44.36,64039.8719,yahoo×fx
2026-01-05,미장,디렉시온 브로드컴 2배 ETF,AVL,USD,43.35,62444.805,yahoo×fx
2026-01-06,미장,디렉시온 브로드컴 2배 ETF,AVL,USD,43.33,62636.12,yahoo×fx
2026-01-07,미장,디렉시온 브로드컴 2배 ETF,AVL,USD,43.35,62639.0121,yahoo×fx
2026-01-08,미장,디렉시온 브로드컴 2배 ETF,AVL,USD,40.55,58640.9765,yahoo×fx
2026-01-09,미장,디렉시온 브로드컴 2배 ETF,AVL,USD,43.49,63063.9797,yahoo×fx
2026-01-12,미장,디렉시온 브로드컴 2배 ETF,AVL,USD,45.37,66024.2368,yahoo×fx
2026-01-13,미장,디렉시온 브로드컴 2배 ETF,AVL,USD,45.89,67225.6393,yahoo×fx
2026-01-14,미장,디렉시온 브로드컴 2배 ETF,AVL,USD,42.17,62116.8294,yahoo×fx
2026-01-15,미장,디렉시온 브로드컴 2배 ETF,AVL,USD,42.82,62641.3786,yahoo×fx
2026-01-16,미장,디렉시온 브로드컴 2배 ETF,AVL,USD,44.97,66053.7351,yahoo×fx
2026-01-20,미장,디렉시온 브로드컴 2배 ETF,AVL,USD,40.15,59081.531,yahoo×fx
2026-01-21,미장,디렉시온 브로드컴 2배 ETF,AVL,USD,39.24,57988.0908,yahoo×fx
2026-01-22,미장,디렉시온 브로드컴 2배 ETF,AVL,USD,38.38,56220.1753,yahoo×fx
2026-01-23,미장,디렉시온 브로드컴 2배 ETF,AVL,USD,37.07,54243.0481,yahoo×fx
2026-01-26,미장,디렉시온 브로드컴 2배 ETF,AVL,USD,38.13,55090.6091,yahoo×fx
2026-01-27,미장,디렉시온 브로드컴 2배 ETF,AVL,USD,40.01,57653.6066,yahoo×fx
2026-01-28,미장,디렉시온 브로드컴 2배 ETF,AVL,USD,40.07,57400.6757,yahoo×fx
2026-01-29,미장,디렉시온 브로드컴 2배 ETF,AVL,USD,39.43,56356.1173,yahoo×fx
2026-01-30,미장,디렉시온 브로드컴 2배 ETF,AVL,USD,39.62,56607.4701,yahoo×fx
2026-02-02,미장,디렉시온 브로드컴 2배 ETF,AVL,USD,39.55,57300.0408,yahoo×fx
2026-02-03,미장,디렉시온 브로드컴 2배 ETF,AVL,USD,36.975,53707.6657,yahoo×fx
2026-02-04,미장,디렉시온 브로드컴 2배 ETF,AVL,USD,34.05,49259.4547,yahoo×fx
2026-02-05,미장,디렉시온 브로드컴 2배 ETF,AVL,USD,34.65,50592.8132,yahoo×fx
2026-02-06,미장,디렉시온 브로드컴 2배 ETF,AVL,USD,39.57,58194.8093,yahoo×fx
2026-02-09,미장,디렉시온 브로드컴 2배 ETF,AVL,USD,42.16,61654.7848,yahoo×fx
2026-02-10,미장,디렉시온 브로드컴 2배 ETF,AVL,USD,41.29,60223.1195,yahoo×fx
2026-02-11,미장,디렉시온 브로드컴 2배 ETF,AVL,USD,41.89,60963.771,yahoo×fx
2026-02-12,미장,디렉시온 브로드컴 2배 ETF,AVL,USD,39.05,56395.6161,yahoo×fx
2026-02-13,미장,디렉시온 브로드컴 2배 ETF,AVL,USD,37.55,54105.7948,yahoo×fx
2026-02-17,미장,디렉시온 브로드컴 2배 ETF,AVL,USD,39.31,56615.4425,yahoo×fx
2026-02-18,미장,디렉시온 브로드컴 2배 ETF,AVL,USD,39.5,56878.8138,yahoo×fx
2026-02-19,미장,디렉시온 브로드컴 2배 ETF,AVL,USD,39.55,56958.3283,yahoo×fx
2026-02-20,미장,디렉시온 브로드컴 2배 ETF,AVL,USD,39.18,56722.8454,yahoo×fx
2026-02-23,미장,디렉시온 브로드컴 2배 ETF,AVL,USD,38.65,55788.9559,yahoo×fx
2026-02-24,미장,디렉시온 브로드컴 2배 ETF,AVL,USD,37.49,54068.0786,yahoo×fx
2026-02-25,미장,디렉시온 브로드컴 2배 ETF,AVL,USD,39.12,56332.4069,yahoo×fx
2026-02-26,미장,디렉시온 브로드컴 2배 ETF,AVL,USD,36.55,52154.2924,yahoo×fx
2026-02-27,미장,디렉시온 브로드컴 2배 ETF,AVL,USD,36.1,51706.7479,yahoo×fx
2026-03-02,미장,디렉시온 브로드컴 2배 ETF,AVL,USD,35.81,51512.687,yahoo×fx
2026-03-03,미장,디렉시온 브로드컴 2배 ETF,AVL,USD,34.75,50466.3832,yahoo×fx
2026-03-04,미장,디렉시온 브로드컴 2배 ETF,AVL,USD,35.58,52767.6314,yahoo×fx
2026-03-05,미장,디렉시온 브로드컴 2배 ETF,AVL,USD,38.96,56910.8187,yahoo×fx
2026-03-06,미장,디렉시온 브로드컴 2배 ETF,AVL,USD,38.34,56724.414,yahoo×fx
2026-03-09,미장,디렉시온 브로드컴 2배 ETF,AVL,USD,41.85,62100.7948,yahoo×fx
2026-03-10,미장,디렉시온 브로드컴 2배 ETF,AVL,USD,41.14,60248.2937,yahoo×fx
2026-03-11,미장,디렉시온 브로드컴 2배 ETF,AVL,USD,40.84,60148.3366,yahoo×fx
2026-03-12,미장,디렉시온 브로드컴 2배 ETF,AVL,USD,39.45,58202.1628,yahoo×fx
2026-03-13,미장,디렉시온 브로드컴 2배 ETF,AVL,USD,36.27,53337.9357,yahoo×fx
2026-03-16,미장,디렉시온 브로드컴 2배 ETF,AVL,USD,36.83,55309.4552,yahoo×fx
2026-03-17,미장,디렉시온 브로드컴 2배 ETF,AVL,USD,36.06,53690.0979,yahoo×fx
2026-03-18,미장,디렉시온 브로드컴 2배 ETF,AVL,USD,34.826,51712.0828,yahoo×fx
2026-03-19,미장,디렉시온 브로드컴 2배 ETF,AVL,USD,35.751,53814.1919,yahoo×fx
2026-03-20,미장,디렉시온 브로드컴 2배 ETF,AVL,USD,33.62,50088.4181,yahoo×fx
2026-03-23,미장,디렉시온 브로드컴 2배 ETF,AVL,USD,36.19,54437.3564,yahoo×fx
2026-03-24,미장,디렉시온 브로드컴 2배 ETF,AVL,USD,35.07,52091.5742,yahoo×fx
2026-03-25,미장,디렉시온 브로드컴 2배 ETF,AVL,USD,35.17,52660.392,yahoo×fx
2026-03-26,미장,디렉시온 브로드컴 2배 ETF,AVL,USD,33.08,49652.0894,yahoo×fx
2026-03-27,미장,디렉시온 브로드컴 2배 ETF,AVL,USD,31.17,47015.5809,yahoo×fx
2026-03-30,미장,디렉시온 브로드컴 2배 ETF,AVL,USD,29.68,44998.739,yahoo×fx
2026-03-31,미장,디렉시온 브로드컴 2배 ETF,AVL,USD,32.879,49427.9881,yahoo×fx
2026-04-01,미장,디렉시온 브로드컴 2배 ETF,AVL,USD,33.758,51045.1322,yahoo×fx
2026-04-02,미장,디렉시온 브로드컴 2배 ETF,AVL,USD,33.94,51222.9237,yahoo×fx
2026-04-06,미장,디렉시온 브로드컴 2배 ETF,AVL,USD,33.94,51176.4261,yahoo×fx
2026-04-07,미장,디렉시온 브로드컴 2배 ETF,AVL,USD,38.09,57101.8621,yahoo×fx
2026-04-08,미장,디렉시온 브로드컴 2배 ETF,AVL,USD,41.79,61748.9043,yahoo×fx
2026-04-09,미장,디렉시온 브로드컴 2배 ETF,AVL,USD,42.96,63292.1087,yahoo×fx
2026-04-10,미장,디렉시온 브로드컴 2배 ETF,AVL,USD,46.92,,yahoo(fx없음)
2026-04-13,미장,디렉시온 브로드컴 2배 ETF,AVL,USD,48.9,72217.4766,yahoo×fx
2026-04-14,미장,디렉시온 브로드컴 2배 ETF,AVL,USD,49.2,72295.4673,yahoo×fx
2026-04-15,미장,디렉시온 브로드컴 2배 ETF,AVL,USD,53.25,78493.6981,yahoo×fx
2026-04-16,미장,디렉시온 브로드컴 2배 ETF,AVL,USD,53.7,79364.3075,yahoo×fx
2026-04-17,미장,디렉시온 브로드컴 2배 ETF,AVL,USD,55.83,,yahoo(fx없음)
2026-04-20,미장,디렉시온 브로드컴 2배 ETF,AVL,USD,54.09,79472.2742,yahoo×fx
2026-04-21,미장,디렉시온 브로드컴 2배 ETF,AVL,USD,54.63,81169.2583,yahoo×fx
2026-04-22,미장,디렉시온 브로드컴 2배 ETF,AVL,USD,60.24,89032.3105,yahoo×fx
2026-04-23,미장,디렉시온 브로드컴 2배 ETF,AVL,USD,59.42,87938.6234,yahoo×fx
2026-04-24,미장,디렉시온 브로드컴 2배 ETF,AVL,USD,60.11,,yahoo(fx없음)
2026-04-27,미장,디렉시온 브로드컴 2배 ETF,AVL,USD,58.88,86730.2416,yahoo×fx
2026-04-28,미장,디렉시온 브로드컴 2배 ETF,AVL,USD,53.67,79001.7001,yahoo×fx
2026-04-29,미장,디렉시온 브로드컴 2배 ETF,AVL,USD,55.2,82103.3774,yahoo×fx
2026-04-30,미장,디렉시온 브로드컴 2배 ETF,AVL,USD,58.47,86185.3671,yahoo×fx
2026-05-01,미장,디렉시온 브로드컴 2배 ETF,AVL,USD,59.42,,yahoo(fx없음)
2026-05-04,미장,디렉시온 브로드컴 2배 ETF,AVL,USD,58.09,85743.7476,yahoo×fx
2026-05-05,미장,디렉시온 브로드컴 2배 ETF,AVL,USD,61.18,90176.8709,yahoo×fx
2026-05-06,미장,디렉시온 브로드컴 2배 ETF,AVL,USD,60.58,87504.7807,yahoo×fx
2026-05-07,미장,디렉시온 브로드컴 2배 ETF,AVL,USD,57.03,82966.6742,yahoo×fx
2026-05-08,미장,디렉시온 브로드컴 2배 ETF,AVL,USD,61.63,,yahoo(fx없음)
2026-05-11,미장,디렉시온 브로드컴 2배 ETF,AVL,USD,61.13,90133.1271,yahoo×fx
2026-05-12,미장,디렉시온 브로드컴 2배 ETF,AVL,USD,58.39,87175.6846,yahoo×fx
2026-05-13,미장,디렉시온 브로드컴 2배 ETF,AVL,USD,57.76,86053.1539,yahoo×fx
2026-05-14,미장,디렉시온 브로드컴 2배 ETF,AVL,USD,64.07,95678.2912,yahoo×fx
2026-05-15,미장,디렉시온 브로드컴 2배 ETF,AVL,USD,59.885,,yahoo(fx없음)
2026-05-18,미장,디렉시온 브로드컴 2배 ETF,AVL,USD,58.52,87330.5639,yahoo×fx
2026-05-19,미장,디렉시온 브로드컴 2배 ETF,AVL,USD,55.86,84228.5006,yahoo×fx
2026-05-20,미장,디렉시온 브로드컴 2배 ETF,AVL,USD,57.56,86326.7644,yahoo×fx
2026-05-21,미장,디렉시온 브로드컴 2배 ETF,AVL,USD,56.79,85434.8788,yahoo×fx
2026-05-22,미장,디렉시온 브로드컴 2배 ETF,AVL,USD,56.53,,yahoo(fx없음)
2026-05-26,미장,디렉시온 브로드컴 2배 ETF,AVL,USD,58.66,88309.1067,yahoo×fx
2026-05-27,미장,디렉시온 브로드컴 2배 ETF,AVL,USD,58.68,88202.4944,yahoo×fx
2026-05-28,미장,디렉시온 브로드컴 2배 ETF,AVL,USD,59.93,89612.7325,yahoo×fx
2026-05-29,미장,디렉시온 브로드컴 2배 ETF,AVL,USD,65.81,,yahoo(fx없음)
2026-06-01,미장,디렉시온 브로드컴 2배 ETF,AVL,USD,69.54,105093.7185,yahoo×fx
2026-01-02,미장,알리바바 그룹 홀딩 ADR,BABA,USD,155.74,224832.5038,yahoo×fx
2026-01-05,미장,알리바바 그룹 홀딩 ADR,BABA,USD,156.26,225089.3938,yahoo×fx
2026-01-06,미장,알리바바 그룹 홀딩 ADR,BABA,USD,150.9,218135.004,yahoo×fx
2026-01-07,미장,알리바바 그룹 홀딩 ADR,BABA,USD,146.75,212047.8743,yahoo×fx
2026-01-08,미장,알리바바 그룹 홀딩 ADR,BABA,USD,154.47,223385.2498,yahoo×fx
2026-01-09,미장,알리바바 그룹 홀딩 ADR,BABA,USD,150.96,218904.0799,yahoo×fx
2026-01-12,미장,알리바바 그룹 홀딩 ADR,BABA,USD,166.31,242020.9592,yahoo×fx
2026-01-13,미장,알리바바 그룹 홀딩 ADR,BABA,USD,167.01,244657.9602,yahoo×fx
2026-01-14,미장,알리바바 그룹 홀딩 ADR,BABA,USD,169.9,250264.3917,yahoo×fx
2026-01-15,미장,알리바바 그룹 홀딩 ADR,BABA,USD,170.93,250053.4905,yahoo×fx
2026-01-16,미장,알리바바 그룹 홀딩 ADR,BABA,USD,165.4,242946.1214,yahoo×fx
2026-01-20,미장,알리바바 그룹 홀딩 ADR,BABA,USD,162.39,238960.1351,yahoo×fx
2026-01-21,미장,알리바바 그룹 홀딩 ADR,BABA,USD,168.67,249257.1548,yahoo×fx
2026-01-22,미장,알리바바 그룹 홀딩 ADR,BABA,USD,177.18,259538.5609,yahoo×fx
2026-01-23,미장,알리바바 그룹 홀딩 ADR,BABA,USD,173.23,253480.5252,yahoo×fx
2026-01-26,미장,알리바바 그룹 홀딩 ADR,BABA,USD,171.37,247597.0927,yahoo×fx
2026-01-27,미장,알리바바 그룹 홀딩 ADR,BABA,USD,172.72,248886.064,yahoo×fx
2026-01-28,미장,알리바바 그룹 홀딩 ADR,BABA,USD,175.66,251634.7136,yahoo×fx
2026-01-29,미장,알리바바 그룹 홀딩 ADR,BABA,USD,174.25,249050.3009,yahoo×fx
2026-01-30,미장,알리바바 그룹 홀딩 ADR,BABA,USD,169.56,242260.5438,yahoo×fx
2026-02-02,미장,알리바바 그룹 홀딩 ADR,BABA,USD,168.39,243963.4393,yahoo×fx
2026-02-03,미장,알리바바 그룹 홀딩 ADR,BABA,USD,163.65,237708.1685,yahoo×fx
2026-02-04,미장,알리바바 그룹 홀딩 ADR,BABA,USD,159.14,230224.6629,yahoo×fx
2026-02-05,미장,알리바바 그룹 홀딩 ADR,BABA,USD,157.76,230346.9433,yahoo×fx
2026-02-06,미장,알리바바 그룹 홀딩 ADR,BABA,USD,162.51,239000.2074,yahoo×fx
2026-02-09,미장,알리바바 그룹 홀딩 ADR,BABA,USD,163.0,238371.204,yahoo×fx
2026-02-10,미장,알리바바 그룹 홀딩 ADR,BABA,USD,166.51,242861.4939,yahoo×fx
2026-02-11,미장,알리바바 그룹 홀딩 ADR,BABA,USD,164.32,239139.829,yahoo×fx
2026-02-12,미장,알리바바 그룹 홀딩 ADR,BABA,USD,158.73,229236.2632,yahoo×fx
2026-02-13,미장,알리바바 그룹 홀딩 ADR,BABA,USD,155.73,224391.3546,yahoo×fx
2026-02-17,미장,알리바바 그룹 홀딩 ADR,BABA,USD,155.43,223854.9353,yahoo×fx
2026-02-18,미장,알리바바 그룹 홀딩 ADR,BABA,USD,155.77,224304.1285,yahoo×fx
2026-02-19,미장,알리바바 그룹 홀딩 ADR,BABA,USD,154.27,222173.4946,yahoo×fx
2026-02-20,미장,알리바바 그룹 홀딩 ADR,BABA,USD,154.45,223604.9831,yahoo×fx
2026-02-23,미장,알리바바 그룹 홀딩 ADR,BABA,USD,152.78,220528.7525,yahoo×fx
2026-02-24,미장,알리바바 그룹 홀딩 ADR,BABA,USD,153.11,220815.2354,yahoo×fx
2026-02-25,미장,알리바바 그룹 홀딩 ADR,BABA,USD,152.28,219281.674,yahoo×fx
2026-02-26,미장,알리바바 그룹 홀딩 ADR,BABA,USD,148.05,211256.9988,yahoo×fx
2026-02-27,미장,알리바바 그룹 홀딩 ADR,BABA,USD,144.11,206411.6283,yahoo×fx
2026-03-02,미장,알리바바 그룹 홀딩 ADR,BABA,USD,142.56,205072.5565,yahoo×fx
2026-03-03,미장,알리바바 그룹 홀딩 ADR,BABA,USD,135.59,196913.2866,yahoo×fx
2026-03-04,미장,알리바바 그룹 홀딩 ADR,BABA,USD,133.27,197648.7381,yahoo×fx
2026-03-05,미장,알리바바 그룹 홀딩 ADR,BABA,USD,130.35,190408.7714,yahoo×fx
2026-03-06,미장,알리바바 그룹 홀딩 ADR,BABA,USD,130.79,193505.1042,yahoo×fx
2026-03-09,미장,알리바바 그룹 홀딩 ADR,BABA,USD,132.64,196823.1706,yahoo×fx
2026-03-10,미장,알리바바 그룹 홀딩 ADR,BABA,USD,136.85,200412.7244,yahoo×fx
2026-03-11,미장,알리바바 그룹 홀딩 ADR,BABA,USD,136.29,200725.1803,yahoo×fx
2026-03-12,미장,알리바바 그룹 홀딩 ADR,BABA,USD,134.2,197990.6189,yahoo×fx
2026-03-13,미장,알리바바 그룹 홀딩 ADR,BABA,USD,135.21,198837.1257,yahoo×fx
2026-03-16,미장,알리바바 그룹 홀딩 ADR,BABA,USD,136.71,205304.2526,yahoo×fx
2026-03-17,미장,알리바바 그룹 홀딩 ADR,BABA,USD,136.57,203340.4543,yahoo×fx
2026-03-18,미장,알리바바 그룹 홀딩 ADR,BABA,USD,134.43,199611.0626,yahoo×fx
2026-03-19,미장,알리바바 그룹 홀딩 ADR,BABA,USD,124.9,188005.7273,yahoo×fx
2026-03-20,미장,알리바바 그룹 홀딩 ADR,BABA,USD,122.41,182371.3157,yahoo×fx
2026-03-23,미장,알리바바 그룹 홀딩 ADR,BABA,USD,126.06,189620.704,yahoo×fx
2026-03-24,미장,알리바바 그룹 홀딩 ADR,BABA,USD,125.48,186382.9759,yahoo×fx
2026-03-25,미장,알리바바 그룹 홀딩 ADR,BABA,USD,129.87,194455.65,yahoo×fx
2026-03-26,미장,알리바바 그룹 홀딩 ADR,BABA,USD,125.41,188236.6495,yahoo×fx
2026-03-27,미장,알리바바 그룹 홀딩 ADR,BABA,USD,122.69,185060.6903,yahoo×fx
2026-03-30,미장,알리바바 그룹 홀딩 ADR,BABA,USD,121.98,184937.5431,yahoo×fx
2026-03-31,미장,알리바바 그룹 홀딩 ADR,BABA,USD,125.46,188607.7749,yahoo×fx
2026-04-01,미장,알리바바 그룹 홀딩 ADR,BABA,USD,123.73,187090.8965,yahoo×fx
2026-04-02,미장,알리바바 그룹 홀딩 ADR,BABA,USD,122.05,184200.302,yahoo×fx
2026-04-06,미장,알리바바 그룹 홀딩 ADR,BABA,USD,122.31,184425.1268,yahoo×fx
2026-04-07,미장,알리바바 그룹 홀딩 ADR,BABA,USD,119.72,179475.846,yahoo×fx
2026-04-08,미장,알리바바 그룹 홀딩 ADR,BABA,USD,125.32,185172.8285,yahoo×fx
2026-04-09,미장,알리바바 그룹 홀딩 ADR,BABA,USD,127.68,188108.3946,yahoo×fx
2026-04-10,미장,알리바바 그룹 홀딩 ADR,BABA,USD,127.33,,yahoo(fx없음)
2026-04-13,미장,알리바바 그룹 홀딩 ADR,BABA,USD,128.01,189050.2759,yahoo×fx
2026-04-14,미장,알리바바 그룹 홀딩 ADR,BABA,USD,131.35,193008.3317,yahoo×fx
2026-04-15,미장,알리바바 그룹 홀딩 ADR,BABA,USD,133.28,196462.7228,yahoo×fx
2026-04-16,미장,알리바바 그룹 홀딩 ADR,BABA,USD,138.59,204824.9335,yahoo×fx
2026-04-17,미장,알리바바 그룹 홀딩 ADR,BABA,USD,141.01,,yahoo(fx없음)
2026-04-20,미장,알리바바 그룹 홀딩 ADR,BABA,USD,140.17,205946.1729,yahoo×fx
2026-04-21,미장,알리바바 그룹 홀딩 ADR,BABA,USD,135.38,201147.6179,yahoo×fx
2026-04-22,미장,알리바바 그룹 홀딩 ADR,BABA,USD,136.42,201623.2952,yahoo×fx
2026-04-23,미장,알리바바 그룹 홀딩 ADR,BABA,USD,131.7,194909.4041,yahoo×fx
2026-04-24,미장,알리바바 그룹 홀딩 ADR,BABA,USD,135.82,,yahoo(fx없음)
2026-04-27,미장,알리바바 그룹 홀딩 ADR,BABA,USD,132.52,195201.9663,yahoo×fx
2026-04-28,미장,알리바바 그룹 홀딩 ADR,BABA,USD,130.85,192609.8992,yahoo×fx
2026-04-29,미장,알리바바 그룹 홀딩 ADR,BABA,USD,130.43,193998.9631,yahoo×fx
2026-04-30,미장,알리바바 그룹 홀딩 ADR,BABA,USD,131.88,194392.4473,yahoo×fx
2026-05-01,미장,알리바바 그룹 홀딩 ADR,BABA,USD,131.5,,yahoo(fx없음)
2026-05-04,미장,알리바바 그룹 홀딩 ADR,BABA,USD,133.27,196713.1963,yahoo×fx
2026-05-05,미장,알리바바 그룹 홀딩 ADR,BABA,USD,132.26,194945.9363,yahoo×fx
2026-05-06,미장,알리바바 그룹 홀딩 ADR,BABA,USD,141.44,204303.0046,yahoo×fx
2026-05-07,미장,알리바바 그룹 홀딩 ADR,BABA,USD,141.0,205125.3955,yahoo×fx
2026-05-08,미장,알리바바 그룹 홀딩 ADR,BABA,USD,140.06,,yahoo(fx없음)
2026-05-11,미장,알리바바 그룹 홀딩 ADR,BABA,USD,137.3,202441.9828,yahoo×fx
2026-05-12,미장,알리바바 그룹 홀딩 ADR,BABA,USD,134.78,201225.1891,yahoo×fx
2026-05-13,미장,알리바바 그룹 홀딩 ADR,BABA,USD,145.81,217233.5618,yahoo×fx
2026-05-14,미장,알리바바 그룹 홀딩 ADR,BABA,USD,141.12,210740.1287,yahoo×fx
2026-05-15,미장,알리바바 그룹 홀딩 ADR,BABA,USD,132.59,,yahoo(fx없음)
2026-05-18,미장,알리바바 그룹 홀딩 ADR,BABA,USD,133.26,198866.5478,yahoo×fx
2026-05-19,미장,알리바바 그룹 홀딩 ADR,BABA,USD,135.64,204524.7698,yahoo×fx
2026-05-20,미장,알리바바 그룹 홀딩 ADR,BABA,USD,134.47,201674.0764,yahoo×fx
2026-05-21,미장,알리바바 그룹 홀딩 ADR,BABA,USD,131.47,197783.473,yahoo×fx
2026-05-22,미장,알리바바 그룹 홀딩 ADR,BABA,USD,130.0,,yahoo(fx없음)
2026-05-26,미장,알리바바 그룹 홀딩 ADR,BABA,USD,129.47,194909.3111,yahoo×fx
2026-05-27,미장,알리바바 그룹 홀딩 ADR,BABA,USD,127.76,192037.3349,yahoo×fx
2026-05-28,미장,알리바바 그룹 홀딩 ADR,BABA,USD,126.16,188645.7968,yahoo×fx
2026-05-29,미장,알리바바 그룹 홀딩 ADR,BABA,USD,124.22,,yahoo(fx없음)
2026-06-01,미장,알리바바 그룹 홀딩 ADR,BABA,USD,125.4,189513.2628,yahoo×fx
2026-06-02,미장,알리바바 그룹 홀딩 ADR,BABA,USD,130.82,198401.6199,yahoo×fx
2026-06-03,미장,알리바바 그룹 홀딩 ADR,BABA,USD,127.21,194645.2898,yahoo×fx
2026-06-04,미장,알리바바 그룹 홀딩 ADR,BABA,USD,125.95,193090.1551,yahoo×fx
2026-06-05,미장,알리바바 그룹 홀딩 ADR,BABA,USD,121.06,,yahoo(fx없음)
2026-06-08,미장,알리바바 그룹 홀딩 ADR,BABA,USD,120.07,183572.6217,yahoo×fx
2026-06-09,미장,알리바바 그룹 홀딩 ADR,BABA,USD,119.7,182639.4594,yahoo×fx
2026-06-10,미장,알리바바 그룹 홀딩 ADR,BABA,USD,115.38,175960.2704,yahoo×fx
2026-06-11,미장,알리바바 그룹 홀딩 ADR,BABA,USD,112.69,170993.5565,yahoo×fx
2026-06-12,미장,알리바바 그룹 홀딩 ADR,BABA,USD,112.82,,yahoo(fx없음)
2026-06-15,미장,알리바바 그룹 홀딩 ADR,BABA,USD,112.55,170323.0517,yahoo×fx
2026-06-16,미장,알리바바 그룹 홀딩 ADR,BABA,USD,110.97,167671.2287,yahoo×fx
2026-06-17,미장,알리바바 그룹 홀딩 ADR,BABA,USD,107.44,163891.1332,yahoo×fx
2026-06-18,미장,알리바바 그룹 홀딩 ADR,BABA,USD,107.1,164672.6799,yahoo×fx
2026-06-22,미장,알리바바 그룹 홀딩 ADR,BABA,USD,104.97,161554.0855,yahoo×fx
2026-06-23,미장,알리바바 그룹 홀딩 ADR,BABA,USD,102.6,157516.6477,yahoo×fx
2026-06-24,미장,알리바바 그룹 홀딩 ADR,BABA,USD,99.8,153967.4537,yahoo×fx
2026-06-25,미장,알리바바 그룹 홀딩 ADR,BABA,USD,95.07,147023.8513,yahoo×fx
2026-06-26,미장,알리바바 그룹 홀딩 ADR,BABA,USD,94.81,,yahoo(fx없음)
2026-06-29,미장,알리바바 그룹 홀딩 ADR,BABA,USD,95.51,147250.6337,yahoo×fx
2026-06-30,미장,알리바바 그룹 홀딩 ADR,BABA,USD,95.98,148635.5916,yahoo×fx
2026-07-01,미장,알리바바 그룹 홀딩 ADR,BABA,USD,97.99,152061.8643,yahoo×fx
2026-07-02,미장,알리바바 그룹 홀딩 ADR,BABA,USD,96.14,148260.3777,yahoo×fx
2026-07-06,미장,알리바바 그룹 홀딩 ADR,BABA,USD,97.91,149680.8982,yahoo×fx
2026-07-07,미장,알리바바 그룹 홀딩 ADR,BABA,USD,98.14,149159.058,yahoo×fx
2026-07-08,미장,알리바바 그룹 홀딩 ADR,BABA,USD,108.98,163835.0854,yahoo×fx
2026-07-09,미장,알리바바 그룹 홀딩 ADR,BABA,USD,111.14,167366.8403,yahoo×fx
2026-07-10,미장,알리바바 그룹 홀딩 ADR,BABA,USD,112.33,,yahoo(fx없음)
2026-07-13,미장,알리바바 그룹 홀딩 ADR,BABA,USD,112.35,168266.5872,yahoo×fx
2026-07-14,미장,알리바바 그룹 홀딩 ADR,BABA,USD,112.32,167118.6817,yahoo×fx
2026-07-15,미장,알리바바 그룹 홀딩 ADR,BABA,USD,117.69,174910.8759,yahoo×fx
2026-07-16,미장,알리바바 그룹 홀딩 ADR,BABA,USD,117.49,173750.0805,yahoo×fx
2026-07-17,미장,알리바바 그룹 홀딩 ADR,BABA,USD,114.97,,yahoo(fx없음)
2026-07-20,미장,알리바바 그룹 홀딩 ADR,BABA,USD,120.34,177502.6992,yahoo×fx
2026-07-21,미장,알리바바 그룹 홀딩 ADR,BABA,USD,117.97,174562.5668,yahoo×fx
2026-07-22,미장,알리바바 그룹 홀딩 ADR,BABA,USD,116.56,171999.4298,yahoo×fx
2026-07-23,미장,알리바바 그룹 홀딩 ADR,BABA,USD,114.06,168129.0033,yahoo×fx
2026-07-24,미장,알리바바 그룹 홀딩 ADR,BABA,USD,112.14,,yahoo(fx없음)
2026-07-27,미장,알리바바 그룹 홀딩 ADR,BABA,USD,115.0,168410.5933,yahoo×fx
2026-07-28,미장,알리바바 그룹 홀딩 ADR,BABA,USD,115.19,167389.5079,yahoo×fx
2026-07-29,미장,알리바바 그룹 홀딩 ADR,BABA,USD,115.03,165905.47,yahoo×fx
2026-07-30,미장,알리바바 그룹 홀딩 ADR,BABA,USD,116.32,165244.1887,yahoo×fx
2026-07-31,미장,알리바바 그룹 홀딩 ADR,BABA,USD,122.25,,yahoo(fx없음)
2026-08-03,미장,알리바바 그룹 홀딩 ADR,BABA,USD,127.3,181848.0544,yahoo×fx
2026-08-04,미장,알리바바 그룹 홀딩 ADR,BABA,USD,128.99,184253.2005,yahoo×fx
2026-08-05,미장,알리바바 그룹 홀딩 ADR,BABA,USD,128.53,182661.6975,yahoo×fx
2026-08-06,미장,알리바바 그룹 홀딩 ADR,BABA,USD,126.81,180361.8657,yahoo×fx
2026-08-07,미장,알리바바 그룹 홀딩 ADR,BABA,USD,128.41,,yahoo(fx없음)
2026-08-10,미장,알리바바 그룹 홀딩 ADR,BABA,USD,132.32,187538.4773,yahoo×fx
2026-08-11,미장,알리바바 그룹 홀딩 ADR,BABA,USD,127.85,180547.2177,yahoo×fx
2026-08-12,미장,알리바바 그룹 홀딩 ADR,BABA,USD,125.22,177369.118,yahoo×fx
2026-08-13,미장,알리바바 그룹 홀딩 ADR,BABA,USD,122.16,173082.3982,yahoo×fx
2026-08-14,미장,알리바바 그룹 홀딩 ADR,BABA,USD,123.81,,yahoo(fx없음)
2026-08-17,미장,알리바바 그룹 홀딩 ADR,BABA,USD,124.71,176430.9746,yahoo×fx
2026-08-18,미장,알리바바 그룹 홀딩 ADR,BABA,USD,128.15,181150.2627,yahoo×fx
2026-08-19,미장,알리바바 그룹 홀딩 ADR,BABA,USD,128.9,179093.6547,yahoo×fx
2026-08-20,미장,알리바바 그룹 홀딩 ADR,BABA,USD,130.53,181539.8221,yahoo×fx
2026-08-21,미장,알리바바 그룹 홀딩 ADR,BABA,USD,119.34,,yahoo(fx없음)
2026-08-24,미장,알리바바 그룹 홀딩 ADR,BABA,USD,118.47,,yahoo(fx없음)
2026-08-25,미장,알리바바 그룹 홀딩 ADR,BABA,USD,119.0305,164589.4271,yahoo×fx
2026-01-16,미장,블룸 에너지,BE,USD,149.5,219591.5749,yahoo×fx
2026-01-20,미장,블룸 에너지,BE,USD,151.75,223303.163,yahoo×fx
2026-01-21,미장,블룸 에너지,BE,USD,150.56,222494.5576,yahoo×fx
2026-01-22,미장,블룸 에너지,BE,USD,145.63,213323.1937,yahoo×fx
2026-01-23,미장,블룸 에너지,BE,USD,144.89,212011.7419,yahoo×fx
2026-01-26,미장,블룸 에너지,BE,USD,139.62,201724.3733,yahoo×fx
2026-01-27,미장,블룸 에너지,BE,USD,152.31,219475.6573,yahoo×fx
2026-01-28,미장,블룸 에너지,BE,USD,165.39,236922.8296,yahoo×fx
2026-01-29,미장,블룸 에너지,BE,USD,156.51,223695.0429,yahoo×fx
2026-01-30,미장,블룸 에너지,BE,USD,151.37,216271.3957,yahoo×fx
2026-02-02,미장,블룸 에너지,BE,USD,156.13,226201.1587,yahoo×fx
2026-02-03,미장,블룸 에너지,BE,USD,168.89,245319.4863,yahoo×fx
2026-02-04,미장,블룸 에너지,BE,USD,147.35,213168.3147,yahoo×fx
2026-02-05,미장,블룸 에너지,BE,USD,136.6,199451.0329,yahoo×fx
2026-02-06,미장,블룸 에너지,BE,USD,143.03,210351.3663,yahoo×fx
2026-02-09,미장,블룸 에너지,BE,USD,155.17,226920.6091,yahoo×fx
2026-02-10,미장,블룸 에너지,BE,USD,148.7,216884.8994,yahoo×fx
2026-02-11,미장,블룸 에너지,BE,USD,155.54,226362.0116,yahoo×fx
2026-02-12,미장,블룸 에너지,BE,USD,139.03,200785.7258,yahoo×fx
2026-02-13,미장,블룸 에너지,BE,USD,139.74,201351.3773,yahoo×fx
2026-02-17,미장,블룸 에너지,BE,USD,145.32,209294.2313,yahoo×fx
2026-02-18,미장,블룸 에너지,BE,USD,157.27,226464.0834,yahoo×fx
2026-02-19,미장,블룸 에너지,BE,USD,159.0,228985.4454,yahoo×fx
2026-02-20,미장,블룸 에너지,BE,USD,147.55,213615.5169,yahoo×fx
2026-02-23,미장,블룸 에너지,BE,USD,160.28,231354.552,yahoo×fx
2026-02-24,미장,블룸 에너지,BE,USD,166.2,239693.6275,yahoo×fx
2026-02-25,미장,블룸 에너지,BE,USD,174.77,251667.0567,yahoo×fx
2026-02-26,미장,블룸 에너지,BE,USD,168.57,240537.6096,yahoo×fx
2026-02-27,미장,블룸 에너지,BE,USD,155.67,222969.2434,yahoo×fx
2026-03-02,미장,블룸 에너지,BE,USD,166.0,238791.0,yahoo×fx
2026-03-03,미장,블룸 에너지,BE,USD,153.02,222226.3646,yahoo×fx
2026-03-04,미장,블룸 에너지,BE,USD,164.78,244380.2639,yahoo×fx
2026-03-05,미장,블룸 에너지,BE,USD,159.99,233705.4005,yahoo×fx
2026-03-06,미장,블룸 에너지,BE,USD,135.19,200014.9618,yahoo×fx
2026-03-09,미장,블룸 에너지,BE,USD,151.32,224542.2479,yahoo×fx
2026-03-10,미장,블룸 에너지,BE,USD,154.0,225528.3755,yahoo×fx
2026-03-11,미장,블룸 에너지,BE,USD,159.21,234481.3184,yahoo×fx
2026-03-12,미장,블룸 에너지,BE,USD,157.17,231879.1797,yahoo×fx
2026-03-13,미장,블룸 에너지,BE,USD,154.51,227219.3009,yahoo×fx
2026-03-16,미장,블룸 에너지,BE,USD,153.68,230788.929,yahoo×fx
2026-03-17,미장,블룸 에너지,BE,USD,160.05,238300.0555,yahoo×fx
2026-03-18,미장,블룸 에너지,BE,USD,156.58,232500.9466,yahoo×fx
2026-03-19,미장,블룸 에너지,BE,USD,166.69,250910.1262,yahoo×fx
2026-03-20,미장,블룸 에너지,BE,USD,150.12,223654.7684,yahoo×fx
2026-03-23,미장,블룸 에너지,BE,USD,141.33,212589.9965,yahoo×fx
2026-03-24,미장,블룸 에너지,BE,USD,145.88,216684.3219,yahoo×fx
2026-03-25,미장,블룸 에너지,BE,USD,150.22,224925.9188,yahoo×fx
2026-03-26,미장,블룸 에너지,BE,USD,133.52,200409.5169,yahoo×fx
2026-03-27,미장,블룸 에너지,BE,USD,133.24,200973.8927,yahoo×fx
2026-03-30,미장,블룸 에너지,BE,USD,119.51,181192.7001,yahoo×fx
2026-03-31,미장,블룸 에너지,BE,USD,135.49,203686.184,yahoo×fx
2026-04-01,미장,블룸 에너지,BE,USD,132.45,200276.3114,yahoo×fx
2026-04-02,미장,블룸 에너지,BE,USD,135.63,204695.512,yahoo×fx
2026-04-06,미장,블룸 에너지,BE,USD,135.0,203559.7467,yahoo×fx
2026-04-07,미장,블룸 에너지,BE,USD,135.91,203746.7645,yahoo×fx
2026-04-08,미장,블룸 에너지,BE,USD,146.78,216882.1226,yahoo×fx
2026-04-09,미장,블룸 에너지,BE,USD,160.13,235916.3383,yahoo×fx
2026-04-10,미장,블룸 에너지,BE,USD,166.7,,yahoo(fx없음)
2026-04-13,미장,블룸 에너지,BE,USD,176.67,260913.3141,yahoo×fx
2026-04-14,미장,블룸 에너지,BE,USD,219.03,321847.0704,yahoo×fx
2026-04-15,미장,블룸 에너지,BE,USD,213.84,315212.9975,yahoo×fx
2026-04-16,미장,블룸 에너지,BE,USD,210.06,310451.8808,yahoo×fx
2026-04-17,미장,블룸 에너지,BE,USD,207.86,,yahoo(fx없음)
2026-04-20,미장,블룸 에너지,BE,USD,218.27,320695.3886,yahoo×fx
2026-04-21,미장,블룸 에너지,BE,USD,220.91,328228.0942,yahoo×fx
2026-04-22,미장,블룸 에너지,BE,USD,229.75,339561.301,yahoo×fx
2026-04-23,미장,블룸 에너지,BE,USD,237.57,351591.7207,yahoo×fx
2026-04-24,미장,블룸 에너지,BE,USD,231.17,,yahoo(fx없음)
2026-04-27,미장,블룸 에너지,BE,USD,234.68,345683.6292,yahoo×fx
2026-04-28,미장,블룸 에너지,BE,USD,226.37,333214.3669,yahoo×fx
2026-04-29,미장,블룸 에너지,BE,USD,287.97,428320.8218,yahoo×fx
2026-04-30,미장,블룸 에너지,BE,USD,283.36,417675.4548,yahoo×fx
2026-05-01,미장,블룸 에너지,BE,USD,290.52,,yahoo(fx없음)
2026-05-04,미장,블룸 에너지,BE,USD,288.64,426047.1077,yahoo×fx
2026-05-05,미장,블룸 에너지,BE,USD,295.25,435186.6785,yahoo×fx
2026-05-06,미장,블룸 에너지,BE,USD,285.47,412347.1293,yahoo×fx
2026-05-07,미장,블룸 에너지,BE,USD,258.64,376266.917,yahoo×fx
2026-05-08,미장,블룸 에너지,BE,USD,261.03,,yahoo(fx없음)
2026-05-11,미장,블룸 에너지,BE,USD,283.92,418625.8499,yahoo×fx
2026-05-12,미장,블룸 에너지,BE,USD,280.69,419067.364,yahoo×fx
2026-05-13,미장,블룸 에너지,BE,USD,289.76,431696.043,yahoo×fx
2026-05-14,미장,블룸 에너지,BE,USD,303.41,453094.2845,yahoo×fx
2026-05-15,미장,블룸 에너지,BE,USD,275.95,,yahoo(fx없음)
2026-05-18,미장,블룸 에너지,BE,USD,258.71,386078.0806,yahoo×fx
2026-05-19,미장,블룸 에너지,BE,USD,261.34,394061.5071,yahoo×fx
2026-05-20,미장,블룸 에너지,BE,USD,282.31,423400.0706,yahoo×fx
2026-05-21,미장,블룸 에너지,BE,USD,307.88,463174.6869,yahoo×fx
2026-05-22,미장,블룸 에너지,BE,USD,302.49,,yahoo(fx없음)
2026-05-26,미장,블룸 에너지,BE,USD,302.4,455245.0291,yahoo×fx
2026-05-27,미장,블룸 에너지,BE,USD,293.8,441613.6953,yahoo×fx
2026-05-28,미장,블룸 에너지,BE,USD,290.01,433649.0788,yahoo×fx
2026-05-29,미장,블룸 에너지,BE,USD,285.0,,yahoo(fx없음)
2026-06-01,미장,블룸 에너지,BE,USD,273.51,413347.4778,yahoo×fx
2026-06-02,미장,블룸 에너지,BE,USD,302.85,459302.3119,yahoo×fx
2026-06-03,미장,블룸 에너지,BE,USD,287.32,439631.2122,yahoo×fx
2026-06-04,미장,블룸 에너지,BE,USD,291.37,446690.5828,yahoo×fx
2026-06-05,미장,블룸 에너지,BE,USD,263.61,,yahoo(fx없음)
2026-06-08,미장,블룸 에너지,BE,USD,253.57,387678.114,yahoo×fx
2026-06-09,미장,블룸 에너지,BE,USD,259.61,396115.527,yahoo×fx
2026-06-10,미장,블룸 에너지,BE,USD,234.23,357212.4664,yahoo×fx
2026-06-11,미장,블룸 에너지,BE,USD,248.88,377645.543,yahoo×fx
2026-06-12,미장,블룸 에너지,BE,USD,260.22,,yahoo(fx없음)
2026-06-15,미장,블룸 에너지,BE,USD,274.5,415403.6111,yahoo×fx
2026-06-16,미장,블룸 에너지,BE,USD,280.88,424398.4412,yahoo×fx
2026-06-17,미장,블룸 에너지,BE,USD,284.99,434729.4434,yahoo×fx
2026-06-18,미장,블룸 에너지,BE,USD,328.91,505718.8845,yahoo×fx
2026-06-22,미장,블룸 에너지,BE,USD,345.85,532280.4688,yahoo×fx
2026-06-23,미장,블룸 에너지,BE,USD,321.98,494319.8119,yahoo×fx
2026-06-24,미장,블룸 에너지,BE,USD,326.19,503232.8914,yahoo×fx
2026-06-25,미장,블룸 에너지,BE,USD,309.18,478140.669,yahoo×fx
2026-06-26,미장,블룸 에너지,BE,USD,252.02,,yahoo(fx없음)
2026-06-29,미장,블룸 에너지,BE,USD,275.01,423991.177,yahoo×fx
2026-06-30,미장,블룸 에너지,BE,USD,302.7,468764.2615,yahoo×fx
2026-07-01,미장,블룸 에너지,BE,USD,289.5,449249.012,yahoo×fx
2026-07-02,미장,블룸 에너지,BE,USD,270.89,417747.6196,yahoo×fx
2026-07-06,미장,블룸 에너지,BE,USD,295.05,451060.6222,yahoo×fx
2026-07-07,미장,블룸 에너지,BE,USD,269.57,409708.6674,yahoo×fx
2026-07-08,미장,블룸 에너지,BE,USD,254.29,382286.8552,yahoo×fx
2026-07-09,미장,블룸 에너지,BE,USD,257.02,387048.9804,yahoo×fx
2026-03-02,미장,레버리지셰어즈 블룸에너지 2배 ETF,BEG,USD,40.94,58892.188,yahoo×fx
2026-03-03,미장,레버리지셰어즈 블룸에너지 2배 ETF,BEG,USD,34.7,50393.7708,yahoo×fx
2026-03-04,미장,레버리지셰어즈 블룸에너지 2배 ETF,BEG,USD,39.87,59129.9972,yahoo×fx
2026-03-05,미장,레버리지셰어즈 블룸에너지 2배 ETF,BEG,USD,37.435,54683.1783,yahoo×fx
2026-03-06,미장,레버리지셰어즈 블룸에너지 2배 ETF,BEG,USD,26.142,38677.351,yahoo×fx
2026-03-09,미장,레버리지셰어즈 블룸에너지 2배 ETF,BEG,USD,32.43,48122.5536,yahoo×fx
2026-03-10,미장,레버리지셰어즈 블룸에너지 2배 ETF,BEG,USD,33.04,48386.0892,yahoo×fx
2026-03-11,미장,레버리지셰어즈 블룸에너지 2배 ETF,BEG,USD,35.35,52062.7718,yahoo×fx
2026-03-12,미장,레버리지셰어즈 블룸에너지 2배 ETF,BEG,USD,34.56,50987.7512,yahoo×fx
2026-03-13,미장,레버리지셰어즈 블룸에너지 2배 ETF,BEG,USD,33.279,48939.4294,yahoo×fx
2026-03-16,미장,레버리지셰어즈 블룸에너지 2배 ETF,BEG,USD,33.109,49721.4425,yahoo×fx
2026-03-17,미장,레버리지셰어즈 블룸에너지 2배 ETF,BEG,USD,35.594,52996.2664,yahoo×fx
2026-03-18,미장,레버리지셰어즈 블룸에너지 2배 ETF,BEG,USD,34.167,50733.5529,yahoo×fx
2026-03-19,미장,레버리지셰어즈 블룸에너지 2배 ETF,BEG,USD,38.54,58012.3364,yahoo×fx
2026-03-20,미장,레버리지셰어즈 블룸에너지 2배 ETF,BEG,USD,30.536,45493.7522,yahoo×fx
2026-03-23,미장,레버리지셰어즈 블룸에너지 2배 ETF,BEG,USD,27.301,41066.437,yahoo×fx
2026-03-24,미장,레버리지셰어즈 블룸에너지 2배 ETF,BEG,USD,28.866,42876.4002,yahoo×fx
2026-03-25,미장,레버리지셰어즈 블룸에너지 2배 ETF,BEG,USD,30.443,45582.6113,yahoo×fx
2026-03-26,미장,레버리지셰어즈 블룸에너지 2배 ETF,BEG,USD,23.718,35600.0064,yahoo×fx
2026-03-27,미장,레버리지셰어즈 블룸에너지 2배 ETF,BEG,USD,23.749,35822.0421,yahoo×fx
2026-03-30,미장,레버리지셰어즈 블룸에너지 2배 ETF,BEG,USD,18.786,28482.0172,yahoo×fx
2026-03-31,미장,레버리지셰어즈 블룸에너지 2배 ETF,BEG,USD,23.652,35556.7608,yahoo×fx
2026-04-01,미장,레버리지셰어즈 블룸에너지 2배 ETF,BEG,USD,22.774,34436.3371,yahoo×fx
2026-04-02,미장,레버리지셰어즈 블룸에너지 2배 ETF,BEG,USD,23.68,35738.3294,yahoo×fx
2026-04-06,미장,레버리지셰어즈 블룸에너지 2배 ETF,BEG,USD,23.405,35291.2297,yahoo×fx
2026-04-07,미장,레버리지셰어즈 블룸에너지 2배 ETF,BEG,USD,23.845,35746.7539,yahoo×fx
2026-04-08,미장,레버리지셰어즈 블룸에너지 2배 ETF,BEG,USD,27.602,40784.7135,yahoo×fx
2026-04-09,미장,레버리지셰어즈 블룸에너지 2배 ETF,BEG,USD,32.486,47860.9751,yahoo×fx
2026-04-10,미장,레버리지셰어즈 블룸에너지 2배 ETF,BEG,USD,35.009,,yahoo(fx없음)
2026-04-13,미장,레버리지셰어즈 블룸에너지 2배 ETF,BEG,USD,39.72,58660.0852,yahoo×fx
2026-04-14,미장,레버리지셰어즈 블룸에너지 2배 ETF,BEG,USD,58.128,85414.4459,yahoo×fx
2026-04-15,미장,레버리지셰어즈 블룸에너지 2배 ETF,BEG,USD,55.358,81601.0192,yahoo×fx
2026-04-16,미장,레버리지셰어즈 블룸에너지 2배 ETF,BEG,USD,53.353,78851.4691,yahoo×fx
2026-04-17,미장,레버리지셰어즈 블룸에너지 2배 ETF,BEG,USD,52.29,,yahoo(fx없음)
2026-04-20,미장,레버리지셰어즈 블룸에너지 2배 ETF,BEG,USD,57.737,84830.6645,yahoo×fx
2026-04-21,미장,레버리지셰어즈 블룸에너지 2배 ETF,BEG,USD,59.096,87804.8407,yahoo×fx
2026-04-22,미장,레버리지셰어즈 블룸에너지 2배 ETF,BEG,USD,63.754,94225.8617,yahoo×fx
2026-04-23,미장,레버리지셰어즈 블룸에너지 2배 ETF,BEG,USD,68.481,101348.4568,yahoo×fx
2026-04-24,미장,레버리지셰어즈 블룸에너지 2배 ETF,BEG,USD,64.644,,yahoo(fx없음)
2026-04-27,미장,레버리지셰어즈 블룸에너지 2배 ETF,BEG,USD,66.461,97897.0508,yahoo×fx
2026-04-28,미장,레버리지셰어즈 블룸에너지 2배 ETF,BEG,USD,62.93,92632.3305,yahoo×fx
2026-04-29,미장,레버리지셰어즈 블룸에너지 2배 ETF,BEG,USD,95.54,142104.287,yahoo×fx
2026-04-30,미장,레버리지셰어즈 블룸에너지 2배 ETF,BEG,USD,91.246,134497.5206,yahoo×fx
2026-05-01,미장,레버리지셰어즈 블룸에너지 2배 ETF,BEG,USD,96.88,,yahoo(fx없음)
2026-05-04,미장,레버리지셰어즈 블룸에너지 2배 ETF,BEG,USD,95.016,140248.3697,yahoo×fx
2026-05-05,미장,레버리지셰어즈 블룸에너지 2배 ETF,BEG,USD,99.287,146345.0664,yahoo×fx
2026-05-06,미장,레버리지셰어즈 블룸에너지 2배 ETF,BEG,USD,92.64,133813.8426,yahoo×fx
2026-05-07,미장,레버리지셰어즈 블룸에너지 2배 ETF,BEG,USD,75.708,110139.2445,yahoo×fx
2026-05-08,미장,레버리지셰어즈 블룸에너지 2배 ETF,BEG,USD,76.966,,yahoo(fx없음)
2026-05-11,미장,레버리지셰어즈 블룸에너지 2배 ETF,BEG,USD,91.61,135074.3609,yahoo×fx
2026-05-12,미장,레버리지셰어즈 블룸에너지 2배 ETF,BEG,USD,87.96,131323.3982,yahoo×fx
2026-05-13,미장,레버리지셰어즈 블룸에너지 2배 ETF,BEG,USD,94.65,141013.355,yahoo×fx
2026-05-14,미장,레버리지셰어즈 블룸에너지 2배 ETF,BEG,USD,102.38,152888.1416,yahoo×fx
2026-05-15,미장,레버리지셰어즈 블룸에너지 2배 ETF,BEG,USD,85.109,,yahoo(fx없음)
2026-05-18,미장,레버리지셰어즈 블룸에너지 2배 ETF,BEG,USD,73.516,109709.3914,yahoo×fx
2026-05-19,미장,레버리지셰어즈 블룸에너지 2배 ETF,BEG,USD,74.58,112455.4539,yahoo×fx
2026-05-20,미장,레버리지셰어즈 블룸에너지 2배 ETF,BEG,USD,86.681,130001.5647,yahoo×fx
2026-05-21,미장,레버리지셰어즈 블룸에너지 2배 ETF,BEG,USD,102.142,153662.4247,yahoo×fx
2026-05-22,미장,레버리지셰어즈 블룸에너지 2배 ETF,BEG,USD,98.618,,yahoo(fx없음)
2026-05-26,미장,레버리지셰어즈 블룸에너지 2배 ETF,BEG,USD,98.31,147999.797,yahoo×fx
2026-05-27,미장,레버리지셰어즈 블룸에너지 2배 ETF,BEG,USD,93.273,140199.5816,yahoo×fx
2026-05-28,미장,레버리지셰어즈 블룸에너지 2배 ETF,BEG,USD,91.16,136310.6454,yahoo×fx
2026-05-29,미장,레버리지셰어즈 블룸에너지 2배 ETF,BEG,USD,87.33,,yahoo(fx없음)
2026-06-01,미장,레버리지셰어즈 블룸에너지 2배 ETF,BEG,USD,80.6,121808.3613,yahoo×fx
2026-06-02,미장,레버리지셰어즈 블룸에너지 2배 ETF,BEG,USD,97.27,147519.6745,yahoo×fx
2026-06-03,미장,레버리지셰어즈 블룸에너지 2배 ETF,BEG,USD,88.15,134879.1975,yahoo×fx
2026-06-04,미장,레버리지셰어즈 블룸에너지 2배 ETF,BEG,USD,89.5,137209.7602,yahoo×fx
2026-06-05,미장,레버리지셰어즈 블룸에너지 2배 ETF,BEG,USD,72.44,,yahoo(fx없음)
2026-06-08,미장,레버리지셰어즈 블룸에너지 2배 ETF,BEG,USD,66.86,102220.9181,yahoo×fx
2026-06-09,미장,레버리지셰어즈 블룸에너지 2배 ETF,BEG,USD,70.0,106806.7041,yahoo×fx
2026-06-10,미장,레버리지셰어즈 블룸에너지 2배 ETF,BEG,USD,56.884,86750.9453,yahoo×fx
2026-06-11,미장,레버리지셰어즈 블룸에너지 2배 ETF,BEG,USD,63.16,95837.7209,yahoo×fx
2026-06-12,미장,레버리지셰어즈 블룸에너지 2배 ETF,BEG,USD,69.176,,yahoo(fx없음)
2026-06-15,미장,레버리지셰어즈 블룸에너지 2배 ETF,BEG,USD,76.49,115753.0831,yahoo×fx
2026-06-16,미장,레버리지셰어즈 블룸에너지 2배 ETF,BEG,USD,80.695,121926.9136,yahoo×fx
2026-06-17,미장,레버리지셰어즈 블룸에너지 2배 ETF,BEG,USD,82.605,126007.3279,yahoo×fx
2026-07-09,미장,TRADR 블룸 에너지 2배 ETF,BEX,USD,41.52,62525.3853,yahoo×fx
2026-07-10,미장,TRADR 블룸 에너지 2배 ETF,BEX,USD,37.62,,yahoo(fx없음)
2026-07-13,미장,TRADR 블룸 에너지 2배 ETF,BEX,USD,34.15,51146.4556,yahoo×fx
2026-07-14,미장,TRADR 블룸 에너지 2배 ETF,BEX,USD,37.15,55274.7445,yahoo×fx
2026-07-15,미장,TRADR 블룸 에너지 2배 ETF,BEX,USD,35.84,53265.4065,yahoo×fx
2026-07-16,미장,TRADR 블룸 에너지 2배 ETF,BEX,USD,26.04,38509.2547,yahoo×fx
2026-07-17,미장,TRADR 블룸 에너지 2배 ETF,BEX,USD,27.98,,yahoo(fx없음)
2026-07-20,미장,TRADR 블룸 에너지 2배 ETF,BEX,USD,23.38,34485.7328,yahoo×fx
2026-07-21,미장,TRADR 블룸 에너지 2배 ETF,BEX,USD,30.37,44939.0968,yahoo×fx
2026-07-22,미장,TRADR 블룸 에너지 2배 ETF,BEX,USD,28.14,41524.2274,yahoo×fx
2026-07-23,미장,TRADR 블룸 에너지 2배 ETF,BEX,USD,27.91,41140.4573,yahoo×fx
2026-07-24,미장,TRADR 블룸 에너지 2배 ETF,BEX,USD,19.59,,yahoo(fx없음)
2026-07-27,미장,TRADR 블룸 에너지 2배 ETF,BEX,USD,20.25,29654.9088,yahoo×fx
2026-07-28,미장,TRADR 블룸 에너지 2배 ETF,BEX,USD,15.78,22930.865,yahoo×fx
2026-07-29,미장,TRADR 블룸 에너지 2배 ETF,BEX,USD,15.0,21634.2004,yahoo×fx
2026-07-30,미장,TRADR 블룸 에너지 2배 ETF,BEX,USD,23.02,32702.2121,yahoo×fx
2026-07-31,미장,TRADR 블룸 에너지 2배 ETF,BEX,USD,22.85,,yahoo(fx없음)
2026-01-02,미장,비트코인 전략 2배 ETF,BITX,USD,29.18,42125.4161,yahoo×fx
2026-01-05,미장,비트코인 전략 2배 ETF,BITX,USD,32.05,46167.3823,yahoo×fx
2026-01-06,미장,비트코인 전략 2배 ETF,BITX,USD,30.87,44624.4402,yahoo×fx
2026-01-07,미장,비트코인 전략 2배 ETF,BITX,USD,29.82,43088.7056,yahoo×fx
2026-01-08,미장,비트코인 전략 2배 ETF,BITX,USD,29.75,43022.6654,yahoo×fx
2026-01-09,미장,비트코인 전략 2배 ETF,BITX,USD,29.25,42414.8387,yahoo×fx
2026-01-12,미장,비트코인 전략 2배 ETF,BITX,USD,30.06,43744.5133,yahoo×fx
2026-01-13,미장,비트코인 전략 2배 ETF,BITX,USD,32.05,46951.0071,yahoo×fx
2026-01-14,미장,비트코인 전략 2배 ETF,BITX,USD,34.23,50421.132,yahoo×fx
2026-01-15,미장,비트코인 전략 2배 ETF,BITX,USD,32.49,47529.6242,yahoo×fx
2026-01-16,미장,비트코인 전략 2배 ETF,BITX,USD,32.65,47957.6271,yahoo×fx
2026-01-20,미장,비트코인 전략 2배 ETF,BITX,USD,28.59,42070.7576,yahoo×fx
2026-01-21,미장,비트코인 전략 2배 ETF,BITX,USD,28.88,42678.286,yahoo×fx
2026-01-22,미장,비트코인 전략 2배 ETF,BITX,USD,28.35,41527.9298,yahoo×fx
2026-01-23,미장,비트코인 전략 2배 ETF,BITX,USD,28.37,41512.6877,yahoo×fx
2026-01-26,미장,비트코인 전략 2배 ETF,BITX,USD,27.21,39313.2804,yahoo×fx
2026-01-27,미장,비트코인 전략 2배 ETF,BITX,USD,28.28,40750.9148,yahoo×fx
2026-01-28,미장,비트코인 전략 2배 ETF,BITX,USD,28.1,40253.5318,yahoo×fx
2026-01-29,미장,비트코인 전략 2배 ETF,BITX,USD,24.97,35688.8714,yahoo×fx
2026-01-30,미장,비트코인 전략 2배 ETF,BITX,USD,24.77,35390.3861,yahoo×fx
2026-02-02,미장,비트코인 전략 2배 ETF,BITX,USD,21.35,30931.8816,yahoo×fx
2026-02-03,미장,비트코인 전략 2배 ETF,BITX,USD,20.46,29718.9679,yahoo×fx
2026-02-04,미장,비트코인 전략 2배 ETF,BITX,USD,18.8,27197.5839,yahoo×fx
2026-02-05,미장,비트코인 전략 2배 ETF,BITX,USD,13.87,20251.7253,yahoo×fx
2026-02-06,미장,비트코인 전략 2배 ETF,BITX,USD,16.54,24325.0494,yahoo×fx
2026-02-09,미장,비트코인 전략 2배 ETF,BITX,USD,16.91,24729.1842,yahoo×fx
2026-02-10,미장,비트코인 전략 2배 ETF,BITX,USD,15.95,23263.7133,yahoo×fx
2026-02-11,미장,비트코인 전략 2배 ETF,BITX,USD,15.39,22397.5285,yahoo×fx
2026-02-12,미장,비트코인 전략 2배 ETF,BITX,USD,14.39,20781.8938,yahoo×fx
2026-02-13,미장,비트코인 전략 2배 ETF,BITX,USD,15.84,22823.8566,yahoo×fx
2026-02-17,미장,비트코인 전략 2배 ETF,BITX,USD,15.39,22165.1399,yahoo×fx
2026-02-18,미장,비트코인 전략 2배 ETF,BITX,USD,14.68,21138.7596,yahoo×fx
2026-02-19,미장,비트코인 전략 2배 ETF,BITX,USD,15.08,21717.6132,yahoo×fx
2026-02-20,미장,비트코인 전략 2배 ETF,BITX,USD,15.36,22237.4395,yahoo×fx
2026-02-23,미장,비트코인 전략 2배 ETF,BITX,USD,13.88,20034.9466,yahoo×fx
2026-02-24,미장,비트코인 전략 2배 ETF,BITX,USD,13.86,19988.8908,yahoo×fx
2026-02-25,미장,비트코인 전략 2배 ETF,BITX,USD,15.87,22852.641,yahoo×fx
2026-02-26,미장,비트코인 전략 2배 ETF,BITX,USD,15.09,21532.3747,yahoo×fx
2026-02-27,미장,비트코인 전략 2배 ETF,BITX,USD,14.25,20410.5592,yahoo×fx
2026-03-02,미장,비트코인 전략 2배 ETF,BITX,USD,15.77,22685.1457,yahoo×fx
2026-03-03,미장,비트코인 전략 2배 ETF,BITX,USD,15.36,22306.867,yahoo×fx
2026-03-04,미장,비트코인 전략 2배 ETF,BITX,USD,17.54,26013.0482,yahoo×fx
2026-03-05,미장,비트코인 전략 2배 ETF,BITX,USD,16.64,24306.8791,yahoo×fx
2026-03-06,미장,비트코인 전략 2배 ETF,BITX,USD,15.13,22384.9866,yahoo×fx
2026-03-09,미장,비트코인 전략 2배 ETF,BITX,USD,15.55,23074.49,yahoo×fx
2026-03-10,미장,비트코인 전략 2배 ETF,BITX,USD,15.99,23416.8745,yahoo×fx
2026-03-11,미장,비트코인 전략 2배 ETF,BITX,USD,16.29,23991.588,yahoo×fx
2026-03-12,미장,비트코인 전략 2배 ETF,BITX,USD,16.18,23871.0011,yahoo×fx
2026-03-13,미장,비트코인 전략 2배 ETF,BITX,USD,16.49,24249.8631,yahoo×fx
2026-03-16,미장,비트코인 전략 2배 ETF,BITX,USD,17.77,26686.0982,yahoo×fx
2026-03-17,미장,비트코인 전략 2배 ETF,BITX,USD,18.07,26904.6039,yahoo×fx
2026-03-18,미장,비트코인 전략 2배 ETF,BITX,USD,16.33,24247.9269,yahoo×fx
2026-03-19,미장,비트코인 전략 2배 ETF,BITX,USD,15.97,24038.8429,yahoo×fx
2026-03-20,미장,비트코인 전략 2배 ETF,BITX,USD,15.92,23718.2524,yahoo×fx
2026-03-23,미장,비트코인 전략 2배 ETF,BITX,USD,16.12,24247.8658,yahoo×fx
2026-03-24,미장,비트코인 전략 2배 ETF,BITX,USD,15.52,23052.7877,yahoo×fx
2026-03-25,미장,비트코인 전략 2배 ETF,BITX,USD,16.19,24241.4506,yahoo×fx
2026-03-26,미장,비트코인 전략 2배 ETF,BITX,USD,15.11,22679.6557,yahoo×fx
2026-03-27,미장,비트코인 전략 2배 ETF,BITX,USD,13.98,21086.8719,yahoo×fx
2026-03-30,미장,비트코인 전략 2배 ETF,BITX,USD,14.19,21513.8841,yahoo×fx
2026-03-31,미장,비트코인 전략 2배 ETF,BITX,USD,14.74,22159.0832,yahoo×fx
2026-04-01,미장,비트코인 전략 2배 ETF,BITX,USD,14.9,22530.1399,yahoo×fx
2026-04-02,미장,비트코인 전략 2배 ETF,BITX,USD,14.39,21717.6759,yahoo×fx
2026-04-06,미장,비트코인 전략 2배 ETF,BITX,USD,15.57,23477.2237,yahoo×fx
2026-04-07,미장,비트코인 전략 2배 ETF,BITX,USD,15.22,22816.7591,yahoo×fx
2026-04-08,미장,비트코인 전략 2배 ETF,BITX,USD,16.23,23981.4469,yahoo×fx
2026-04-09,미장,비트코인 전략 2배 ETF,BITX,USD,16.605,24463.8142,yahoo×fx
2026-04-10,미장,비트코인 전략 2배 ETF,BITX,USD,17.13,,yahoo(fx없음)
2026-04-13,미장,비트코인 전략 2배 ETF,BITX,USD,17.16,25342.5736,yahoo×fx
2026-04-14,미장,비트코인 전략 2배 ETF,BITX,USD,17.57,25817.7097,yahoo×fx
2026-04-15,미장,비트코인 전략 2배 ETF,BITX,USD,17.94,26444.6382,yahoo×fx
2026-04-16,미장,비트코인 전략 2배 ETF,BITX,USD,18.09,26735.5738,yahoo×fx
2026-04-17,미장,비트코인 전략 2배 ETF,BITX,USD,19.09,,yahoo(fx없음)
2026-04-20,미장,비트코인 전략 2배 ETF,BITX,USD,18.51,27196.0031,yahoo×fx
2026-04-21,미장,비트코인 전략 2배 ETF,BITX,USD,17.85,26521.5314,yahoo×fx
2026-04-22,미장,비트코인 전략 2배 ETF,BITX,USD,19.7,29115.8124,yahoo×fx
2026-04-23,미장,비트코인 전략 2배 ETF,BITX,USD,19.12,28296.6443,yahoo×fx
2026-04-24,미장,비트코인 전략 2배 ETF,BITX,USD,19.05,,yahoo(fx없음)
2026-04-27,미장,비트코인 전략 2배 ETF,BITX,USD,18.66,27486.1798,yahoo×fx
2026-04-28,미장,비트코인 전략 2배 ETF,BITX,USD,18.39,27069.895,yahoo×fx
2026-04-29,미장,비트코인 전략 2배 ETF,BITX,USD,17.95,26698.4722,yahoo×fx
2026-04-30,미장,비트코인 전략 2배 ETF,BITX,USD,18.4,27121.7836,yahoo×fx
2026-05-01,미장,비트코인 전략 2배 ETF,BITX,USD,19.38,,yahoo(fx없음)
2026-05-04,미장,비트코인 전략 2배 ETF,BITX,USD,20.16,29757.1688,yahoo×fx
2026-05-05,미장,비트코인 전략 2배 ETF,BITX,USD,20.96,30894.1994,yahoo×fx
2026-05-06,미장,비트코인 전략 2배 ETF,BITX,USD,20.86,30131.2269,yahoo×fx
2026-05-07,미장,비트코인 전략 2배 ETF,BITX,USD,20.165,29335.8425,yahoo×fx
2026-05-08,미장,비트코인 전략 2배 ETF,BITX,USD,20.17,,yahoo(fx없음)
2026-05-11,미장,비트코인 전략 2배 ETF,BITX,USD,21.06,31051.9152,yahoo×fx
2026-05-12,미장,비트코인 전략 2배 ETF,BITX,USD,20.46,30546.5738,yahoo×fx
2026-05-13,미장,비트코인 전략 2배 ETF,BITX,USD,19.83,29543.5264,yahoo×fx
2026-05-14,미장,비트코인 전략 2배 ETF,BITX,USD,20.755,30994.2697,yahoo×fx
2026-05-15,미장,비트코인 전략 2배 ETF,BITX,USD,19.52,,yahoo(fx없음)
2026-05-18,미장,비트코인 전략 2배 ETF,BITX,USD,18.39,27443.7629,yahoo×fx
2026-05-19,미장,비트코인 전략 2배 ETF,BITX,USD,18.37,27699.2053,yahoo×fx
2026-05-20,미장,비트코인 전략 2배 ETF,BITX,USD,18.75,28120.6879,yahoo×fx
2026-05-21,미장,비트코인 전략 2배 ETF,BITX,USD,18.75,28207.5005,yahoo×fx
2026-05-22,미장,비트코인 전략 2배 ETF,BITX,USD,17.81,,yahoo(fx없음)
2026-05-26,미장,비트코인 전략 2배 ETF,BITX,USD,17.87,26902.213,yahoo×fx
2026-05-27,미장,비트코인 전략 2배 ETF,BITX,USD,17.4,26154.1132,yahoo×fx
2026-05-28,미장,비트코인 전략 2배 ETF,BITX,USD,16.69,24956.3916,yahoo×fx
2026-05-29,미장,비트코인 전략 2배 ETF,BITX,USD,16.71,,yahoo(fx없음)
2026-06-01,미장,비트코인 전략 2배 ETF,BITX,USD,15.81,23893.1796,yahoo×fx
2026-06-02,미장,비트코인 전략 2배 ETF,BITX,USD,13.91,21095.9054,yahoo×fx
2026-06-03,미장,비트코인 전략 2배 ETF,BITX,USD,13.16,20136.2472,yahoo×fx
2026-06-04,미장,비트코인 전략 2배 ETF,BITX,USD,12.43,19056.0599,yahoo×fx
2026-06-05,미장,비트코인 전략 2배 ETF,BITX,USD,11.14,,yahoo(fx없음)
2026-06-08,미장,비트코인 전략 2배 ETF,BITX,USD,12.24,18713.4909,yahoo×fx
2026-06-09,미장,비트코인 전략 2배 ETF,BITX,USD,11.74,17913.0097,yahoo×fx
2026-06-10,미장,비트코인 전략 2배 ETF,BITX,USD,11.68,17812.585,yahoo×fx
2026-06-11,미장,비트코인 전략 2배 ETF,BITX,USD,12.3,18663.7743,yahoo×fx
2026-06-12,미장,비트코인 전략 2배 ETF,BITX,USD,12.31,,yahoo(fx없음)
2026-06-15,미장,비트코인 전략 2배 ETF,BITX,USD,13.44,20338.8866,yahoo×fx
2026-06-16,미장,비트코인 전략 2배 ETF,BITX,USD,13.08,19763.3562,yahoo×fx
2026-06-17,미장,비트코인 전략 2배 ETF,BITX,USD,12.48,19037.2415,yahoo×fx
2026-06-18,미장,비트코인 전략 2배 ETF,BITX,USD,11.96,18389.2184,yahoo×fx
2026-06-22,미장,비트코인 전략 2배 ETF,BITX,USD,12.53,19284.2967,yahoo×fx
2026-06-23,미장,비트코인 전략 2배 ETF,BITX,USD,11.7,17962.4247,yahoo×fx
2026-06-24,미장,비트코인 전략 2배 ETF,BITX,USD,10.78,16630.9525,yahoo×fx
2026-06-25,미장,비트코인 전략 2배 ETF,BITX,USD,10.55,16315.3641,yahoo×fx
2026-06-26,미장,비트코인 전략 2배 ETF,BITX,USD,10.72,,yahoo(fx없음)
2026-06-29,미장,비트코인 전략 2배 ETF,BITX,USD,10.93,16851.1092,yahoo×fx
2026-06-30,미장,비트코인 전략 2배 ETF,BITX,USD,10.32,15981.6546,yahoo×fx
2026-07-01,미장,비트코인 전략 2배 ETF,BITX,USD,10.78,16728.512,yahoo×fx
2026-07-02,미장,비트코인 전략 2배 ETF,BITX,USD,11.31,17441.491,yahoo×fx
2026-07-06,미장,비트코인 전략 2배 ETF,BITX,USD,12.13,18543.8591,yahoo×fx
2026-07-07,미장,비트코인 전략 2배 ETF,BITX,USD,12.17,18496.6961,yahoo×fx
2026-07-08,미장,비트코인 전략 2배 ETF,BITX,USD,11.58,17408.7926,yahoo×fx
2026-07-09,미장,비트코인 전략 2배 ETF,BITX,USD,11.92,17950.4477,yahoo×fx
2026-07-10,미장,비트코인 전략 2배 ETF,BITX,USD,12.19,,yahoo(fx없음)
2026-07-13,미장,비트코인 전략 2배 ETF,BITX,USD,11.54,17283.4574,yahoo×fx
2026-07-14,미장,비트코인 전략 2배 ETF,BITX,USD,12.4,18449.7115,yahoo×fx
2026-07-15,미장,비트코인 전략 2배 ETF,BITX,USD,12.56,18666.672,yahoo×fx
2026-07-16,미장,비트코인 전략 2배 ETF,BITX,USD,12.28,18160.2773,yahoo×fx
2026-07-17,미장,비트코인 전략 2배 ETF,BITX,USD,12.23,,yahoo(fx없음)
2026-07-20,미장,비트코인 전략 2배 ETF,BITX,USD,12.57,18540.8754,yahoo×fx
2026-07-21,미장,비트코인 전략 2배 ETF,BITX,USD,13.09,19369.5346,yahoo×fx
2026-07-22,미장,비트코인 전략 2배 ETF,BITX,USD,12.87,18991.358,yahoo×fx
2026-07-23,미장,비트코인 전략 2배 ETF,BITX,USD,12.42,18307.5774,yahoo×fx
2026-07-24,미장,비트코인 전략 2배 ETF,BITX,USD,12.18,,yahoo(fx없음)
2026-07-27,미장,비트코인 전략 2배 ETF,BITX,USD,12.44,18217.6323,yahoo×fx
2026-07-28,미장,비트코인 전략 2배 ETF,BITX,USD,12.03,17481.5148,yahoo×fx
2026-07-29,미장,비트코인 전략 2배 ETF,BITX,USD,11.91,17177.5549,yahoo×fx
2026-07-30,미장,비트코인 전략 2배 ETF,BITX,USD,12.39,17601.2342,yahoo×fx
2026-07-31,미장,비트코인 전략 2배 ETF,BITX,USD,11.66,,yahoo(fx없음)
2026-08-03,미장,비트코인 전략 2배 ETF,BITX,USD,11.99,17127.7147,yahoo×fx
2026-08-04,미장,비트코인 전략 2배 ETF,BITX,USD,12.15,17355.4246,yahoo×fx
2026-08-05,미장,비트코인 전략 2배 ETF,BITX,USD,12.38,17593.9614,yahoo×fx
2026-08-06,미장,비트코인 전략 2배 ETF,BITX,USD,12.21,17366.2837,yahoo×fx
2026-08-07,미장,비트코인 전략 2배 ETF,BITX,USD,12.41,,yahoo(fx없음)
2026-08-10,미장,비트코인 전략 2배 ETF,BITX,USD,12.02,17036.0676,yahoo×fx
2026-08-11,미장,비트코인 전략 2배 ETF,BITX,USD,11.82,16691.9678,yahoo×fx
2026-08-12,미장,비트코인 전략 2배 ETF,BITX,USD,11.77,16671.7344,yahoo×fx
2026-08-13,미장,비트코인 전략 2배 ETF,BITX,USD,11.77,16676.3249,yahoo×fx
2026-08-14,미장,비트코인 전략 2배 ETF,BITX,USD,11.59,,yahoo(fx없음)
2026-08-17,미장,비트코인 전략 2배 ETF,BITX,USD,12.11,17132.3796,yahoo×fx
2026-08-18,미장,비트코인 전략 2배 ETF,BITX,USD,12.22,17273.9474,yahoo×fx
2026-08-19,미장,비트코인 전략 2배 ETF,BITX,USD,13.66,18979.2041,yahoo×fx
2026-08-20,미장,비트코인 전략 2배 ETF,BITX,USD,15.36,21362.5345,yahoo×fx
2026-08-21,미장,비트코인 전략 2배 ETF,BITX,USD,17.18,,yahoo(fx없음)
2026-08-24,미장,비트코인 전략 2배 ETF,BITX,USD,17.95,,yahoo(fx없음)
2026-08-25,미장,비트코인 전략 2배 ETF,BITX,USD,18.1299,25069.1192,yahoo×fx
2026-01-02,미장,코히런트,COHR,USD,194.33,280542.5667,yahoo×fx
2026-01-05,미장,코히런트,COHR,USD,186.36,268447.85,yahoo×fx
2026-01-06,미장,코히런트,COHR,USD,194.11,280597.6639,yahoo×fx
2026-01-07,미장,코히런트,COHR,USD,191.62,276883.2207,yahoo×fx
2026-01-08,미장,코히런트,COHR,USD,173.15,250399.1347,yahoo×fx
2026-01-09,미장,코히런트,COHR,USD,178.06,258201.2334,yahoo×fx
2026-01-12,미장,코히런트,COHR,USD,185.18,269481.3307,yahoo×fx
2026-01-13,미장,코히런트,COHR,USD,190.03,278380.6563,yahoo×fx
2026-01-14,미장,코히런트,COHR,USD,184.11,271195.8738,yahoo×fx
2026-01-15,미장,코히런트,COHR,USD,195.96,286669.8986,yahoo×fx
2026-01-16,미장,코히런트,COHR,USD,191.04,280607.1772,yahoo×fx
2026-01-20,미장,코히런트,COHR,USD,193.46,284680.2729,yahoo×fx
2026-01-21,미장,코히런트,COHR,USD,201.46,297713.5746,yahoo×fx
2026-01-22,미장,코히런트,COHR,USD,202.72,296950.3305,yahoo×fx
2026-01-23,미장,코히런트,COHR,USD,196.94,288174.4299,yahoo×fx
2026-01-26,미장,코히런트,COHR,USD,197.76,285725.6293,yahoo×fx
2026-01-27,미장,코히런트,COHR,USD,214.0,308369.7158,yahoo×fx
2026-01-28,미장,코히런트,COHR,USD,221.14,316785.2627,yahoo×fx
2026-01-29,미장,코히런트,COHR,USD,215.86,308522.2273,yahoo×fx
2026-01-30,미장,코히런트,COHR,USD,212.18,303154.2884,yahoo×fx
2026-02-02,미장,코히런트,COHR,USD,222.44,322271.0864,yahoo×fx
2026-02-03,미장,코히런트,COHR,USD,229.18,332893.1155,yahoo×fx
2026-02-04,미장,코히런트,COHR,USD,211.0,305249.4913,yahoo×fx
2026-02-05,미장,코히런트,COHR,USD,209.24,305513.4214,yahoo×fx
2026-02-06,미장,코히런트,COHR,USD,227.68,334844.4239,yahoo×fx
2026-02-09,미장,코히런트,COHR,USD,242.46,354573.5197,yahoo×fx
2026-02-10,미장,코히런트,COHR,USD,228.37,333086.7816,yahoo×fx
2026-02-11,미장,코히런트,COHR,USD,223.69,325542.7614,yahoo×fx
2026-02-12,미장,코히런트,COHR,USD,216.1,312089.4552,yahoo×fx
2026-02-13,미장,코히런트,COHR,USD,217.23,313006.7061,yahoo×fx
2026-02-17,미장,코히런트,COHR,USD,219.96,316792.9962,yahoo×fx
2026-02-18,미장,코히런트,COHR,USD,223.89,322394.8759,yahoo×fx
2026-02-19,미장,코히런트,COHR,USD,232.48,334808.3986,yahoo×fx
2026-02-20,미장,코히런트,COHR,USD,248.18,359302.5844,yahoo×fx
2026-02-23,미장,코히런트,COHR,USD,248.89,359257.7661,yahoo×fx
2026-02-24,미장,코히런트,COHR,USD,254.86,367559.0804,yahoo×fx
2026-02-25,미장,코히런트,COHR,USD,267.9,385773.3096,yahoo×fx
2026-02-26,미장,코히런트,COHR,USD,250.14,356932.2828,yahoo×fx
2026-02-27,미장,코히런트,COHR,USD,258.93,370870.5932,yahoo×fx
2026-03-02,미장,코히런트,COHR,USD,298.91,429982.0403,yahoo×fx
2026-03-03,미장,코히런트,COHR,USD,280.81,407811.9406,yahoo×fx
2026-03-04,미장,코히런트,COHR,USD,274.86,407636.5837,yahoo×fx
2026-03-05,미장,코히런트,COHR,USD,253.87,370840.5954,yahoo×fx
2026-03-06,미장,코히런트,COHR,USD,235.72,348750.1013,yahoo×fx
2026-03-09,미장,코히런트,COHR,USD,252.32,374415.1394,yahoo×fx
2026-03-10,미장,코히런트,COHR,USD,260.64,381699.4746,yahoo×fx
2026-03-11,미장,코히런트,COHR,USD,251.41,370271.6326,yahoo×fx
2026-03-12,미장,코히런트,COHR,USD,241.27,355955.2799,yahoo×fx
2026-03-13,미장,코히런트,COHR,USD,242.76,356997.9821,yahoo×fx
2026-03-16,미장,코히런트,COHR,USD,247.37,371487.8902,yahoo×fx
2026-01-02,미장,크레도 테크놀로지 그룹 홀딩,CRDO,USD,143.22,206758.1247,yahoo×fx
2026-01-05,미장,크레도 테크놀로지 그룹 홀딩,CRDO,USD,140.24,202012.9204,yahoo×fx
2026-01-06,미장,크레도 테크놀로지 그룹 홀딩,CRDO,USD,132.95,192187.2054,yahoo×fx
2026-01-07,미장,크레도 테크놀로지 그룹 홀딩,CRDO,USD,141.0,203739.3545,yahoo×fx
2026-01-08,미장,크레도 테크놀로지 그룹 홀딩,CRDO,USD,141.59,204758.9594,yahoo×fx
2026-01-09,미장,크레도 테크놀로지 그룹 홀딩,CRDO,USD,150.42,218121.0243,yahoo×fx
2026-01-12,미장,크레도 테크놀로지 그룹 홀딩,CRDO,USD,156.07,227119.3159,yahoo×fx
2026-01-13,미장,크레도 테크놀로지 그룹 홀딩,CRDO,USD,161.38,236410.4192,yahoo×fx
2026-01-14,미장,크레도 테크놀로지 그룹 홀딩,CRDO,USD,156.84,231026.8845,yahoo×fx
2026-01-15,미장,크레도 테크놀로지 그룹 홀딩,CRDO,USD,149.12,218147.6445,yahoo×fx
2026-01-16,미장,크레도 테크놀로지 그룹 홀딩,CRDO,USD,150.97,221750.7714,yahoo×fx
2026-01-20,미장,크레도 테크놀로지 그룹 홀딩,CRDO,USD,153.22,225466.2992,yahoo×fx
2026-01-21,미장,크레도 테크놀로지 그룹 홀딩,CRDO,USD,139.16,205647.8743,yahoo×fx
2026-01-22,미장,크레도 테크놀로지 그룹 홀딩,CRDO,USD,135.1,197898.536,yahoo×fx
2026-03-10,미장,TRADR 2X LONG CRDO DAILY ETF,CRDU,USD,5.695,8340.1567,yahoo×fx
2026-03-11,미장,TRADR 2X LONG CRDO DAILY ETF,CRDU,USD,6.0425,8899.2734,yahoo×fx
2026-03-11,미장,TRADR 크레도 테크놀로지 2배 ETF,CRDU,USD,6.0425,8899.2734,yahoo×fx
2026-03-12,미장,TRADR 2X LONG CRDO DAILY ETF,CRDU,USD,5.6,8261.9037,yahoo×fx
2026-03-12,미장,TRADR 크레도 테크놀로지 2배 ETF,CRDU,USD,5.6,8261.9037,yahoo×fx
2026-03-13,미장,TRADR 2X LONG CRDO DAILY ETF,CRDU,USD,6.235,9169.0662,yahoo×fx
2026-03-13,미장,TRADR 크레도 테크놀로지 2배 ETF,CRDU,USD,6.235,9169.0662,yahoo×fx
2026-03-16,미장,TRADR 2X LONG CRDO DAILY ETF,CRDU,USD,6.1625,9254.5342,yahoo×fx
2026-03-16,미장,TRADR 크레도 테크놀로지 2배 ETF,CRDU,USD,6.1625,9254.5342,yahoo×fx
2026-03-17,미장,TRADR 2X LONG CRDO DAILY ETF,CRDU,USD,4.79,7131.879,yahoo×fx
2026-03-17,미장,TRADR 크레도 테크놀로지 2배 ETF,CRDU,USD,4.79,7131.879,yahoo×fx
2026-03-18,미장,TRADR 2X LONG CRDO DAILY ETF,CRDU,USD,4.5725,6789.5684,yahoo×fx
2026-03-18,미장,TRADR 크레도 테크놀로지 2배 ETF,CRDU,USD,4.5725,6789.5684,yahoo×fx
2026-03-19,미장,TRADR 2X LONG CRDO DAILY ETF,CRDU,USD,5.05,7601.5128,yahoo×fx
2026-03-19,미장,TRADR 크레도 테크놀로지 2배 ETF,CRDU,USD,5.05,7601.5128,yahoo×fx
2026-03-20,미장,TRADR 2X LONG CRDO DAILY ETF,CRDU,USD,4.68,6972.4508,yahoo×fx
2026-03-20,미장,TRADR 크레도 테크놀로지 2배 ETF,CRDU,USD,4.68,6972.4508,yahoo×fx
2026-03-23,미장,TRADR 2X LONG CRDO DAILY ETF,CRDU,USD,4.87,7325.5023,yahoo×fx
2026-03-23,미장,TRADR 크레도 테크놀로지 2배 ETF,CRDU,USD,4.87,7325.5023,yahoo×fx
2026-03-24,미장,TRADR 2X LONG CRDO DAILY ETF,CRDU,USD,4.4375,6591.2849,yahoo×fx
2026-03-24,미장,TRADR 크레도 테크놀로지 2배 ETF,CRDU,USD,4.4375,6591.2849,yahoo×fx
2026-03-25,미장,TRADR 2X LONG CRDO DAILY ETF,CRDU,USD,4.7325,7086.02,yahoo×fx
2026-03-25,미장,TRADR 크레도 테크놀로지 2배 ETF,CRDU,USD,4.7325,7086.02,yahoo×fx
2026-03-26,미장,TRADR 2X LONG CRDO DAILY ETF,CRDU,USD,4.05,6078.9287,yahoo×fx
2026-03-26,미장,TRADR 크레도 테크놀로지 2배 ETF,CRDU,USD,4.05,6078.9287,yahoo×fx
2026-03-27,미장,TRADR 2X LONG CRDO DAILY ETF,CRDU,USD,3.9425,5946.7094,yahoo×fx
2026-03-27,미장,TRADR 크레도 테크놀로지 2배 ETF,CRDU,USD,3.9425,5946.7094,yahoo×fx
2026-03-30,미장,TRADR 2X LONG CRDO DAILY ETF,CRDU,USD,3.3125,5022.1806,yahoo×fx
2026-03-30,미장,TRADR 크레도 테크놀로지 2배 ETF,CRDU,USD,3.3125,5022.1806,yahoo×fx
2026-03-31,미장,TRADR 2X LONG CRDO DAILY ETF,CRDU,USD,3.7775,5678.8288,yahoo×fx
2026-03-31,미장,TRADR 크레도 테크놀로지 2배 ETF,CRDU,USD,3.7775,5678.8288,yahoo×fx
2026-04-01,미장,TRADR 2X LONG CRDO DAILY ETF,CRDU,USD,3.9275,5938.7334,yahoo×fx
2026-04-01,미장,TRADR 크레도 테크놀로지 2배 ETF,CRDU,USD,3.9275,5938.7334,yahoo×fx
2026-04-02,미장,TRADR 2X LONG CRDO DAILY ETF,CRDU,USD,4.3975,6636.7949,yahoo×fx
2026-04-02,미장,TRADR 크레도 테크놀로지 2배 ETF,CRDU,USD,4.3975,6636.7949,yahoo×fx
2026-04-06,미장,TRADR 2X LONG CRDO DAILY ETF,CRDU,USD,4.4575,6721.2412,yahoo×fx
2026-04-06,미장,TRADR 크레도 테크놀로지 2배 ETF,CRDU,USD,4.4575,6721.2412,yahoo×fx
2026-04-07,미장,TRADR 2X LONG CRDO DAILY ETF,CRDU,USD,4.84,7255.7895,yahoo×fx
2026-04-07,미장,TRADR 크레도 테크놀로지 2배 ETF,CRDU,USD,4.84,7255.7895,yahoo×fx
2026-04-08,미장,TRADR 2X LONG CRDO DAILY ETF,CRDU,USD,5.15,7609.64,yahoo×fx
2026-04-08,미장,TRADR 크레도 테크놀로지 2배 ETF,CRDU,USD,5.15,7609.64,yahoo×fx
2026-04-09,미장,TRADR 2X LONG CRDO DAILY ETF,CRDU,USD,4.9275,7259.587,yahoo×fx
2026-04-09,미장,TRADR 크레도 테크놀로지 2배 ETF,CRDU,USD,4.9275,7259.587,yahoo×fx
2026-04-10,미장,TRADR 2X LONG CRDO DAILY ETF,CRDU,USD,6.0075,,yahoo(fx없음)
2026-04-10,미장,TRADR 크레도 테크놀로지 2배 ETF,CRDU,USD,6.0075,,yahoo(fx없음)
2026-04-13,미장,TRADR 2X LONG CRDO DAILY ETF,CRDU,USD,7.495,11068.9154,yahoo×fx
2026-04-13,미장,TRADR 크레도 테크놀로지 2배 ETF,CRDU,USD,7.495,11068.9154,yahoo×fx
2026-04-14,미장,TRADR 2X LONG CRDO DAILY ETF,CRDU,USD,10.3175,15160.7415,yahoo×fx
2026-04-14,미장,TRADR 크레도 테크놀로지 2배 ETF,CRDU,USD,10.3175,15160.7415,yahoo×fx
2026-04-15,미장,TRADR 2X LONG CRDO DAILY ETF,CRDU,USD,11.4525,16881.6733,yahoo×fx
2026-04-15,미장,TRADR 크레도 테크놀로지 2배 ETF,CRDU,USD,11.4525,16881.6733,yahoo×fx
2026-04-16,미장,TRADR 2X LONG CRDO DAILY ETF,CRDU,USD,10.11,14941.7711,yahoo×fx
2026-04-16,미장,TRADR 크레도 테크놀로지 2배 ETF,CRDU,USD,10.11,14941.7711,yahoo×fx
2026-04-17,미장,TRADR 2X LONG CRDO DAILY ETF,CRDU,USD,10.3375,,yahoo(fx없음)
2026-04-17,미장,TRADR 크레도 테크놀로지 2배 ETF,CRDU,USD,10.3375,,yahoo(fx없음)
2026-04-20,미장,TRADR 2X LONG CRDO DAILY ETF,CRDU,USD,12.1875,17906.6064,yahoo×fx
2026-04-20,미장,TRADR 크레도 테크놀로지 2배 ETF,CRDU,USD,12.1875,17906.6064,yahoo×fx
2026-04-21,미장,TRADR 2X LONG CRDO DAILY ETF,CRDU,USD,13.4075,19920.8646,yahoo×fx
2026-04-21,미장,TRADR 크레도 테크놀로지 2배 ETF,CRDU,USD,13.4075,19920.8646,yahoo×fx
2026-04-22,미장,TRADR 2X LONG CRDO DAILY ETF,CRDU,USD,14.3,21134.8277,yahoo×fx
2026-04-22,미장,TRADR 크레도 테크놀로지 2배 ETF,CRDU,USD,14.3,21134.8277,yahoo×fx
2026-04-23,미장,TRADR 2X LONG CRDO DAILY ETF,CRDU,USD,13.62,20156.9182,yahoo×fx
2026-04-23,미장,TRADR 크레도 테크놀로지 2배 ETF,CRDU,USD,13.62,20156.9182,yahoo×fx
2026-04-24,미장,TRADR 2X LONG CRDO DAILY ETF,CRDU,USD,15.0,,yahoo(fx없음)
2026-04-24,미장,TRADR 크레도 테크놀로지 2배 ETF,CRDU,USD,15.0,,yahoo(fx없음)
2026-04-27,미장,TRADR 2X LONG CRDO DAILY ETF,CRDU,USD,12.765,18802.8455,yahoo×fx
2026-04-27,미장,TRADR 크레도 테크놀로지 2배 ETF,CRDU,USD,12.765,18802.8455,yahoo×fx
2026-04-28,미장,TRADR 2X LONG CRDO DAILY ETF,CRDU,USD,10.7625,15842.292,yahoo×fx
2026-04-28,미장,TRADR 크레도 테크놀로지 2배 ETF,CRDU,USD,10.7625,15842.292,yahoo×fx
2026-04-29,미장,TRADR 2X LONG CRDO DAILY ETF,CRDU,USD,12.0,17848.5601,yahoo×fx
2026-04-29,미장,TRADR 크레도 테크놀로지 2배 ETF,CRDU,USD,12.0,17848.5601,yahoo×fx
2026-04-30,미장,TRADR 2X LONG CRDO DAILY ETF,CRDU,USD,11.8325,17441.2241,yahoo×fx
2026-04-30,미장,TRADR 크레도 테크놀로지 2배 ETF,CRDU,USD,11.8325,17441.2241,yahoo×fx
2026-05-01,미장,TRADR 2X LONG CRDO DAILY ETF,CRDU,USD,13.12,,yahoo(fx없음)
2026-05-01,미장,TRADR 크레도 테크놀로지 2배 ETF,CRDU,USD,13.12,,yahoo(fx없음)
2026-05-04,미장,TRADR 2X LONG CRDO DAILY ETF,CRDU,USD,12.5025,18454.3151,yahoo×fx
2026-05-04,미장,TRADR 크레도 테크놀로지 2배 ETF,CRDU,USD,12.5025,18454.3151,yahoo×fx
2026-05-05,미장,TRADR 2X LONG CRDO DAILY ETF,CRDU,USD,14.3825,21199.2287,yahoo×fx
2026-05-05,미장,TRADR 크레도 테크놀로지 2배 ETF,CRDU,USD,14.3825,21199.2287,yahoo×fx
2026-05-06,미장,TRADR 2X LONG CRDO DAILY ETF,CRDU,USD,15.0725,21771.4722,yahoo×fx
2026-05-06,미장,TRADR 크레도 테크놀로지 2배 ETF,CRDU,USD,15.0725,21771.4722,yahoo×fx
2026-05-07,미장,TRADR 2X LONG CRDO DAILY ETF,CRDU,USD,13.5425,19701.4934,yahoo×fx
2026-05-07,미장,TRADR 크레도 테크놀로지 2배 ETF,CRDU,USD,13.5425,19701.4934,yahoo×fx
2026-05-08,미장,TRADR 2X LONG CRDO DAILY ETF,CRDU,USD,13.645,,yahoo(fx없음)
2026-05-08,미장,TRADR 크레도 테크놀로지 2배 ETF,CRDU,USD,13.645,,yahoo(fx없음)
2026-05-11,미장,TRADR 2X LONG CRDO DAILY ETF,CRDU,USD,16.6825,24597.5125,yahoo×fx
2026-05-11,미장,TRADR 크레도 테크놀로지 2배 ETF,CRDU,USD,16.6825,24597.5125,yahoo×fx
2026-05-12,미장,TRADR 2X LONG CRDO DAILY ETF,CRDU,USD,14.84,22155.9717,yahoo×fx
2026-05-12,미장,TRADR 크레도 테크놀로지 2배 ETF,CRDU,USD,14.84,22155.9717,yahoo×fx
2026-05-13,미장,TRADR 2X LONG CRDO DAILY ETF,CRDU,USD,13.5275,20153.8104,yahoo×fx
2026-05-13,미장,TRADR 크레도 테크놀로지 2배 ETF,CRDU,USD,13.5275,20153.8104,yahoo×fx
2026-05-14,미장,TRADR 2X LONG CRDO DAILY ETF,CRDU,USD,12.75,19040.0846,yahoo×fx
2026-05-14,미장,TRADR 크레도 테크놀로지 2배 ETF,CRDU,USD,12.75,19040.0846,yahoo×fx
2026-05-15,미장,TRADR 2X LONG CRDO DAILY ETF,CRDU,USD,11.0125,,yahoo(fx없음)
2026-05-15,미장,TRADR 크레도 테크놀로지 2배 ETF,CRDU,USD,11.0125,,yahoo(fx없음)
2026-05-18,미장,TRADR 2X LONG CRDO DAILY ETF,CRDU,USD,9.0175,13456.995,yahoo×fx
2026-05-18,미장,TRADR 크레도 테크놀로지 2배 ETF,CRDU,USD,9.0175,13456.995,yahoo×fx
2026-05-19,미장,TRADR 2X LONG CRDO DAILY ETF,CRDU,USD,10.5175,15858.812,yahoo×fx
2026-05-19,미장,TRADR 크레도 테크놀로지 2배 ETF,CRDU,USD,10.5175,15858.812,yahoo×fx
2026-05-20,미장,TRADR 2X LONG CRDO DAILY ETF,CRDU,USD,12.2325,18345.9369,yahoo×fx
2026-05-20,미장,TRADR 크레도 테크놀로지 2배 ETF,CRDU,USD,12.2325,18345.9369,yahoo×fx
2026-05-21,미장,TRADR 2X LONG CRDO DAILY ETF,CRDU,USD,13.6425,20523.7772,yahoo×fx
2026-05-21,미장,TRADR 크레도 테크놀로지 2배 ETF,CRDU,USD,13.6425,20523.7772,yahoo×fx
2026-05-22,미장,TRADR 2X LONG CRDO DAILY ETF,CRDU,USD,17.0675,,yahoo(fx없음)
2026-05-22,미장,TRADR 크레도 테크놀로지 2배 ETF,CRDU,USD,17.0675,,yahoo(fx없음)
2026-05-26,미장,TRADR 2X LONG CRDO DAILY ETF,CRDU,USD,17.6525,26574.7788,yahoo×fx
2026-05-26,미장,TRADR 크레도 테크놀로지 2배 ETF,CRDU,USD,17.6525,26574.7788,yahoo×fx
2026-05-27,미장,TRADR 2X LONG CRDO DAILY ETF,CRDU,USD,17.5537,26385.2155,yahoo×fx
2026-05-27,미장,TRADR 크레도 테크놀로지 2배 ETF,CRDU,USD,17.5537,26385.2155,yahoo×fx
2026-05-28,미장,TRADR 2X LONG CRDO DAILY ETF,CRDU,USD,17.6825,26440.4674,yahoo×fx
2026-05-28,미장,TRADR 크레도 테크놀로지 2배 ETF,CRDU,USD,17.6825,26440.4674,yahoo×fx
2026-05-29,미장,TRADR 2X LONG CRDO DAILY ETF,CRDU,USD,19.9175,,yahoo(fx없음)
2026-05-29,미장,TRADR 크레도 테크놀로지 2배 ETF,CRDU,USD,19.9175,,yahoo(fx없음)
2026-06-01,미장,TRADR 2X LONG CRDO DAILY ETF,CRDU,USD,18.3275,27697.8004,yahoo×fx
2026-06-01,미장,TRADR 크레도 테크놀로지 2배 ETF,CRDU,USD,18.3275,27697.8004,yahoo×fx
2026-06-02,미장,TRADR 2X LONG CRDO DAILY ETF,CRDU,USD,18.5975,28204.9678,yahoo×fx
2026-06-02,미장,TRADR 크레도 테크놀로지 2배 ETF,CRDU,USD,18.5975,28204.9678,yahoo×fx
2026-06-03,미장,TRADR 2X LONG CRDO DAILY ETF,CRDU,USD,16.21,24803.0815,yahoo×fx
2026-06-03,미장,TRADR 크레도 테크놀로지 2배 ETF,CRDU,USD,16.21,24803.0815,yahoo×fx
2026-06-04,미장,TRADR 2X LONG CRDO DAILY ETF,CRDU,USD,16.715,25625.2644,yahoo×fx
2026-06-04,미장,TRADR 크레도 테크놀로지 2배 ETF,CRDU,USD,16.715,25625.2644,yahoo×fx
2026-06-05,미장,TRADR 2X LONG CRDO DAILY ETF,CRDU,USD,15.045,,yahoo(fx없음)
2026-06-05,미장,TRADR 크레도 테크놀로지 2배 ETF,CRDU,USD,15.045,,yahoo(fx없음)
2026-06-08,미장,TRADR 2X LONG CRDO DAILY ETF,CRDU,USD,17.285,26426.6907,yahoo×fx
2026-06-08,미장,TRADR 크레도 테크놀로지 2배 ETF,CRDU,USD,17.285,26426.6907,yahoo×fx
2026-06-09,미장,TRADR 2X LONG CRDO DAILY ETF,CRDU,USD,19.2475,29368.0283,yahoo×fx
2026-06-09,미장,TRADR 크레도 테크놀로지 2배 ETF,CRDU,USD,19.2475,29368.0283,yahoo×fx
2026-06-10,미장,TRADR 2X LONG CRDO DAILY ETF,CRDU,USD,19.68,30012.9854,yahoo×fx
2026-06-10,미장,TRADR 크레도 테크놀로지 2배 ETF,CRDU,USD,19.68,30012.9854,yahoo×fx
2026-06-11,미장,TRADR 2X LONG CRDO DAILY ETF,CRDU,USD,24.295,36864.7473,yahoo×fx
2026-06-11,미장,TRADR 크레도 테크놀로지 2배 ETF,CRDU,USD,24.295,36864.7473,yahoo×fx
2026-06-12,미장,TRADR 2X LONG CRDO DAILY ETF,CRDU,USD,21.75,,yahoo(fx없음)
2026-06-12,미장,TRADR 크레도 테크놀로지 2배 ETF,CRDU,USD,21.75,,yahoo(fx없음)
2026-06-15,미장,TRADR 2X LONG CRDO DAILY ETF,CRDU,USD,23.1425,35021.7779,yahoo×fx
2026-06-15,미장,TRADR 크레도 테크놀로지 2배 ETF,CRDU,USD,23.1425,35021.7779,yahoo×fx
2026-06-16,미장,TRADR 2X LONG CRDO DAILY ETF,CRDU,USD,19.5175,29490.1609,yahoo×fx
2026-06-16,미장,TRADR 크레도 테크놀로지 2배 ETF,CRDU,USD,19.5175,29490.1609,yahoo×fx
2026-06-17,미장,TRADR 2X LONG CRDO DAILY ETF,CRDU,USD,21.2125,32357.9721,yahoo×fx
2026-06-17,미장,TRADR 크레도 테크놀로지 2배 ETF,CRDU,USD,21.2125,32357.9721,yahoo×fx
2026-06-18,미장,TRADR 2X LONG CRDO DAILY ETF,CRDU,USD,24.8525,38212.2128,yahoo×fx
2026-06-18,미장,TRADR 크레도 테크놀로지 2배 ETF,CRDU,USD,24.8525,38212.2128,yahoo×fx
2026-06-22,미장,TRADR 2X LONG CRDO DAILY ETF,CRDU,USD,30.705,47256.5316,yahoo×fx
2026-06-22,미장,TRADR 크레도 테크놀로지 2배 ETF,CRDU,USD,30.705,47256.5316,yahoo×fx
2026-06-23,미장,TRADR 2X LONG CRDO DAILY ETF,CRDU,USD,24.41,37475.4523,yahoo×fx
2026-06-23,미장,TRADR 크레도 테크놀로지 2배 ETF,CRDU,USD,24.41,37475.4523,yahoo×fx
2026-06-24,미장,TRADR 2X LONG CRDO DAILY ETF,CRDU,USD,23.5,36254.8602,yahoo×fx
2026-06-24,미장,TRADR 크레도 테크놀로지 2배 ETF,CRDU,USD,23.5,36254.8602,yahoo×fx
2026-06-25,미장,TRADR 2X LONG CRDO DAILY ETF,CRDU,USD,23.6625,36593.5831,yahoo×fx
2026-06-25,미장,TRADR 크레도 테크놀로지 2배 ETF,CRDU,USD,23.6625,36593.5831,yahoo×fx
2026-06-26,미장,TRADR 2X LONG CRDO DAILY ETF,CRDU,USD,18.9587,,yahoo(fx없음)
2026-06-26,미장,TRADR 크레도 테크놀로지 2배 ETF,CRDU,USD,18.9587,,yahoo(fx없음)
2026-06-29,미장,TRADR 2X LONG CRDO DAILY ETF,CRDU,USD,19.5225,30098.4221,yahoo×fx
2026-06-29,미장,TRADR 크레도 테크놀로지 2배 ETF,CRDU,USD,19.5225,30098.4221,yahoo×fx
2026-06-30,미장,TRADR 2X LONG CRDO DAILY ETF,CRDU,USD,23.74,36764.0007,yahoo×fx
2026-06-30,미장,TRADR 크레도 테크놀로지 2배 ETF,CRDU,USD,23.74,36764.0007,yahoo×fx
2026-07-01,미장,TRADR 2X LONG CRDO DAILY ETF,CRDU,USD,21.42,33239.7716,yahoo×fx
2026-07-01,미장,TRADR 크레도 테크놀로지 2배 ETF,CRDU,USD,21.42,33239.7716,yahoo×fx
2026-07-02,미장,TRADR 2X LONG CRDO DAILY ETF,CRDU,USD,18.5275,28571.8139,yahoo×fx
2026-07-02,미장,TRADR 크레도 테크놀로지 2배 ETF,CRDU,USD,18.5275,28571.8139,yahoo×fx
2026-07-06,미장,TRADR 2X LONG CRDO DAILY ETF,CRDU,USD,22.27,34045.4861,yahoo×fx
2026-07-06,미장,TRADR 크레도 테크놀로지 2배 ETF,CRDU,USD,22.27,34045.4861,yahoo×fx
2026-07-07,미장,TRADR 2X LONG CRDO DAILY ETF,CRDU,USD,18.9875,28858.3403,yahoo×fx
2026-07-07,미장,TRADR 크레도 테크놀로지 2배 ETF,CRDU,USD,18.9875,28858.3403,yahoo×fx
2026-07-08,미장,TRADR 2X LONG CRDO DAILY ETF,CRDU,USD,20.8575,31356.1222,yahoo×fx
2026-07-08,미장,TRADR 크레도 테크놀로지 2배 ETF,CRDU,USD,20.8575,31356.1222,yahoo×fx
2026-07-09,미장,TRADR 2X LONG CRDO DAILY ETF,CRDU,USD,22.0025,33133.7863,yahoo×fx
2026-07-09,미장,TRADR 크레도 테크놀로지 2배 ETF,CRDU,USD,22.0025,33133.7863,yahoo×fx
2026-07-10,미장,TRADR 2X LONG CRDO DAILY ETF,CRDU,USD,20.825,,yahoo(fx없음)
2026-07-10,미장,TRADR 크레도 테크놀로지 2배 ETF,CRDU,USD,20.825,,yahoo(fx없음)
2026-07-13,미장,TRADR 2X LONG CRDO DAILY ETF,CRDU,USD,17.39,26045.0012,yahoo×fx
2026-07-13,미장,TRADR 크레도 테크놀로지 2배 ETF,CRDU,USD,17.39,26045.0012,yahoo×fx
2026-07-14,미장,TRADR 2X LONG CRDO DAILY ETF,CRDU,USD,17.19,25576.6581,yahoo×fx
2026-07-14,미장,TRADR 크레도 테크놀로지 2배 ETF,CRDU,USD,17.19,25576.6581,yahoo×fx
2026-07-15,미장,TRADR 2X LONG CRDO DAILY ETF,CRDU,USD,16.25,24150.7492,yahoo×fx
2026-07-15,미장,TRADR 크레도 테크놀로지 2배 ETF,CRDU,USD,16.25,24150.7492,yahoo×fx
2026-07-16,미장,TRADR 2X LONG CRDO DAILY ETF,CRDU,USD,13.1775,19487.5452,yahoo×fx
2026-07-16,미장,TRADR 크레도 테크놀로지 2배 ETF,CRDU,USD,13.1775,19487.5452,yahoo×fx
2026-07-17,미장,TRADR 2X LONG CRDO DAILY ETF,CRDU,USD,12.5,,yahoo(fx없음)
2026-07-17,미장,TRADR 크레도 테크놀로지 2배 ETF,CRDU,USD,12.5,,yahoo(fx없음)
2026-07-20,미장,TRADR 2X LONG CRDO DAILY ETF,CRDU,USD,13.7525,20285.0745,yahoo×fx
2026-07-20,미장,TRADR 크레도 테크놀로지 2배 ETF,CRDU,USD,13.7525,20285.0745,yahoo×fx
2026-07-21,미장,TRADR 2X LONG CRDO DAILY ETF,CRDU,USD,15.17,22447.3521,yahoo×fx
2026-07-21,미장,TRADR 크레도 테크놀로지 2배 ETF,CRDU,USD,15.17,22447.3521,yahoo×fx
2026-07-22,미장,TRADR 2X LONG CRDO DAILY ETF,CRDU,USD,15.75,23241.1726,yahoo×fx
2026-07-22,미장,TRADR 크레도 테크놀로지 2배 ETF,CRDU,USD,15.75,23241.1726,yahoo×fx
2026-07-23,미장,TRADR 2X LONG CRDO DAILY ETF,CRDU,USD,17.05,25132.3815,yahoo×fx
2026-07-23,미장,TRADR 크레도 테크놀로지 2배 ETF,CRDU,USD,17.05,25132.3815,yahoo×fx
2026-07-24,미장,TRADR 2X LONG CRDO DAILY ETF,CRDU,USD,13.65,,yahoo(fx없음)
2026-07-24,미장,TRADR 크레도 테크놀로지 2배 ETF,CRDU,USD,13.65,,yahoo(fx없음)
2026-07-27,미장,TRADR 2X LONG CRDO DAILY ETF,CRDU,USD,12.89,18876.6313,yahoo×fx
2026-07-27,미장,TRADR 크레도 테크놀로지 2배 ETF,CRDU,USD,12.89,18876.6313,yahoo×fx
2026-07-28,미장,TRADR 2X LONG CRDO DAILY ETF,CRDU,USD,10.91,15853.9758,yahoo×fx
2026-07-28,미장,TRADR 크레도 테크놀로지 2배 ETF,CRDU,USD,10.91,15853.9758,yahoo×fx
2026-07-29,미장,TRADR 2X LONG CRDO DAILY ETF,CRDU,USD,9.21,13283.3991,yahoo×fx
2026-07-29,미장,TRADR 크레도 테크놀로지 2배 ETF,CRDU,USD,9.21,13283.3991,yahoo×fx
2026-07-30,미장,TRADR 2X LONG CRDO DAILY ETF,CRDU,USD,11.78,16734.6673,yahoo×fx
2026-07-30,미장,TRADR 크레도 테크놀로지 2배 ETF,CRDU,USD,11.78,16734.6673,yahoo×fx
2026-07-31,미장,TRADR 2X LONG CRDO DAILY ETF,CRDU,USD,12.445,,yahoo(fx없음)
2026-07-31,미장,TRADR 크레도 테크놀로지 2배 ETF,CRDU,USD,12.445,,yahoo(fx없음)
2026-08-03,미장,TRADR 2X LONG CRDO DAILY ETF,CRDU,USD,13.76,19656.1603,yahoo×fx
2026-08-03,미장,TRADR 크레도 테크놀로지 2배 ETF,CRDU,USD,13.76,19656.1603,yahoo×fx
2026-08-04,미장,TRADR 2X LONG CRDO DAILY ETF,CRDU,USD,16.2,23140.568,yahoo×fx
2026-08-04,미장,TRADR 크레도 테크놀로지 2배 ETF,CRDU,USD,16.2,23140.568,yahoo×fx
2026-08-05,미장,TRADR 2X LONG CRDO DAILY ETF,CRDU,USD,14.5,20606.8205,yahoo×fx
2026-08-05,미장,TRADR 크레도 테크놀로지 2배 ETF,CRDU,USD,14.5,20606.8205,yahoo×fx
2026-08-06,미장,TRADR 2X LONG CRDO DAILY ETF,CRDU,USD,15.13,21519.3999,yahoo×fx
2026-08-06,미장,TRADR 크레도 테크놀로지 2배 ETF,CRDU,USD,15.13,21519.3999,yahoo×fx
2026-08-07,미장,TRADR 2X LONG CRDO DAILY ETF,CRDU,USD,17.67,,yahoo(fx없음)
2026-08-07,미장,TRADR 크레도 테크놀로지 2배 ETF,CRDU,USD,17.67,,yahoo(fx없음)
2026-08-10,미장,TRADR 2X LONG CRDO DAILY ETF,CRDU,USD,16.34,23158.8466,yahoo×fx
2026-08-10,미장,TRADR 크레도 테크놀로지 2배 ETF,CRDU,USD,16.34,23158.8466,yahoo×fx
2026-08-11,미장,TRADR 2X LONG CRDO DAILY ETF,CRDU,USD,17.35,24501.3245,yahoo×fx
2026-08-11,미장,TRADR 크레도 테크놀로지 2배 ETF,CRDU,USD,17.35,24501.3245,yahoo×fx
2026-08-12,미장,TRADR 2X LONG CRDO DAILY ETF,CRDU,USD,20.17,28569.9975,yahoo×fx
2026-08-12,미장,TRADR 크레도 테크놀로지 2배 ETF,CRDU,USD,20.17,28569.9975,yahoo×fx
2026-08-13,미장,TRADR 2X LONG CRDO DAILY ETF,CRDU,USD,19.92,28223.6516,yahoo×fx
2026-08-13,미장,TRADR 크레도 테크놀로지 2배 ETF,CRDU,USD,19.92,28223.6516,yahoo×fx
2026-08-14,미장,TRADR 2X LONG CRDO DAILY ETF,CRDU,USD,18.95,,yahoo(fx없음)
2026-08-14,미장,TRADR 크레도 테크놀로지 2배 ETF,CRDU,USD,18.95,,yahoo(fx없음)
2026-08-17,미장,TRADR 2X LONG CRDO DAILY ETF,CRDU,USD,22.31,31562.6251,yahoo×fx
2026-08-17,미장,TRADR 크레도 테크놀로지 2배 ETF,CRDU,USD,22.31,31562.6251,yahoo×fx
2026-08-18,미장,TRADR 2X LONG CRDO DAILY ETF,CRDU,USD,16.51,23338.2054,yahoo×fx
2026-08-18,미장,TRADR 크레도 테크놀로지 2배 ETF,CRDU,USD,16.51,23338.2054,yahoo×fx
2026-08-19,미장,TRADR 2X LONG CRDO DAILY ETF,CRDU,USD,14.99,20827.106,yahoo×fx
2026-08-19,미장,TRADR 크레도 테크놀로지 2배 ETF,CRDU,USD,14.99,20827.106,yahoo×fx
2026-08-20,미장,TRADR 2X LONG CRDO DAILY ETF,CRDU,USD,14.51,20180.3638,yahoo×fx
2026-08-20,미장,TRADR 크레도 테크놀로지 2배 ETF,CRDU,USD,14.51,20180.3638,yahoo×fx
2026-08-21,미장,TRADR 2X LONG CRDO DAILY ETF,CRDU,USD,14.48,,yahoo(fx없음)
2026-08-21,미장,TRADR 크레도 테크놀로지 2배 ETF,CRDU,USD,14.48,,yahoo(fx없음)
2026-08-24,미장,TRADR 2X LONG CRDO DAILY ETF,CRDU,USD,13.48,,yahoo(fx없음)
2026-08-24,미장,TRADR 크레도 테크놀로지 2배 ETF,CRDU,USD,13.48,,yahoo(fx없음)
2026-08-25,미장,TRADR 2X LONG CRDO DAILY ETF,CRDU,USD,13.7744,19046.5513,yahoo×fx
2026-08-25,미장,TRADR 크레도 테크놀로지 2배 ETF,CRDU,USD,13.7744,19046.5513,yahoo×fx
2026-06-29,미장,델타 에어라인스,DAL,USD,93.17,143642.9795,yahoo×fx
2026-06-30,미장,델타 에어라인스,DAL,USD,93.66,145042.8169,yahoo×fx
2026-07-01,미장,델타 에어라인스,DAL,USD,93.06,144411.4403,yahoo×fx
2026-07-02,미장,델타 에어라인스,DAL,USD,92.75,143032.558,yahoo×fx
2026-07-06,미장,델타 에어라인스,DAL,USD,91.68,140156.7182,yahoo×fx
2026-07-07,미장,델타 에어라인스,DAL,USD,88.63,134705.1863,yahoo×fx
2026-07-08,미장,델타 에어라인스,DAL,USD,87.29,131227.4207,yahoo×fx
2026-07-09,미장,델타 에어라인스,DAL,USD,89.0,134025.993,yahoo×fx
2026-07-10,미장,델타 에어라인스,DAL,USD,87.39,,yahoo(fx없음)
2026-07-13,미장,델타 에어라인스,DAL,USD,86.19,129086.7624,yahoo×fx
2026-07-14,미장,델타 에어라인스,DAL,USD,85.51,127228.6224,yahoo×fx
2026-07-15,미장,델타 에어라인스,DAL,USD,85.96,127753.7464,yahoo×fx
2026-02-12,미장,데이터도그,DDOG,USD,126.13,182155.6733,yahoo×fx
2026-01-22,미장,에머슨 일렉트릭,EMR,USD,150.26,220105.3412,yahoo×fx
2026-01-23,미장,에머슨 일렉트릭,EMR,USD,147.68,216094.2275,yahoo×fx
2026-01-26,미장,에머슨 일렉트릭,EMR,USD,149.13,215464.5311,yahoo×fx
2026-01-27,미장,에머슨 일렉트릭,EMR,USD,147.67,212789.5111,yahoo×fx
2026-01-28,미장,에머슨 일렉트릭,EMR,USD,148.42,212613.133,yahoo×fx
2026-01-29,미장,에머슨 일렉트릭,EMR,USD,150.72,215419.5791,yahoo×fx
2026-01-30,미장,에머슨 일렉트릭,EMR,USD,146.96,209970.5806,yahoo×fx
2026-02-02,미장,에머슨 일렉트릭,EMR,USD,148.63,215335.1583,yahoo×fx
2026-02-03,미장,에머슨 일렉트릭,EMR,USD,152.1,220931.3488,yahoo×fx
2026-02-04,미장,에머슨 일렉트릭,EMR,USD,157.32,227591.7166,yahoo×fx
2026-02-05,미장,에머슨 일렉트릭,EMR,USD,150.94,220389.0048,yahoo×fx
2026-02-06,미장,에머슨 일렉트릭,EMR,USD,157.38,231455.634,yahoo×fx
2026-02-09,미장,에머슨 일렉트릭,EMR,USD,160.01,233998.6199,yahoo×fx
2026-02-10,미장,에머슨 일렉트릭,EMR,USD,161.69,235831.3425,yahoo×fx
2026-02-11,미장,에머슨 일렉트릭,EMR,USD,154.67,225095.8816,yahoo×fx
2026-01-02,미장,이튼,ETN,USD,327.31,472517.8097,yahoo×fx
2026-01-05,미장,이튼,ETN,USD,322.26,464209.0926,yahoo×fx
2026-01-06,미장,이튼,ETN,USD,332.97,481328.1345,yahoo×fx
2026-01-07,미장,이튼,ETN,USD,322.67,466245.25,yahoo×fx
2026-01-08,미장,이튼,ETN,USD,320.58,463603.5465,yahoo×fx
2026-01-09,미장,이튼,ETN,USD,324.51,470565.4607,yahoo×fx
2026-01-12,미장,이튼,ETN,USD,329.1,478919.4897,yahoo×fx
2026-01-13,미장,이튼,ETN,USD,332.38,486913.4584,yahoo×fx
2026-01-14,미장,이튼,ETN,USD,331.14,487772.5562,yahoo×fx
2026-01-15,미장,이튼,ETN,USD,333.46,487818.6296,yahoo×fx
2026-01-16,미장,이튼,ETN,USD,343.75,504913.7383,yahoo×fx
2026-01-20,미장,이튼,ETN,USD,337.59,496770.438,yahoo×fx
2026-01-21,미장,이튼,ETN,USD,337.96,499430.5261,yahoo×fx
2026-01-22,미장,이튼,ETN,USD,334.04,489311.811,yahoo×fx
2026-01-23,미장,이튼,ETN,USD,331.22,484660.9822,yahoo×fx
2026-01-26,미장,이튼,ETN,USD,332.28,480081.4845,yahoo×fx
2026-01-27,미장,이튼,ETN,USD,341.19,491647.9631,yahoo×fx
2026-01-28,미장,이튼,ETN,USD,347.32,497539.3871,yahoo×fx
2026-01-29,미장,이튼,ETN,USD,354.37,506490.4098,yahoo×fx
2026-01-30,미장,이튼,ETN,USD,351.42,502094.8618,yahoo×fx
2026-02-02,미장,이튼,ETN,USD,359.44,520756.6931,yahoo×fx
2026-02-03,미장,이튼,ETN,USD,362.53,526589.3386,yahoo×fx
2026-02-04,미장,이튼,ETN,USD,365.0,528038.2196,yahoo×fx
2026-02-05,미장,이튼,ETN,USD,354.67,517857.2281,yahoo×fx
2026-02-06,미장,이튼,ETN,USD,373.82,549769.6284,yahoo×fx
2026-02-09,미장,이튼,ETN,USD,377.06,551412.5496,yahoo×fx
2026-02-10,미장,이튼,ETN,USD,377.47,550555.1103,yahoo×fx
2026-02-11,미장,이튼,ETN,USD,396.09,576441.637,yahoo×fx
2026-02-12,미장,이튼,ETN,USD,390.33,563710.6404,yahoo×fx
2026-02-13,미장,이튼,ETN,USD,389.25,560870.3345,yahoo×fx
2026-02-17,미장,이튼,ETN,USD,391.49,563835.621,yahoo×fx
2026-02-18,미장,이튼,ETN,USD,380.38,547735.7845,yahoo×fx
2026-02-19,미장,이튼,ETN,USD,377.32,543401.1946,yahoo×fx
2026-02-20,미장,이튼,ETN,USD,373.38,540560.9021,yahoo×fx
2026-02-23,미장,이튼,ETN,USD,362.05,522597.4132,yahoo×fx
2026-02-24,미장,이튼,ETN,USD,374.56,540190.4102,yahoo×fx
2026-02-25,미장,이튼,ETN,USD,373.53,537879.4593,yahoo×fx
2026-02-26,미장,이튼,ETN,USD,374.59,534513.7236,yahoo×fx
2026-02-27,미장,이튼,ETN,USD,375.92,538437.7334,yahoo×fx
2026-03-02,미장,이튼,ETN,USD,377.4,542889.8912,yahoo×fx
2026-03-03,미장,이튼,ETN,USD,355.56,516369.1246,yahoo×fx
2026-03-04,미장,이튼,ETN,USD,354.46,525688.9605,yahoo×fx
2026-03-05,미장,이튼,ETN,USD,354.79,518259.505,yahoo×fx
2026-03-06,미장,이튼,ETN,USD,347.75,514499.6059,yahoo×fx
2026-03-09,미장,이튼,ETN,USD,353.87,525104.1522,yahoo×fx
2026-03-10,미장,이튼,ETN,USD,361.06,528761.524,yahoo×fx
2026-03-11,미장,이튼,ETN,USD,355.79,524000.4192,yahoo×fx
2026-03-12,미장,이튼,ETN,USD,348.64,514362.5473,yahoo×fx
2026-03-13,미장,이튼,ETN,USD,355.4,522644.1074,yahoo×fx
2026-03-16,미장,이튼,ETN,USD,361.04,542191.8328,yahoo×fx
2026-03-17,미장,이튼,ETN,USD,363.95,541888.8251,yahoo×fx
2026-03-18,미장,이튼,ETN,USD,360.54,535355.0407,yahoo×fx
2026-03-19,미장,이튼,ETN,USD,360.23,542236.224,yahoo×fx
2026-03-20,미장,이튼,ETN,USD,356.8,531574.8816,yahoo×fx
2026-03-23,미장,이튼,ETN,USD,359.74,541124.4767,yahoo×fx
2026-03-24,미장,이튼,ETN,USD,374.1,555673.1796,yahoo×fx
2026-03-25,미장,이튼,ETN,USD,375.0,561491.272,yahoo×fx
2026-03-26,미장,이튼,ETN,USD,357.1,535996.3857,yahoo×fx
2026-03-27,미장,이튼,ETN,USD,357.36,539027.5023,yahoo×fx
2026-03-30,미장,이튼,ETN,USD,343.53,520836.1387,yahoo×fx
2026-03-31,미장,이튼,ETN,USD,357.67,537696.0456,yahoo×fx
2026-04-01,미장,이튼,ETN,USD,365.56,552759.6042,yahoo×fx
2026-04-02,미장,이튼,ETN,USD,361.1,544979.3406,yahoo×fx
2026-04-06,미장,이튼,ETN,USD,363.89,548691.5497,yahoo×fx
2026-04-07,미장,이튼,ETN,USD,368.85,552954.1115,yahoo×fx
2026-04-08,미장,이튼,ETN,USD,385.58,569732.9787,yahoo×fx
2026-04-09,미장,이튼,ETN,USD,400.44,589960.2585,yahoo×fx
2026-04-10,미장,이튼,ETN,USD,403.0,,yahoo(fx없음)
2026-04-13,미장,이튼,ETN,USD,403.36,595698.147,yahoo×fx
2026-04-14,미장,이튼,ETN,USD,401.9,590559.9067,yahoo×fx
2026-04-15,미장,이튼,ETN,USD,395.06,582342.1631,yahoo×fx
2026-04-16,미장,이튼,ETN,USD,392.73,580423.5551,yahoo×fx
2026-04-17,미장,이튼,ETN,USD,406.21,,yahoo(fx없음)
2026-04-20,미장,이튼,ETN,USD,407.57,598826.3129,yahoo×fx
2026-04-21,미장,이튼,ETN,USD,409.7,608732.2981,yahoo×fx
2026-04-22,미장,이튼,ETN,USD,413.87,611683.2818,yahoo×fx
2026-04-23,미장,이튼,ETN,USD,424.5,628238.7543,yahoo×fx
2026-04-24,미장,이튼,ETN,USD,423.92,,yahoo(fx없음)
2026-04-27,미장,이튼,ETN,USD,416.77,613902.1938,yahoo×fx
2026-04-28,미장,이튼,ETN,USD,413.07,608034.916,yahoo×fx
2026-04-29,미장,이튼,ETN,USD,410.77,610971.0683,yahoo×fx
2026-04-30,미장,이튼,ETN,USD,433.01,638261.0887,yahoo×fx
2026-05-01,미장,이튼,ETN,USD,425.55,,yahoo(fx없음)
2026-05-04,미장,이튼,ETN,USD,422.44,623542.5862,yahoo×fx
2026-05-05,미장,이튼,ETN,USD,410.86,605591.168,yahoo×fx
2026-05-06,미장,이튼,ETN,USD,421.39,608676.7861,yahoo×fx
2026-05-07,미장,이튼,ETN,USD,399.15,580679.4352,yahoo×fx
2026-05-08,미장,이튼,ETN,USD,401.51,,yahoo(fx없음)
2026-05-11,미장,이튼,ETN,USD,419.0,617794.5295,yahoo×fx
2026-05-12,미장,이튼,ETN,USD,401.53,599480.269,yahoo×fx
2026-05-13,미장,이튼,ETN,USD,406.94,606275.4793,yahoo×fx
2026-05-14,미장,이튼,ETN,USD,408.1,609432.0492,yahoo×fx
2026-05-15,미장,이튼,ETN,USD,399.44,,yahoo(fx없음)
2026-05-18,미장,이튼,ETN,USD,381.87,569872.2106,yahoo×fx
2026-05-19,미장,이튼,ETN,USD,371.88,560739.2563,yahoo×fx
2026-05-20,미장,이튼,ETN,USD,379.69,569447.6824,yahoo×fx
2026-05-21,미장,이튼,ETN,USD,381.51,573943.668,yahoo×fx
2026-05-22,미장,이튼,ETN,USD,391.35,,yahoo(fx없음)
2026-05-26,미장,이튼,ETN,USD,403.13,606888.0109,yahoo×fx
2026-05-27,미장,이튼,ETN,USD,406.37,610818.7974,yahoo×fx
2026-05-28,미장,이튼,ETN,USD,401.94,601016.882,yahoo×fx
2026-05-29,미장,이튼,ETN,USD,400.6,,yahoo(fx없음)
2026-06-01,미장,이튼,ETN,USD,400.08,604628.8891,yahoo×fx
2026-06-02,미장,이튼,ETN,USD,417.62,633362.4744,yahoo×fx
2026-06-03,미장,이튼,ETN,USD,421.21,644497.6139,yahoo×fx
2026-06-04,미장,이튼,ETN,USD,418.61,641758.3878,yahoo×fx
2026-06-05,미장,이튼,ETN,USD,395.94,,yahoo(fx없음)
2026-06-08,미장,이튼,ETN,USD,403.14,616352.7076,yahoo×fx
2026-06-09,미장,이튼,ETN,USD,401.72,612948.4186,yahoo×fx
2026-06-10,미장,이튼,ETN,USD,375.46,572595.2783,yahoo×fx
2026-06-11,미장,이튼,ETN,USD,393.64,597301.4873,yahoo×fx
2026-06-12,미장,이튼,ETN,USD,391.39,,yahoo(fx없음)
2026-06-15,미장,이튼,ETN,USD,407.06,616007.9888,yahoo×fx
2026-06-16,미장,이튼,ETN,USD,407.71,616033.4728,yahoo×fx
2026-06-17,미장,이튼,ETN,USD,409.64,624873.0891,yahoo×fx
2026-06-18,미장,이튼,ETN,USD,421.77,648496.689,yahoo×fx
2026-06-22,미장,이튼,ETN,USD,435.78,670687.2284,yahoo×fx
2026-06-23,미장,이튼,ETN,USD,405.28,622206.1181,yahoo×fx
2026-06-24,미장,이튼,ETN,USD,404.59,624185.2667,yahoo×fx
2026-06-25,미장,이튼,ETN,USD,419.87,649320.5418,yahoo×fx
2026-06-26,미장,이튼,ETN,USD,402.68,,yahoo(fx없음)
2026-06-29,미장,이튼,ETN,USD,408.26,629426.6969,yahoo×fx
2026-06-30,미장,이튼,ETN,USD,426.12,659893.6794,yahoo×fx
2026-07-01,미장,이튼,ETN,USD,412.31,639826.8015,yahoo×fx
2026-07-02,미장,이튼,ETN,USD,398.52,614569.6326,yahoo×fx
2026-07-06,미장,이튼,ETN,USD,413.42,632019.9838,yahoo×fx
2026-07-07,미장,이튼,ETN,USD,395.68,601378.1879,yahoo×fx
2026-07-08,미장,이튼,ETN,USD,399.56,600678.5126,yahoo×fx
2026-07-09,미장,이튼,ETN,USD,405.83,611143.449,yahoo×fx
2026-07-10,미장,이튼,ETN,USD,407.28,,yahoo(fx없음)
2026-07-13,미장,이튼,ETN,USD,402.85,603348.4345,yahoo×fx
2026-07-14,미장,이튼,ETN,USD,415.52,618243.8833,yahoo×fx
2026-07-15,미장,이튼,ETN,USD,412.86,613592.4901,yahoo×fx
2026-07-16,미장,이튼,ETN,USD,396.27,586023.8636,yahoo×fx
2026-07-17,미장,이튼,ETN,USD,399.99,,yahoo(fx없음)
2026-07-20,미장,이튼,ETN,USD,401.41,592083.7734,yahoo×fx
2026-07-21,미장,이튼,ETN,USD,402.95,596253.1803,yahoo×fx
2026-07-22,미장,이튼,ETN,USD,406.91,600448.6107,yahoo×fx
2026-07-23,미장,이튼,ETN,USD,415.13,611918.2486,yahoo×fx
2026-07-24,미장,이튼,ETN,USD,404.07,,yahoo(fx없음)
2026-07-27,미장,이튼,ETN,USD,398.64,583784.3597,yahoo×fx
2026-07-28,미장,이튼,ETN,USD,386.26,561297.609,yahoo×fx
2026-07-29,미장,이튼,ETN,USD,361.88,521932.304,yahoo×fx
2026-07-30,미장,이튼,ETN,USD,386.89,549615.9454,yahoo×fx
2026-07-31,미장,이튼,ETN,USD,415.2,,yahoo(fx없음)
2026-08-03,미장,이튼,ETN,USD,438.23,626011.5707,yahoo×fx
2026-08-04,미장,이튼,ETN,USD,444.77,635322.8193,yahoo×fx
2026-08-05,미장,이튼,ETN,USD,447.28,635656.4584,yahoo×fx
2026-08-06,미장,이튼,ETN,USD,448.19,637460.6624,yahoo×fx
2026-08-07,미장,이튼,ETN,USD,448.68,,yahoo(fx없음)
2026-08-10,미장,이튼,ETN,USD,444.96,630646.2716,yahoo×fx
2026-08-11,미장,이튼,ETN,USD,459.29,648600.1889,yahoo×fx
2026-08-12,미장,이튼,ETN,USD,459.96,651514.9115,yahoo×fx
2026-08-13,미장,이튼,ETN,USD,453.33,642300.5804,yahoo×fx
2026-08-14,미장,이튼,ETN,USD,451.51,,yahoo(fx없음)
2026-08-17,미장,이튼,ETN,USD,455.4,644268.0245,yahoo×fx
2026-08-18,미장,이튼,ETN,USD,431.33,609719.4235,yahoo×fx
2026-08-19,미장,이튼,ETN,USD,424.67,590036.527,yahoo×fx
2026-08-20,미장,이튼,ETN,USD,415.29,577581.2072,yahoo×fx
2026-08-21,미장,이튼,ETN,USD,419.2,,yahoo(fx없음)
2026-08-24,미장,이튼,ETN,USD,408.67,,yahoo(fx없음)
2026-08-25,미장,이튼,ETN,USD,410.09,567051.9424,yahoo×fx
2026-03-27,미장,GE 버노바,GEV,USD,853.16,1286872.3646,yahoo×fx
2026-03-30,미장,GE 버노바,GEV,USD,817.35,1239208.8225,yahoo×fx
2026-03-31,미장,GE 버노바,GEV,USD,872.9,1312256.7553,yahoo×fx
2026-04-01,미장,GE 버노바,GEV,USD,894.78,1352987.9039,yahoo×fx
2026-04-02,미장,GE 버노바,GEV,USD,898.57,1356139.8001,yahoo×fx
2026-04-06,미장,GE 버노바,GEV,USD,897.36,1353084.232,yahoo×fx
2026-04-07,미장,GE 버노바,GEV,USD,910.75,1365332.6519,yahoo×fx
2026-04-08,미장,GE 버노바,GEV,USD,936.07,1383137.02,yahoo×fx
2026-04-09,미장,GE 버노바,GEV,USD,968.02,1426164.5627,yahoo×fx
2026-04-10,미장,GE 버노바,GEV,USD,991.32,,yahoo(fx없음)
2026-04-13,미장,GE 버노바,GEV,USD,991.12,1463725.6197,yahoo×fx
2026-04-14,미장,GE 버노바,GEV,USD,987.5,1451052.2934,yahoo×fx
2026-04-15,미장,GE 버노바,GEV,USD,985.92,1453305.2678,yahoo×fx
2026-04-16,미장,GE 버노바,GEV,USD,978.32,1445878.7482,yahoo×fx
2026-04-17,미장,GE 버노바,GEV,USD,1002.75,,yahoo(fx없음)
2026-04-20,미장,GE 버노바,GEV,USD,990.18,1454831.8657,yahoo×fx
2026-04-21,미장,GE 버노바,GEV,USD,991.3,1472873.5703,yahoo×fx
2026-04-22,미장,GE 버노바,GEV,USD,1127.5601,1666488.6202,yahoo×fx
2026-04-23,미장,GE 버노바,GEV,USD,1149.53,1701246.9107,yahoo×fx
2026-04-24,미장,GE 버노바,GEV,USD,1149.1899,,yahoo(fx없음)
2026-04-27,미장,GE 버노바,GEV,USD,1120.23,1650098.7612,yahoo×fx
2026-04-28,미장,GE 버노바,GEV,USD,1088.9301,1602894.1391,yahoo×fx
2026-04-29,미장,GE 버노바,GEV,USD,1063.11,1581248.5352,yahoo×fx
2026-04-30,미장,GE 버노바,GEV,USD,1083.46,1597030.8276,yahoo×fx
2026-05-01,미장,GE 버노바,GEV,USD,1062.95,,yahoo(fx없음)
2026-05-04,미장,GE 버노바,GEV,USD,1073.95,1585203.8779,yahoo×fx
2026-05-05,미장,GE 버노바,GEV,USD,1095.21,1614295.6312,yahoo×fx
2026-05-06,미장,GE 버노바,GEV,USD,1118.96,1616281.6609,yahoo×fx
2026-05-07,미장,GE 버노바,GEV,USD,1045.63,1521172.1156,yahoo×fx
2026-05-08,미장,GE 버노바,GEV,USD,1040.15,,yahoo(fx없음)
2026-05-11,미장,GE 버노바,GEV,USD,1073.08,1582202.6888,yahoo×fx
2026-05-12,미장,GE 버노바,GEV,USD,1071.98,1600455.3806,yahoo×fx
2026-05-13,미장,GE 버노바,GEV,USD,1062.5699,1583059.1725,yahoo×fx
2026-05-14,미장,GE 버노바,GEV,USD,1090.53,1628532.0767,yahoo×fx
2026-05-15,미장,GE 버노바,GEV,USD,1049.23,,yahoo(fx없음)
2026-05-18,미장,GE 버노바,GEV,USD,1012.25,1510600.8656,yahoo×fx
2026-05-19,미장,GE 버노바,GEV,USD,1011.8,1525642.5869,yahoo×fx
2026-05-20,미장,GE 버노바,GEV,USD,1024.52,1536544.4097,yahoo×fx
2026-05-21,미장,GE 버노바,GEV,USD,1043.8199,1570322.7527,yahoo×fx
2026-05-22,미장,GE 버노바,GEV,USD,1038.74,,yahoo(fx없음)
2026-05-26,미장,GE 버노바,GEV,USD,1070.47,1611528.25,yahoo×fx
2026-05-27,미장,GE 버노바,GEV,USD,1031.89,1551044.1848,yahoo×fx
2026-05-28,미장,GE 버노바,GEV,USD,996.0,1489308.8789,yahoo×fx
2026-05-29,미장,GE 버노바,GEV,USD,968.32,,yahoo(fx없음)
2026-06-01,미장,GE 버노바,GEV,USD,950.54,1436522.5712,yahoo×fx
2026-06-02,미장,GE 버노바,GEV,USD,969.67,1470601.4724,yahoo×fx
2026-06-03,미장,GE 버노바,GEV,USD,959.36,1467926.2931,yahoo×fx
2026-06-04,미장,GE 버노바,GEV,USD,963.33,1476852.2976,yahoo×fx
2026-06-05,미장,GE 버노바,GEV,USD,933.61,,yahoo(fx없음)
2026-06-08,미장,GE 버노바,GEV,USD,933.85,1427744.5552,yahoo×fx
2026-06-09,미장,GE 버노바,GEV,USD,920.15,1403974.1627,yahoo×fx
2026-06-10,미장,GE 버노바,GEV,USD,867.09,1322355.6878,yahoo×fx
2026-06-11,미장,GE 버노바,GEV,USD,906.79,1375944.9813,yahoo×fx
2026-06-12,미장,GE 버노바,GEV,USD,940.66,,yahoo(fx없음)
2026-06-15,미장,GE 버노바,GEV,USD,979.07,1481636.4902,yahoo×fx
2026-06-16,미장,GE 버노바,GEV,USD,982.35,1484291.4807,yahoo×fx
2026-06-17,미장,GE 버노바,GEV,USD,1048.86,1599952.0449,yahoo×fx
2026-06-18,미장,GE 버노바,GEV,USD,1109.73,1706276.4938,yahoo×fx
2026-06-22,미장,GE 버노바,GEV,USD,1127.59,1735417.392,yahoo×fx
2026-06-23,미장,GE 버노바,GEV,USD,1034.98,1588953.015,yahoo×fx
2026-06-24,미장,GE 버노바,GEV,USD,1057.65,1631700.162,yahoo×fx
2026-06-25,미장,GE 버노바,GEV,USD,1085.47,1678657.5791,yahoo×fx
2026-06-26,미장,GE 버노바,GEV,USD,1045.17,,yahoo(fx없음)
2026-06-29,미장,GE 버노바,GEV,USD,1102.51,1699772.7358,yahoo×fx
2026-06-30,미장,GE 버노바,GEV,USD,1174.86,1819399.9047,yahoo×fx
2026-07-01,미장,GE 버노바,GEV,USD,1134.35,1760295.7021,yahoo×fx
2026-07-02,미장,GE 버노바,GEV,USD,1113.11,1716560.3071,yahoo×fx
2026-07-06,미장,GE 버노바,GEV,USD,1152.04,1761192.7414,yahoo×fx
2026-07-07,미장,GE 버노바,GEV,USD,1077.08,1637010.7262,yahoo×fx
2026-07-08,미장,GE 버노바,GEV,USD,1070.99,1610072.7757,yahoo×fx
2026-07-09,미장,GE 버노바,GEV,USD,1075.26,1619244.8381,yahoo×fx
2026-07-10,미장,GE 버노바,GEV,USD,1091.5699,,yahoo(fx없음)
2026-07-13,미장,GE 버노바,GEV,USD,1042.6,1561501.9325,yahoo×fx
2026-07-14,미장,GE 버노바,GEV,USD,1066.01,1586094.9785,yahoo×fx
2026-07-15,미장,GE 버노바,GEV,USD,1055.28,1568357.128,yahoo×fx
2026-07-16,미장,GE 버노바,GEV,USD,1036.22,1532413.8784,yahoo×fx
2026-07-17,미장,GE 버노바,GEV,USD,1057.84,,yahoo(fx없음)
2026-07-20,미장,GE 버노바,GEV,USD,1079.1801,1591801.3816,yahoo×fx
2026-07-21,미장,GE 버노바,GEV,USD,1078.8101,1596336.7883,yahoo×fx
2026-07-22,미장,GE 버노바,GEV,USD,985.03,1453539.8669,yahoo×fx
2026-07-23,미장,GE 버노바,GEV,USD,1031.1899,1520015.2615,yahoo×fx
2026-07-24,미장,GE 버노바,GEV,USD,1014.75,,yahoo(fx없음)
2026-07-27,미장,GE 버노바,GEV,USD,996.57,1459416.9231,yahoo×fx
2026-07-28,미장,GE 버노바,GEV,USD,943.38,1370882.1201,yahoo×fx
2026-07-29,미장,GE 버노바,GEV,USD,900.28,1298455.907,yahoo×fx
2026-07-30,미장,GE 버노바,GEV,USD,981.98,1395000.7363,yahoo×fx
2026-07-31,미장,GE 버노바,GEV,USD,990.29,,yahoo(fx없음)
2026-08-03,미장,GE 버노바,GEV,USD,1006.76,1438156.674,yahoo×fx
2026-08-04,미장,GE 버노바,GEV,USD,1018.53,1454898.9045,yahoo×fx
2026-08-05,미장,GE 버노바,GEV,USD,1017.96,1446684.0996,yahoo×fx
2026-08-06,미장,GE 버노바,GEV,USD,1000.3,1422726.7215,yahoo×fx
2026-08-07,미장,GE 버노바,GEV,USD,990.32,,yahoo(fx없음)
2026-08-10,미장,GE 버노바,GEV,USD,990.85,1404341.637,yahoo×fx
2026-08-11,미장,GE 버노바,GEV,USD,1011.88,1428956.7596,yahoo×fx
2026-08-12,미장,GE 버노바,GEV,USD,1039.9,1472976.748,yahoo×fx
2026-08-13,미장,GE 버노바,GEV,USD,1049.42,1486870.7636,yahoo×fx
2026-08-14,미장,GE 버노바,GEV,USD,1063.25,,yahoo(fx없음)
2026-08-17,미장,GE 버노바,GEV,USD,1079.0,1526493.6489,yahoo×fx
2026-08-18,미장,GE 버노바,GEV,USD,1004.53,1419983.5147,yahoo×fx
2026-08-19,미장,GE 버노바,GEV,USD,987.46,1371976.9786,yahoo×fx
2026-08-20,미장,GE 버노바,GEV,USD,966.01,1343517.0992,yahoo×fx
2026-08-21,미장,GE 버노바,GEV,USD,956.85,,yahoo(fx없음)
2026-08-24,미장,GE 버노바,GEV,USD,942.1,,yahoo(fx없음)
2026-08-25,미장,GE 버노바,GEV,USD,928.3,1283606.8081,yahoo×fx
2026-07-09,미장,레버리지셰어즈 GE버노바 2배 ETF,GEVG,USD,30.263,45573.3561,yahoo×fx
2026-07-10,미장,레버리지셰어즈 GE버노바 2배 ETF,GEVG,USD,31.193,,yahoo(fx없음)
2026-07-13,미장,레버리지셰어즈 GE버노바 2배 ETF,GEVG,USD,28.432,42582.6038,yahoo×fx
2026-07-14,미장,레버리지셰어즈 GE버노바 2배 ETF,GEVG,USD,29.83,44383.4604,yahoo×fx
2026-07-15,미장,레버리지셰어즈 GE버노바 2배 ETF,GEVG,USD,29.15,43322.728,yahoo×fx
2026-05-19,미장,TRADR GE 버노바 2배 ETF,GEVX,USD,22.1533,33403.9036,yahoo×fx
2026-05-20,미장,TRADR GE 버노바 2배 ETF,GEVX,USD,22.86,34284.7436,yahoo×fx
2026-05-21,미장,TRADR GE 버노바 2배 ETF,GEVX,USD,23.63,35548.9713,yahoo×fx
2026-05-22,미장,TRADR GE 버노바 2배 ETF,GEVX,USD,23.4767,,yahoo(fx없음)
2026-05-26,미장,TRADR GE 버노바 2배 ETF,GEVX,USD,24.9533,37565.744,yahoo×fx
2026-05-27,미장,TRADR GE 버노바 2배 ETF,GEVX,USD,23.0167,34596.5811,yahoo×fx
2026-05-28,미장,TRADR GE 버노바 2배 ETF,GEVX,USD,21.37,31954.3494,yahoo×fx
2026-05-29,미장,TRADR GE 버노바 2배 ETF,GEVX,USD,20.2267,,yahoo(fx없음)
2026-06-01,미장,TRADR GE 버노바 2배 ETF,GEVX,USD,19.4567,29404.2774,yahoo×fx
2026-06-02,미장,TRADR GE 버노바 2배 ETF,GEVX,USD,20.3333,30837.5309,yahoo×fx
2026-06-03,미장,TRADR GE 버노바 2배 ETF,GEVX,USD,19.9,30449.1881,yahoo×fx
2026-06-04,미장,TRADR GE 버노바 2배 ETF,GEVX,USD,19.96,30600.0747,yahoo×fx
2026-06-05,미장,TRADR GE 버노바 2배 ETF,GEVX,USD,18.67,,yahoo(fx없음)
2026-06-08,미장,TRADR GE 버노바 2배 ETF,GEVX,USD,18.7,28590.0573,yahoo×fx
2026-06-09,미장,TRADR GE 버노바 2배 ETF,GEVX,USD,18.14,27678.1935,yahoo×fx
2026-06-10,미장,TRADR GE 버노바 2배 ETF,GEVX,USD,16.12,24583.8081,yahoo×fx
2026-06-11,미장,TRADR GE 버노바 2배 ETF,GEVX,USD,17.59,26690.7145,yahoo×fx
2026-06-12,미장,TRADR GE 버노바 2배 ETF,GEVX,USD,18.88,,yahoo(fx없음)
2026-06-15,미장,TRADR GE 버노바 2배 ETF,GEVX,USD,20.47,30977.4559,yahoo×fx
2026-06-16,미장,TRADR GE 버노바 2배 ETF,GEVX,USD,20.62,31155.9957,yahoo×fx
2026-06-17,미장,TRADR GE 버노바 2배 ETF,GEVX,USD,23.3,35542.2859,yahoo×fx
2026-06-18,미장,TRADR GE 버노바 2배 ETF,GEVX,USD,26.04,40038.0653,yahoo×fx
2026-06-22,미장,TRADR GE 버노바 2배 ETF,GEVX,USD,26.87,41354.2761,yahoo×fx
2026-06-23,미장,TRADR GE 버노바 2배 ETF,GEVX,USD,22.41,34404.9523,yahoo×fx
2026-06-24,미장,TRADR GE 버노바 2배 ETF,GEVX,USD,23.42,36131.4395,yahoo×fx
2026-06-25,미장,TRADR GE 버노바 2배 ETF,GEVX,USD,24.69,38182.5915,yahoo×fx
2026-06-26,미장,TRADR GE 버노바 2배 ETF,GEVX,USD,22.64,,yahoo(fx없음)
2026-06-29,미장,TRADR GE 버노바 2배 ETF,GEVX,USD,25.17,38805.3437,yahoo×fx
2026-06-30,미장,TRADR GE 버노바 2배 ETF,GEVX,USD,28.52,44166.3575,yahoo×fx
2026-07-01,미장,TRADR GE 버노바 2배 ETF,GEVX,USD,26.55,41200.5559,yahoo×fx
2026-07-02,미장,TRADR GE 버노바 2배 ETF,GEVX,USD,25.54,39386.0017,yahoo×fx
2026-07-06,미장,TRADR GE 버노바 2배 ETF,GEVX,USD,27.44,41949.1755,yahoo×fx
2026-07-07,미장,TRADR GE 버노바 2배 ETF,GEVX,USD,23.78,36142.2715,yahoo×fx
2026-07-08,미장,TRADR GE 버노바 2배 ETF,GEVX,USD,23.65,35554.2263,yahoo×fx
2026-07-09,미장,TRADR GE 버노바 2배 ETF,GEVX,USD,23.79,35825.6011,yahoo×fx
2026-07-10,미장,TRADR GE 버노바 2배 ETF,GEVX,USD,24.49,,yahoo(fx없음)
2026-07-13,미장,TRADR GE 버노바 2배 ETF,GEVX,USD,22.21,33263.9145,yahoo×fx
2026-07-14,미장,TRADR GE 버노바 2배 ETF,GEVX,USD,23.36,34756.8778,yahoo×fx
2026-07-15,미장,TRADR GE 버노바 2배 ETF,GEVX,USD,22.86,33974.5318,yahoo×fx
2026-07-16,미장,TRADR GE 버노바 2배 ETF,GEVX,USD,21.84,32298.0837,yahoo×fx
2026-07-17,미장,TRADR GE 버노바 2배 ETF,GEVX,USD,22.91,,yahoo(fx없음)
2026-07-20,미장,TRADR GE 버노바 2배 ETF,GEVX,USD,23.75,35031.4877,yahoo×fx
2026-07-21,미장,TRADR GE 버노바 2배 ETF,GEVX,USD,23.82,35246.9293,yahoo×fx
2026-07-22,미장,TRADR GE 버노바 2배 ETF,GEVX,USD,19.72,29099.4227,yahoo×fx
2026-07-23,미장,TRADR GE 버노바 2배 ETF,GEVX,USD,21.36,31485.4961,yahoo×fx
2026-07-24,미장,TRADR GE 버노바 2배 ETF,GEVX,USD,20.66,,yahoo(fx없음)
2026-07-27,미장,TRADR GE 버노바 2배 ETF,GEVX,USD,19.98,29259.5094,yahoo×fx
2026-07-28,미장,TRADR GE 버노바 2배 ETF,GEVX,USD,17.77,25822.6545,yahoo×fx
2026-07-29,미장,TRADR GE 버노바 2배 ETF,GEVX,USD,16.15,23292.8219,yahoo×fx
2026-07-30,미장,TRADR GE 버노바 2배 ETF,GEVX,USD,19.26,27360.7559,yahoo×fx
2026-07-31,미장,TRADR GE 버노바 2배 ETF,GEVX,USD,19.51,,yahoo(fx없음)
2026-08-03,미장,TRADR GE 버노바 2배 ETF,GEVX,USD,20.09,28698.5652,yahoo×fx
2026-08-04,미장,TRADR GE 버노바 2배 ETF,GEVX,USD,20.49,29268.5315,yahoo×fx
2026-08-05,미장,TRADR GE 버노바 2배 ETF,GEVX,USD,20.565,29226.1569,yahoo×fx
2026-08-06,미장,TRADR GE 버노바 2배 ETF,GEVX,USD,19.779,28131.6717,yahoo×fx
2026-08-07,미장,TRADR GE 버노바 2배 ETF,GEVX,USD,19.5,,yahoo(fx없음)
2026-08-10,미장,TRADR GE 버노바 2배 ETF,GEVX,USD,19.46,27580.8524,yahoo×fx
2026-08-11,미장,TRADR GE 버노바 2배 ETF,GEVX,USD,20.22,28554.2797,yahoo×fx
2026-08-12,미장,TRADR GE 버노바 2배 ETF,GEVX,USD,21.34,30227.2558,yahoo×fx
2026-08-13,미장,TRADR GE 버노바 2배 ETF,GEVX,USD,21.71,30759.8117,yahoo×fx
2026-08-14,미장,TRADR GE 버노바 2배 ETF,GEVX,USD,22.345,,yahoo(fx없음)
2026-08-17,미장,TRADR GE 버노바 2배 ETF,GEVX,USD,23.0,32538.7896,yahoo×fx
2026-08-18,미장,TRADR GE 버노바 2배 ETF,GEVX,USD,19.84,28045.4265,yahoo×fx
2026-08-19,미장,TRADR GE 버노바 2배 ETF,GEVX,USD,19.11,26551.4353,yahoo×fx
2026-08-20,미장,TRADR GE 버노바 2배 ETF,GEVX,USD,18.31,25465.3649,yahoo×fx
2026-08-21,미장,TRADR GE 버노바 2배 ETF,GEVX,USD,17.96,,yahoo(fx없음)
2026-08-24,미장,TRADR GE 버노바 2배 ETF,GEVX,USD,17.39,,yahoo(fx없음)
2026-08-25,미장,TRADR GE 버노바 2배 ETF,GEVX,USD,16.88,23340.8188,yahoo×fx
2026-01-02,미장,디렉시온 알파벳 A 2배 ETF,GGLL,USD,98.13,141664.3907,yahoo×fx
2026-01-05,미장,디렉시온 알파벳 A 2배 ETF,GGLL,USD,99.07,142708.3512,yahoo×fx
2026-01-06,미장,디렉시온 알파벳 A 2배 ETF,GGLL,USD,97.57,141043.2945,yahoo×fx
2026-01-07,미장,디렉시온 알파벳 A 2배 ETF,GGLL,USD,102.36,147906.1025,yahoo×fx
2026-01-08,미장,디렉시온 알파벳 A 2배 ETF,GGLL,USD,104.41,150991.4842,yahoo×fx
2026-01-09,미장,디렉시온 알파벳 A 2배 ETF,GGLL,USD,106.45,154361.0069,yahoo×fx
2026-01-12,미장,디렉시온 알파벳 A 2배 ETF,GGLL,USD,108.51,157908.0944,yahoo×fx
2026-01-13,미장,디렉시온 알파벳 A 2배 ETF,GGLL,USD,111.29,163032.067,yahoo×fx
2026-01-14,미장,디렉시온 알파벳 A 2배 ETF,GGLL,USD,111.03,163548.2996,yahoo×fx
2026-01-15,미장,디렉시온 알파벳 A 2배 ETF,GGLL,USD,109.11,159617.0226,yahoo×fx
2026-01-16,미장,디렉시온 알파벳 A 2배 ETF,GGLL,USD,107.12,157342.1412,yahoo×fx
2026-01-20,미장,디렉시온 알파벳 A 2배 ETF,GGLL,USD,101.92,149977.3177,yahoo×fx
2026-01-21,미장,디렉시온 알파벳 A 2배 ETF,GGLL,USD,105.83,156393.4632,yahoo×fx
2026-01-22,미장,디렉시온 알파벳 A 2배 ETF,GGLL,USD,107.2,157029.7668,yahoo×fx
2026-01-23,미장,디렉시온 알파벳 A 2배 ETF,GGLL,USD,105.46,154315.3993,yahoo×fx
2026-01-26,미장,디렉시온 알파벳 A 2배 ETF,GGLL,USD,108.79,157180.8876,yahoo×fx
2026-01-27,미장,디렉시온 알파벳 A 2배 ETF,GGLL,USD,109.71,158089.9123,yahoo×fx
2026-01-28,미장,디렉시온 알파벳 A 2배 ETF,GGLL,USD,110.62,158464.2612,yahoo×fx
2026-01-29,미장,디렉시온 알파벳 A 2배 ETF,GGLL,USD,111.77,159749.5053,yahoo×fx
2026-01-30,미장,디렉시온 알파벳 A 2배 ETF,GGLL,USD,112.2,160306.8687,yahoo×fx
2026-02-02,미장,디렉시온 알파벳 A 2배 ETF,GGLL,USD,115.7,167626.1612,yahoo×fx
2026-02-03,미장,디렉시온 알파벳 A 2배 ETF,GGLL,USD,112.86,163933.6697,yahoo×fx
2026-02-04,미장,디렉시온 알파벳 A 2배 ETF,GGLL,USD,108.54,157022.6544,yahoo×fx
2026-02-05,미장,디렉시온 알파벳 A 2배 ETF,GGLL,USD,107.15,156450.7872,yahoo×fx
2026-02-06,미장,디렉시온 알파벳 A 2배 ETF,GGLL,USD,101.75,149641.6955,yahoo×fx
2026-02-09,미장,디렉시온 알파벳 A 2배 ETF,GGLL,USD,102.39,149735.1376,yahoo×fx
2026-02-10,미장,디렉시온 알파벳 A 2배 ETF,GGLL,USD,98.96,144337.1209,yahoo×fx
2026-02-11,미장,디렉시온 알파벳 A 2배 ETF,GGLL,USD,94.07,136902.8885,yahoo×fx
2026-02-12,미장,디렉시온 알파벳 A 2배 ETF,GGLL,USD,92.91,134179.6927,yahoo×fx
2026-02-13,미장,디렉시온 알파벳 A 2배 ETF,GGLL,USD,90.84,130891.3529,yahoo×fx
2026-02-17,미장,디렉시온 알파벳 A 2배 ETF,GGLL,USD,88.72,127777.2056,yahoo×fx
2026-02-18,미장,디렉시온 알파벳 A 2배 ETF,GGLL,USD,89.48,128848.5178,yahoo×fx
2026-02-19,미장,디렉시온 알파벳 A 2배 ETF,GGLL,USD,89.06,128260.6491,yahoo×fx
2026-02-20,미장,디렉시온 알파벳 A 2배 ETF,GGLL,USD,96.14,139186.6841,yahoo×fx
2026-02-23,미장,디렉시온 알파벳 A 2배 ETF,GGLL,USD,93.88,135510.1377,yahoo×fx
2026-02-24,미장,디렉시온 알파벳 A 2배 ETF,GGLL,USD,93.51,134860.1205,yahoo×fx
2026-02-25,미장,디렉시온 알파벳 A 2배 ETF,GGLL,USD,94.65,136295.0548,yahoo×fx
2026-02-26,미장,디렉시온 알파벳 A 2배 ETF,GGLL,USD,91.28,130250.1736,yahoo×fx
2026-02-27,미장,디렉시온 알파벳 A 2배 ETF,GGLL,USD,93.8,134351.6153,yahoo×fx
2026-03-02,미장,디렉시온 알파벳 A 2배 ETF,GGLL,USD,90.68,130443.1804,yahoo×fx
2026-03-03,미장,디렉시온 알파벳 A 2배 ETF,GGLL,USD,89.03,129295.5981,yahoo×fx
2026-03-04,미장,디렉시온 알파벳 A 2배 ETF,GGLL,USD,88.74,131607.6239,yahoo×fx
2026-03-05,미장,디렉시온 알파벳 A 2배 ETF,GGLL,USD,87.26,127465.0481,yahoo×fx
2026-03-06,미장,디렉시온 알파벳 A 2배 ETF,GGLL,USD,85.91,127104.7104,yahoo×fx
2026-03-09,미장,디렉시온 알파벳 A 2배 ETF,GGLL,USD,90.47,134247.5314,yahoo×fx
2026-03-10,미장,디렉시온 알파벳 A 2배 ETF,GGLL,USD,90.98,133237.4829,yahoo×fx
2026-03-11,미장,디렉시온 알파벳 A 2배 ETF,GGLL,USD,91.8,135201.2112,yahoo×fx
2026-03-12,미장,디렉시온 알파벳 A 2배 ETF,GGLL,USD,88.69,130847.9052,yahoo×fx
2026-03-13,미장,디렉시온 알파벳 A 2배 ETF,GGLL,USD,87.97,129366.9205,yahoo×fx
2026-03-16,미장,디렉시온 알파벳 A 2배 ETF,GGLL,USD,89.8,134857.1546,yahoo×fx
2026-03-17,미장,디렉시온 알파벳 A 2배 ETF,GGLL,USD,93.03,138513.2987,yahoo×fx
2026-03-18,미장,디렉시온 알파벳 A 2배 ETF,GGLL,USD,90.98,135093.4771,yahoo×fx
2026-03-19,미장,디렉시온 알파벳 A 2배 ETF,GGLL,USD,90.58,136345.5478,yahoo×fx
2026-03-20,미장,디렉시온 알파벳 A 2배 ETF,GGLL,USD,86.78,129288.3104,yahoo×fx
2026-03-23,미장,디렉시온 알파벳 A 2배 ETF,GGLL,USD,87.6,131768.7903,yahoo×fx
2026-03-24,미장,디렉시온 알파벳 A 2배 ETF,GGLL,USD,80.24,119185.2821,yahoo×fx
2026-03-25,미장,디렉시온 알파벳 A 2배 ETF,GGLL,USD,80.5,120533.4597,yahoo×fx
2026-03-26,미장,디렉시온 알파벳 A 2배 ETF,GGLL,USD,74.95,112497.6947,yahoo×fx
2026-03-27,미장,디렉시온 알파벳 A 2배 ETF,GGLL,USD,71.34,107606.3958,yahoo×fx
2026-03-30,미장,디렉시온 알파벳 A 2배 ETF,GGLL,USD,70.81,107357.1619,yahoo×fx
2026-03-31,미장,디렉시온 알파벳 A 2배 ETF,GGLL,USD,78.05,117334.9077,yahoo×fx
2026-04-01,미장,디렉시온 알파벳 A 2배 ETF,GGLL,USD,83.45,126183.903,yahoo×fx
2026-04-02,미장,디렉시온 알파벳 A 2배 ETF,GGLL,USD,82.45,124435.182,yahoo×fx
2026-04-06,미장,디렉시온 알파벳 A 2배 ETF,GGLL,USD,84.77,127820.4374,yahoo×fx
2026-04-07,미장,디렉시온 알파벳 A 2배 ETF,GGLL,USD,87.78,131593.63,yahoo×fx
2026-04-08,미장,디렉시온 알파벳 A 2배 ETF,GGLL,USD,94.53,139677.5239,yahoo×fx
2026-04-09,미장,디렉시온 알파벳 A 2배 ETF,GGLL,USD,95.24,140315.1868,yahoo×fx
2026-04-10,미장,디렉시온 알파벳 A 2배 ETF,GGLL,USD,94.45,,yahoo(fx없음)
2026-04-13,미장,디렉시온 알파벳 A 2배 ETF,GGLL,USD,96.77,142913.7985,yahoo×fx
2026-04-14,미장,디렉시온 알파벳 A 2배 ETF,GGLL,USD,103.81,152540.4912,yahoo×fx
2026-04-15,미장,디렉시온 알파벳 A 2배 ETF,GGLL,USD,106.5,156987.3962,yahoo×fx
2026-04-16,미장,디렉시온 알파벳 A 2배 ETF,GGLL,USD,105.61,156083.1367,yahoo×fx
2026-04-17,미장,디렉시온 알파벳 A 2배 ETF,GGLL,USD,109.17,,yahoo(fx없음)
2026-04-20,미장,디렉시온 알파벳 A 2배 ETF,GGLL,USD,106.4,156329.2673,yahoo×fx
2026-04-21,미장,디렉시온 알파벳 A 2배 ETF,GGLL,USD,102.85,152814.5328,yahoo×fx
2026-04-22,미장,디렉시온 알파벳 A 2배 ETF,GGLL,USD,107.61,159043.2723,yahoo×fx
2026-04-23,미장,디렉시온 알파벳 A 2배 ETF,GGLL,USD,107.18,158621.0362,yahoo×fx
2026-04-24,미장,디렉시온 알파벳 A 2배 ETF,GGLL,USD,110.66,,yahoo(fx없음)
2026-04-27,미장,디렉시온 알파벳 A 2배 ETF,GGLL,USD,114.47,168614.3118,yahoo×fx
2026-04-28,미장,디렉시온 알파벳 A 2배 ETF,GGLL,USD,114.03,167851.0168,yahoo×fx
2026-04-29,미장,디렉시온 알파벳 A 2배 ETF,GGLL,USD,114.4,170156.2748,yahoo×fx
2026-04-30,미장,디렉시온 알파벳 A 2배 ETF,GGLL,USD,136.75,201570.8688,yahoo×fx
2026-05-01,미장,디렉시온 알파벳 A 2배 ETF,GGLL,USD,137.41,,yahoo(fx없음)
2026-05-04,미장,디렉시온 알파벳 A 2배 ETF,GGLL,USD,135.56,200093.341,yahoo×fx
2026-05-05,미장,디렉시온 알파벳 A 2배 ETF,GGLL,USD,139.28,205293.1416,yahoo×fx
2026-05-06,미장,디렉시온 알파벳 A 2배 ETF,GGLL,USD,146.03,210933.0246,yahoo×fx
2026-05-07,미장,디렉시온 알파벳 A 2배 ETF,GGLL,USD,145.95,212326.6018,yahoo×fx
2026-05-08,미장,디렉시온 알파벳 A 2배 ETF,GGLL,USD,147.97,,yahoo(fx없음)
2026-05-11,미장,디렉시온 알파벳 A 2배 ETF,GGLL,USD,139.01,204963.2796,yahoo×fx
2026-05-12,미장,디렉시온 알파벳 A 2배 ETF,GGLL,USD,138.03,206077.4065,yahoo×fx
2026-05-13,미장,디렉시온 알파벳 A 2배 ETF,GGLL,USD,148.94,221896.7681,yahoo×fx
2026-05-14,미장,디렉시온 알파벳 A 2배 ETF,GGLL,USD,147.8,220715.6515,yahoo×fx
2026-05-15,미장,디렉시온 알파벳 A 2배 ETF,GGLL,USD,144.31,,yahoo(fx없음)
2026-05-18,미장,디렉시온 알파벳 A 2배 ETF,GGLL,USD,144.45,215565.6117,yahoo×fx
2026-05-19,미장,디렉시온 알파벳 A 2배 ETF,GGLL,USD,137.82,207811.8947,yahoo×fx
2026-05-20,미장,디렉시온 알파벳 A 2배 ETF,GGLL,USD,138.63,207913.1251,yahoo×fx
2026-05-21,미장,디렉시온 알파벳 A 2배 ETF,GGLL,USD,137.72,207185.9732,yahoo×fx
2026-05-22,미장,디렉시온 알파벳 A 2배 ETF,GGLL,USD,134.225,,yahoo(fx없음)
2026-05-26,미장,디렉시온 알파벳 A 2배 ETF,GGLL,USD,138.23,208096.9567,yahoo×fx
2026-05-27,미장,디렉시온 알파벳 A 2배 ETF,GGLL,USD,138.28,207850.0469,yahoo×fx
2026-05-28,미장,디렉시온 알파벳 A 2배 ETF,GGLL,USD,139.03,207890.1723,yahoo×fx
2026-05-29,미장,디렉시온 알파벳 A 2배 ETF,GGLL,USD,132.0,,yahoo(fx없음)
2026-06-01,미장,디렉시온 알파벳 A 2배 ETF,GGLL,USD,129.35,195482.7863,yahoo×fx
2026-06-02,미장,디렉시온 알파벳 A 2배 ETF,GGLL,USD,119.31,180945.5394,yahoo×fx
2026-06-03,미장,디렉시온 알파벳 A 2배 ETF,GGLL,USD,117.64,180002.1377,yahoo×fx
2026-06-04,미장,디렉시온 알파벳 A 2배 ETF,GGLL,USD,125.95,193090.1551,yahoo×fx
2026-06-05,미장,디렉시온 알파벳 A 2배 ETF,GGLL,USD,123.33,,yahoo(fx없음)
2026-06-08,미장,디렉시온 알파벳 A 2배 ETF,GGLL,USD,119.98,183435.0281,yahoo×fx
2026-06-09,미장,디렉시온 알파벳 A 2배 ETF,GGLL,USD,120.25,183478.6595,yahoo×fx
2026-06-10,미장,디렉시온 알파벳 A 2배 ETF,GGLL,USD,115.15,175609.5154,yahoo×fx
2026-01-02,미장,SPDR 금 미니셰어즈 ETF,GLDM,USD,85.74,123777.6918,yahoo×fx
2026-01-05,미장,SPDR 금 미니셰어즈 ETF,GLDM,USD,88.0,126762.2383,yahoo×fx
2026-01-06,미장,SPDR 금 미니셰어즈 ETF,GLDM,USD,88.96,128597.0215,yahoo×fx
2026-01-07,미장,SPDR 금 미니셰어즈 ETF,GLDM,USD,88.11,127315.423,yahoo×fx
2026-01-08,미장,SPDR 금 미니셰어즈 ETF,GLDM,USD,88.58,128099.0851,yahoo×fx
2026-01-09,미장,SPDR 금 미니셰어즈 ETF,GLDM,USD,89.23,129390.6393,yahoo×fx
2026-01-12,미장,SPDR 금 미니셰어즈 ETF,GLDM,USD,90.9,132281.3173,yahoo×fx
2026-01-13,미장,SPDR 금 미니셰어즈 ETF,GLDM,USD,90.77,132971.6961,yahoo×fx
2026-01-14,미장,SPDR 금 미니셰어즈 ETF,GLDM,USD,91.71,135089.7466,yahoo×fx
2026-01-15,미장,SPDR 금 미니셰어즈 ETF,GLDM,USD,91.13,133314.0752,yahoo×fx
2026-01-16,미장,SPDR 금 미니셰어즈 ETF,GLDM,USD,90.71,133238.472,yahoo×fx
2026-01-20,미장,SPDR 금 미니셰어즈 ETF,GLDM,USD,94.14,138528.8937,yahoo×fx
2026-01-21,미장,SPDR 금 미니셰어즈 ETF,GLDM,USD,95.54,141187.1054,yahoo×fx
2026-01-22,미장,SPDR 금 미니셰어즈 ETF,GLDM,USD,97.32,142557.2509,yahoo×fx
2026-01-23,미장,SPDR 금 미니셰어즈 ETF,GLDM,USD,98.61,144292.0705,yahoo×fx
2026-01-26,미장,SPDR 금 미니셰어즈 ETF,GLDM,USD,100.06,144567.6909,yahoo×fx
2026-01-27,미장,SPDR 금 미니셰어즈 ETF,GLDM,USD,102.51,147714.8609,yahoo×fx
2026-01-28,미장,SPDR 금 미니셰어즈 ETF,GLDM,USD,106.44,152476.3689,yahoo×fx
2026-01-29,미장,SPDR 금 미니셰어즈 ETF,GLDM,USD,106.77,152603.1552,yahoo×fx
2026-01-30,미장,SPDR 금 미니셰어즈 ETF,GLDM,USD,96.01,137175.2516,yahoo×fx
2026-02-02,미장,SPDR 금 미니셰어즈 ETF,GLDM,USD,91.99,133275.1134,yahoo×fx
2026-02-03,미장,SPDR 금 미니셰어즈 ETF,GLDM,USD,97.87,142160.0976,yahoo×fx
2026-02-04,미장,SPDR 금 미니셰어즈 ETF,GLDM,USD,97.72,141369.5766,yahoo×fx
2026-02-05,미장,SPDR 금 미니셰어즈 ETF,GLDM,USD,95.21,139017.0704,yahoo×fx
2026-02-06,미장,SPDR 금 미니셰어즈 ETF,GLDM,USD,98.06,144214.8825,yahoo×fx
2026-02-09,미장,SPDR 금 미니셰어즈 ETF,GLDM,USD,100.58,147088.1971,yahoo×fx
2026-02-10,미장,SPDR 금 미니셰어즈 ETF,GLDM,USD,99.58,145241.4198,yahoo×fx
2026-02-11,미장,SPDR 금 미니셰어즈 ETF,GLDM,USD,100.67,146508.064,yahoo×fx
2026-02-12,미장,SPDR 금 미니셰어즈 ETF,GLDM,USD,97.25,140447.4718,yahoo×fx
2026-02-13,미장,SPDR 금 미니셰어즈 ETF,GLDM,USD,99.61,143528.0523,yahoo×fx
2026-02-17,미장,SPDR 금 미니셰어즈 ETF,GLDM,USD,96.55,139054.209,yahoo×fx
2026-02-18,미장,SPDR 금 미니셰어즈 ETF,GLDM,USD,98.66,142067.4426,yahoo×fx
2026-02-19,미장,SPDR 금 미니셰어즈 ETF,GLDM,USD,98.97,142532.6403,yahoo×fx
2026-02-20,미장,SPDR 금 미니셰어즈 ETF,GLDM,USD,100.88,146049.016,yahoo×fx
2026-02-23,미장,SPDR 금 미니셰어즈 ETF,GLDM,USD,103.64,149598.1146,yahoo×fx
2026-02-24,미장,SPDR 금 미니셰어즈 ETF,GLDM,USD,102.21,147407.2557,yahoo×fx
2026-02-25,미장,SPDR 금 미니셰어즈 ETF,GLDM,USD,101.96,146821.3781,yahoo×fx
2026-02-26,미장,SPDR 금 미니셰어즈 ETF,GLDM,USD,102.83,146731.22,yahoo×fx
2026-02-27,미장,SPDR 금 미니셰어즈 ETF,GLDM,USD,104.14,149161.7983,yahoo×fx
2026-03-02,미장,SPDR 금 미니셰어즈 ETF,GLDM,USD,105.54,151819.2913,yahoo×fx
2026-03-03,미장,SPDR 금 미니셰어즈 ETF,GLDM,USD,100.88,146504.9956,yahoo×fx
2026-03-04,미장,SPDR 금 미니셰어즈 ETF,GLDM,USD,101.62,150709.572,yahoo×fx
2026-03-05,미장,SPDR 금 미니셰어즈 ETF,GLDM,USD,100.38,146630.081,yahoo×fx
2026-03-06,미장,SPDR 금 미니셰어즈 ETF,GLDM,USD,101.97,150865.6375,yahoo×fx
2026-03-09,미장,SPDR 금 미니셰어즈 ETF,GLDM,USD,101.76,151000.6511,yahoo×fx
2026-03-10,미장,SPDR 금 미니셰어즈 ETF,GLDM,USD,102.89,150679.3144,yahoo×fx
2026-03-11,미장,SPDR 금 미니셰어즈 ETF,GLDM,USD,102.59,151092.4978,yahoo×fx
2026-03-12,미장,SPDR 금 미니셰어즈 ETF,GLDM,USD,100.6,148419.1983,yahoo×fx
2026-03-13,미장,SPDR 금 미니셰어즈 ETF,GLDM,USD,99.28,145999.1762,yahoo×fx
2026-03-16,미장,SPDR 금 미니셰어즈 ETF,GLDM,USD,99.2,148973.5954,yahoo×fx
2026-03-17,미장,SPDR 금 미니셰어즈 ETF,GLDM,USD,98.96,147342.5356,yahoo×fx
2026-03-18,미장,SPDR 금 미니셰어즈 ETF,GLDM,USD,95.81,142265.3906,yahoo×fx
2026-03-19,미장,SPDR 금 미니셰어즈 ETF,GLDM,USD,91.86,138272.2659,yahoo×fx
2026-03-20,미장,SPDR 금 미니셰어즈 ETF,GLDM,USD,89.07,132700.0453,yahoo×fx
2026-03-23,미장,SPDR 금 미니셰어즈 ETF,GLDM,USD,87.04,130926.4364,yahoo×fx
2026-03-24,미장,SPDR 금 미니셰어즈 ETF,GLDM,USD,87.07,129330.2935,yahoo×fx
2026-03-25,미장,SPDR 금 미니셰어즈 ETF,GLDM,USD,89.67,134263.7902,yahoo×fx
2026-03-26,미장,SPDR 금 미니셰어즈 ETF,GLDM,USD,86.33,129578.7403,yahoo×fx
2026-03-27,미장,SPDR 금 미니셰어즈 ETF,GLDM,USD,89.34,134756.8756,yahoo×fx
2026-03-30,미장,SPDR 금 미니셰어즈 ETF,GLDM,USD,89.32,135420.7316,yahoo×fx
2026-03-31,미장,SPDR 금 미니셰어즈 ETF,GLDM,USD,92.69,139343.6573,yahoo×fx
2026-04-01,미장,SPDR 금 미니셰어즈 ETF,GLDM,USD,94.3,142590.0884,yahoo×fx
2026-04-02,미장,SPDR 금 미니셰어즈 ETF,GLDM,USD,92.48,139572.668,yahoo×fx
2026-04-06,미장,SPDR 금 미니셰어즈 ETF,GLDM,USD,92.13,138918.2141,yahoo×fx
2026-04-07,미장,SPDR 금 미니셰어즈 ETF,GLDM,USD,93.04,139479.057,yahoo×fx
2026-04-08,미장,SPDR 금 미니셰어즈 ETF,GLDM,USD,93.63,138347.6817,yahoo×fx
2026-04-09,미장,SPDR 금 미니셰어즈 ETF,GLDM,USD,94.38,139048.1651,yahoo×fx
2026-04-10,미장,SPDR 금 미니셰어즈 ETF,GLDM,USD,94.21,,yahoo(fx없음)
2026-04-13,미장,SPDR 금 미니셰어즈 ETF,GLDM,USD,93.84,138586.657,yahoo×fx
2026-04-14,미장,SPDR 금 미니셰어즈 ETF,GLDM,USD,95.9,140917.3845,yahoo×fx
2026-04-15,미장,SPDR 금 미니셰어즈 ETF,GLDM,USD,94.91,139903.0456,yahoo×fx
2026-04-16,미장,SPDR 금 미니셰어즈 ETF,GLDM,USD,94.84,140165.9316,yahoo×fx
2026-04-17,미장,SPDR 금 미니셰어즈 ETF,GLDM,USD,96.04,,yahoo(fx없음)
2026-04-20,미장,SPDR 금 미니셰어즈 ETF,GLDM,USD,95.26,139961.7117,yahoo×fx
2026-04-21,미장,SPDR 금 미니셰어즈 ETF,GLDM,USD,92.58,137555.3712,yahoo×fx
2026-04-22,미장,SPDR 금 미니셰어즈 ETF,GLDM,USD,93.81,138647.4203,yahoo×fx
2026-04-23,미장,SPDR 금 미니셰어즈 ETF,GLDM,USD,92.89,137472.5501,yahoo×fx
2026-04-24,미장,SPDR 금 미니셰어즈 ETF,GLDM,USD,93.34,,yahoo(fx없음)
2026-04-27,미장,SPDR 금 미니셰어즈 ETF,GLDM,USD,92.63,136443.986,yahoo×fx
2026-04-28,미장,SPDR 금 미니셰어즈 ETF,GLDM,USD,90.92,133833.3272,yahoo×fx
2026-04-29,미장,SPDR 금 미니셰어즈 ETF,GLDM,USD,89.97,133819.5809,yahoo×fx
2026-04-30,미장,SPDR 금 미니셰어즈 ETF,GLDM,USD,91.37,134680.2986,yahoo×fx
2026-05-01,미장,SPDR 금 미니셰어즈 ETF,GLDM,USD,91.21,,yahoo(fx없음)
2026-05-04,미장,SPDR 금 미니셰어즈 ETF,GLDM,USD,89.38,131929.3493,yahoo×fx
2026-05-05,미장,SPDR 금 미니셰어즈 ETF,GLDM,USD,90.13,132848.0072,yahoo×fx
2026-05-06,미장,SPDR 금 미니셰어즈 ETF,GLDM,USD,92.85,134117.1758,yahoo×fx
2026-05-07,미장,SPDR 금 미니셰어즈 ETF,GLDM,USD,93.05,135368.2176,yahoo×fx
2026-05-08,미장,SPDR 금 미니셰어즈 ETF,GLDM,USD,93.49,,yahoo(fx없음)
2026-05-11,미장,SPDR 금 미니셰어즈 ETF,GLDM,USD,93.69,138141.2195,yahoo×fx
2026-05-12,미장,SPDR 금 미니셰어즈 ETF,GLDM,USD,93.32,139325.8254,yahoo×fx
2026-05-13,미장,SPDR 금 미니셰어즈 ETF,GLDM,USD,92.78,138227.3502,yahoo×fx
2026-05-14,미장,SPDR 금 미니셰어즈 ETF,GLDM,USD,92.09,137521.672,yahoo×fx
2026-05-15,미장,SPDR 금 미니셰어즈 ETF,GLDM,USD,89.98,,yahoo(fx없음)
2026-05-18,미장,SPDR 금 미니셰어즈 ETF,GLDM,USD,90.19,134592.3396,yahoo×fx
2026-05-19,미장,SPDR 금 미니셰어즈 ETF,GLDM,USD,88.7,133746.2882,yahoo×fx
2026-05-20,미장,SPDR 금 미니셰어즈 ETF,GLDM,USD,89.96,134919.3096,yahoo×fx
2026-05-21,미장,SPDR 금 미니셰어즈 ETF,GLDM,USD,89.87,135200.4343,yahoo×fx
2026-05-22,미장,SPDR 금 미니셰어즈 ETF,GLDM,USD,89.21,,yahoo(fx없음)
2026-05-26,미장,SPDR 금 미니셰어즈 ETF,GLDM,USD,89.21,134300.2958,yahoo×fx
2026-05-27,미장,SPDR 금 미니셰어즈 ETF,GLDM,USD,88.05,132348.8388,yahoo×fx
2026-05-28,미장,SPDR 금 미니셰어즈 ETF,GLDM,USD,88.97,133035.9566,yahoo×fx
2026-05-29,미장,SPDR 금 미니셰어즈 ETF,GLDM,USD,89.93,,yahoo(fx없음)
2026-06-01,미장,SPDR 금 미니셰어즈 ETF,GLDM,USD,88.65,133974.0895,yahoo×fx
2026-06-02,미장,SPDR 금 미니셰어즈 ETF,GLDM,USD,88.78,134643.744,yahoo×fx
2026-06-03,미장,SPDR 금 미니셰어즈 ETF,GLDM,USD,87.93,134542.5715,yahoo×fx
2026-06-04,미장,SPDR 금 미니셰어즈 ETF,GLDM,USD,88.67,135937.3093,yahoo×fx
2026-06-05,미장,SPDR 금 미니셰어즈 ETF,GLDM,USD,85.42,,yahoo(fx없음)
2026-06-08,미장,SPDR 금 미니셰어즈 ETF,GLDM,USD,85.63,130917.9906,yahoo×fx
2026-06-09,미장,SPDR 금 미니셰어즈 ETF,GLDM,USD,84.26,128564.7588,yahoo×fx
2026-06-10,미장,SPDR 금 미니셰어즈 ETF,GLDM,USD,80.77,123178.2873,yahoo×fx
2026-06-11,미장,SPDR 금 미니셰어즈 ETF,GLDM,USD,83.23,126291.5429,yahoo×fx
2026-06-12,미장,SPDR 금 미니셰어즈 ETF,GLDM,USD,83.32,,yahoo(fx없음)
2026-06-15,미장,SPDR 금 미니셰어즈 ETF,GLDM,USD,85.51,129403.1463,yahoo×fx
2026-06-16,미장,SPDR 금 미니셰어즈 ETF,GLDM,USD,85.75,129564.8167,yahoo×fx
2026-06-17,미장,SPDR 금 미니셰어즈 ETF,GLDM,USD,83.78,127799.6894,yahoo×fx
2026-06-18,미장,SPDR 금 미니셰어즈 ETF,GLDM,USD,83.44,128294.015,yahoo×fx
2026-06-22,미장,SPDR 금 미니셰어즈 ETF,GLDM,USD,82.92,127618.0272,yahoo×fx
2026-06-23,미장,SPDR 금 미니셰어즈 ETF,GLDM,USD,81.34,124877.2294,yahoo×fx
2026-06-24,미장,SPDR 금 미니셰어즈 ETF,GLDM,USD,78.89,121708.3362,yahoo×fx
2026-06-25,미장,SPDR 금 미니셰어즈 ETF,GLDM,USD,79.66,123192.6009,yahoo×fx
2026-06-26,미장,SPDR 금 미니셰어즈 ETF,GLDM,USD,80.61,,yahoo(fx없음)
2026-06-29,미장,SPDR 금 미니셰어즈 ETF,GLDM,USD,79.45,122490.4422,yahoo×fx
2026-06-30,미장,SPDR 금 미니셰어즈 ETF,GLDM,USD,79.42,122990.6022,yahoo×fx
2026-07-01,미장,SPDR 금 미니셰어즈 ETF,GLDM,USD,79.92,124020.657,yahoo×fx
2026-07-02,미장,SPDR 금 미니셰어즈 ETF,GLDM,USD,81.54,125745.282,yahoo×fx
2026-07-06,미장,SPDR 금 미니셰어즈 ETF,GLDM,USD,82.39,125954.5363,yahoo×fx
2026-07-07,미장,SPDR 금 미니셰어즈 ETF,GLDM,USD,81.41,123731.807,yahoo×fx
2026-07-08,미장,SPDR 금 미니셰어즈 ETF,GLDM,USD,80.7,121320.3384,yahoo×fx
2026-07-09,미장,SPDR 금 미니셰어즈 ETF,GLDM,USD,81.54,122791.9056,yahoo×fx
2026-07-10,미장,SPDR 금 미니셰어즈 ETF,GLDM,USD,81.29,,yahoo(fx없음)
2026-07-13,미장,SPDR 금 미니셰어즈 ETF,GLDM,USD,79.17,118572.9024,yahoo×fx
2026-07-14,미장,SPDR 금 미니셰어즈 ETF,GLDM,USD,80.25,119402.3704,yahoo×fx
2026-07-15,미장,SPDR 금 미니셰어즈 ETF,GLDM,USD,80.24,119252.6809,yahoo×fx
2026-07-16,미장,SPDR 금 미니셰어즈 ETF,GLDM,USD,78.72,116415.0719,yahoo×fx
2026-07-17,미장,SPDR 금 미니셰어즈 ETF,GLDM,USD,79.45,,yahoo(fx없음)
2026-07-20,미장,SPDR 금 미니셰어즈 ETF,GLDM,USD,79.27,116924.0385,yahoo×fx
2026-07-21,미장,SPDR 금 미니셰어즈 ETF,GLDM,USD,80.82,119590.9676,yahoo×fx
2026-07-22,미장,SPDR 금 미니셰어즈 ETF,GLDM,USD,81.74,120617.9934,yahoo×fx
2026-07-23,미장,SPDR 금 미니셰어즈 ETF,GLDM,USD,80.11,118085.3484,yahoo×fx
2026-07-24,미장,SPDR 금 미니셰어즈 ETF,GLDM,USD,80.19,,yahoo(fx없음)
2026-07-27,미장,SPDR 금 미니셰어즈 ETF,GLDM,USD,80.78,118297.4567,yahoo×fx
2026-07-28,미장,SPDR 금 미니셰어즈 ETF,GLDM,USD,79.66,115758.7336,yahoo×fx
2026-07-29,미장,SPDR 금 미니셰어즈 ETF,GLDM,USD,80.02,115411.2431,yahoo×fx
2026-07-30,미장,SPDR 금 미니셰어즈 ETF,GLDM,USD,81.33,115537.3986,yahoo×fx
2026-07-31,미장,SPDR 금 미니셰어즈 ETF,GLDM,USD,80.14,,yahoo(fx없음)
2026-08-03,미장,SPDR 금 미니셰어즈 ETF,GLDM,USD,80.14,114479.9891,yahoo×fx
2026-08-04,미장,SPDR 금 미니셰어즈 ETF,GLDM,USD,80.7,115274.301,yahoo×fx
2026-08-05,미장,SPDR 금 미니셰어즈 ETF,GLDM,USD,84.03,119420.0759,yahoo×fx
2026-08-06,미장,SPDR 금 미니셰어즈 ETF,GLDM,USD,84.03,119515.8714,yahoo×fx
2026-08-07,미장,SPDR 금 미니셰어즈 ETF,GLDM,USD,85.95,,yahoo(fx없음)
2026-08-10,미장,SPDR 금 미니셰어즈 ETF,GLDM,USD,86.81,123036.6827,yahoo×fx
2026-08-11,미장,SPDR 금 미니셰어즈 ETF,GLDM,USD,86.46,122097.0862,yahoo×fx
2026-08-12,미장,SPDR 금 미니셰어즈 ETF,GLDM,USD,87.33,123699.451,yahoo×fx
2026-08-13,미장,SPDR 금 미니셰어즈 ETF,GLDM,USD,86.05,121919.9447,yahoo×fx
2026-08-14,미장,SPDR 금 미니셰어즈 ETF,GLDM,USD,86.58,,yahoo(fx없음)
2026-08-17,미장,SPDR 금 미니셰어즈 ETF,GLDM,USD,87.45,123718.1325,yahoo×fx
2026-08-18,미장,SPDR 금 미니셰어즈 ETF,GLDM,USD,85.98,121539.6094,yahoo×fx
2026-08-19,미장,SPDR 금 미니셰어즈 ETF,GLDM,USD,89.29,124059.5295,yahoo×fx
2026-08-20,미장,SPDR 금 미니셰어즈 ETF,GLDM,USD,89.59,124600.8745,yahoo×fx
2026-08-21,미장,SPDR 금 미니셰어즈 ETF,GLDM,USD,91.32,,yahoo(fx없음)
2026-08-24,미장,SPDR 금 미니셰어즈 ETF,GLDM,USD,92.02,,yahoo(fx없음)
2026-08-25,미장,SPDR 금 미니셰어즈 ETF,GLDM,USD,91.94,127130.0384,yahoo×fx
2026-01-02,미장,알파벳 Class A,GOOGL,USD,315.15,454963.1418,yahoo×fx
2026-01-05,미장,알파벳 Class A,GOOGL,USD,316.54,455969.5453,yahoo×fx
2026-01-06,미장,알파벳 Class A,GOOGL,USD,314.34,454397.3435,yahoo×fx
2026-01-07,미장,알파벳 Class A,GOOGL,USD,321.98,465248.2241,yahoo×fx
2026-01-08,미장,알파벳 Class A,GOOGL,USD,325.44,470631.8099,yahoo×fx
2026-01-09,미장,알파벳 Class A,GOOGL,USD,328.57,476452.7818,yahoo×fx
2026-01-12,미장,알파벳 Class A,GOOGL,USD,331.86,482935.9218,yahoo×fx
2026-01-13,미장,알파벳 Class A,GOOGL,USD,335.97,492172.5519,yahoo×fx
2026-01-14,미장,알파벳 Class A,GOOGL,USD,335.84,494695.6763,yahoo×fx
2026-01-15,미장,알파벳 Class A,GOOGL,USD,332.78,486823.8683,yahoo×fx
2026-01-16,미장,알파벳 Class A,GOOGL,USD,330.0,484717.1887,yahoo×fx
2026-01-20,미장,알파벳 Class A,GOOGL,USD,322.0,473829.4463,yahoo×fx
2026-01-21,미장,알파벳 Class A,GOOGL,USD,328.38,485273.4132,yahoo×fx
2026-01-22,미장,알파벳 Class A,GOOGL,USD,330.54,484184.9062,yahoo×fx
2026-01-23,미장,알파벳 Class A,GOOGL,USD,327.93,479846.8443,yahoo×fx
2026-01-26,미장,알파벳 Class A,GOOGL,USD,333.26,481497.4142,yahoo×fx
2026-01-27,미장,알파벳 Class A,GOOGL,USD,334.55,482079.8349,yahoo×fx
2026-01-28,미장,알파벳 Class A,GOOGL,USD,336.01,481337.7024,yahoo×fx
2026-01-29,미장,알파벳 Class A,GOOGL,USD,338.25,483450.5841,yahoo×fx
2026-01-30,미장,알파벳 Class A,GOOGL,USD,338.0,482920.8833,yahoo×fx
2026-02-02,미장,알파벳 Class A,GOOGL,USD,343.69,497938.0923,yahoo×fx
2026-02-03,미장,알파벳 Class A,GOOGL,USD,339.71,493442.3643,yahoo×fx
2026-02-04,미장,알파벳 Class A,GOOGL,USD,333.04,481802.3374,yahoo×fx
2026-02-05,미장,알파벳 Class A,GOOGL,USD,331.25,483661.4326,yahoo×fx
2026-02-06,미장,알파벳 Class A,GOOGL,USD,322.86,474823.7406,yahoo×fx
2026-02-09,미장,알파벳 Class A,GOOGL,USD,324.32,474285.5866,yahoo×fx
2026-02-10,미장,알파벳 Class A,GOOGL,USD,318.58,464661.6661,yahoo×fx
2026-02-11,미장,알파벳 Class A,GOOGL,USD,310.96,452549.3907,yahoo×fx
2026-02-12,미장,알파벳 Class A,GOOGL,USD,309.0,446254.6919,yahoo×fx
2026-02-13,미장,알파벳 Class A,GOOGL,USD,305.72,440511.9572,yahoo×fx
2026-02-17,미장,알파벳 Class A,GOOGL,USD,302.02,434978.2429,yahoo×fx
2026-02-18,미장,알파벳 Class A,GOOGL,USD,303.33,436786.0719,yahoo×fx
2026-02-19,미장,알파벳 Class A,GOOGL,USD,302.85,436152.4751,yahoo×fx
2026-02-20,미장,알파벳 Class A,GOOGL,USD,314.98,456012.3109,yahoo×fx
2026-02-23,미장,알파벳 Class A,GOOGL,USD,311.49,449617.0933,yahoo×fx
2026-02-24,미장,알파벳 Class A,GOOGL,USD,310.9,448379.956,yahoo×fx
2026-02-25,미장,알파벳 Class A,GOOGL,USD,312.9,450572.8592,yahoo×fx
2026-02-26,미장,알파벳 Class A,GOOGL,USD,307.38,438609.7669,yahoo×fx
2026-02-27,미장,알파벳 Class A,GOOGL,USD,311.76,446540.0804,yahoo×fx
2026-03-02,미장,알파벳 Class A,GOOGL,USD,306.52,440929.0042,yahoo×fx
2026-03-03,미장,알파벳 Class A,GOOGL,USD,303.58,440880.113,yahoo×fx
2026-03-04,미장,알파벳 Class A,GOOGL,USD,303.13,449563.0001,yahoo×fx
2026-03-05,미장,알파벳 Class A,GOOGL,USD,300.88,439510.4671,yahoo×fx
2026-03-06,미장,알파벳 Class A,GOOGL,USD,298.52,441663.3119,yahoo×fx
2026-03-09,미장,알파벳 Class A,GOOGL,USD,306.36,454604.5232,yahoo×fx
2026-03-10,미장,알파벳 Class A,GOOGL,USD,307.04,449650.8723,yahoo×fx
2026-03-11,미장,알파벳 Class A,GOOGL,USD,308.7,454647.213,yahoo×fx
2026-03-12,미장,알파벳 Class A,GOOGL,USD,303.55,447839.4286,yahoo×fx
2026-03-13,미장,알파벳 Class A,GOOGL,USD,302.28,444526.9073,yahoo×fx
2026-03-16,미장,알파벳 Class A,GOOGL,USD,305.56,458874.7263,yahoo×fx
2026-03-17,미장,알파벳 Class A,GOOGL,USD,310.92,462931.9278,yahoo×fx
2026-03-18,미장,알파벳 Class A,GOOGL,USD,307.69,456879.6524,yahoo×fx
2026-03-19,미장,알파벳 Class A,GOOGL,USD,307.13,462307.4398,yahoo×fx
2026-03-20,미장,알파벳 Class A,GOOGL,USD,301.0,448441.8297,yahoo×fx
2026-03-23,미장,알파벳 Class A,GOOGL,USD,302.06,454361.6571,yahoo×fx
2026-03-24,미장,알파벳 Class A,GOOGL,USD,290.44,431407.9578,yahoo×fx
2026-03-25,미장,알파벳 Class A,GOOGL,USD,290.93,435612.4044,yahoo×fx
2026-03-26,미장,알파벳 Class A,GOOGL,USD,280.92,421652.5043,yahoo×fx
2026-03-27,미장,알파벳 Class A,GOOGL,USD,274.34,413803.4729,yahoo×fx
2026-03-30,미장,알파벳 Class A,GOOGL,USD,273.5,414661.5563,yahoo×fx
2026-03-31,미장,알파벳 Class A,GOOGL,USD,287.56,432297.5585,yahoo×fx
2026-04-01,미장,알파벳 Class A,GOOGL,USD,297.39,449680.4571,yahoo×fx
2026-04-02,미장,알파벳 Class A,GOOGL,USD,295.77,446381.9742,yahoo×fx
2026-04-06,미장,알파벳 Class A,GOOGL,USD,299.99,452339.8995,yahoo×fx
2026-04-07,미장,알파벳 Class A,GOOGL,USD,305.46,457924.2385,yahoo×fx
2026-04-08,미장,알파벳 Class A,GOOGL,USD,317.32,468872.0351,yahoo×fx
2026-04-09,미장,알파벳 Class A,GOOGL,USD,318.49,469224.9421,yahoo×fx
2026-04-10,미장,알파벳 Class A,GOOGL,USD,317.24,,yahoo(fx없음)
2026-04-13,미장,알파벳 Class A,GOOGL,USD,321.31,474523.4458,yahoo×fx
2026-04-14,미장,알파벳 Class A,GOOGL,USD,332.91,489184.6322,yahoo×fx
2026-04-15,미장,알파벳 Class A,GOOGL,USD,337.12,496935.1198,yahoo×fx
2026-04-16,미장,알파벳 Class A,GOOGL,USD,336.02,496610.6769,yahoo×fx
2026-04-17,미장,알파벳 Class A,GOOGL,USD,341.68,,yahoo(fx없음)
2026-04-20,미장,알파벳 Class A,GOOGL,USD,337.42,495757.7322,yahoo×fx
2026-04-21,미장,알파벳 Class A,GOOGL,USD,332.29,493716.5109,yahoo×fx
2026-04-22,미장,알파벳 Class A,GOOGL,USD,339.32,501501.3848,yahoo×fx
2026-04-23,미장,알파벳 Class A,GOOGL,USD,338.89,501540.2606,yahoo×fx
2026-04-24,미장,알파벳 Class A,GOOGL,USD,344.4,,yahoo(fx없음)
2026-04-27,미장,알파벳 Class A,GOOGL,USD,350.34,516050.8146,yahoo×fx
2026-04-28,미장,알파벳 Class A,GOOGL,USD,349.78,514872.657,yahoo×fx
2026-04-29,미장,알파벳 Class A,GOOGL,USD,349.94,520493.7625,yahoo×fx
2026-04-30,미장,알파벳 Class A,GOOGL,USD,384.8,567199.0338,yahoo×fx
2026-05-01,미장,알파벳 Class A,GOOGL,USD,385.69,,yahoo(fx없음)
2026-05-04,미장,알파벳 Class A,GOOGL,USD,383.25,565696.1812,yahoo×fx
2026-05-05,미장,알파벳 Class A,GOOGL,USD,388.43,572530.2568,yahoo×fx
2026-05-06,미장,알파벳 Class A,GOOGL,USD,398.04,574948.8709,yahoo×fx
2026-05-07,미장,알파벳 Class A,GOOGL,USD,397.99,578991.8734,yahoo×fx
2026-05-08,미장,알파벳 Class A,GOOGL,USD,400.8,,yahoo(fx없음)
2026-05-11,미장,알파벳 Class A,GOOGL,USD,388.64,573030.2506,yahoo×fx
2026-05-12,미장,알파벳 Class A,GOOGL,USD,387.35,578309.6818,yahoo×fx
2026-05-13,미장,알파벳 Class A,GOOGL,USD,402.62,599839.3598,yahoo×fx
2026-05-14,미장,알파벳 Class A,GOOGL,USD,401.07,598933.871,yahoo×fx
2026-05-15,미장,알파벳 Class A,GOOGL,USD,396.78,,yahoo(fx없음)
2026-05-18,미장,알파벳 Class A,GOOGL,USD,396.94,592361.4831,yahoo×fx
2026-05-19,미장,알파벳 Class A,GOOGL,USD,387.66,584533.1271,yahoo×fx
2026-05-20,미장,알파벳 Class A,GOOGL,USD,388.91,583275.5638,yahoo×fx
2026-05-21,미장,알파벳 Class A,GOOGL,USD,387.66,583195.719,yahoo×fx
2026-05-22,미장,알파벳 Class A,GOOGL,USD,382.97,,yahoo(fx없음)
2026-05-26,미장,알파벳 Class A,GOOGL,USD,388.88,585435.4918,yahoo×fx
2026-05-27,미장,알파벳 Class A,GOOGL,USD,388.83,584454.2354,yahoo×fx
2026-05-28,미장,알파벳 Class A,GOOGL,USD,390.13,583357.5102,yahoo×fx
2026-05-29,미장,알파벳 Class A,GOOGL,USD,380.34,,yahoo(fx없음)
2026-06-01,미장,알파벳 Class A,GOOGL,USD,376.37,568796.6899,yahoo×fx
2026-06-02,미장,알파벳 Class A,GOOGL,USD,361.85,548781.7104,yahoo×fx
2026-06-03,미장,알파벳 Class A,GOOGL,USD,358.99,549294.1687,yahoo×fx
2026-06-04,미장,알파벳 Class A,GOOGL,USD,372.19,570593.3071,yahoo×fx
2026-06-05,미장,알파벳 Class A,GOOGL,USD,368.53,,yahoo(fx없음)
2026-06-08,미장,알파벳 Class A,GOOGL,USD,363.31,555457.3908,yahoo×fx
2026-06-09,미장,알파벳 Class A,GOOGL,USD,364.26,555791.5868,yahoo×fx
2026-06-10,미장,알파벳 Class A,GOOGL,USD,356.38,543497.3438,yahoo×fx
2026-06-11,미장,알파벳 Class A,GOOGL,USD,357.77,542873.0277,yahoo×fx
2026-06-12,미장,알파벳 Class A,GOOGL,USD,359.68,,yahoo(fx없음)
2026-06-15,미장,알파벳 Class A,GOOGL,USD,369.35,558941.0794,yahoo×fx
2026-06-16,미장,알파벳 Class A,GOOGL,USD,373.25,563965.8054,yahoo×fx
2026-06-17,미장,알파벳 Class A,GOOGL,USD,363.79,554932.5708,yahoo×fx
2026-06-18,미장,알파벳 Class A,GOOGL,USD,368.03,565868.2265,yahoo×fx
2026-06-22,미장,알파벳 Class A,GOOGL,USD,349.68,538175.0098,yahoo×fx
2026-06-23,미장,알파벳 Class A,GOOGL,USD,346.13,531396.09,yahoo×fx
2026-06-24,미장,알파벳 Class A,GOOGL,USD,345.29,532699.617,yahoo×fx
2026-06-25,미장,알파벳 Class A,GOOGL,USD,343.71,531540.6209,yahoo×fx
2026-06-26,미장,알파벳 Class A,GOOGL,USD,337.39,,yahoo(fx없음)
2026-06-29,미장,알파벳 Class A,GOOGL,USD,353.65,545232.7982,yahoo×fx
2026-06-30,미장,알파벳 Class A,GOOGL,USD,357.37,553426.7429,yahoo×fx
2026-07-01,미장,알파벳 Class A,GOOGL,USD,361.21,560529.298,yahoo×fx
2026-07-02,미장,알파벳 Class A,GOOGL,USD,359.91,555028.0157,yahoo×fx
2026-07-06,미장,알파벳 Class A,GOOGL,USD,366.46,560229.3801,yahoo×fx
2026-07-07,미장,알파벳 Class A,GOOGL,USD,367.03,557834.2086,yahoo×fx
2026-07-08,미장,알파벳 Class A,GOOGL,USD,361.92,544092.4434,yahoo×fx
2026-07-09,미장,알파벳 Class A,GOOGL,USD,358.89,540456.0742,yahoo×fx
2026-07-10,미장,알파벳 Class A,GOOGL,USD,357.18,,yahoo(fx없음)
2026-07-13,미장,알파벳 Class A,GOOGL,USD,352.51,527954.2244,yahoo×fx
2026-07-14,미장,알파벳 Class A,GOOGL,USD,359.51,534907.7551,yahoo×fx
2026-07-15,미장,알파벳 Class A,GOOGL,USD,370.92,551261.3058,yahoo×fx
2026-07-16,미장,알파벳 Class A,GOOGL,USD,354.46,524193.1497,yahoo×fx
2026-07-17,미장,알파벳 Class A,GOOGL,USD,346.77,,yahoo(fx없음)
2026-07-20,미장,알파벳 Class A,GOOGL,USD,351.99,519188.7589,yahoo×fx
2026-07-21,미장,알파벳 Class A,GOOGL,USD,347.15,513684.7788,yahoo×fx
2026-07-22,미장,알파벳 Class A,GOOGL,USD,342.09,504798.263,yahoo×fx
2026-07-23,미장,알파벳 Class A,GOOGL,USD,317.69,468287.7836,yahoo×fx
2026-07-24,미장,알파벳 Class A,GOOGL,USD,319.74,,yahoo(fx없음)
2026-07-27,미장,알파벳 Class A,GOOGL,USD,326.56,478227.5037,yahoo×fx
2026-07-28,미장,알파벳 Class A,GOOGL,USD,333.71,484934.0226,yahoo×fx
2026-07-29,미장,알파벳 Class A,GOOGL,USD,336.71,485630.0963,yahoo×fx
2026-07-30,미장,알파벳 Class A,GOOGL,USD,333.66,473997.3931,yahoo×fx
2026-07-31,미장,알파벳 Class A,GOOGL,USD,356.13,,yahoo(fx없음)
2026-08-03,미장,알파벳 Class A,GOOGL,USD,373.51,533559.049,yahoo×fx
2026-08-04,미장,알파벳 Class A,GOOGL,USD,377.65,539446.6011,yahoo×fx
2026-08-05,미장,알파벳 Class A,GOOGL,USD,362.43,515071.0208,yahoo×fx
2026-08-06,미장,알파벳 Class A,GOOGL,USD,357.75,508827.8425,yahoo×fx
2026-08-07,미장,알파벳 Class A,GOOGL,USD,354.3,,yahoo(fx없음)
2026-08-10,미장,알파벳 Class A,GOOGL,USD,357.52,506716.6766,yahoo×fx
2026-08-11,미장,알파벳 Class A,GOOGL,USD,343.8,485507.4852,yahoo×fx
2026-08-12,미장,알파벳 Class A,GOOGL,USD,343.54,486610.6671,yahoo×fx
2026-08-13,미장,알파벳 Class A,GOOGL,USD,346.36,490740.1368,yahoo×fx
2026-08-14,미장,알파벳 Class A,GOOGL,USD,345.9,,yahoo(fx없음)
2026-08-17,미장,알파벳 Class A,GOOGL,USD,344.0,486667.1133,yahoo×fx
2026-08-18,미장,알파벳 Class A,GOOGL,USD,344.2,486554.2381,yahoo×fx
2026-08-19,미장,알파벳 Class A,GOOGL,USD,344.72,478953.9781,yahoo×fx
2026-08-20,미장,알파벳 Class A,GOOGL,USD,340.67,473800.4613,yahoo×fx
2026-08-21,미장,알파벳 Class A,GOOGL,USD,344.82,,yahoo(fx없음)
2026-08-24,미장,알파벳 Class A,GOOGL,USD,348.06,,yahoo(fx없음)
2026-08-25,미장,알파벳 Class A,GOOGL,USD,345.8899,478279.249,yahoo×fx
2026-01-29,미장,허드베이 미네랄,HBM,USD,26.91,38461.656,yahoo×fx
2026-01-30,미장,허드베이 미네랄,HBM,USD,23.68,33833.0375,yahoo×fx
2026-02-02,미장,허드베이 미네랄,HBM,USD,24.1,34916.0817,yahoo×fx
2026-02-03,미장,허드베이 미네랄,HBM,USD,26.26,38143.7018,yahoo×fx
2026-02-04,미장,허드베이 미네랄,HBM,USD,25.55,36962.6743,yahoo×fx
2026-01-16,미장,헌팅턴 잉걸스 인더스트리즈,HII,USD,425.9,625578.9325,yahoo×fx
2026-01-20,미장,헌팅턴 잉걸스 인더스트리즈,HII,USD,415.58,611534.27,yahoo×fx
2026-01-21,미장,헌팅턴 잉걸스 인더스트리즈,HII,USD,422.68,624628.052,yahoo×fx
2026-01-22,미장,헌팅턴 잉걸스 인더스트리즈,HII,USD,424.14,621292.999,yahoo×fx
2026-01-23,미장,헌팅턴 잉걸스 인더스트리즈,HII,USD,418.58,612491.3552,yahoo×fx
2026-01-26,미장,헌팅턴 잉걸스 인더스트리즈,HII,USD,413.56,597515.6443,yahoo×fx
2026-01-27,미장,헌팅턴 잉걸스 인더스트리즈,HII,USD,422.79,609231.9383,yahoo×fx
2026-01-28,미장,헌팅턴 잉걸스 인더스트리즈,HII,USD,425.39,609375.454,yahoo×fx
2026-01-29,미장,헌팅턴 잉걸스 인더스트리즈,HII,USD,427.83,611484.5733,yahoo×fx
2026-01-30,미장,헌팅턴 잉걸스 인더스트리즈,HII,USD,420.51,600807.8857,yahoo×fx
2026-02-02,미장,헌팅턴 잉걸스 인더스트리즈,HII,USD,420.3,608930.6428,yahoo×fx
2026-02-03,미장,헌팅턴 잉걸스 인더스트리즈,HII,USD,429.64,624069.3237,yahoo×fx
2026-02-04,미장,헌팅턴 잉걸스 인더스트리즈,HII,USD,413.14,597681.4186,yahoo×fx
2026-02-05,미장,헌팅턴 잉걸스 인더스트리즈,HII,USD,369.38,539335.4335,yahoo×fx
2026-02-06,미장,헌팅턴 잉걸스 인더스트리즈,HII,USD,397.77,584992.3888,yahoo×fx
2026-02-09,미장,헌팅턴 잉걸스 인더스트리즈,HII,USD,405.82,593471.1886,yahoo×fx
2026-02-10,미장,헌팅턴 잉걸스 인더스트리즈,HII,USD,399.37,582497.1283,yahoo×fx
2026-02-11,미장,헌팅턴 잉걸스 인더스트리즈,HII,USD,392.7,571508.0915,yahoo×fx
2026-02-12,미장,헌팅턴 잉걸스 인더스트리즈,HII,USD,406.76,587438.7147,yahoo×fx
2026-02-13,미장,헌팅턴 잉걸스 인더스트리즈,HII,USD,418.78,603420.1105,yahoo×fx
2026-02-17,미장,헌팅턴 잉걸스 인더스트리즈,HII,USD,417.83,601771.2734,yahoo×fx
2026-02-18,미장,헌팅턴 잉걸스 인더스트리즈,HII,USD,424.89,611828.8619,yahoo×fx
2026-01-02,미장,로빈후드,HOOD,USD,115.21,166321.7648,yahoo×fx
2026-01-05,미장,로빈후드,HOOD,USD,123.24,177524.7497,yahoo×fx
2026-01-06,미장,로빈후드,HOOD,USD,121.7,175924.6547,yahoo×fx
2026-01-07,미장,로빈후드,HOOD,USD,116.97,169016.9684,yahoo×fx
2026-01-08,미장,로빈후드,HOOD,USD,115.39,166870.0954,yahoo×fx
2026-01-09,미장,로빈후드,HOOD,USD,115.27,167150.7117,yahoo×fx
2026-01-12,미장,로빈후드,HOOD,USD,117.52,171019.7988,yahoo×fx
2026-01-13,미장,로빈후드,HOOD,USD,120.24,176143.1865,yahoo×fx
2026-01-14,미장,로빈후드,HOOD,USD,119.67,176275.1052,yahoo×fx
2026-01-15,미장,로빈후드,HOOD,USD,110.35,161431.0155,yahoo×fx
2026-01-16,미장,로빈후드,HOOD,USD,108.74,159721.6547,yahoo×fx
2026-01-20,미장,로빈후드,HOOD,USD,105.78,155657.3859,yahoo×fx
2026-01-21,미장,로빈후드,HOOD,USD,105.92,156526.458,yahoo×fx
2026-01-22,미장,로빈후드,HOOD,USD,106.25,155638.1828,yahoo×fx
2026-01-23,미장,로빈후드,HOOD,USD,106.99,156554.1853,yahoo×fx
2026-01-26,미장,로빈후드,HOOD,USD,107.0,154594.6763,yahoo×fx
2026-01-27,미장,로빈후드,HOOD,USD,105.24,151648.7301,yahoo×fx
2026-01-28,미장,로빈후드,HOOD,USD,103.4,148121.5372,yahoo×fx
2026-01-29,미장,로빈후드,HOOD,USD,101.24,144699.2937,yahoo×fx
2026-01-30,미장,로빈후드,HOOD,USD,99.48,142133.0506,yahoo×fx
2026-02-02,미장,로빈후드,HOOD,USD,89.91,130261.6177,yahoo×fx
2026-02-03,미장,로빈후드,HOOD,USD,87.07,126472.6608,yahoo×fx
2026-02-04,미장,로빈후드,HOOD,USD,80.62,116631.3499,yahoo×fx
2026-02-05,미장,로빈후드,HOOD,USD,72.68,106120.7942,yahoo×fx
2026-02-06,미장,로빈후드,HOOD,USD,82.82,121801.7216,yahoo×fx
2026-02-09,미장,로빈후드,HOOD,USD,86.56,126585.3425,yahoo×fx
2026-02-10,미장,로빈후드,HOOD,USD,85.6,124851.0251,yahoo×fx
2026-02-11,미장,로빈후드,HOOD,USD,77.97,113472.0785,yahoo×fx
2026-02-12,미장,로빈후드,HOOD,USD,71.12,102710.7926,yahoo×fx
2026-02-13,미장,로빈후드,HOOD,USD,75.97,109465.1766,yahoo×fx
2026-02-17,미장,로빈후드,HOOD,USD,75.44,108650.9532,yahoo×fx
2026-02-18,미장,로빈후드,HOOD,USD,75.21,108300.1402,yahoo×fx
2026-02-19,미장,로빈후드,HOOD,USD,75.65,108948.1088,yahoo×fx
2026-02-20,미장,로빈후드,HOOD,USD,76.11,110188.2534,yahoo×fx
2026-02-23,미장,로빈후드,HOOD,USD,71.78,103610.1172,yahoo×fx
2026-02-24,미장,로빈후드,HOOD,USD,73.39,105843.0535,yahoo×fx
2026-02-25,미장,로빈후드,HOOD,USD,77.53,111642.4222,yahoo×fx
2026-02-26,미장,로빈후드,HOOD,USD,79.45,113369.5884,yahoo×fx
2026-02-27,미장,로빈후드,HOOD,USD,75.85,108641.4657,yahoo×fx
2026-03-02,미장,로빈후드,HOOD,USD,78.78,113325.0282,yahoo×fx
2026-03-03,미장,로빈후드,HOOD,USD,76.07,110474.1799,yahoo×fx
2026-03-04,미장,로빈후드,HOOD,USD,82.21,121923.1789,yahoo×fx
2026-03-05,미장,로빈후드,HOOD,USD,80.56,117678.0164,yahoo×fx
2026-03-06,미장,로빈후드,HOOD,USD,77.09,114055.4212,yahoo×fx
2026-03-09,미장,로빈후드,HOOD,USD,79.35,117746.6704,yahoo×fx
2026-03-10,미장,로빈후드,HOOD,USD,78.53,115004.825,yahoo×fx
2026-03-11,미장,로빈후드,HOOD,USD,78.69,115893.0641,yahoo×fx
2026-03-12,미장,로빈후드,HOOD,USD,76.12,112302.8823,yahoo×fx
2026-03-13,미장,로빈후드,HOOD,USD,73.39,107925.8621,yahoo×fx
2026-03-16,미장,로빈후드,HOOD,USD,75.31,113096.7888,yahoo×fx
2026-03-17,미장,로빈후드,HOOD,USD,77.35,115167.1889,yahoo×fx
2026-03-18,미장,로빈후드,HOOD,USD,74.9,111216.7649,yahoo×fx
2026-03-19,미장,로빈후드,HOOD,USD,74.16,111629.3455,yahoo×fx
2026-03-20,미장,로빈후드,HOOD,USD,70.89,105614.7543,yahoo×fx
2026-03-23,미장,로빈후드,HOOD,USD,72.49,109040.1769,yahoo×fx
2026-03-24,미장,로빈후드,HOOD,USD,69.08,102608.6705,yahoo×fx
2026-03-25,미장,로빈후드,HOOD,USD,72.54,108614.873,yahoo×fx
2026-03-26,미장,로빈후드,HOOD,USD,70.35,105593.2351,yahoo×fx
2026-03-27,미장,로빈후드,HOOD,USD,66.02,99581.9212,yahoo×fx
2026-03-30,미장,로빈후드,HOOD,USD,65.16,98791.0367,yahoo×fx
2026-03-31,미장,로빈후드,HOOD,USD,69.3,104180.7705,yahoo×fx
2026-04-01,미장,로빈후드,HOOD,USD,70.11,106012.6284,yahoo×fx
2026-04-02,미장,로빈후드,HOOD,USD,68.9,103985.2583,yahoo×fx
2026-04-06,미장,로빈후드,HOOD,USD,69.78,105217.7695,yahoo×fx
2026-04-07,미장,로빈후드,HOOD,USD,69.65,104414.4071,yahoo×fx
2026-04-08,미장,로빈후드,HOOD,USD,71.83,106136.009,yahoo×fx
2026-04-09,미장,로빈후드,HOOD,USD,70.12,103306.3997,yahoo×fx
2026-04-10,미장,로빈후드,HOOD,USD,69.19,,yahoo(fx없음)
2026-04-13,미장,로빈후드,HOOD,USD,71.67,105845.1176,yahoo×fx
2026-04-14,미장,로빈후드,HOOD,USD,79.09,116216.4259,yahoo×fx
2026-04-15,미장,로빈후드,HOOD,USD,87.32,128714.9239,yahoo×fx
2026-04-16,미장,로빈후드,HOOD,USD,86.85,128357.3536,yahoo×fx
2026-04-17,미장,로빈후드,HOOD,USD,90.75,,yahoo(fx없음)
2026-04-20,미장,로빈후드,HOOD,USD,91.275,134106.7096,yahoo×fx
2026-04-21,미장,로빈후드,HOOD,USD,86.43,128417.6987,yahoo×fx
2026-04-22,미장,로빈후드,HOOD,USD,88.43,130695.9998,yahoo×fx
2026-04-20,미장,티렉스 로빈후드 타겟 2배 ETF,HOOX,USD,32.54,47809.7221,yahoo×fx
2026-04-21,미장,티렉스 로빈후드 타겟 2배 ETF,HOOX,USD,29.129,43279.8692,yahoo×fx
2026-04-22,미장,티렉스 로빈후드 타겟 2배 ETF,HOOX,USD,30.61,45240.3553,yahoo×fx
2026-04-23,미장,티렉스 로빈후드 타겟 2배 ETF,HOOX,USD,27.08,40077.0446,yahoo×fx
2026-04-24,미장,티렉스 로빈후드 타겟 2배 ETF,HOOX,USD,27.821,,yahoo(fx없음)
2026-04-27,미장,티렉스 로빈후드 타겟 2배 ETF,HOOX,USD,27.281,40184.9132,yahoo×fx
2026-04-28,미장,티렉스 로빈후드 타겟 2배 ETF,HOOX,USD,26.034,38321.788,yahoo×fx
2026-04-29,미장,티렉스 로빈후드 타겟 2배 ETF,HOOX,USD,19.14,28468.4524,yahoo×fx
2026-04-30,미장,티렉스 로빈후드 타겟 2배 ETF,HOOX,USD,20.103,29632.0242,yahoo×fx
2026-05-01,미장,티렉스 로빈후드 타겟 2배 ETF,HOOX,USD,20.5,,yahoo(fx없음)
2026-05-04,미장,티렉스 로빈후드 타겟 2배 ETF,HOOX,USD,22.034,32523.2874,yahoo×fx
2026-05-05,미장,티렉스 로빈후드 타겟 2배 ETF,HOOX,USD,22.51,33178.8391,yahoo×fx
2026-05-06,미장,티렉스 로빈후드 타겟 2배 ETF,HOOX,USD,23.492,33933.0191,yahoo×fx
2026-05-07,미장,티렉스 로빈후드 타겟 2배 ETF,HOOX,USD,21.769,31669.3231,yahoo×fx
2026-05-08,미장,티렉스 로빈후드 타겟 2배 ETF,HOOX,USD,22.14,,yahoo(fx없음)
2026-05-11,미장,티렉스 로빈후드 타겟 2배 ETF,HOOX,USD,24.325,35865.9962,yahoo×fx
2026-05-12,미장,티렉스 로빈후드 타겟 2배 ETF,HOOX,USD,22.77,33995.3828,yahoo×fx
2026-05-13,미장,티렉스 로빈후드 타겟 2배 ETF,HOOX,USD,21.99,32761.5805,yahoo×fx
2026-05-14,미장,티렉스 로빈후드 타겟 2배 ETF,HOOX,USD,24.168,36091.0392,yahoo×fx
2026-01-02,미장,아이셰어즈 7-10년 미국 국채 ETF,IEF,USD,96.08,138704.9353,yahoo×fx
2026-01-05,미장,아이셰어즈 7-10년 미국 국채 ETF,IEF,USD,96.37,138819.0597,yahoo×fx
2026-01-06,미장,아이셰어즈 7-10년 미국 국채 ETF,IEF,USD,96.3,139207.4381,yahoo×fx
2026-01-07,미장,아이셰어즈 7-10년 미국 국채 ETF,IEF,USD,96.48,139409.7419,yahoo×fx
2026-01-08,미장,아이셰어즈 7-10년 미국 국채 ETF,IEF,USD,96.19,139104.2115,yahoo×fx
2026-01-09,미장,아이셰어즈 7-10년 미국 국채 ETF,IEF,USD,96.3,139642.7042,yahoo×fx
2026-01-12,미장,아이셰어즈 7-10년 미국 국채 ETF,IEF,USD,96.18,139964.9827,yahoo×fx
2026-01-13,미장,아이셰어즈 7-10년 미국 국채 ETF,IEF,USD,96.3,141072.7686,yahoo×fx
2026-01-14,미장,아이셰어즈 7-10년 미국 국채 ETF,IEF,USD,96.5,142145.4659,yahoo×fx
2026-01-15,미장,아이셰어즈 7-10년 미국 국채 ETF,IEF,USD,96.3,140877.2768,yahoo×fx
2026-01-16,미장,아이셰어즈 7-10년 미국 국채 ETF,IEF,USD,95.93,140905.8184,yahoo×fx
2026-01-20,미장,아이셰어즈 7-10년 미국 국채 ETF,IEF,USD,95.55,140603.7424,yahoo×fx
2026-01-21,미장,아이셰어즈 7-10년 미국 국채 ETF,IEF,USD,95.8,141571.3313,yahoo×fx
2026-01-22,미장,아이셰어즈 7-10년 미국 국채 ETF,IEF,USD,95.79,140316.0628,yahoo×fx
2026-01-23,미장,아이셰어즈 7-10년 미국 국채 ETF,IEF,USD,95.95,140399.7935,yahoo×fx
2026-01-26,미장,아이셰어즈 7-10년 미국 국채 ETF,IEF,USD,96.09,138831.7932,yahoo×fx
2026-01-27,미장,아이셰어즈 7-10년 미국 국채 ETF,IEF,USD,95.98,138305.2634,yahoo×fx
2026-01-28,미장,아이셰어즈 7-10년 미국 국채 ETF,IEF,USD,95.9,137377.7121,yahoo×fx
2026-01-29,미장,아이셰어즈 7-10년 미국 국채 ETF,IEF,USD,96.0,137209.9219,yahoo×fx
2026-01-30,미장,아이셰어즈 7-10년 미국 국채 ETF,IEF,USD,95.94,137075.2388,yahoo×fx
2026-02-02,미장,아이셰어즈 7-10년 미국 국채 ETF,IEF,USD,95.44,138273.4802,yahoo×fx
2026-02-03,미장,아이셰어즈 7-10년 미국 국채 ETF,IEF,USD,95.53,138761.1482,yahoo×fx
2026-02-04,미장,아이셰어즈 7-10년 미국 국채 ETF,IEF,USD,95.51,138172.415,yahoo×fx
2026-02-05,미장,아이셰어즈 7-10년 미국 국채 ETF,IEF,USD,96.07,140272.7658,yahoo×fx
2026-02-06,미장,아이셰어즈 7-10년 미국 국채 ETF,IEF,USD,96.07,141288.2323,yahoo×fx
2026-02-09,미장,아이셰어즈 7-10년 미국 국채 ETF,IEF,USD,96.09,140522.013,yahoo×fx
2026-02-10,미장,아이셰어즈 7-10년 미국 국채 ETF,IEF,USD,96.51,140763.7023,yahoo×fx
2026-02-11,미장,아이셰어즈 7-10년 미국 국채 ETF,IEF,USD,96.24,140060.9519,yahoo×fx
2026-02-12,미장,아이셰어즈 7-10년 미국 국채 ETF,IEF,USD,96.83,139840.9147,yahoo×fx
2026-02-13,미장,아이셰어즈 7-10년 미국 국채 ETF,IEF,USD,97.21,140069.8901,yahoo×fx
2026-02-17,미장,아이셰어즈 7-10년 미국 국채 ETF,IEF,USD,97.2,139990.3497,yahoo×fx
2026-02-18,미장,아이셰어즈 7-10년 미국 국채 ETF,IEF,USD,97.0,139677.0872,yahoo×fx
2026-02-19,미장,아이셰어즈 7-10년 미국 국채 ETF,IEF,USD,97.09,139825.1324,yahoo×fx
2026-02-20,미장,아이셰어즈 7-10년 미국 국채 ETF,IEF,USD,97.09,140562.0422,yahoo×fx
2026-02-23,미장,아이셰어즈 7-10년 미국 국채 ETF,IEF,USD,97.44,140648.7914,yahoo×fx
2026-02-24,미장,아이셰어즈 7-10년 미국 국채 ETF,IEF,USD,97.42,140499.1166,yahoo×fx
2026-02-25,미장,아이셰어즈 7-10년 미국 국채 ETF,IEF,USD,97.34,140168.6204,yahoo×fx
2026-02-26,미장,아이셰어즈 7-10년 미국 국채 ETF,IEF,USD,97.6,139268.3711,yahoo×fx
2026-02-27,미장,아이셰어즈 7-10년 미국 국채 ETF,IEF,USD,97.99,140353.0285,yahoo×fx
2026-03-02,미장,아이셰어즈 7-10년 미국 국채 ETF,IEF,USD,97.12,139707.124,yahoo×fx
2026-03-03,미장,아이셰어즈 7-10년 미국 국채 ETF,IEF,USD,97.01,140884.7177,yahoo×fx
2026-03-04,미장,아이셰어즈 7-10년 미국 국채 ETF,IEF,USD,96.81,143575.9979,yahoo×fx
2026-03-05,미장,아이셰어즈 7-10년 미국 국채 ETF,IEF,USD,96.51,140976.9856,yahoo×fx
2026-03-06,미장,아이셰어즈 7-10년 미국 국채 ETF,IEF,USD,96.45,142698.7359,yahoo×fx
2026-03-09,미장,아이셰어즈 7-10년 미국 국채 ETF,IEF,USD,96.75,143566.3589,yahoo×fx
2026-03-10,미장,아이셰어즈 7-10년 미국 국채 ETF,IEF,USD,96.44,141233.4875,yahoo×fx
2026-03-11,미장,아이셰어즈 7-10년 미국 국채 ETF,IEF,USD,96.0,141386.8828,yahoo×fx
2026-03-12,미장,아이셰어즈 7-10년 미국 국채 ETF,IEF,USD,95.69,141175.2849,yahoo×fx
2026-03-13,미장,아이셰어즈 7-10년 미국 국채 ETF,IEF,USD,95.59,140572.7326,yahoo×fx
2026-03-16,미장,아이셰어즈 7-10년 미국 국채 ETF,IEF,USD,96.02,144198.03,yahoo×fx
2026-03-17,미장,아이셰어즈 7-10년 미국 국채 ETF,IEF,USD,96.19,143218.2598,yahoo×fx
2026-03-18,미장,아이셰어즈 7-10년 미국 국채 ETF,IEF,USD,95.75,142176.302,yahoo×fx
2026-03-19,미장,아이셰어즈 7-10년 미국 국채 ETF,IEF,USD,95.74,144112.6318,yahoo×fx
2026-03-20,미장,아이셰어즈 7-10년 미국 국채 ETF,IEF,USD,94.88,141356.0119,yahoo×fx
2026-03-23,미장,아이셰어즈 7-10년 미국 국채 ETF,IEF,USD,95.18,143170.7045,yahoo×fx
2026-03-24,미장,아이셰어즈 7-10년 미국 국채 ETF,IEF,USD,94.86,140901.2491,yahoo×fx
2026-03-25,미장,아이셰어즈 7-10년 미국 국채 ETF,IEF,USD,95.36,142783.4881,yahoo×fx
2026-03-26,미장,아이셰어즈 7-10년 미국 국채 ETF,IEF,USD,94.59,141976.744,yahoo×fx
2026-03-27,미장,아이셰어즈 7-10년 미국 국채 ETF,IEF,USD,94.6,142690.8523,yahoo×fx
2026-03-30,미장,아이셰어즈 7-10년 미국 국채 ETF,IEF,USD,95.27,144441.7005,yahoo×fx
2026-03-31,미장,아이셰어즈 7-10년 미국 국채 ETF,IEF,USD,95.44,143477.8147,yahoo×fx
2026-04-01,미장,아이셰어즈 7-10년 미국 국채 ETF,IEF,USD,95.04,143709.0317,yahoo×fx
2026-04-02,미장,아이셰어즈 7-10년 미국 국채 ETF,IEF,USD,95.26,143768.2976,yahoo×fx
2026-04-06,미장,아이셰어즈 7-10년 미국 국채 ETF,IEF,USD,95.01,143260.8294,yahoo×fx
2026-04-07,미장,아이셰어즈 7-10년 미국 국채 ETF,IEF,USD,95.25,142792.133,yahoo×fx
2026-04-08,미장,아이셰어즈 7-10년 미국 국채 ETF,IEF,USD,95.46,141051.6923,yahoo×fx
2026-04-09,미장,아이셰어즈 7-10년 미국 국채 ETF,IEF,USD,95.43,140595.1136,yahoo×fx
2026-04-10,미장,아이셰어즈 7-10년 미국 국채 ETF,IEF,USD,95.27,,yahoo(fx없음)
2026-04-13,미장,아이셰어즈 7-10년 미국 국채 ETF,IEF,USD,95.48,141008.6849,yahoo×fx
2026-04-14,미장,아이셰어즈 7-10년 미국 국채 ETF,IEF,USD,95.79,140755.7474,yahoo×fx
2026-04-15,미장,아이셰어즈 7-10년 미국 국채 ETF,IEF,USD,95.58,140890.6631,yahoo×fx
2026-04-16,미장,아이셰어즈 7-10년 미국 국채 ETF,IEF,USD,95.41,141008.3568,yahoo×fx
2026-04-17,미장,아이셰어즈 7-10년 미국 국채 ETF,IEF,USD,95.93,,yahoo(fx없음)
2026-04-20,미장,아이셰어즈 7-10년 미국 국채 ETF,IEF,USD,95.84,140813.874,yahoo×fx
2026-04-21,미장,아이셰어즈 7-10년 미국 국채 ETF,IEF,USD,95.42,141775.0379,yahoo×fx
2026-04-22,미장,아이셰어즈 7-10년 미국 국채 ETF,IEF,USD,95.52,141174.7305,yahoo×fx
2026-04-23,미장,아이셰어즈 7-10년 미국 국채 ETF,IEF,USD,95.37,141142.8309,yahoo×fx
2026-04-24,미장,아이셰어즈 7-10년 미국 국채 ETF,IEF,USD,95.56,,yahoo(fx없음)
2026-04-27,미장,아이셰어즈 7-10년 미국 국채 ETF,IEF,USD,95.34,140435.8146,yahoo×fx
2026-04-28,미장,아이셰어즈 7-10년 미국 국채 ETF,IEF,USD,95.25,140207.0466,yahoo×fx
2026-04-29,미장,아이셰어즈 7-10년 미국 국채 ETF,IEF,USD,94.8,141003.629,yahoo×fx
2026-04-30,미장,아이셰어즈 7-10년 미국 국채 ETF,IEF,USD,94.98,140001.4757,yahoo×fx
2026-05-01,미장,아이셰어즈 7-10년 미국 국채 ETF,IEF,USD,94.74,,yahoo(fx없음)
2026-05-04,미장,아이셰어즈 7-10년 미국 국채 ETF,IEF,USD,94.39,139324.3632,yahoo×fx
2026-05-05,미장,아이셰어즈 7-10년 미국 국채 ETF,IEF,USD,94.53,139333.4333,yahoo×fx
2026-05-06,미장,아이셰어즈 7-10년 미국 국채 ETF,IEF,USD,95.0,137222.7454,yahoo×fx
2026-05-07,미장,아이셰어즈 7-10년 미국 국채 ETF,IEF,USD,94.71,137783.1633,yahoo×fx
2026-05-08,미장,아이셰어즈 7-10년 미국 국채 ETF,IEF,USD,94.96,,yahoo(fx없음)
2026-05-11,미장,아이셰어즈 7-10년 미국 국채 ETF,IEF,USD,94.64,139541.9425,yahoo×fx
2026-05-12,미장,아이셰어즈 7-10년 미국 국채 ETF,IEF,USD,94.32,140818.8154,yahoo×fx
2026-05-13,미장,아이셰어즈 7-10년 미국 국채 ETF,IEF,USD,94.32,140521.7051,yahoo×fx
2026-05-14,미장,아이셰어즈 7-10년 미국 국채 ETF,IEF,USD,94.26,140762.2284,yahoo×fx
2026-05-15,미장,아이셰어즈 7-10년 미국 국채 ETF,IEF,USD,93.51,,yahoo(fx없음)
2026-05-18,미장,아이셰어즈 7-10년 미국 국채 ETF,IEF,USD,93.47,139487.1472,yahoo×fx
2026-05-19,미장,아이셰어즈 7-10년 미국 국채 ETF,IEF,USD,93.11,140395.9121,yahoo×fx
2026-05-20,미장,아이셰어즈 7-10년 미국 국채 ETF,IEF,USD,93.74,140588.4384,yahoo×fx
2026-05-21,미장,아이셰어즈 7-10년 미국 국채 ETF,IEF,USD,93.8,141112.7269,yahoo×fx
2026-05-22,미장,아이셰어즈 7-10년 미국 국채 ETF,IEF,USD,93.88,,yahoo(fx없음)
2026-05-26,미장,아이셰어즈 7-10년 미국 국채 ETF,IEF,USD,94.28,141932.8758,yahoo×fx
2026-05-27,미장,아이셰어즈 7-10년 미국 국채 ETF,IEF,USD,94.32,141773.3334,yahoo×fx
2026-05-28,미장,아이셰어즈 7-10년 미국 국채 ETF,IEF,USD,94.54,141364.7217,yahoo×fx
2026-05-29,미장,아이셰어즈 7-10년 미국 국채 ETF,IEF,USD,94.65,,yahoo(fx없음)
2026-06-01,미장,아이셰어즈 7-10년 미국 국채 ETF,IEF,USD,94.17,142316.295,yahoo×fx
2026-06-02,미장,아이셰어즈 7-10년 미국 국채 ETF,IEF,USD,94.24,142924.3785,yahoo×fx
2026-06-03,미장,아이셰어즈 7-10년 미국 국채 ETF,IEF,USD,94.0,143830.3386,yahoo×fx
2026-06-04,미장,아이셰어즈 7-10년 미국 국채 ETF,IEF,USD,94.12,144292.5476,yahoo×fx
2026-06-05,미장,아이셰어즈 7-10년 미국 국채 ETF,IEF,USD,93.62,,yahoo(fx없음)
2026-06-08,미장,아이셰어즈 7-10년 미국 국채 ETF,IEF,USD,93.52,142980.8529,yahoo×fx
2026-06-09,미장,아이셰어즈 7-10년 미국 국채 ETF,IEF,USD,93.78,143090.4654,yahoo×fx
2026-06-10,미장,아이셰어즈 7-10년 미국 국채 ETF,IEF,USD,93.69,142881.9428,yahoo×fx
2026-06-11,미장,아이셰어즈 7-10년 미국 국채 ETF,IEF,USD,94.34,143149.6241,yahoo×fx
2026-06-12,미장,아이셰어즈 7-10년 미국 국채 ETF,IEF,USD,94.18,,yahoo(fx없음)
2026-06-15,미장,아이셰어즈 7-10년 미국 국채 ETF,IEF,USD,94.28,142674.8705,yahoo×fx
2026-06-16,미장,아이셰어즈 7-10년 미국 국채 ETF,IEF,USD,94.52,142815.9304,yahoo×fx
2026-06-17,미장,아이셰어즈 7-10년 미국 국채 ETF,IEF,USD,94.02,143419.9874,yahoo×fx
2026-06-18,미장,아이셰어즈 7-10년 미국 국채 ETF,IEF,USD,94.36,145084.1681,yahoo×fx
2026-06-22,미장,아이셰어즈 7-10년 미국 국채 ETF,IEF,USD,94.0,144670.7046,yahoo×fx
2026-06-23,미장,아이셰어즈 7-10년 미국 국채 ETF,IEF,USD,94.12,144497.7342,yahoo×fx
2026-06-24,미장,아이셰어즈 7-10년 미국 국채 ETF,IEF,USD,94.73,146145.6609,yahoo×fx
2026-06-25,미장,아이셰어즈 7-10년 미국 국채 ETF,IEF,USD,94.79,146590.8388,yahoo×fx
2026-06-26,미장,아이셰어즈 7-10년 미국 국채 ETF,IEF,USD,95.03,,yahoo(fx없음)
2026-06-29,미장,아이셰어즈 7-10년 미국 국채 ETF,IEF,USD,95.06,146556.8482,yahoo×fx
2026-06-30,미장,아이셰어즈 7-10년 미국 국채 ETF,IEF,USD,94.57,146452.0458,yahoo×fx
2026-07-01,미장,아이셰어즈 7-10년 미국 국채 ETF,IEF,USD,94.03,145916.6979,yahoo×fx
2026-07-02,미장,아이셰어즈 7-10년 미국 국채 ETF,IEF,USD,94.12,145145.2803,yahoo×fx
2026-07-06,미장,아이셰어즈 7-10년 미국 국채 ETF,IEF,USD,94.18,143978.6182,yahoo×fx
2026-07-07,미장,아이셰어즈 7-10년 미국 국채 ETF,IEF,USD,93.7,142410.876,yahoo×fx
2026-07-08,미장,아이셰어즈 7-10년 미국 국채 ETF,IEF,USD,93.51,140578.2594,yahoo×fx
2026-07-09,미장,아이셰어즈 7-10년 미국 국채 ETF,IEF,USD,93.71,141118.8279,yahoo×fx
2026-07-10,미장,아이셰어즈 7-10년 미국 국채 ETF,IEF,USD,93.63,,yahoo(fx없음)
2026-07-13,미장,아이셰어즈 7-10년 미국 국채 ETF,IEF,USD,93.29,139720.4298,yahoo×fx
2026-07-14,미장,아이셰어즈 7-10년 미국 국채 ETF,IEF,USD,93.55,139191.179,yahoo×fx
2026-07-15,미장,아이셰어즈 7-10년 미국 국채 ETF,IEF,USD,93.78,139375.8296,yahoo×fx
2026-07-16,미장,아이셰어즈 7-10년 미국 국채 ETF,IEF,USD,93.72,138597.8215,yahoo×fx
2026-07-17,미장,아이셰어즈 7-10년 미국 국채 ETF,IEF,USD,93.84,,yahoo(fx없음)
2026-07-20,미장,아이셰어즈 7-10년 미국 국채 ETF,IEF,USD,93.54,137972.4377,yahoo×fx
2026-07-21,미장,아이셰어즈 7-10년 미국 국채 ETF,IEF,USD,93.31,138072.6669,yahoo×fx
2026-07-22,미장,아이셰어즈 7-10년 미국 국채 ETF,IEF,USD,93.1,137381.1512,yahoo×fx
2026-07-23,미장,아이셰어즈 7-10년 미국 국채 ETF,IEF,USD,92.85,136864.6154,yahoo×fx
2026-07-24,미장,아이셰어즈 7-10년 미국 국채 ETF,IEF,USD,93.03,,yahoo(fx없음)
2026-07-27,미장,아이셰어즈 7-10년 미국 국채 ETF,IEF,USD,93.28,136602.9559,yahoo×fx
2026-07-28,미장,아이셰어즈 7-10년 미국 국채 ETF,IEF,USD,93.56,135957.6493,yahoo×fx
2026-07-29,미장,아이셰어즈 7-10년 미국 국채 ETF,IEF,USD,93.17,134377.2277,yahoo×fx
2026-07-30,미장,아이셰어즈 7-10년 미국 국채 ETF,IEF,USD,93.21,132414.1224,yahoo×fx
2026-07-31,미장,아이셰어즈 7-10년 미국 국채 ETF,IEF,USD,92.95,,yahoo(fx없음)
2026-08-03,미장,아이셰어즈 7-10년 미국 국채 ETF,IEF,USD,92.82,132593.3696,yahoo×fx
2026-08-04,미장,아이셰어즈 7-10년 미국 국채 ETF,IEF,USD,93.25,133201.1025,yahoo×fx
2026-08-05,미장,아이셰어즈 7-10년 미국 국채 ETF,IEF,USD,93.31,132608.4393,yahoo×fx
2026-08-06,미장,아이셰어즈 7-10년 미국 국채 ETF,IEF,USD,92.95,132202.7852,yahoo×fx
2026-08-07,미장,아이셰어즈 7-10년 미국 국채 ETF,IEF,USD,93.17,,yahoo(fx없음)
2026-08-10,미장,아이셰어즈 7-10년 미국 국채 ETF,IEF,USD,92.76,131469.6841,yahoo×fx
2026-08-11,미장,아이셰어즈 7-10년 미국 국채 ETF,IEF,USD,92.87,131149.1655,yahoo×fx
2026-08-12,미장,아이셰어즈 7-10년 미국 국채 ETF,IEF,USD,92.96,131674.1167,yahoo×fx
2026-08-13,미장,아이셰어즈 7-10년 미국 국채 ETF,IEF,USD,93.3,132192.107,yahoo×fx
2026-08-14,미장,아이셰어즈 7-10년 미국 국채 ETF,IEF,USD,93.04,,yahoo(fx없음)
2026-08-17,미장,아이셰어즈 7-10년 미국 국채 ETF,IEF,USD,92.84,131343.5262,yahoo×fx
2026-08-18,미장,아이셰어즈 7-10년 미국 국채 ETF,IEF,USD,92.93,131363.9857,yahoo×fx
2026-08-19,미장,아이셰어즈 7-10년 미국 국채 ETF,IEF,USD,93.38,129742.1705,yahoo×fx
2026-08-20,미장,아이셰어즈 7-10년 미국 국채 ETF,IEF,USD,93.0,129343.4736,yahoo×fx
2026-08-21,미장,아이셰어즈 7-10년 미국 국채 ETF,IEF,USD,92.82,,yahoo(fx없음)
2026-08-24,미장,아이셰어즈 7-10년 미국 국채 ETF,IEF,USD,93.01,,yahoo(fx없음)
2026-08-25,미장,아이셰어즈 7-10년 미국 국채 ETF,IEF,USD,93.415,129169.5925,yahoo×fx
2026-05-13,미장,인텔,INTC,USD,120.29,179212.8509,yahoo×fx
2026-05-14,미장,인텔,INTC,USD,115.93,173122.9027,yahoo×fx
2026-05-15,미장,인텔,INTC,USD,108.77,,yahoo(fx없음)
2026-05-18,미장,인텔,INTC,USD,108.17,161424.2459,yahoo×fx
2026-05-19,미장,인텔,INTC,USD,110.8,167069.7819,yahoo×fx
2026-05-20,미장,인텔,INTC,USD,118.96,178412.6402,yahoo×fx
2026-05-21,미장,인텔,INTC,USD,118.5,178271.4029,yahoo×fx
2026-05-22,미장,인텔,INTC,USD,119.84,,yahoo(fx없음)
2026-05-26,미장,인텔,INTC,USD,123.52,185951.9365,yahoo×fx
2026-05-27,미장,인텔,INTC,USD,121.77,183033.6979,yahoo×fx
2026-05-28,미장,인텔,INTC,USD,120.89,180765.6119,yahoo×fx
2026-05-29,미장,인텔,INTC,USD,114.68,,yahoo(fx없음)
2026-06-01,미장,인텔,INTC,USD,109.33,165227.154,yahoo×fx
2026-06-02,미장,인텔,INTC,USD,107.93,163686.6358,yahoo×fx
2026-06-03,미장,인텔,INTC,USD,112.71,172458.695,yahoo×fx
2026-06-04,미장,인텔,INTC,USD,111.78,171366.5567,yahoo×fx
2026-06-05,미장,인텔,INTC,USD,99.17,,yahoo(fx없음)
2026-06-08,미장,인텔,INTC,USD,110.27,168589.593,yahoo×fx
2026-06-09,미장,인텔,INTC,USD,107.92,164665.4187,yahoo×fx
2026-06-10,미장,인텔,INTC,USD,107.04,163241.3586,yahoo×fx
2026-06-11,미장,인텔,INTC,USD,116.96,177472.764,yahoo×fx
2026-06-12,미장,인텔,INTC,USD,124.57,,yahoo(fx없음)
2026-06-15,미장,인텔,INTC,USD,127.86,193491.825,yahoo×fx
2026-06-16,미장,인텔,INTC,USD,117.05,176857.868,yahoo×fx
2026-06-17,미장,인텔,INTC,USD,121.1,184728.365,yahoo×fx
2026-06-18,미장,인텔,INTC,USD,133.99,206017.6807,yahoo×fx
2026-06-22,미장,인텔,INTC,USD,140.94,216913.7176,yahoo×fx
2026-06-23,미장,인텔,INTC,USD,132.28,203082.8681,yahoo×fx
2026-06-24,미장,인텔,INTC,USD,131.65,203104.3459,yahoo×fx
2026-06-25,미장,인텔,INTC,USD,132.87,205480.7875,yahoo×fx
2026-06-26,미장,인텔,INTC,USD,128.32,,yahoo(fx없음)
2026-06-29,미장,인텔,INTC,USD,131.72,203076.6749,yahoo×fx
2026-06-30,미장,인텔,INTC,USD,139.63,216232.4198,yahoo×fx
2026-07-01,미장,인텔,INTC,USD,127.02,197110.9084,yahoo×fx
2026-07-02,미장,인텔,INTC,USD,120.35,185595.3437,yahoo×fx
2026-07-06,미장,인텔,INTC,USD,122.2,186814.4685,yahoo×fx
2026-07-07,미장,인텔,INTC,USD,110.39,167777.3429,yahoo×fx
2026-07-08,미장,인텔,INTC,USD,110.24,165729.2981,yahoo×fx
2026-07-09,미장,인텔,INTC,USD,112.54,169475.1166,yahoo×fx
2026-04-09,미장,그래닛셰어즈 인텔 데일리 2배 ETF,INTW,USD,12.3237,18156.3341,yahoo×fx
2026-04-10,미장,그래닛셰어즈 인텔 데일리 2배 ETF,INTW,USD,12.5562,,yahoo(fx없음)
2026-04-13,미장,그래닛셰어즈 인텔 데일리 2배 ETF,INTW,USD,13.6888,20216.0935,yahoo×fx
2026-04-14,미장,그래닛셰어즈 인텔 데일리 2배 ETF,INTW,USD,13.1237,19284.3009,yahoo×fx
2026-04-15,미장,그래닛셰어즈 인텔 데일리 2배 ETF,INTW,USD,13.5675,19999.31,yahoo×fx
2026-04-16,미장,그래닛셰어즈 인텔 데일리 2배 ETF,INTW,USD,15.0887,22299.9659,yahoo×fx
2026-04-17,미장,그래닛셰어즈 인텔 데일리 2배 ETF,INTW,USD,15.02,,yahoo(fx없음)
2026-04-20,미장,그래닛셰어즈 인텔 데일리 2배 ETF,INTW,USD,13.81,20290.4814,yahoo×fx
2026-04-21,미장,그래닛셰어즈 인텔 데일리 2배 ETF,INTW,USD,14.0387,20858.775,yahoo×fx
2026-04-22,미장,그래닛셰어즈 인텔 데일리 2배 ETF,INTW,USD,13.6038,20105.7982,yahoo×fx
2026-04-23,미장,그래닛셰어즈 인텔 데일리 2배 ETF,INTW,USD,14.2525,21092.9861,yahoo×fx
2026-04-24,미장,그래닛셰어즈 인텔 데일리 2배 ETF,INTW,USD,20.9237,,yahoo(fx없음)
2026-04-27,미장,그래닛셰어즈 인텔 데일리 2배 ETF,INTW,USD,22.1825,32674.8237,yahoo×fx
2026-04-28,미장,그래닛셰어즈 인텔 데일리 2배 ETF,INTW,USD,21.93,32280.7409,yahoo×fx
2026-04-29,미장,그래닛셰어즈 인텔 데일리 2배 ETF,INTW,USD,27.315,40627.7856,yahoo×fx
2026-04-30,미장,그래닛셰어즈 인텔 데일리 2배 ETF,INTW,USD,27.11,39960.4123,yahoo×fx
2026-05-01,미장,그래닛셰어즈 인텔 데일리 2배 ETF,INTW,USD,30.0138,,yahoo(fx없음)
2026-05-04,미장,그래닛셰어즈 인텔 데일리 2배 ETF,INTW,USD,27.6213,40770.3476,yahoo×fx
2026-05-05,미장,그래닛셰어즈 인텔 데일리 2배 ETF,INTW,USD,34.8387,51350.921,yahoo×fx
2026-05-06,미장,그래닛셰어즈 인텔 데일리 2배 ETF,INTW,USD,37.9775,54856.5993,yahoo×fx
2026-05-07,미장,그래닛셰어즈 인텔 데일리 2배 ETF,INTW,USD,35.715,51957.8265,yahoo×fx
2026-05-08,미장,그래닛셰어즈 인텔 데일리 2배 ETF,INTW,USD,45.4463,,yahoo(fx없음)
2026-05-11,미장,그래닛셰어즈 인텔 데일리 2배 ETF,INTW,USD,48.7588,71892.3379,yahoo×fx
2026-05-12,미장,그래닛셰어즈 인텔 데일리 2배 ETF,INTW,USD,42.2,63004.1787,yahoo×fx
2026-05-13,미장,그래닛셰어즈 인텔 데일리 2배 ETF,INTW,USD,41.88,62394.4994,yahoo×fx
2026-05-14,미장,그래닛셰어즈 인텔 데일리 2배 ETF,INTW,USD,38.785,57919.1903,yahoo×fx
2026-05-15,미장,그래닛셰어즈 인텔 데일리 2배 ETF,INTW,USD,33.8825,,yahoo(fx없음)
2026-05-18,미장,그래닛셰어즈 인텔 데일리 2배 ETF,INTW,USD,33.4825,49966.5999,yahoo×fx
2026-05-19,미장,그래닛셰어즈 인텔 데일리 2배 ETF,INTW,USD,35.1775,53042.395,yahoo×fx
2026-05-20,미장,그래닛셰어즈 인텔 데일리 2배 ETF,INTW,USD,40.3587,60528.8424,yahoo×fx
2026-05-21,미장,그래닛셰어즈 인텔 데일리 2배 ETF,INTW,USD,40.0838,60301.997,yahoo×fx
2026-05-22,미장,그래닛셰어즈 인텔 데일리 2배 ETF,INTW,USD,40.8688,,yahoo(fx없음)
2026-05-26,미장,그래닛셰어즈 인텔 데일리 2배 ETF,INTW,USD,43.36,65275.8768,yahoo×fx
2026-05-27,미장,그래닛셰어즈 인텔 데일리 2배 ETF,INTW,USD,42.2238,63466.9418,yahoo×fx
2026-05-28,미장,그래닛셰어즈 인텔 데일리 2배 ETF,INTW,USD,41.5488,62127.4347,yahoo×fx
2026-05-29,미장,그래닛셰어즈 인텔 데일리 2배 ETF,INTW,USD,37.3125,,yahoo(fx없음)
2026-06-01,미장,그래닛셰어즈 인텔 데일리 2배 ETF,INTW,USD,33.7725,51039.3654,yahoo×fx
2026-06-02,미장,그래닛셰어즈 인텔 데일리 2배 ETF,INTW,USD,32.8262,49784.2872,yahoo×fx
2026-06-03,미장,그래닛셰어즈 인텔 데일리 2배 ETF,INTW,USD,35.745,54693.7798,yahoo×fx
2026-06-04,미장,그래닛셰어즈 인텔 데일리 2배 ETF,INTW,USD,35.22,53994.7254,yahoo×fx
2026-06-05,미장,그래닛셰어즈 인텔 데일리 2배 ETF,INTW,USD,27.0675,,yahoo(fx없음)
2026-06-08,미장,그래닛셰어즈 인텔 데일리 2배 ETF,INTW,USD,33.2375,50816.148,yahoo×fx
2026-06-09,미장,그래닛셰어즈 인텔 데일리 2배 ETF,INTW,USD,31.8463,48591.3294,yahoo×fx
2026-06-10,미장,그래닛셰어즈 인텔 데일리 2배 ETF,INTW,USD,31.275,47695.9397,yahoo×fx
2026-06-11,미장,그래닛셰어즈 인텔 데일리 2배 ETF,INTW,USD,37.08,56264.4534,yahoo×fx
2026-06-12,미장,그래닛셰어즈 인텔 데일리 2배 ETF,INTW,USD,41.9412,,yahoo(fx없음)
2026-06-15,미장,그래닛셰어즈 인텔 데일리 2배 ETF,INTW,USD,44.0638,66682.1179,yahoo×fx
2026-06-16,미장,그래닛셰어즈 인텔 데일리 2배 ETF,INTW,USD,36.6,55301.1323,yahoo×fx
2026-06-17,미장,그래닛셰어즈 인텔 데일리 2배 ETF,INTW,USD,39.2663,59897.5257,yahoo×fx
2026-06-18,미장,그래닛셰어즈 인텔 데일리 2배 ETF,INTW,USD,47.385,72857.2808,yahoo×fx
2026-06-22,미장,그래닛셰어즈 인텔 데일리 2배 ETF,INTW,USD,52.405,80653.9159,yahoo×fx
2026-06-23,미장,그래닛셰어즈 인텔 데일리 2배 ETF,INTW,USD,45.8587,70404.645,yahoo×fx
2026-06-24,미장,그래닛셰어즈 인텔 데일리 2배 ETF,INTW,USD,45.3688,69993.0955,yahoo×fx
2026-06-25,미장,그래닛셰어즈 인텔 데일리 2배 ETF,INTW,USD,46.3862,71735.4063,yahoo×fx
2026-06-26,미장,그래닛셰어즈 인텔 데일리 2배 ETF,INTW,USD,42.71,,yahoo(fx없음)
2026-06-29,미장,그래닛셰어즈 인텔 데일리 2배 ETF,INTW,USD,45.35,69917.4523,yahoo×fx
2026-06-30,미장,그래닛셰어즈 인텔 데일리 2배 ETF,INTW,USD,50.67,78468.0651,yahoo×fx
2026-07-01,미장,그래닛셰어즈 인텔 데일리 2배 ETF,INTW,USD,41.62,64586.333,yahoo×fx
2026-07-02,미장,그래닛셰어즈 인텔 데일리 2배 ETF,INTW,USD,37.1,57213.0208,yahoo×fx
2026-07-06,미장,그래닛셰어즈 인텔 데일리 2배 ETF,INTW,USD,38.27,58505.6463,yahoo×fx
2026-07-07,미장,그래닛셰어즈 인텔 데일리 2배 ETF,INTW,USD,30.92,46994.0709,yahoo×fx
2026-07-08,미장,그래닛셰어즈 인텔 데일리 2배 ETF,INTW,USD,30.68,46122.7777,yahoo×fx
2026-07-09,미장,그래닛셰어즈 인텔 데일리 2배 ETF,INTW,USD,31.97,48143.9428,yahoo×fx
2026-07-10,미장,그래닛셰어즈 인텔 데일리 2배 ETF,INTW,USD,30.37,,yahoo(fx없음)
2026-07-13,미장,그래닛셰어즈 인텔 데일리 2배 ETF,INTW,USD,26.68,39958.6352,yahoo×fx
2026-07-14,미장,그래닛셰어즈 인텔 데일리 2배 ETF,INTW,USD,29.05,43222.913,yahoo×fx
2026-07-15,미장,그래닛셰어즈 인텔 데일리 2배 ETF,INTW,USD,26.49,39369.4364,yahoo×fx
2026-07-16,미장,그래닛셰어즈 인텔 데일리 2배 ETF,INTW,USD,23.34,34516.3587,yahoo×fx
2026-07-17,미장,그래닛셰어즈 인텔 데일리 2배 ETF,INTW,USD,22.37,,yahoo(fx없음)
2026-07-20,미장,그래닛셰어즈 인텔 데일리 2배 ETF,INTW,USD,23.33,34411.9834,yahoo×fx
2026-07-21,미장,그래닛셰어즈 인텔 데일리 2배 ETF,INTW,USD,27.39,40529.5291,yahoo×fx
2026-07-22,미장,그래닛셰어즈 인텔 데일리 2배 ETF,INTW,USD,25.9,38218.8166,yahoo×fx
2026-07-23,미장,그래닛셰어즈 인텔 데일리 2배 ETF,INTW,USD,24.66,36349.8271,yahoo×fx
2026-07-24,미장,그래닛셰어즈 인텔 데일리 2배 ETF,INTW,USD,20.74,,yahoo(fx없음)
2026-07-27,미장,그래닛셰어즈 인텔 데일리 2배 ETF,INTW,USD,20.42,29903.8637,yahoo×fx
2026-07-28,미장,그래닛셰어즈 인텔 데일리 2배 ETF,INTW,USD,18.02,26185.9445,yahoo×fx
2026-07-29,미장,그래닛셰어즈 인텔 데일리 2배 ETF,INTW,USD,16.16,23307.2451,yahoo×fx
2026-07-30,미장,그래닛셰어즈 인텔 데일리 2배 ETF,INTW,USD,19.86,28213.1164,yahoo×fx
2026-07-31,미장,그래닛셰어즈 인텔 데일리 2배 ETF,INTW,USD,19.41,,yahoo(fx없음)
2026-01-12,미장,아이렌,IREN,USD,50.33,73242.2314,yahoo×fx
2026-01-13,미장,아이렌,IREN,USD,52.99,77626.646,yahoo×fx
2026-01-14,미장,아이렌,IREN,USD,52.88,77892.7709,yahoo×fx
2026-01-15,미장,아이렌,IREN,USD,51.89,75909.8814,yahoo×fx
2026-01-16,미장,아이렌,IREN,USD,57.82,84928.3264,yahoo×fx
2026-01-20,미장,아이렌,IREN,USD,54.26,79844.6738,yahoo×fx
2026-01-21,미장,아이렌,IREN,USD,53.48,79031.6753,yahoo×fx
2026-01-22,미장,아이렌,IREN,USD,52.26,76552.011,yahoo×fx
2026-01-23,미장,아이렌,IREN,USD,56.68,82937.5778,yahoo×fx
2026-01-26,미장,아이렌,IREN,USD,52.36,75650.2555,yahoo×fx
2026-01-27,미장,아이렌,IREN,USD,59.99,86444.3914,yahoo×fx
2026-01-28,미장,아이렌,IREN,USD,62.94,90162.178,yahoo×fx
2026-01-29,미장,아이렌,IREN,USD,59.84,85527.5182,yahoo×fx
2026-01-30,미장,아이렌,IREN,USD,53.74,76781.5653,yahoo×fx
2026-02-02,미장,아이렌,IREN,USD,53.08,76902.3092,yahoo×fx
2026-02-03,미장,아이렌,IREN,USD,54.39,79003.6518,yahoo×fx
2026-02-04,미장,아이렌,IREN,USD,44.94,65013.7996,yahoo×fx
2026-03-06,미장,삼성전자,KRX:005930,KRW,188200.0,188200.0,yahoo.KS
2026-03-09,미장,삼성전자,KRX:005930,KRW,173500.0,173500.0,yahoo.KS
2026-03-10,미장,삼성전자,KRX:005930,KRW,187900.0,187900.0,yahoo.KS
2026-01-02,미장,센트러스 에너지,LEU,USD,272.5,393391.904,yahoo×fx
2026-01-05,미장,센트러스 에너지,LEU,USD,300.41,432734.5962,yahoo×fx
2026-01-06,미장,센트러스 에너지,LEU,USD,311.89,450855.7479,yahoo×fx
2026-01-07,미장,센트러스 에너지,LEU,USD,322.97,466678.7203,yahoo×fx
2026-01-08,미장,센트러스 에너지,LEU,USD,286.25,413957.5792,yahoo×fx
2026-01-09,미장,센트러스 에너지,LEU,USD,306.19,443999.9853,yahoo×fx
2026-01-12,미장,센트러스 에너지,LEU,USD,309.26,450047.5336,yahoo×fx
2026-01-13,미장,센트러스 에너지,LEU,USD,298.27,436944.671,yahoo×fx
2026-01-14,미장,센트러스 에너지,LEU,USD,307.57,453053.6995,yahoo×fx
2026-01-15,미장,센트러스 에너지,LEU,USD,306.1,447793.7064,yahoo×fx
2026-01-16,미장,센트러스 에너지,LEU,USD,331.03,486230.0921,yahoo×fx
2026-01-20,미장,센트러스 에너지,LEU,USD,315.92,464882.6243,yahoo×fx
2026-01-21,미장,센트러스 에너지,LEU,USD,303.94,449156.4657,yahoo×fx
2026-01-22,미장,센트러스 에너지,LEU,USD,302.37,442920.6267,yahoo×fx
2026-01-23,미장,센트러스 에너지,LEU,USD,296.19,433402.9859,yahoo×fx
2026-01-26,미장,센트러스 에너지,LEU,USD,281.7,407003.0111,yahoo×fx
2026-01-27,미장,센트러스 에너지,LEU,USD,309.39,445824.8173,yahoo×fx
2026-01-28,미장,센트러스 에너지,LEU,USD,337.76,483844.5949,yahoo×fx
2026-01-29,미장,센트러스 에너지,LEU,USD,301.5,430924.9109,yahoo×fx
2026-01-30,미장,센트러스 에너지,LEU,USD,278.28,397595.3338,yahoo×fx
2026-02-02,미장,센트러스 에너지,LEU,USD,267.21,387133.8487,yahoo×fx
2026-02-03,미장,센트러스 에너지,LEU,USD,280.47,407393.9065,yahoo×fx
2026-02-04,미장,센트러스 에너지,LEU,USD,251.43,363738.7553,yahoo×fx
2026-02-05,미장,센트러스 에너지,LEU,USD,242.09,353478.021,yahoo×fx
2026-02-06,미장,센트러스 에너지,LEU,USD,263.47,387480.0755,yahoo×fx
2026-02-09,미장,센트러스 에너지,LEU,USD,276.24,403973.3685,yahoo×fx
2026-02-10,미장,센트러스 에너지,LEU,USD,264.99,386498.5107,yahoo×fx
2026-02-11,미장,센트러스 에너지,LEU,USD,210.16,305852.1489,yahoo×fx
2026-02-12,미장,센트러스 에너지,LEU,USD,185.2,267463.9727,yahoo×fx
2026-02-13,미장,센트러스 에너지,LEU,USD,199.19,287012.8794,yahoo×fx
2026-02-17,미장,센트러스 에너지,LEU,USD,199.35,287109.8554,yahoo×fx
2026-02-18,미장,센트러스 에너지,LEU,USD,206.67,297598.5912,yahoo×fx
2026-02-19,미장,센트러스 에너지,LEU,USD,208.88,300820.635,yahoo×fx
2026-02-20,미장,센트러스 에너지,LEU,USD,203.73,294950.1013,yahoo×fx
2026-02-23,미장,센트러스 에너지,LEU,USD,200.99,290117.0018,yahoo×fx
2026-02-24,미장,센트러스 에너지,LEU,USD,207.17,298780.5612,yahoo×fx
2026-02-25,미장,센트러스 에너지,LEU,USD,210.63,303305.0987,yahoo×fx
2026-02-26,미장,센트러스 에너지,LEU,USD,210.96,301025.1737,yahoo×fx
2026-02-27,미장,센트러스 에너지,LEU,USD,202.59,290173.6927,yahoo×fx
2026-03-02,미장,센트러스 에너지,LEU,USD,207.99,299193.6229,yahoo×fx
2026-03-03,미장,센트러스 에너지,LEU,USD,197.35,286605.4972,yahoo×fx
2026-03-04,미장,센트러스 에너지,LEU,USD,203.08,301181.8474,yahoo×fx
2026-03-05,미장,센트러스 에너지,LEU,USD,194.28,283794.5082,yahoo×fx
2026-03-06,미장,센트러스 에너지,LEU,USD,188.89,279464.6448,yahoo×fx
2026-03-09,미장,센트러스 에너지,LEU,USD,195.85,290619.8684,yahoo×fx
2026-03-10,미장,센트러스 에너지,LEU,USD,200.84,294124.1436,yahoo×fx
2026-03-11,미장,센트러스 에너지,LEU,USD,200.35,295071.4879,yahoo×fx
2026-03-12,미장,센트러스 에너지,LEU,USD,214.85,316976.8007,yahoo×fx
2026-03-13,미장,센트러스 에너지,LEU,USD,209.64,308292.3811,yahoo×fx
2026-03-16,미장,센트러스 에너지,LEU,USD,212.84,319632.4645,yahoo×fx
2026-03-17,미장,센트러스 에너지,LEU,USD,213.6,318031.1924,yahoo×fx
2026-03-18,미장,센트러스 에너지,LEU,USD,208.46,309536.0092,yahoo×fx
2026-03-19,미장,센트러스 에너지,LEU,USD,205.09,308711.717,yahoo×fx
2026-03-20,미장,센트러스 에너지,LEU,USD,186.76,278242.5038,yahoo×fx
2026-03-23,미장,센트러스 에너지,LEU,USD,193.61,291230.0915,yahoo×fx
2026-03-24,미장,센트러스 에너지,LEU,USD,195.84,290892.8941,yahoo×fx
2026-03-25,미장,센트러스 에너지,LEU,USD,193.26,289370.1337,yahoo×fx
2026-03-26,미장,센트러스 에너지,LEU,USD,193.31,290152.5014,yahoo×fx
2026-03-27,미장,센트러스 에너지,LEU,USD,182.9,275879.0321,yahoo×fx
2026-03-30,미장,센트러스 에너지,LEU,USD,168.52,255498.2349,yahoo×fx
2026-03-31,미장,센트러스 에너지,LEU,USD,173.59,260963.0416,yahoo×fx
2026-04-01,미장,센트러스 에너지,LEU,USD,183.16,276954.4037,yahoo×fx
2026-04-02,미장,센트러스 에너지,LEU,USD,183.21,276504.201,yahoo×fx
2026-04-06,미장,센트러스 에너지,LEU,USD,183.53,276735.7042,yahoo×fx
2026-04-07,미장,센트러스 에너지,LEU,USD,173.47,260054.0838,yahoo×fx
2026-04-08,미장,센트러스 에너지,LEU,USD,190.13,280936.0906,yahoo×fx
2026-04-09,미장,센트러스 에너지,LEU,USD,180.17,265440.8602,yahoo×fx
2026-04-10,미장,센트러스 에너지,LEU,USD,187.22,,yahoo(fx없음)
2026-04-13,미장,센트러스 에너지,LEU,USD,191.99,283538.5132,yahoo×fx
2026-04-14,미장,센트러스 에너지,LEU,USD,193.11,283759.7056,yahoo×fx
2026-04-15,미장,센트러스 에너지,LEU,USD,197.79,291554.3291,yahoo×fx
2026-04-16,미장,센트러스 에너지,LEU,USD,202.02,298569.4136,yahoo×fx
2026-04-17,미장,센트러스 에너지,LEU,USD,203.63,,yahoo(fx없음)
2026-04-20,미장,센트러스 에너지,LEU,USD,199.61,293278.9914,yahoo×fx
2026-04-21,미장,센트러스 에너지,LEU,USD,191.55,284605.0039,yahoo×fx
2026-04-22,미장,센트러스 에너지,LEU,USD,217.08,320835.551,yahoo×fx
2026-04-23,미장,센트러스 에너지,LEU,USD,219.58,324967.413,yahoo×fx
2026-04-24,미장,센트러스 에너지,LEU,USD,205.63,,yahoo(fx없음)
2026-01-28,미장,L3 해리스 테크놀러지스,LHX,USD,360.3,516133.339,yahoo×fx
2026-01-29,미장,L3 해리스 테크놀러지스,LHX,USD,356.02,508848.6967,yahoo×fx
2026-01-30,미장,L3 해리스 테크놀러지스,LHX,USD,342.85,489850.3781,yahoo×fx
2026-02-02,미장,L3 해리스 테크놀러지스,LHX,USD,340.24,492939.7145,yahoo×fx
2026-02-03,미장,L3 해리스 테크놀러지스,LHX,USD,351.57,510669.5122,yahoo×fx
2026-02-04,미장,L3 해리스 테크놀러지스,LHX,USD,339.07,490525.8164,yahoo×fx
2026-02-11,미장,루멘텀 홀딩스,LITE,USD,574.11,835519.4598,yahoo×fx
2026-02-12,미장,루멘텀 홀딩스,LITE,USD,583.46,842627.0949,yahoo×fx
2026-02-13,미장,루멘텀 홀딩스,LITE,USD,562.74,810852.0657,yahoo×fx
2026-02-17,미장,루멘텀 홀딩스,LITE,USD,600.42,864742.8603,yahoo×fx
2026-02-18,미장,루멘텀 홀딩스,LITE,USD,594.26,855716.5689,yahoo×fx
2026-02-19,미장,루멘텀 홀딩스,LITE,USD,635.64,915423.3452,yahoo×fx
2026-02-20,미장,루멘텀 홀딩스,LITE,USD,667.77,966764.0458,yahoo×fx
2026-02-23,미장,루멘텀 홀딩스,LITE,USD,674.73,973932.2035,yahoo×fx
2026-02-24,미장,루멘텀 홀딩스,LITE,USD,688.27,992622.9886,yahoo×fx
2026-02-25,미장,루멘텀 홀딩스,LITE,USD,723.39,1041674.3801,yahoo×fx
2026-02-26,미장,루멘텀 홀딩스,LITE,USD,677.0,966031.6464,yahoo×fx
2026-02-27,미장,루멘텀 홀딩스,LITE,USD,700.91,1003927.3351,yahoo×fx
2026-03-02,미장,루멘텀 홀딩스,LITE,USD,783.25,1126705.125,yahoo×fx
2026-03-03,미장,루멘텀 홀딩스,LITE,USD,694.43,1008499.859,yahoo×fx
2026-03-04,미장,루멘텀 홀딩스,LITE,USD,680.8,1009674.0013,yahoo×fx
2026-03-05,미장,루멘텀 홀딩스,LITE,USD,650.82,950685.3257,yahoo×fx
2026-03-06,미장,루멘텀 홀딩스,LITE,USD,558.44,826217.5735,yahoo×fx
2026-03-09,미장,루멘텀 홀딩스,LITE,USD,640.69,950713.4971,yahoo×fx
2026-03-10,미장,루멘텀 홀딩스,LITE,USD,672.0,984123.8203,yahoo×fx
2026-03-11,미장,루멘텀 홀딩스,LITE,USD,672.0,989708.1797,yahoo×fx
2026-03-12,미장,루멘텀 홀딩스,LITE,USD,616.09,908942.2392,yahoo×fx
2026-03-13,미장,루멘텀 홀딩스,LITE,USD,622.5,915436.0226,yahoo×fx
2026-03-16,미장,루멘텀 홀딩스,LITE,USD,624.84,938353.5103,yahoo×fx
2026-03-17,미장,루멘텀 홀딩스,LITE,USD,649.56,967136.3982,yahoo×fx
2026-03-18,미장,루멘텀 홀딩스,LITE,USD,700.81,1040611.7377,yahoo×fx
2026-03-19,미장,루멘텀 홀딩스,LITE,USD,772.13,1162248.6898,yahoo×fx
2026-03-20,미장,루멘텀 홀딩스,LITE,USD,706.35,1052348.4235,yahoo×fx
2026-03-23,미장,루멘텀 홀딩스,LITE,USD,728.95,1096493.8694,yahoo×fx
2026-03-24,미장,루멘텀 홀딩스,LITE,USD,801.99,1191243.8401,yahoo×fx
2026-03-25,미장,루멘텀 홀딩스,LITE,USD,777.17,1163664.4326,yahoo×fx
2026-03-26,미장,루멘텀 홀딩스,LITE,USD,688.8,1033868.0975,yahoo×fx
2026-03-27,미장,루멘텀 홀딩스,LITE,USD,702.73,1059969.783,yahoo×fx
2026-03-30,미장,루멘텀 홀딩스,LITE,USD,654.79,992746.7326,yahoo×fx
2026-03-31,미장,루멘텀 홀딩스,LITE,USD,702.76,1056480.1746,yahoo×fx
2026-04-01,미장,루멘텀 홀딩스,LITE,USD,764.65,1156219.6293,yahoo×fx
2026-04-02,미장,루멘텀 홀딩스,LITE,USD,826.88,1247943.8167,yahoo×fx
2026-04-06,미장,루멘텀 홀딩스,LITE,USD,772.28,1164482.4233,yahoo×fx
2026-04-07,미장,루멘텀 홀딩스,LITE,USD,815.75,1222915.3015,yahoo×fx
2026-04-08,미장,루멘텀 홀딩스,LITE,USD,896.02,1323959.159,yahoo×fx
2026-04-09,미장,루멘텀 홀딩스,LITE,USD,894.13,1317303.8798,yahoo×fx
2026-04-10,미장,루멘텀 홀딩스,LITE,USD,897.3,,yahoo(fx없음)
2026-04-13,미장,루멘텀 홀딩스,LITE,USD,871.18,1286593.4306,yahoo×fx
2026-04-14,미장,루멘텀 홀딩스,LITE,USD,852.79,1253106.687,yahoo×fx
2026-04-15,미장,루멘텀 홀딩스,LITE,USD,824.01,1214640.2433,yahoo×fx
2026-04-16,미장,루멘텀 홀딩스,LITE,USD,891.22,1317151.8583,yahoo×fx
2026-04-17,미장,루멘텀 홀딩스,LITE,USD,894.07,,yahoo(fx없음)
2026-04-20,미장,루멘텀 홀딩스,LITE,USD,895.11,1315149.3058,yahoo×fx
2026-04-21,미장,루멘텀 홀딩스,LITE,USD,836.92,1243495.7515,yahoo×fx
2026-04-22,미장,루멘텀 홀딩스,LITE,USD,873.6,1291145.7858,yahoo×fx
2026-04-23,미장,루멘텀 홀딩스,LITE,USD,846.89,1253354.8358,yahoo×fx
2026-04-24,미장,루멘텀 홀딩스,LITE,USD,881.64,,yahoo(fx없음)
2026-04-27,미장,루멘텀 홀딩스,LITE,USD,859.68,1266308.6292,yahoo×fx
2026-04-28,미장,루멘텀 홀딩스,LITE,USD,791.37,1164888.7114,yahoo×fx
2026-04-29,미장,루멘텀 홀딩스,LITE,USD,858.32,1276648.0167,yahoo×fx
2026-04-30,미장,루멘텀 홀딩스,LITE,USD,902.32,1330028.7228,yahoo×fx
2026-05-01,미장,루멘텀 홀딩스,LITE,USD,949.93,,yahoo(fx없음)
2026-05-04,미장,루멘텀 홀딩스,LITE,USD,976.18,1440890.5259,yahoo×fx
2026-03-02,미장,TRADR 루멘텀 홀딩스 2배 ETF,LITX,USD,42.2067,60714.2931,yahoo×fx
2026-03-03,미장,TRADR 루멘텀 홀딩스 2배 ETF,LITX,USD,32.5367,47252.0258,yahoo×fx
2026-03-04,미장,TRADR 루멘텀 홀딩스 2배 ETF,LITX,USD,31.4,46568.3957,yahoo×fx
2026-03-05,미장,TRADR 루멘텀 홀딩스 2배 ETF,LITX,USD,28.1167,41071.421,yahoo×fx
2026-03-06,미장,TRADR 루멘텀 홀딩스 2배 ETF,LITX,USD,20.4867,30310.2298,yahoo×fx
2026-03-09,미장,TRADR 루멘텀 홀딩스 2배 ETF,LITX,USD,26.5033,39328.0299,yahoo×fx
2026-03-10,미장,TRADR 루멘텀 홀딩스 2배 ETF,LITX,USD,28.99,42454.9841,yahoo×fx
2026-03-11,미장,TRADR 루멘텀 홀딩스 2배 ETF,LITX,USD,28.96,42651.7083,yahoo×fx
2026-03-12,미장,TRADR 루멘텀 홀딩스 2배 ETF,LITX,USD,24.2,35703.2283,yahoo×fx
2026-03-13,미장,TRADR 루멘텀 홀딩스 2배 ETF,LITX,USD,24.63,36220.3831,yahoo×fx
2026-03-16,미장,TRADR 루멘텀 홀딩스 2배 ETF,LITX,USD,24.88,37363.5387,yahoo×fx
2026-03-17,미장,TRADR 루멘텀 홀딩스 2배 ETF,LITX,USD,26.71,39768.7856,yahoo×fx
2026-03-18,미장,TRADR 루멘텀 홀딩스 2배 ETF,LITX,USD,31.07,46134.9103,yahoo×fx
2026-03-19,미장,TRADR 루멘텀 홀딩스 2배 ETF,LITX,USD,37.33,56190.9853,yahoo×fx
2026-03-20,미장,TRADR 루멘텀 홀딩스 2배 ETF,LITX,USD,30.88,46006.2569,yahoo×fx
2026-03-23,미장,TRADR 루멘텀 홀딩스 2배 ETF,LITX,USD,32.88,49458.4251,yahoo×fx
2026-03-24,미장,TRADR 루멘텀 홀딩스 2배 ETF,LITX,USD,39.56,58760.8431,yahoo×fx
2026-03-25,미장,TRADR 루멘텀 홀딩스 2배 ETF,LITX,USD,36.5,54651.8171,yahoo×fx
2026-03-26,미장,TRADR 루멘텀 홀딩스 2배 ETF,LITX,USD,28.62,42957.7618,yahoo×fx
2026-03-27,미장,TRADR 루멘텀 홀딩스 2배 ETF,LITX,USD,29.7,44798.2927,yahoo×fx
2026-03-30,미장,TRADR 루멘텀 홀딩스 2배 ETF,LITX,USD,25.66,38903.8957,yahoo×fx
2026-03-31,미장,TRADR 루멘텀 홀딩스 2배 ETF,LITX,USD,29.26,43987.4349,yahoo×fx
2026-04-01,미장,TRADR 루멘텀 홀딩스 2배 ETF,LITX,USD,34.45,52091.5005,yahoo×fx
2026-04-02,미장,TRADR 루멘텀 홀딩스 2배 ETF,LITX,USD,39.99,60353.7092,yahoo×fx
2026-04-06,미장,TRADR 루멘텀 홀딩스 2배 ETF,LITX,USD,34.75,52397.7867,yahoo×fx
2026-04-07,미장,TRADR 루멘텀 홀딩스 2배 ETF,LITX,USD,38.7,58016.3323,yahoo×fx
2026-04-08,미장,TRADR 루멘텀 홀딩스 2배 ETF,LITX,USD,46.24,68324.2254,yahoo×fx
2026-04-09,미장,TRADR 루멘텀 홀딩스 2배 ETF,LITX,USD,46.15,67991.8756,yahoo×fx
2026-04-10,미장,TRADR 루멘텀 홀딩스 2배 ETF,LITX,USD,46.31,,yahoo(fx없음)
2026-04-13,미장,TRADR 루멘텀 홀딩스 2배 ETF,LITX,USD,43.57,64345.9169,yahoo×fx
2026-04-14,미장,TRADR 루멘텀 홀딩스 2배 ETF,LITX,USD,41.65,61201.3471,yahoo×fx
2026-04-15,미장,TRADR 루멘텀 홀딩스 2배 ETF,LITX,USD,38.96,57429.3785,yahoo×fx
2026-04-16,미장,TRADR 루멘텀 홀딩스 2배 ETF,LITX,USD,45.25,66875.882,yahoo×fx
2026-04-17,미장,TRADR 루멘텀 홀딩스 2배 ETF,LITX,USD,45.36,,yahoo(fx없음)
2026-04-20,미장,TRADR 루멘텀 홀딩스 2배 ETF,LITX,USD,45.63,67042.3358,yahoo×fx
2026-04-21,미장,TRADR 루멘텀 홀딩스 2배 ETF,LITX,USD,39.63,58882.2575,yahoo×fx
2026-04-22,미장,TRADR 루멘텀 홀딩스 2배 ETF,LITX,USD,43.15,63773.9746,yahoo×fx
2026-04-23,미장,TRADR 루멘텀 홀딩스 2배 ETF,LITX,USD,40.49,59923.176,yahoo×fx
2026-04-24,미장,TRADR 루멘텀 홀딩스 2배 ETF,LITX,USD,43.7,,yahoo(fx없음)
2026-04-27,미장,TRADR 루멘텀 홀딩스 2배 ETF,LITX,USD,41.59,61262.0702,yahoo×fx
2026-04-28,미장,TRADR 루멘텀 홀딩스 2배 ETF,LITX,USD,34.88,51343.0124,yahoo×fx
2026-04-29,미장,TRADR 루멘텀 홀딩스 2배 ETF,LITX,USD,40.83,60729.7283,yahoo×fx
2026-04-30,미장,TRADR 루멘텀 홀딩스 2배 ETF,LITX,USD,44.94,66242.0078,yahoo×fx
2026-05-01,미장,TRADR 루멘텀 홀딩스 2배 ETF,LITX,USD,49.67,,yahoo(fx없음)
2026-05-04,미장,TRADR 루멘텀 홀딩스 2배 ETF,LITX,USD,52.44,77404.0625,yahoo×fx
2026-05-05,미장,TRADR 루멘텀 홀딩스 2배 ETF,LITX,USD,54.44,80242.3782,yahoo×fx
2026-05-06,미장,TRADR 루멘텀 홀딩스 2배 ETF,LITX,USD,48.68,70315.8241,yahoo×fx
2026-05-07,미장,TRADR 루멘텀 홀딩스 2배 ETF,LITX,USD,43.21,62861.4763,yahoo×fx
2026-05-08,미장,TRADR 루멘텀 홀딩스 2배 ETF,LITX,USD,44.49,,yahoo(fx없음)
2026-05-11,미장,TRADR 루멘텀 홀딩스 2배 ETF,LITX,USD,59.2,87287.4382,yahoo×fx
2026-05-12,미장,TRADR 루멘텀 홀딩스 2배 ETF,LITX,USD,52.4,78232.6778,yahoo×fx
2026-05-13,미장,TRADR 루멘텀 홀딩스 2배 ETF,LITX,USD,56.34,83937.5839,yahoo×fx
2026-05-14,미장,TRADR 루멘텀 홀딩스 2배 ETF,LITX,USD,53.02,79176.8857,yahoo×fx
2026-05-15,미장,TRADR 루멘텀 홀딩스 2배 ETF,LITX,USD,49.35,,yahoo(fx없음)
2026-05-18,미장,TRADR 루멘텀 홀딩스 2배 ETF,LITX,USD,40.65,60662.8081,yahoo×fx
2026-05-19,미장,TRADR 루멘텀 홀딩스 2배 ETF,LITX,USD,41.24,62183.7355,yahoo×fx
2026-05-20,미장,TRADR 루멘텀 홀딩스 2배 ETF,LITX,USD,39.39,59075.9402,yahoo×fx
2026-05-21,미장,TRADR 루멘텀 홀딩스 2배 ETF,LITX,USD,48.16,72451.9049,yahoo×fx
2026-05-22,미장,TRADR 루멘텀 홀딩스 2배 ETF,LITX,USD,46.19,,yahoo(fx없음)
2026-05-26,미장,TRADR 루멘텀 홀딩스 2배 ETF,LITX,USD,42.55,64056.4684,yahoo×fx
2026-05-27,미장,TRADR 루멘텀 홀딩스 2배 ETF,LITX,USD,41.8,62829.9962,yahoo×fx
2026-05-28,미장,TRADR 루멘텀 홀딩스 2배 ETF,LITX,USD,38.04,56880.8345,yahoo×fx
2026-05-29,미장,TRADR 루멘텀 홀딩스 2배 ETF,LITX,USD,37.42,,yahoo(fx없음)
2026-06-01,미장,TRADR 루멘텀 홀딩스 2배 ETF,LITX,USD,41.84,63231.5378,yahoo×fx
2026-06-02,미장,TRADR 루멘텀 홀딩스 2배 ETF,LITX,USD,53.17,80637.6179,yahoo×fx
2026-06-03,미장,TRADR 루멘텀 홀딩스 2배 ETF,LITX,USD,43.75,66942.3119,yahoo×fx
2026-06-04,미장,TRADR 루멘텀 홀딩스 2배 ETF,LITX,USD,44.37,68022.3119,yahoo×fx
2026-06-05,미장,TRADR 루멘텀 홀딩스 2배 ETF,LITX,USD,36.68,,yahoo(fx없음)
2026-06-08,미장,TRADR 루멘텀 홀딩스 2배 ETF,LITX,USD,39.39,60222.5825,yahoo×fx
2026-01-02,미장,일라이 릴리,LLY,USD,1080.36,1559650.9051,yahoo×fx
2026-01-05,미장,일라이 릴리,LLY,USD,1041.51,1500274.3185,yahoo×fx
2026-01-06,미장,일라이 릴리,LLY,USD,1064.04,1538133.7812,yahoo×fx
2026-01-07,미장,일라이 릴리,LLY,USD,1108.09,1601145.6337,yahoo×fx
2026-01-08,미장,일라이 릴리,LLY,USD,1085.1899,1569336.5978,yahoo×fx
2026-01-09,미장,일라이 릴리,LLY,USD,1063.5601,1542247.123,yahoo×fx
2026-01-12,미장,일라이 릴리,LLY,USD,1081.0,1573114.4294,yahoo×fx
2026-01-13,미장,일라이 릴리,LLY,USD,1077.1899,1578007.9187,yahoo×fx
2026-01-14,미장,일라이 릴리,LLY,USD,1073.29,1580966.9709,yahoo×fx
2026-01-15,미장,일라이 릴리,LLY,USD,1032.97,1511131.7954,yahoo×fx
2026-01-16,미장,일라이 릴리,LLY,USD,1038.4,1525243.4564,yahoo×fx
2026-01-20,미장,일라이 릴리,LLY,USD,1041.29,1532279.1386,yahoo×fx
2026-01-21,미장,일라이 릴리,LLY,USD,1078.52,1593815.3461,yahoo×fx
2026-01-22,미장,일라이 릴리,LLY,USD,1087.38,1592826.8048,yahoo×fx
2026-01-23,미장,일라이 릴리,LLY,USD,1064.29,1557333.053,yahoo×fx
2026-01-26,미장,일라이 릴리,LLY,USD,1062.75,1535471.8898,yahoo×fx
2026-01-27,미장,일라이 릴리,LLY,USD,1039.51,1497913.1136,yahoo×fx
2026-01-28,미장,일라이 릴리,LLY,USD,1023.8,1466603.7305,yahoo×fx
2026-01-29,미장,일라이 릴리,LLY,USD,1024.14,1463772.6187,yahoo×fx
2026-01-30,미장,일라이 릴리,LLY,USD,1037.15,1481838.479,yahoo×fx
2026-02-02,미장,일라이 릴리,LLY,USD,1044.13,1512735.6021,yahoo×fx
2026-02-03,미장,일라이 릴리,LLY,USD,1003.46,1457565.8595,yahoo×fx
2026-02-04,미장,일라이 릴리,LLY,USD,1107.12,1601648.414,yahoo×fx
2026-02-05,미장,일라이 릴리,LLY,USD,1020.84,1490538.7167,yahoo×fx
2026-02-06,미장,일라이 릴리,LLY,USD,1058.1801,1556244.2982,yahoo×fx
2026-02-09,미장,일라이 릴리,LLY,USD,1044.67,1527725.4978,yahoo×fx
2026-02-10,미장,일라이 릴리,LLY,USD,1025.0,1495003.54,yahoo×fx
2026-02-11,미장,일라이 릴리,LLY,USD,1015.21,1477465.5567,yahoo×fx
2026-02-12,미장,일라이 릴리,LLY,USD,1038.27,1499459.1187,yahoo×fx
2026-02-13,미장,일라이 릴리,LLY,USD,1040.0,1498536.0254,yahoo×fx
2026-02-17,미장,일라이 릴리,LLY,USD,1036.05,1492150.3416,yahoo×fx
2026-02-18,미장,일라이 릴리,LLY,USD,1020.56,1469575.7498,yahoo×fx
2026-02-19,미장,일라이 릴리,LLY,USD,1023.22,1473600.508,yahoo×fx
2026-02-20,미장,일라이 릴리,LLY,USD,1009.52,1461532.6083,yahoo×fx
2026-02-23,미장,일라이 릴리,LLY,USD,1058.5601,1527967.869,yahoo×fx
2026-02-24,미장,일라이 릴리,LLY,USD,1042.15,1502988.7143,yahoo×fx
2026-02-25,미장,일라이 릴리,LLY,USD,1028.83,1481504.8384,yahoo×fx
2026-02-26,미장,일라이 릴리,LLY,USD,1022.02,1458351.0814,yahoo×fx
2026-02-27,미장,일라이 릴리,LLY,USD,1051.99,1506786.2463,yahoo×fx
2026-03-02,미장,일라이 릴리,LLY,USD,1017.97,1464349.8029,yahoo×fx
2026-03-03,미장,일라이 릴리,LLY,USD,1007.73,1463496.0384,yahoo×fx
2026-03-04,미장,일라이 릴리,LLY,USD,1003.57,1488364.5169,yahoo×fx
2026-03-05,미장,일라이 릴리,LLY,USD,983.26,1436297.0593,yahoo×fx
2026-03-06,미장,일라이 릴리,LLY,USD,990.33,1465203.1733,yahoo×fx
2026-03-09,미장,일라이 릴리,LLY,USD,1008.39,1496339.8736,yahoo×fx
2026-03-10,미장,일라이 릴리,LLY,USD,1001.35,1466446.9694,yahoo×fx
2026-03-11,미장,일라이 릴리,LLY,USD,999.84,1472544.424,yahoo×fx
2026-03-12,미장,일라이 릴리,LLY,USD,977.25,1441775.9816,yahoo×fx
2026-03-13,미장,일라이 릴리,LLY,USD,985.08,1448638.9282,yahoo×fx
2026-03-16,미장,일라이 릴리,LLY,USD,989.12,1485410.9527,yahoo×fx
2026-03-17,미장,일라이 릴리,LLY,USD,930.35,1385207.4139,yahoo×fx
2026-03-18,미장,일라이 릴리,LLY,USD,918.05,1363184.8809,yahoo×fx
2026-03-19,미장,일라이 릴리,LLY,USD,917.5,1381066.875,yahoo×fx
2026-03-20,미장,일라이 릴리,LLY,USD,906.7,1350837.9152,yahoo×fx
2026-03-23,미장,일라이 릴리,LLY,USD,910.55,1369658.3616,yahoo×fx
2026-03-24,미장,일라이 릴리,LLY,USD,903.02,1341309.803,yahoo×fx
2026-03-25,미장,일라이 릴리,LLY,USD,916.31,1372000.1761,yahoo×fx
2026-03-26,미장,일라이 릴리,LLY,USD,897.0,1346370.0637,yahoo×fx
2026-03-27,미장,일라이 릴리,LLY,USD,878.24,1324702.0588,yahoo×fx
2026-03-30,미장,일라이 릴리,LLY,USD,886.63,1344246.3536,yahoo×fx
2026-03-31,미장,일라이 릴리,LLY,USD,919.77,1382717.823,yahoo×fx
2026-04-01,미장,일라이 릴리,LLY,USD,954.52,1443320.1437,yahoo×fx
2026-04-02,미장,일라이 릴리,LLY,USD,935.58,1411996.046,yahoo×fx
2026-04-06,미장,일라이 릴리,LLY,USD,927.06,1397867.3947,yahoo×fx
2026-04-07,미장,일라이 릴리,LLY,USD,931.09,1395824.9965,yahoo×fx
2026-04-08,미장,일라이 릴리,LLY,USD,953.3,1408596.0387,yahoo×fx
2026-04-09,미장,일라이 릴리,LLY,USD,955.19,1407262.3548,yahoo×fx
2026-04-10,미장,일라이 릴리,LLY,USD,939.47,,yahoo(fx없음)
2026-04-13,미장,일라이 릴리,LLY,USD,929.55,1372796.5722,yahoo×fx
2026-04-14,미장,일라이 릴리,LLY,USD,922.5,1355539.9905,yahoo×fx
2026-04-15,미장,일라이 릴리,LLY,USD,905.03,1334068.618,yahoo×fx
2026-04-16,미장,일라이 릴리,LLY,USD,903.99,1336024.9261,yahoo×fx
2026-04-17,미장,일라이 릴리,LLY,USD,927.03,,yahoo(fx없음)
2026-04-20,미장,일라이 릴리,LLY,USD,919.9,1351572.3189,yahoo×fx
2026-04-21,미장,일라이 릴리,LLY,USD,903.02,1341707.1891,yahoo×fx
2026-04-22,미장,일라이 릴리,LLY,USD,921.48,1361910.5159,yahoo×fx
2026-04-23,미장,일라이 릴리,LLY,USD,917.65,1358076.1088,yahoo×fx
2026-04-24,미장,일라이 릴리,LLY,USD,883.96,,yahoo(fx없음)
2026-04-27,미장,일라이 릴리,LLY,USD,868.27,1278961.7388,yahoo×fx
2026-04-28,미장,일라이 릴리,LLY,USD,874.0,1286519.2515,yahoo×fx
2026-04-29,미장,일라이 릴리,LLY,USD,851.21,1266072.7666,yahoo×fx
2026-04-30,미장,일라이 릴리,LLY,USD,934.6,1377609.7191,yahoo×fx
2026-05-01,미장,일라이 릴리,LLY,USD,963.33,,yahoo(fx없음)
2026-05-04,미장,일라이 릴리,LLY,USD,967.93,1428713.113,yahoo×fx
2026-05-05,미장,일라이 릴리,LLY,USD,988.87,1457554.7794,yahoo×fx
2026-05-06,미장,일라이 릴리,LLY,USD,987.05,1425744.3067,yahoo×fx
2026-05-07,미장,일라이 릴리,LLY,USD,974.96,1418362.1284,yahoo×fx
2026-05-08,미장,일라이 릴리,LLY,USD,948.45,,yahoo(fx없음)
2026-05-11,미장,일라이 릴리,LLY,USD,966.99,1425778.3439,yahoo×fx
2026-05-12,미장,일라이 릴리,LLY,USD,989.87,1477865.9943,yahoo×fx
2026-05-13,미장,일라이 릴리,LLY,USD,1015.75,1513304.9453,yahoo×fx
2026-05-14,미장,일라이 릴리,LLY,USD,1006.7,1503345.3618,yahoo×fx
2026-05-15,미장,일라이 릴리,LLY,USD,1004.92,,yahoo(fx없음)
2026-05-18,미장,일라이 릴리,LLY,USD,988.09,1474546.4558,yahoo×fx
2026-05-19,미장,일라이 릴리,LLY,USD,1021.41,1540133.0031,yahoo×fx
2026-05-20,미장,일라이 릴리,LLY,USD,1018.87,1528070.6725,yahoo×fx
2026-05-21,미장,일라이 릴리,LLY,USD,1041.65,1567058.3222,yahoo×fx
2026-05-22,미장,일라이 릴리,LLY,USD,1065.0,,yahoo(fx없음)
2026-05-26,미장,일라이 릴리,LLY,USD,1064.74,1602902.1085,yahoo×fx
2026-05-27,미장,일라이 릴리,LLY,USD,1082.92,1627747.9314,yahoo×fx
2026-05-28,미장,일라이 릴리,LLY,USD,1126.8,1684892.889,yahoo×fx
2026-05-29,미장,일라이 릴리,LLY,USD,1105.0,,yahoo(fx없음)
2026-06-01,미장,일라이 릴리,LLY,USD,1082.2,1635496.3413,yahoo×fx
2026-06-02,미장,일라이 릴리,LLY,USD,1064.15,1613889.901,yahoo×fx
2026-06-03,미장,일라이 릴리,LLY,USD,1078.78,1650652.0948,yahoo×fx
2026-06-04,미장,일라이 릴리,LLY,USD,1125.27,1725117.6484,yahoo×fx
2026-06-05,미장,일라이 릴리,LLY,USD,1131.42,,yahoo(fx없음)
2026-06-08,미장,일라이 릴리,LLY,USD,1149.15,1756912.4949,yahoo×fx
2026-06-09,미장,일라이 릴리,LLY,USD,1144.6801,1746564.3398,yahoo×fx
2026-06-10,미장,일라이 릴리,LLY,USD,1136.37,1733021.1165,yahoo×fx
2026-06-11,미장,일라이 릴리,LLY,USD,1160.95,1761602.2426,yahoo×fx
2026-06-12,미장,일라이 릴리,LLY,USD,1133.0,,yahoo(fx없음)
2026-06-15,미장,일라이 릴리,LLY,USD,1129.35,1709056.6777,yahoo×fx
2026-06-16,미장,일라이 릴리,LLY,USD,1122.5,1696052.5562,yahoo×fx
2026-06-17,미장,일라이 릴리,LLY,USD,1112.0,1696267.0889,yahoo×fx
2026-06-18,미장,일라이 릴리,LLY,USD,1098.5699,1689117.271,yahoo×fx
2026-06-22,미장,일라이 릴리,LLY,USD,1102.08,1696156.2102,yahoo×fx
2026-06-23,미장,일라이 릴리,LLY,USD,1107.08,1699644.5025,yahoo×fx
2026-06-24,미장,일라이 릴리,LLY,USD,1117.26,1723664.0636,yahoo×fx
2026-06-25,미장,일라이 릴리,LLY,USD,1127.6899,1743949.9186,yahoo×fx
2026-06-26,미장,일라이 릴리,LLY,USD,1208.12,,yahoo(fx없음)
2026-06-29,미장,일라이 릴리,LLY,USD,1229.9301,1896220.0377,yahoo×fx
2026-06-30,미장,일라이 릴리,LLY,USD,1199.4301,1857449.3579,yahoo×fx
2026-07-01,미장,일라이 릴리,LLY,USD,1191.74,1849354.1041,yahoo×fx
2026-07-02,미장,일라이 릴리,LLY,USD,1213.91,1872007.0869,yahoo×fx
2026-07-06,미장,일라이 릴리,LLY,USD,1200.0601,1834603.8269,yahoo×fx
2026-07-07,미장,일라이 릴리,LLY,USD,1235.5601,1877878.2926,yahoo×fx
2026-07-08,미장,일라이 릴리,LLY,USD,1215.83,1827817.9348,yahoo×fx
2026-07-09,미장,일라이 릴리,LLY,USD,1216.95,1832617.1426,yahoo×fx
2026-07-10,미장,일라이 릴리,LLY,USD,1188.58,,yahoo(fx없음)
2026-07-13,미장,일라이 릴리,LLY,USD,1181.87,1770086.634,yahoo×fx
2026-07-14,미장,일라이 릴리,LLY,USD,1152.54,1714841.2789,yahoo×fx
2026-07-15,미장,일라이 릴리,LLY,USD,1156.63,1718983.4568,yahoo×fx
2026-07-16,미장,일라이 릴리,LLY,USD,1169.17,1729027.0909,yahoo×fx
2026-07-17,미장,일라이 릴리,LLY,USD,1179.11,,yahoo(fx없음)
2026-07-20,미장,일라이 릴리,LLY,USD,1146.9,1691689.0162,yahoo×fx
2026-07-21,미장,일라이 릴리,LLY,USD,1175.41,1739277.7013,yahoo×fx
2026-07-22,미장,일라이 릴리,LLY,USD,1163.01,1716172.4664,yahoo×fx
2026-07-23,미장,일라이 릴리,LLY,USD,1185.87,1748019.8539,yahoo×fx
2026-07-24,미장,일라이 릴리,LLY,USD,1196.03,,yahoo(fx없음)
2026-07-27,미장,일라이 릴리,LLY,USD,1197.53,1753710.8059,yahoo×fx
2026-07-28,미장,일라이 릴리,LLY,USD,1220.66,1773814.377,yahoo×fx
2026-07-29,미장,일라이 릴리,LLY,USD,1210.02,1745187.7092,yahoo×fx
2026-07-30,미장,일라이 릴리,LLY,USD,1154.97,1640750.3122,yahoo×fx
2026-07-31,미장,일라이 릴리,LLY,USD,1148.84,,yahoo(fx없음)
2026-08-03,미장,일라이 릴리,LLY,USD,1121.36,1601862.7391,yahoo×fx
2026-08-04,미장,일라이 릴리,LLY,USD,1115.6801,1593670.919,yahoo×fx
2026-08-05,미장,일라이 릴리,LLY,USD,1169.86,1662558.2568,yahoo×fx
2026-08-06,미장,일라이 릴리,LLY,USD,1191.9399,1695296.2369,yahoo×fx
2026-08-07,미장,일라이 릴리,LLY,USD,1185.71,,yahoo(fx없음)
2026-08-10,미장,일라이 릴리,LLY,USD,1231.9399,1746040.8705,yahoo×fx
2026-08-11,미장,일라이 릴리,LLY,USD,1215.02,1715827.0364,yahoo×fx
2026-08-12,미장,일라이 릴리,LLY,USD,1220.28,1728477.8026,yahoo×fx
2026-08-13,미장,일라이 릴리,LLY,USD,1209.0,1712971.6205,yahoo×fx
2026-08-14,미장,일라이 릴리,LLY,USD,1180.16,,yahoo(fx없음)
2026-08-17,미장,일라이 릴리,LLY,USD,1183.16,1673851.972,yahoo×fx
2026-08-18,미장,일라이 릴리,LLY,USD,1225.73,1732667.3319,yahoo×fx
2026-08-19,미장,일라이 릴리,LLY,USD,1280.34,1778904.3798,yahoo×fx
2026-08-20,미장,일라이 릴리,LLY,USD,1244.4,1730699.1586,yahoo×fx
2026-08-21,미장,일라이 릴리,LLY,USD,1255.4,,yahoo(fx없음)
2026-08-24,미장,일라이 릴리,LLY,USD,1246.9301,,yahoo(fx없음)
2026-08-25,미장,일라이 릴리,LLY,USD,1242.46,1718011.511,yahoo×fx
2026-03-16,미장,사우스웨스트 에어라인스,LUV,USD,40.23,60415.4018,yahoo×fx
2026-03-17,미장,사우스웨스트 에어라인스,LUV,USD,41.12,61223.979,yahoo×fx
2026-03-18,미장,사우스웨스트 에어라인스,LUV,USD,40.19,59676.9231,yahoo×fx
2026-03-19,미장,사우스웨스트 에어라인스,LUV,USD,40.87,61519.5659,yahoo×fx
2026-03-20,미장,사우스웨스트 에어라인스,LUV,USD,39.41,58714.5928,yahoo×fx
2026-03-23,미장,사우스웨스트 에어라인스,LUV,USD,40.35,60694.8696,yahoo×fx
2026-03-24,미장,사우스웨스트 에어라인스,LUV,USD,39.83,59161.8909,yahoo×fx
2026-03-25,미장,사우스웨스트 에어라인스,LUV,USD,40.19,60176.8892,yahoo×fx
2026-03-26,미장,사우스웨스트 에어라인스,LUV,USD,39.53,59333.3411,yahoo×fx
2026-03-27,미장,사우스웨스트 에어라인스,LUV,USD,37.36,56352.33,yahoo×fx
2026-03-30,미장,사우스웨스트 에어라인스,LUV,USD,36.29,55020.3593,yahoo×fx
2026-03-31,미장,사우스웨스트 에어라인스,LUV,USD,37.57,56480.106,yahoo×fx
2026-04-01,미장,사우스웨스트 에어라인스,LUV,USD,38.23,57807.1987,yahoo×fx
2026-04-02,미장,사우스웨스트 에어라인스,LUV,USD,37.6,56746.6686,yahoo×fx
2026-01-02,미장,메타,META,USD,650.41,938957.8632,yahoo×fx
2026-01-05,미장,메타,META,USD,658.79,948973.7747,yahoo×fx
2026-01-06,미장,메타,META,USD,660.62,954965.8788,yahoo×fx
2026-01-07,미장,메타,META,USD,648.69,937331.0806,yahoo×fx
2026-01-08,미장,메타,META,USD,646.06,934293.2143,yahoo×fx
2026-01-09,미장,메타,META,USD,653.06,946989.2126,yahoo×fx
2026-01-12,미장,메타,META,USD,641.97,934220.3739,yahoo×fx
2026-01-13,미장,메타,META,USD,631.09,924502.7469,yahoo×fx
2026-01-14,미장,메타,META,USD,615.52,906667.15,yahoo×fx
2026-01-15,미장,메타,META,USD,620.8,908168.3173,yahoo×fx
2026-01-16,미장,메타,META,USD,620.25,911047.9888,yahoo×fx
2026-01-20,미장,메타,META,USD,604.12,888974.667,yahoo×fx
2026-01-21,미장,메타,META,USD,612.96,905820.0792,yahoo×fx
2026-01-22,미장,메타,META,USD,647.63,948667.8316,yahoo×fx
2026-01-23,미장,메타,META,USD,658.76,963937.1783,yahoo×fx
2026-01-26,미장,메타,META,USD,672.36,971432.4698,yahoo×fx
2026-01-27,미장,메타,META,USD,672.97,969736.2552,yahoo×fx
2026-01-28,미장,메타,META,USD,668.73,957962.3909,yahoo×fx
2026-01-29,미장,메타,META,USD,738.31,1055244.3446,yahoo×fx
2026-01-30,미장,메타,META,USD,716.5,1023706.547,yahoo×fx
2026-02-02,미장,메타,META,USD,706.41,1023446.8036,yahoo×fx
2026-02-03,미장,메타,META,USD,691.7,1004721.9628,yahoo×fx
2026-02-04,미장,메타,META,USD,668.99,967814.475,yahoo×fx
2026-02-05,미장,메타,META,USD,670.21,978580.3454,yahoo×fx
2026-02-06,미장,메타,META,USD,661.46,972796.0606,yahoo×fx
2026-02-09,미장,메타,META,USD,677.22,990366.5017,yahoo×fx
2026-02-10,미장,메타,META,USD,670.72,978271.9323,yahoo×fx
2026-02-11,미장,메타,META,USD,668.69,973164.5919,yahoo×fx
2026-02-12,미장,메타,META,USD,649.81,938449.0623,yahoo×fx
2026-02-13,미장,메타,META,USD,639.77,921844.6368,yahoo×fx
2026-02-17,미장,메타,META,USD,639.29,920724.5926,yahoo×fx
2026-02-18,미장,메타,META,USD,643.22,926217.4424,yahoo×fx
2026-02-19,미장,메타,META,USD,644.78,928586.429,yahoo×fx
2026-02-20,미장,메타,META,USD,655.66,949231.7261,yahoo×fx
2026-02-23,미장,메타,META,USD,637.25,919832.1027,yahoo×fx
2026-02-24,미장,메타,META,USD,639.3,921998.4112,yahoo×fx
2026-02-25,미장,메타,META,USD,653.69,941307.0602,yahoo×fx
2026-02-26,미장,메타,META,USD,657.01,937507.3285,yahoo×fx
2026-02-27,미장,메타,META,USD,648.18,928401.1323,yahoo×fx
2026-03-02,미장,메타,META,USD,653.56,940146.0565,yahoo×fx
2026-03-03,미장,메타,META,USD,655.08,951353.0692,yahoo×fx
2026-03-04,미장,메타,META,USD,667.73,990290.2663,yahoo×fx
2026-03-05,미장,메타,META,USD,660.57,964927.6382,yahoo×fx
2026-03-06,미장,메타,META,USD,644.86,954076.8032,yahoo×fx
2026-03-09,미장,메타,META,USD,647.39,960655.5783,yahoo×fx
2026-03-10,미장,메타,META,USD,654.07,957865.8845,yahoo×fx
2026-03-11,미장,메타,META,USD,654.86,964464.7084,yahoo×fx
2026-03-12,미장,메타,META,USD,638.18,941532.4486,yahoo×fx
2026-03-13,미장,메타,META,USD,613.71,902509.6571,yahoo×fx
2026-03-16,미장,메타,META,USD,627.45,942273.0558,yahoo×fx
2026-03-17,미장,메타,META,USD,622.66,927084.6819,yahoo×fx
2026-03-18,미장,메타,META,USD,615.68,914204.7477,yahoo×fx
2026-03-19,미장,메타,META,USD,606.7,913235.1934,yahoo×fx
2026-03-20,미장,메타,META,USD,593.66,884458.3541,yahoo×fx
2026-03-23,미장,메타,META,USD,604.06,908633.0653,yahoo×fx
2026-03-24,미장,메타,META,USD,592.92,880699.6171,yahoo×fx
2026-03-25,미장,메타,META,USD,594.89,890734.8027,yahoo×fx
2026-03-26,미장,메타,META,USD,547.54,821841.0648,yahoo×fx
2026-03-27,미장,메타,META,USD,525.72,792974.9673,yahoo×fx
2026-03-30,미장,메타,META,USD,536.38,813221.8194,yahoo×fx
2026-03-31,미장,메타,META,USD,572.13,860100.1751,yahoo×fx
2026-04-01,미장,메타,META,USD,579.23,875847.8414,yahoo×fx
2026-04-02,미장,메타,META,USD,574.46,866986.5375,yahoo×fx
2026-04-06,미장,메타,META,USD,573.02,864028.2225,yahoo×fx
2026-04-07,미장,메타,META,USD,575.05,862074.691,yahoo×fx
2026-04-08,미장,메타,META,USD,612.42,904911.7518,yahoo×fx
2026-04-09,미장,메타,META,USD,628.39,925794.4592,yahoo×fx
2026-04-10,미장,메타,META,USD,629.86,,yahoo(fx없음)
2026-04-13,미장,메타,META,USD,634.53,937099.3068,yahoo×fx
2026-04-14,미장,메타,META,USD,662.49,973476.0706,yahoo×fx
2026-04-15,미장,메타,META,USD,671.58,989949.2793,yahoo×fx
2026-04-16,미장,메타,META,USD,676.87,1000359.7329,yahoo×fx
2026-04-17,미장,메타,META,USD,688.55,,yahoo(fx없음)
2026-04-20,미장,메타,META,USD,670.91,985741.1937,yahoo×fx
2026-04-21,미장,메타,META,USD,668.84,993762.5446,yahoo×fx
2026-04-22,미장,메타,META,USD,674.72,997209.1015,yahoo×fx
2026-04-23,미장,메타,META,USD,659.15,975509.0464,yahoo×fx
2026-04-24,미장,메타,META,USD,675.03,,yahoo(fx없음)
2026-04-27,미장,메타,META,USD,678.62,999607.2528,yahoo×fx
2026-04-28,미장,메타,META,USD,671.34,988205.7996,yahoo×fx
2026-04-29,미장,메타,META,USD,669.12,995235.7016,yahoo×fx
2026-04-30,미장,메타,META,USD,611.91,901961.4255,yahoo×fx
2026-05-01,미장,메타,META,USD,608.75,,yahoo(fx없음)
2026-05-04,미장,메타,META,USD,610.41,900995.6707,yahoo×fx
2026-05-05,미장,메타,META,USD,604.96,891686.8504,yahoo×fx
2026-05-06,미장,메타,META,USD,612.88,885274.4931,yahoo×fx
2026-05-07,미장,메타,META,USD,616.81,897329.0404,yahoo×fx
2026-05-08,미장,메타,META,USD,609.63,,yahoo(fx없음)
2026-05-11,미장,메타,META,USD,598.86,882989.0762,yahoo×fx
2026-05-12,미장,메타,META,USD,603.0,900272.9641,yahoo×fx
2026-05-13,미장,메타,META,USD,616.63,918680.0254,yahoo×fx
2026-05-14,미장,메타,META,USD,618.43,923526.2241,yahoo×fx
2026-05-15,미장,메타,META,USD,614.23,,yahoo(fx없음)
2026-05-18,미장,메타,META,USD,611.21,912120.9072,yahoo×fx
2026-05-19,미장,메타,META,USD,602.61,908645.4517,yahoo×fx
2026-05-20,미장,메타,META,USD,605.06,907450.8444,yahoo×fx
2026-05-21,미장,메타,META,USD,607.38,913742.4942,yahoo×fx
2026-05-22,미장,메타,META,USD,610.26,,yahoo(fx없음)
2026-05-26,미장,메타,META,USD,612.34,921841.1341,yahoo×fx
2026-05-27,미장,메타,META,USD,635.26,954865.664,yahoo×fx
2026-05-28,미장,메타,META,USD,635.29,949942.7761,yahoo×fx
2026-05-29,미장,메타,META,USD,632.51,,yahoo(fx없음)
2026-06-01,미장,메타,META,USD,600.47,907472.2644,yahoo×fx
2026-06-02,미장,메타,META,USD,597.63,906365.6508,yahoo×fx
2026-06-03,미장,메타,META,USD,622.98,953227.8888,yahoo×fx
2026-06-04,미장,메타,META,USD,627.57,962108.7174,yahoo×fx
2026-06-05,미장,메타,META,USD,593.0,,yahoo(fx없음)
2026-06-08,미장,메타,META,USD,585.39,894991.0885,yahoo×fx
2026-06-09,미장,메타,META,USD,584.59,891973.3431,yahoo×fx
2026-06-10,미장,메타,META,USD,570.98,870773.0471,yahoo×fx
2026-06-11,미장,메타,META,USD,568.43,862524.3051,yahoo×fx
2026-06-12,미장,메타,META,USD,566.98,,yahoo(fx없음)
2026-06-15,미장,메타,META,USD,593.48,898119.224,yahoo×fx
2026-06-16,미장,메타,META,USD,600.21,906893.3114,yahoo×fx
2026-06-17,미장,메타,META,USD,567.58,865797.9346,yahoo×fx
2026-06-18,미장,메타,META,USD,577.22,887510.372,yahoo×fx
2026-06-22,미장,메타,META,USD,563.85,867793.3325,yahoo×fx
2026-06-23,미장,메타,META,USD,562.2,863117.5687,yahoo×fx
2026-06-24,미장,메타,META,USD,557.67,860350.9483,yahoo×fx
2026-06-25,미장,메타,META,USD,542.87,839537.5794,yahoo×fx
2026-06-26,미장,메타,META,USD,550.25,,yahoo(fx없음)
2026-06-29,미장,메타,META,USD,562.6,867377.2494,yahoo×fx
2026-06-30,미장,메타,META,USD,563.29,872316.4846,yahoo×fx
2026-07-01,미장,메타,META,USD,612.91,951119.8613,yahoo×fx
2026-07-02,미장,메타,META,USD,582.9,898907.6175,yahoo×fx
2026-07-06,미장,메타,META,USD,600.29,917699.3127,yahoo×fx
2026-07-07,미장,메타,META,USD,615.58,935595.4358,yahoo×fx
2026-07-08,미장,메타,META,USD,603.12,906700.4299,yahoo×fx
2026-07-09,미장,메타,META,USD,631.48,950952.039,yahoo×fx
2026-07-10,미장,메타,META,USD,669.21,,yahoo(fx없음)
2026-07-13,미장,메타,META,USD,656.73,983584.4597,yahoo×fx
2026-07-14,미장,메타,META,USD,661.04,983548.1657,yahoo×fx
2026-07-15,미장,메타,META,USD,681.31,1012562.8851,yahoo×fx
2026-07-16,미장,메타,META,USD,664.54,982754.9303,yahoo×fx
2026-07-17,미장,메타,META,USD,646.01,,yahoo(fx없음)
2026-07-20,미장,메타,META,USD,645.85,952635.1788,yahoo×fx
2026-07-21,미장,메타,META,USD,643.81,952658.5107,yahoo×fx
2026-07-22,미장,메타,META,USD,627.17,925470.8449,yahoo×fx
2026-07-23,미장,메타,META,USD,606.1,893415.6317,yahoo×fx
2026-07-24,미장,메타,META,USD,595.19,,yahoo(fx없음)
2026-07-27,미장,메타,META,USD,593.87,869686.9409,yahoo×fx
2026-07-28,미장,메타,META,USD,593.41,862319.6569,yahoo×fx
2026-07-29,미장,메타,META,USD,585.61,844613.5868,yahoo×fx
2026-07-30,미장,메타,META,USD,539.03,765746.0465,yahoo×fx
2026-07-31,미장,메타,META,USD,556.71,,yahoo(fx없음)
2026-08-03,미장,메타,META,USD,590.24,843157.826,yahoo×fx
2026-08-04,미장,메타,META,USD,587.94,839831.1693,yahoo×fx
2026-08-05,미장,메타,META,USD,588.77,836736.4211,yahoo×fx
2026-08-06,미장,메타,META,USD,589.9,839014.8335,yahoo×fx
2026-08-07,미장,메타,META,USD,592.1,,yahoo(fx없음)
2026-08-10,미장,메타,META,USD,594.92,843186.0758,yahoo×fx
2026-08-11,미장,메타,META,USD,599.12,846065.3069,yahoo×fx
2026-08-12,미장,메타,META,USD,578.85,819917.8138,yahoo×fx
2026-08-13,미장,메타,META,USD,594.97,842983.1885,yahoo×fx
2026-08-14,미장,메타,META,USD,589.85,,yahoo(fx없음)
2026-08-17,미장,메타,META,USD,568.97,804938.8755,yahoo×fx
2026-08-18,미장,메타,META,USD,543.67,768520.9906,yahoo×fx
2026-08-19,미장,메타,META,USD,546.03,758654.136,yahoo×fx
2026-08-20,미장,메타,META,USD,545.83,759134.9508,yahoo×fx
2026-08-21,미장,메타,META,USD,549.9,,yahoo(fx없음)
2026-08-24,미장,메타,META,USD,559.02,,yahoo(fx없음)
2026-08-25,미장,메타,META,USD,564.75,780908.0625,yahoo×fx
2026-01-02,미장,디렉시온 메타 2배 ETF,METU,USD,31.2,45041.5696,yahoo×fx
2026-01-05,미장,디렉시온 메타 2배 ETF,METU,USD,31.94,46008.9313,yahoo×fx
2026-01-06,미장,디렉시온 메타 2배 ETF,METU,USD,32.1,46402.4757,yahoo×fx
2026-01-07,미장,디렉시온 메타 2배 ETF,METU,USD,30.97,44750.409,yahoo×fx
2026-01-08,미장,디렉시온 메타 2배 ETF,METU,USD,30.69,44382.0378,yahoo×fx
2026-01-09,미장,디렉시온 메타 2배 ETF,METU,USD,31.3,45387.5015,yahoo×fx
2026-01-12,미장,디렉시온 메타 2배 ETF,METU,USD,30.28,44064.6679,yahoo×fx
2026-01-13,미장,디렉시온 메타 2배 ETF,METU,USD,29.23,42819.9048,yahoo×fx
2026-01-14,미장,디렉시온 메타 2배 ETF,METU,USD,27.79,40934.9495,yahoo×fx
2026-01-15,미장,디렉시온 메타 2배 ETF,METU,USD,28.26,41341.555,yahoo×fx
2026-01-16,미장,디렉시온 메타 2배 ETF,METU,USD,28.18,41391.9107,yahoo×fx
2026-01-20,미장,디렉시온 메타 2배 ETF,METU,USD,26.75,39363.1605,yahoo×fx
2026-01-21,미장,디렉시온 메타 2배 ETF,METU,USD,27.49,40624.1727,yahoo×fx
2026-01-22,미장,디렉시온 메타 2배 ETF,METU,USD,30.55,44750.554,yahoo×fx
2026-01-23,미장,디렉시온 메타 2배 ETF,METU,USD,31.58,46209.751,yahoo×fx
2026-01-26,미장,디렉시온 메타 2배 ETF,METU,USD,32.88,47505.3563,yahoo×fx
2026-01-27,미장,디렉시온 메타 2배 ETF,METU,USD,32.93,47451.4712,yahoo×fx
2026-01-28,미장,디렉시온 메타 2배 ETF,METU,USD,32.35,46341.6966,yahoo×fx
2026-01-29,미장,디렉시온 메타 2배 ETF,METU,USD,39.22,56055.9719,yahoo×fx
2026-01-30,미장,디렉시온 메타 2배 ETF,METU,USD,36.92,52749.8169,yahoo×fx
2026-02-02,미장,디렉시온 메타 2배 ETF,METU,USD,35.85,51939.4795,yahoo×fx
2026-02-03,미장,디렉시온 메타 2배 ETF,METU,USD,34.34,49880.2252,yahoo×fx
2026-02-04,미장,디렉시온 메타 2배 ETF,METU,USD,32.09,46423.9631,yahoo×fx
2026-02-05,미장,디렉시온 메타 2배 ETF,METU,USD,32.18,46986.3398,yahoo×fx
2026-02-06,미장,디렉시온 메타 2배 ETF,METU,USD,31.3,46032.2846,yahoo×fx
2026-02-09,미장,디렉시온 메타 2배 ETF,METU,USD,32.83,48010.5955,yahoo×fx
2026-02-10,미장,디렉시온 메타 2배 ETF,METU,USD,32.2,46964.9904,yahoo×fx
2026-02-11,미장,디렉시온 메타 2배 ETF,METU,USD,31.98,46541.4513,yahoo×fx
2026-02-12,미장,디렉시온 메타 2배 ETF,METU,USD,30.14,43527.884,yahoo×fx
2026-02-13,미장,디렉시온 메타 2배 ETF,METU,USD,29.21,42088.6884,yahoo×fx
2026-02-17,미장,디렉시온 메타 2배 ETF,METU,USD,29.15,41982.7034,yahoo×fx
2026-02-18,미장,디렉시온 메타 2배 ETF,METU,USD,29.47,42435.914,yahoo×fx
2026-02-19,미장,디렉시온 메타 2배 ETF,METU,USD,29.61,42643.1395,yahoo×fx
2026-02-20,미장,디렉시온 메타 2배 ETF,METU,USD,30.58,44272.1949,yahoo×fx
2026-02-23,미장,디렉시온 메타 2배 ETF,METU,USD,28.87,41672.1123,yahoo×fx
2026-02-24,미장,디렉시온 메타 2배 ETF,METU,USD,29.01,41838.2209,yahoo×fx
2026-02-25,미장,디렉시온 메타 2배 ETF,METU,USD,30.34,43689.2965,yahoo×fx
2026-02-26,미장,디렉시온 메타 2배 ETF,METU,USD,30.62,43692.5994,yahoo×fx
2026-02-27,미장,디렉시온 메타 2배 ETF,METU,USD,29.73,42582.8713,yahoo×fx
2026-03-02,미장,디렉시온 메타 2배 ETF,METU,USD,30.24,43500.2397,yahoo×fx
2026-03-03,미장,디렉시온 메타 2배 ETF,METU,USD,30.4,44149.008,yahoo×fx
2026-03-04,미장,디렉시온 메타 2배 ETF,METU,USD,31.55,46790.8557,yahoo×fx
2026-03-05,미장,디렉시온 메타 2배 ETF,METU,USD,30.85,45064.1381,yahoo×fx
2026-03-06,미장,디렉시온 메타 2배 ETF,METU,USD,29.36,43438.4148,yahoo×fx
2026-03-09,미장,디렉시온 메타 2배 ETF,METU,USD,29.6,43923.145,yahoo×fx
2026-03-10,미장,디렉시온 메타 2배 ETF,METU,USD,30.17,44183.0591,yahoo×fx
2026-03-11,미장,디렉시온 메타 2배 ETF,METU,USD,30.27,44581.0522,yahoo×fx
2026-03-12,미장,디렉시온 메타 2배 ETF,METU,USD,28.72,42371.7628,yahoo×fx
2026-03-13,미장,디렉시온 메타 2배 ETF,METU,USD,26.5,38970.3688,yahoo×fx
2026-03-16,미장,디렉시온 메타 2배 ETF,METU,USD,27.71,41613.4911,yahoo×fx
2026-03-17,미장,디렉시온 메타 2배 ETF,METU,USD,27.27,40602.5773,yahoo×fx
2026-03-18,미장,디렉시온 메타 2배 ETF,METU,USD,26.67,39601.4829,yahoo×fx
2026-03-19,미장,디렉시온 메타 2배 ETF,METU,USD,25.89,38970.9216,yahoo×fx
2026-03-20,미장,디렉시온 메타 2배 ETF,METU,USD,24.74,36858.6404,yahoo×fx
2026-03-23,미장,디렉시온 메타 2배 ETF,METU,USD,25.59,38492.7331,yahoo×fx
2026-03-24,미장,디렉시온 메타 2배 ETF,METU,USD,24.48,36361.6118,yahoo×fx
2026-03-25,미장,디렉시온 메타 2배 ETF,METU,USD,24.62,36863.7749,yahoo×fx
2026-03-26,미장,디렉시온 메타 2배 ETF,METU,USD,20.69,31055.0695,yahoo×fx
2026-03-27,미장,디렉시온 메타 2배 ETF,METU,USD,19.02,28689.0076,yahoo×fx
2026-03-30,미장,디렉시온 메타 2배 ETF,METU,USD,19.81,30034.5346,yahoo×fx
2026-03-31,미장,디렉시온 메타 2배 ETF,METU,USD,22.39,33659.5568,yahoo×fx
2026-04-01,미장,디렉시온 메타 2배 ETF,METU,USD,22.97,34732.7055,yahoo×fx
2026-04-02,미장,디렉시온 메타 2배 ETF,METU,USD,22.57,34063.0943,yahoo×fx
2026-04-06,미장,디렉시온 메타 2배 ETF,METU,USD,22.43,33821.0754,yahoo×fx
2026-04-07,미장,디렉시온 메타 2배 ETF,METU,USD,22.59,33865.347,yahoo×fx
2026-04-08,미장,디렉시온 메타 2배 ETF,METU,USD,25.52,37708.3521,yahoo×fx
2026-04-09,미장,디렉시온 메타 2배 ETF,METU,USD,26.82,39513.3699,yahoo×fx
2026-04-10,미장,디렉시온 메타 2배 ETF,METU,USD,26.9,,yahoo(fx없음)
2026-04-13,미장,디렉시온 메타 2배 ETF,METU,USD,27.34,40376.8049,yahoo×fx
2026-04-14,미장,디렉시온 메타 2배 ETF,METU,USD,29.73,43685.8572,yahoo×fx
2026-04-15,미장,디렉시온 메타 2배 ETF,METU,USD,30.55,45032.5337,yahoo×fx
2026-04-16,미장,디렉시온 메타 2배 ETF,METU,USD,31.0,45815.5214,yahoo×fx
2026-04-17,미장,디렉시온 메타 2배 ETF,METU,USD,32.05,,yahoo(fx없음)
2026-04-20,미장,디렉시온 메타 2배 ETF,METU,USD,30.4,44665.5037,yahoo×fx
2026-04-21,미장,디렉시온 메타 2배 ETF,METU,USD,30.22,44900.8765,yahoo×fx
2026-04-22,미장,디렉시온 메타 2배 ETF,METU,USD,30.73,45417.7089,yahoo×fx
2026-04-23,미장,디렉시온 메타 2배 ETF,METU,USD,29.32,43392.1321,yahoo×fx
2026-04-24,미장,디렉시온 메타 2배 ETF,METU,USD,30.7,,yahoo(fx없음)
2026-04-27,미장,디렉시온 메타 2배 ETF,METU,USD,31.01,45677.7303,yahoo×fx
2026-04-28,미장,디렉시온 메타 2배 ETF,METU,USD,30.33,44645.4563,yahoo×fx
2026-04-29,미장,디렉시온 메타 2배 ETF,METU,USD,30.21,44933.7486,yahoo×fx
2026-04-30,미장,디렉시온 메타 2배 ETF,METU,USD,24.96,36791.2885,yahoo×fx
2026-05-01,미장,디렉시온 메타 2배 ETF,METU,USD,24.7,,yahoo(fx없음)
2026-05-04,미장,디렉시온 메타 2배 ETF,METU,USD,24.84,36665.0834,yahoo×fx
2026-05-05,미장,디렉시온 메타 2배 ETF,METU,USD,24.38,35935.1426,yahoo×fx
2026-05-06,미장,디렉시온 메타 2배 ETF,METU,USD,24.98,36082.3591,yahoo×fx
2026-05-07,미장,디렉시온 메타 2배 ETF,METU,USD,25.31,36820.7351,yahoo×fx
2026-05-08,미장,디렉시온 메타 2배 ETF,METU,USD,24.69,,yahoo(fx없음)
2026-05-11,미장,디렉시온 메타 2배 ETF,METU,USD,23.82,35121.3974,yahoo×fx
2026-05-12,미장,디렉시온 메타 2배 ETF,METU,USD,24.15,36055.7077,yahoo×fx
2026-05-13,미장,디렉시온 메타 2배 ETF,METU,USD,25.21,37558.8642,yahoo×fx
2026-05-14,미장,디렉시온 메타 2배 ETF,METU,USD,25.35,37856.1687,yahoo×fx
2026-05-15,미장,디렉시온 메타 2배 ETF,METU,USD,25.02,,yahoo(fx없음)
2026-05-18,미장,디렉시온 메타 2배 ETF,METU,USD,24.73,36905.0716,yahoo×fx
2026-05-19,미장,디렉시온 메타 2배 ETF,METU,USD,24.06,36278.8696,yahoo×fx
2026-05-20,미장,디렉시온 메타 2배 ETF,METU,USD,24.23,36339.4269,yahoo×fx
2026-05-21,미장,디렉시온 메타 2배 ETF,METU,USD,24.44,36767.5374,yahoo×fx
2026-05-22,미장,디렉시온 메타 2배 ETF,METU,USD,24.6,,yahoo(fx없음)
2026-05-26,미장,디렉시온 메타 2배 ETF,METU,USD,24.76,37274.6933,yahoo×fx
2026-05-27,미장,디렉시온 메타 2배 ETF,METU,USD,26.61,39997.7576,yahoo×fx
2026-05-28,미장,디렉시온 메타 2배 ETF,METU,USD,26.59,39759.7624,yahoo×fx
2026-05-29,미장,디렉시온 메타 2배 ETF,METU,USD,26.36,,yahoo(fx없음)
2026-06-01,미장,디렉시온 메타 2배 ETF,METU,USD,23.7,35817.1006,yahoo×fx
2026-06-02,미장,디렉시온 메타 2배 ETF,METU,USD,23.47,35594.6004,yahoo×fx
2026-06-03,미장,디렉시온 메타 2배 ETF,METU,USD,25.42,38895.3959,yahoo×fx
2026-06-04,미장,디렉시온 메타 2배 ETF,METU,USD,25.79,39537.8753,yahoo×fx
2026-06-05,미장,디렉시온 메타 2배 ETF,METU,USD,22.93,,yahoo(fx없음)
2026-06-08,미장,디렉시온 메타 2배 ETF,METU,USD,22.35,34170.4687,yahoo×fx
2026-06-09,미장,디렉시온 메타 2배 ETF,METU,USD,22.29,34010.3076,yahoo×fx
2026-06-10,미장,디렉시온 메타 2배 ETF,METU,USD,21.23,32376.8118,yahoo×fx
2026-06-11,미장,디렉시온 메타 2배 ETF,METU,USD,21.05,31940.8479,yahoo×fx
2026-06-12,미장,디렉시온 메타 2배 ETF,METU,USD,20.9,,yahoo(fx없음)
2026-06-15,미장,디렉시온 메타 2배 ETF,METU,USD,22.9,34654.7998,yahoo×fx
2026-06-16,미장,디렉시온 메타 2배 ETF,METU,USD,23.39,35341.3526,yahoo×fx
2026-06-17,미장,디렉시온 메타 2배 ETF,METU,USD,20.84,31789.7539,yahoo×fx
2026-06-18,미장,디렉시온 메타 2배 ETF,METU,USD,21.52,33088.2932,yahoo×fx
2026-06-22,미장,디렉시온 메타 2배 ETF,METU,USD,20.53,31596.6986,yahoo×fx
2026-06-23,미장,디렉시온 메타 2배 ETF,METU,USD,20.26,31104.1654,yahoo×fx
2026-06-24,미장,디렉시온 메타 2배 ETF,METU,USD,19.94,30762.6354,yahoo×fx
2026-06-25,미장,디렉시온 메타 2배 ETF,METU,USD,18.88,29197.5407,yahoo×fx
2026-06-26,미장,디렉시온 메타 2배 ETF,METU,USD,19.29,,yahoo(fx없음)
2026-06-29,미장,디렉시온 메타 2배 ETF,METU,USD,20.21,31158.3615,yahoo×fx
2026-06-30,미장,디렉시온 메타 2배 ETF,METU,USD,20.25,31359.3522,yahoo×fx
2026-07-01,미장,디렉시온 메타 2배 ETF,METU,USD,23.82,36964.1151,yahoo×fx
2026-07-02,미장,디렉시온 메타 2배 ETF,METU,USD,21.49,33140.3735,yahoo×fx
2026-07-06,미장,디렉시온 메타 2배 ETF,METU,USD,22.75,34779.2902,yahoo×fx
2026-07-07,미장,디렉시온 메타 2배 ETF,METU,USD,23.89,36309.4541,yahoo×fx
2026-07-08,미장,디렉시온 메타 2배 ETF,METU,USD,22.91,34441.7477,yahoo×fx
2026-07-09,미장,디렉시온 메타 2배 ETF,METU,USD,25.06,37738.1047,yahoo×fx
2026-07-10,미장,디렉시온 메타 2배 ETF,METU,USD,28.03,,yahoo(fx없음)
2026-07-13,미장,디렉시온 메타 2배 ETF,METU,USD,26.99,40422.9213,yahoo×fx
2026-07-14,미장,디렉시온 메타 2배 ETF,METU,USD,27.33,40663.7604,yahoo×fx
2026-07-15,미장,디렉시온 메타 2배 ETF,METU,USD,29.0,43099.7986,yahoo×fx
2026-07-16,미장,디렉시온 메타 2배 ETF,METU,USD,27.58,40786.6822,yahoo×fx
2026-07-17,미장,디렉시온 메타 2배 ETF,METU,USD,26.03,,yahoo(fx없음)
2026-07-20,미장,디렉시온 메타 2배 ETF,METU,USD,25.98,38320.7594,yahoo×fx
2026-07-21,미장,디렉시온 메타 2배 ETF,METU,USD,25.8,38176.7741,yahoo×fx
2026-07-22,미장,디렉시온 메타 2배 ETF,METU,USD,24.48,36123.4218,yahoo×fx
2026-07-23,미장,디렉시온 메타 2배 ETF,METU,USD,22.85,33681.8155,yahoo×fx
2026-07-24,미장,디렉시온 메타 2배 ETF,METU,USD,22.01,,yahoo(fx없음)
2026-07-27,미장,디렉시온 메타 2배 ETF,METU,USD,21.9,32071.2342,yahoo×fx
2026-07-28,미장,디렉시온 메타 2배 ETF,METU,USD,21.87,31780.6112,yahoo×fx
2026-07-29,미장,디렉시온 메타 2배 ETF,METU,USD,21.4,30864.7921,yahoo×fx
2026-07-30,미장,디렉시온 메타 2배 ETF,METU,USD,17.87,25386.1228,yahoo×fx
2026-07-31,미장,디렉시온 메타 2배 ETF,METU,USD,19.06,,yahoo(fx없음)
2026-08-03,미장,디렉시온 메타 2배 ETF,METU,USD,21.33,30469.9049,yahoo×fx
2026-08-04,미장,디렉시온 메타 2배 ETF,METU,USD,21.15,30211.2951,yahoo×fx
2026-08-05,미장,디렉시온 메타 2배 ETF,METU,USD,21.2,30128.5938,yahoo×fx
2026-08-06,미장,디렉시온 메타 2배 ETF,METU,USD,21.27,30252.3227,yahoo×fx
2026-08-07,미장,디렉시온 메타 2배 ETF,METU,USD,21.42,,yahoo(fx없음)
2026-08-10,미장,디렉시온 메타 2배 ETF,METU,USD,21.63,30656.4154,yahoo×fx
2026-08-11,미장,디렉시온 메타 2배 ETF,METU,USD,21.93,30969.109,yahoo×fx
2026-08-12,미장,디렉시온 메타 2배 ETF,METU,USD,20.45,28966.6073,yahoo×fx
2026-08-13,미장,디렉시온 메타 2배 ETF,METU,USD,21.56,30547.2847,yahoo×fx
2026-08-14,미장,디렉시온 메타 2배 ETF,METU,USD,21.18,,yahoo(fx없음)
2026-08-17,미장,디렉시온 메타 2배 ETF,METU,USD,19.68,27841.8864,yahoo×fx
2026-08-18,미장,디렉시온 메타 2배 ETF,METU,USD,17.93,25345.489,yahoo×fx
2026-08-19,미장,디렉시온 메타 2배 ETF,METU,USD,18.07,25106.458,yahoo×fx
2026-08-20,미장,디렉시온 메타 2배 ETF,METU,USD,18.07,25131.5756,yahoo×fx
2026-08-21,미장,디렉시온 메타 2배 ETF,METU,USD,18.31,,yahoo(fx없음)
2026-08-24,미장,디렉시온 메타 2배 ETF,METU,USD,18.92,,yahoo(fx없음)
2026-08-25,미장,디렉시온 메타 2배 ETF,METU,USD,19.3,26687.0739,yahoo×fx
2026-01-02,미장,MP 머터리얼즈,MP,USD,54.97,79356.8934,yahoo×fx
2026-01-05,미장,MP 머터리얼즈,MP,USD,58.62,84440.9349,yahoo×fx
2026-01-06,미장,MP 머터리얼즈,MP,USD,59.82,86473.4023,yahoo×fx
2026-01-07,미장,MP 머터리얼즈,MP,USD,62.5,90309.9976,yahoo×fx
2026-01-08,미장,MP 머터리얼즈,MP,USD,61.06,88301.3113,yahoo×fx
2026-01-09,미장,MP 머터리얼즈,MP,USD,62.0,89904.9573,yahoo×fx
2026-01-12,미장,MP 머터리얼즈,MP,USD,65.34,95085.3756,yahoo×fx
2026-01-13,미장,MP 머터리얼즈,MP,USD,63.82,93491.8356,yahoo×fx
2026-01-14,미장,MP 머터리얼즈,MP,USD,69.3,102079.5982,yahoo×fx
2026-01-15,미장,MP 머터리얼즈,MP,USD,66.7,97575.4272,yahoo×fx
2026-01-16,미장,MP 머터리얼즈,MP,USD,68.98,101320.5858,yahoo×fx
2026-01-20,미장,MP 머터리얼즈,MP,USD,68.38,100622.5349,yahoo×fx
2026-01-21,미장,MP 머터리얼즈,MP,USD,64.65,95538.4811,yahoo×fx
2026-01-22,미장,MP 머터리얼즈,MP,USD,68.37,100150.4281,yahoo×fx
2026-01-23,미장,MP 머터리얼즈,MP,USD,69.58,101813.6342,yahoo×fx
2026-01-26,미장,MP 머터리얼즈,MP,USD,63.44,91658.7481,yahoo×fx
2026-01-27,미장,MP 머터리얼즈,MP,USD,66.73,96156.5989,yahoo×fx
2026-01-28,미장,MP 머터리얼즈,MP,USD,67.01,95992.4988,yahoo×fx
2026-01-29,미장,MP 머터리얼즈,MP,USD,62.16,88843.4242,yahoo×fx
2026-01-30,미장,MP 머터리얼즈,MP,USD,58.77,83968.2264,yahoo×fx
2026-02-02,미장,MP 머터리얼즈,MP,USD,59.11,85638.5718,yahoo×fx
2026-02-03,미장,MP 머터리얼즈,MP,USD,64.61,93848.6128,yahoo×fx
2026-02-04,미장,MP 머터리얼즈,MP,USD,60.55,87596.4761,yahoo×fx
2026-02-05,미장,MP 머터리얼즈,MP,USD,56.55,82569.2186,yahoo×fx
2026-02-06,미장,MP 머터리얼즈,MP,USD,61.26,90093.8576,yahoo×fx
2026-02-09,미장,MP 머터리얼즈,MP,USD,62.8,91838.7204,yahoo×fx
2026-02-10,미장,MP 머터리얼즈,MP,USD,62.34,90925.3863,yahoo×fx
2026-02-11,미장,MP 머터리얼즈,MP,USD,60.58,88163.8914,yahoo×fx
2026-02-12,미장,MP 머터리얼즈,MP,USD,57.3,82752.0825,yahoo×fx
2026-02-13,미장,MP 머터리얼즈,MP,USD,58.03,83615.4267,yahoo×fx
2026-02-17,미장,MP 머터리얼즈,MP,USD,56.95,82021.0985,yahoo×fx
2026-02-18,미장,MP 머터리얼즈,MP,USD,57.94,83431.8581,yahoo×fx
2026-02-19,미장,MP 머터리얼즈,MP,USD,58.56,84335.7736,yahoo×fx
2026-02-20,미장,MP 머터리얼즈,MP,USD,55.34,80118.4852,yahoo×fx
2026-02-23,미장,MP 머터리얼즈,MP,USD,55.7,80399.6058,yahoo×fx
2026-02-24,미장,MP 머터리얼즈,MP,USD,58.44,84282.1632,yahoo×fx
2026-02-25,미장,MP 머터리얼즈,MP,USD,58.66,84469.8126,yahoo×fx
2026-02-26,미장,MP 머터리얼즈,MP,USD,60.0,85615.8032,yahoo×fx
2026-02-27,미장,MP 머터리얼즈,MP,USD,58.87,84320.6737,yahoo×fx
2026-03-02,미장,MP 머터리얼즈,MP,USD,63.73,91675.6043,yahoo×fx
2026-03-03,미장,MP 머터리얼즈,MP,USD,61.4,89169.3814,yahoo×fx
2026-03-04,미장,MP 머터리얼즈,MP,USD,61.61,91371.9403,yahoo×fx
2026-03-05,미장,MP 머터리얼즈,MP,USD,58.48,85424.6593,yahoo×fx
2026-03-06,미장,MP 머터리얼즈,MP,USD,58.23,86151.8672,yahoo×fx
2026-03-09,미장,MP 머터리얼즈,MP,USD,60.3,89478.5668,yahoo×fx
2026-03-10,미장,MP 머터리얼즈,MP,USD,61.58,90182.0635,yahoo×fx
2026-03-11,미장,MP 머터리얼즈,MP,USD,62.25,91680.5568,yahoo×fx
2026-03-12,미장,MP 머터리얼즈,MP,USD,60.03,88564.6563,yahoo×fx
2026-03-13,미장,MP 머터리얼즈,MP,USD,57.21,84131.8779,yahoo×fx
2026-03-16,미장,MP 머터리얼즈,MP,USD,59.36,89143.8809,yahoo×fx
2026-03-17,미장,MP 머터리얼즈,MP,USD,59.3,88292.3639,yahoo×fx
2026-03-18,미장,MP 머터리얼즈,MP,USD,57.54,85439.4209,yahoo×fx
2026-03-19,미장,MP 머터리얼즈,MP,USD,53.1,79928.7727,yahoo×fx
2026-03-20,미장,MP 머터리얼즈,MP,USD,50.6,75385.9,yahoo×fx
2026-03-23,미장,MP 머터리얼즈,MP,USD,53.28,80144.3049,yahoo×fx
2026-03-24,미장,MP 머터리얼즈,MP,USD,53.29,79154.835,yahoo×fx
2026-03-25,미장,MP 머터리얼즈,MP,USD,53.74,80465.4451,yahoo×fx
2026-03-26,미장,MP 머터리얼즈,MP,USD,51.7,77600.1486,yahoo×fx
2026-03-27,미장,MP 머터리얼즈,MP,USD,51.8,78133.0461,yahoo×fx
2026-03-30,미장,MP 머터리얼즈,MP,USD,45.59,69120.3672,yahoo×fx
2026-03-31,미장,MP 머터리얼즈,MP,USD,48.26,72550.7012,yahoo×fx
2026-04-01,미장,MP 머터리얼즈,MP,USD,48.41,73200.275,yahoo×fx
2026-04-02,미장,MP 머터리얼즈,MP,USD,49.73,75053.5085,yahoo×fx
2026-04-06,미장,MP 머터리얼즈,MP,USD,51.17,77156.6805,yahoo×fx
2026-04-07,미장,MP 머터리얼즈,MP,USD,49.49,74191.9465,yahoo×fx
2026-04-08,미장,MP 머터리얼즈,MP,USD,54.44,80440.5406,yahoo×fx
2026-04-09,미장,MP 머터리얼즈,MP,USD,53.9,79409.7958,yahoo×fx
2026-04-10,미장,MP 머터리얼즈,MP,USD,55.24,,yahoo(fx없음)
2026-04-13,미장,MP 머터리얼즈,MP,USD,56.8,83884.5089,yahoo×fx
2026-04-14,미장,MP 머터리얼즈,MP,USD,57.36,84285.9346,yahoo×fx
2026-04-15,미장,MP 머터리얼즈,MP,USD,59.52,87736.0554,yahoo×fx
2026-04-16,미장,MP 머터리얼즈,MP,USD,62.3,92074.4176,yahoo×fx
2026-04-17,미장,MP 머터리얼즈,MP,USD,60.99,,yahoo(fx없음)
2026-04-20,미장,MP 머터리얼즈,MP,USD,66.23,97309.0954,yahoo×fx
2026-04-21,미장,MP 머터리얼즈,MP,USD,65.76,97706.2144,yahoo×fx
2026-04-22,미장,MP 머터리얼즈,MP,USD,69.19,102260.0533,yahoo×fx
2026-04-23,미장,MP 머터리얼즈,MP,USD,63.32,93710.4305,yahoo×fx
2026-04-24,미장,MP 머터리얼즈,MP,USD,60.73,,yahoo(fx없음)
2026-04-27,미장,MP 머터리얼즈,MP,USD,64.92,95627.1573,yahoo×fx
2026-04-28,미장,MP 머터리얼즈,MP,USD,61.7,90821.7835,yahoo×fx
2026-04-29,미장,MP 머터리얼즈,MP,USD,61.3,91176.3932,yahoo×fx
2026-04-30,미장,MP 머터리얼즈,MP,USD,66.04,97343.6224,yahoo×fx
2026-05-01,미장,MP 머터리얼즈,MP,USD,66.63,,yahoo(fx없음)
2026-05-04,미장,MP 머터리얼즈,MP,USD,66.2,97714.5087,yahoo×fx
2026-05-05,미장,MP 머터리얼즈,MP,USD,68.06,100317.7113,yahoo×fx
2026-05-06,미장,MP 머터리얼즈,MP,USD,72.65,104939.2912,yahoo×fx
2026-05-07,미장,MP 머터리얼즈,MP,USD,69.13,100569.6314,yahoo×fx
2026-05-08,미장,MP 머터리얼즈,MP,USD,67.43,,yahoo(fx없음)
2026-05-11,미장,MP 머터리얼즈,MP,USD,67.41,99392.6766,yahoo×fx
2026-05-12,미장,MP 머터리얼즈,MP,USD,65.59,97925.208,yahoo×fx
2026-05-13,미장,MP 머터리얼즈,MP,USD,63.73,94947.5003,yahoo×fx
2026-05-14,미장,MP 머터리얼즈,MP,USD,60.31,90063.3354,yahoo×fx
2026-05-15,미장,MP 머터리얼즈,MP,USD,61.27,,yahoo(fx없음)
2026-05-18,미장,MP 머터리얼즈,MP,USD,56.67,84569.7686,yahoo×fx
2026-05-19,미장,MP 머터리얼즈,MP,USD,54.93,82826.1996,yahoo×fx
2026-05-20,미장,MP 머터리얼즈,MP,USD,56.5,84737.0061,yahoo×fx
2026-05-21,미장,MP 머터리얼즈,MP,USD,61.74,92881.66,yahoo×fx
2026-05-22,미장,MP 머터리얼즈,MP,USD,64.46,,yahoo(fx없음)
2026-05-26,미장,MP 머터리얼즈,MP,USD,66.99,100849.4185,yahoo×fx
2026-05-27,미장,MP 머터리얼즈,MP,USD,65.21,98017.8008,yahoo×fx
2026-05-28,미장,MP 머터리얼즈,MP,USD,66.83,99930.236,yahoo×fx
2026-05-29,미장,MP 머터리얼즈,MP,USD,64.7,,yahoo(fx없음)
2026-06-01,미장,MP 머터리얼즈,MP,USD,69.29,104715.901,yahoo×fx
2026-06-02,미장,MP 머터리얼즈,MP,USD,72.24,109559.179,yahoo×fx
2026-06-03,미장,MP 머터리얼즈,MP,USD,68.55,104889.0442,yahoo×fx
2026-06-04,미장,MP 머터리얼즈,MP,USD,65.46,100354.7573,yahoo×fx
2026-06-05,미장,MP 머터리얼즈,MP,USD,59.18,,yahoo(fx없음)
2026-06-08,미장,MP 머터리얼즈,MP,USD,57.58,88032.9135,yahoo×fx
2026-06-09,미장,MP 머터리얼즈,MP,USD,54.3,82851.485,yahoo×fx
2026-06-10,미장,MP 머터리얼즈,MP,USD,53.45,81513.9263,yahoo×fx
2026-06-11,미장,MP 머터리얼즈,MP,USD,57.18,86763.7891,yahoo×fx
2026-06-12,미장,MP 머터리얼즈,MP,USD,57.55,,yahoo(fx없음)
2026-06-15,미장,MP 머터리얼즈,MP,USD,58.26,88165.4415,yahoo×fx
2026-06-16,미장,MP 머터리얼즈,MP,USD,57.05,86200.2646,yahoo×fx
2026-06-17,미장,MP 머터리얼즈,MP,USD,60.84,92806.5557,yahoo×fx
2026-06-18,미장,MP 머터리얼즈,MP,USD,60.88,93606.658,yahoo×fx
2026-06-22,미장,MP 머터리얼즈,MP,USD,60.29,92789.3289,yahoo×fx
2026-06-23,미장,MP 머터리얼즈,MP,USD,58.9,90426.2273,yahoo×fx
2026-06-24,미장,MP 머터리얼즈,MP,USD,56.51,87181.3656,yahoo×fx
2026-06-25,미장,MP 머터리얼즈,MP,USD,55.62,86015.2149,yahoo×fx
2026-06-26,미장,MP 머터리얼즈,MP,USD,53.9,,yahoo(fx없음)
2026-06-29,미장,MP 머터리얼즈,MP,USD,54.74,84394.3017,yahoo×fx
2026-06-30,미장,MP 머터리얼즈,MP,USD,56.01,86737.6427,yahoo×fx
2026-07-01,미장,MP 머터리얼즈,MP,USD,54.28,84232.2481,yahoo×fx
2026-07-02,미장,MP 머터리얼즈,MP,USD,53.31,82210.9527,yahoo×fx
2026-07-06,미장,MP 머터리얼즈,MP,USD,53.01,81039.5656,yahoo×fx
2026-07-07,미장,MP 머터리얼즈,MP,USD,50.49,76737.7332,yahoo×fx
2026-07-08,미장,MP 머터리얼즈,MP,USD,53.0,79677.5487,yahoo×fx
2026-07-09,미장,MP 머터리얼즈,MP,USD,51.71,77870.6065,yahoo×fx
2026-07-10,미장,MP 머터리얼즈,MP,USD,52.21,,yahoo(fx없음)
2026-07-13,미장,MP 머터리얼즈,MP,USD,49.5,74136.1476,yahoo×fx
2026-07-14,미장,MP 머터리얼즈,MP,USD,50.79,75569.4268,yahoo×fx
2026-07-15,미장,MP 머터리얼즈,MP,USD,49.46,73507.4482,yahoo×fx
2026-07-16,미장,MP 머터리얼즈,MP,USD,45.46,67228.5185,yahoo×fx
2026-07-17,미장,MP 머터리얼즈,MP,USD,45.24,,yahoo(fx없음)
2026-07-20,미장,MP 머터리얼즈,MP,USD,45.7,67407.9586,yahoo×fx
2026-07-21,미장,MP 머터리얼즈,MP,USD,46.3,68511.0335,yahoo×fx
2026-07-22,미장,MP 머터리얼즈,MP,USD,45.68,67406.7791,yahoo×fx
2026-07-23,미장,MP 머터리얼즈,MP,USD,44.65,65815.89,yahoo×fx
2026-07-24,미장,MP 머터리얼즈,MP,USD,41.3,,yahoo(fx없음)
2026-07-27,미장,MP 머터리얼즈,MP,USD,43.13,63161.2962,yahoo×fx
2026-07-28,미장,MP 머터리얼즈,MP,USD,41.28,59986.4444,yahoo×fx
2026-07-29,미장,MP 머터리얼즈,MP,USD,38.1,54950.8669,yahoo×fx
2026-07-30,미장,MP 머터리얼즈,MP,USD,41.66,59182.1948,yahoo×fx
2026-07-31,미장,MP 머터리얼즈,MP,USD,41.37,,yahoo(fx없음)
2026-08-03,미장,MP 머터리얼즈,MP,USD,43.84,62625.4402,yahoo×fx
2026-08-04,미장,MP 머터리얼즈,MP,USD,47.47,67807.5764,yahoo×fx
2026-08-05,미장,MP 머터리얼즈,MP,USD,47.91,68087.777,yahoo×fx
2026-08-06,미장,MP 머터리얼즈,MP,USD,47.49,67545.0317,yahoo×fx
2026-08-07,미장,MP 머터리얼즈,MP,USD,51.11,,yahoo(fx없음)
2026-08-10,미장,MP 머터리얼즈,MP,USD,54.66,77470.1676,yahoo×fx
2026-08-11,미장,MP 머터리얼즈,MP,USD,55.24,78008.8285,yahoo×fx
2026-08-12,미장,MP 머터리얼즈,MP,USD,54.11,76644.6494,yahoo×fx
2026-08-13,미장,MP 머터리얼즈,MP,USD,55.66,78861.8694,yahoo×fx
2026-08-14,미장,MP 머터리얼즈,MP,USD,58.74,,yahoo(fx없음)
2026-08-17,미장,MP 머터리얼즈,MP,USD,58.51,82775.8488,yahoo×fx
2026-08-18,미장,MP 머터리얼즈,MP,USD,56.67,80107.5735,yahoo×fx
2026-08-19,미장,MP 머터리얼즈,MP,USD,56.68,78751.1938,yahoo×fx
2026-08-20,미장,MP 머터리얼즈,MP,USD,55.04,76549.085,yahoo×fx
2026-08-21,미장,MP 머터리얼즈,MP,USD,60.05,,yahoo(fx없음)
2026-08-24,미장,MP 머터리얼즈,MP,USD,57.42,,yahoo(fx없음)
2026-08-25,미장,MP 머터리얼즈,MP,USD,59.83,82729.935,yahoo×fx
2026-05-13,미장,마벨 테크놀로지 그룹,MRVL,USD,177.95,265117.0174,yahoo×fx
2026-05-14,미장,마벨 테크놀로지 그룹,MRVL,USD,182.58,272654.0137,yahoo×fx
2026-05-15,미장,마벨 테크놀로지 그룹,MRVL,USD,176.89,,yahoo(fx없음)
2026-05-18,미장,마벨 테크놀로지 그룹,MRVL,USD,168.93,252097.5976,yahoo×fx
2026-05-19,미장,마벨 테크놀로지 그룹,MRVL,USD,176.27,265788.7216,yahoo×fx
2026-05-20,미장,마벨 테크놀로지 그룹,MRVL,USD,186.8,280157.0442,yahoo×fx
2026-05-21,미장,마벨 테크놀로지 그룹,MRVL,USD,190.69,286874.0443,yahoo×fx
2026-05-22,미장,마벨 테크놀로지 그룹,MRVL,USD,196.33,,yahoo(fx없음)
2026-05-26,미장,마벨 테크놀로지 그룹,MRVL,USD,208.26,313522.9139,yahoo×fx
2026-05-27,미장,마벨 테크놀로지 그룹,MRVL,USD,198.7,298667.9495,yahoo×fx
2026-05-28,미장,마벨 테크놀로지 그룹,MRVL,USD,204.83,306280.2614,yahoo×fx
2026-05-29,미장,마벨 테크놀로지 그룹,MRVL,USD,205.0,,yahoo(fx없음)
2026-06-01,미장,마벨 테크놀로지 그룹,MRVL,USD,219.43,331617.9693,yahoo×fx
2026-06-02,미장,마벨 테크놀로지 그룹,MRVL,USD,290.79,441012.1199,yahoo×fx
2026-06-03,미장,마벨 테크놀로지 그룹,MRVL,USD,301.65,461557.6677,yahoo×fx
2026-06-04,미장,마벨 테크놀로지 그룹,MRVL,USD,316.43,485109.3119,yahoo×fx
2026-06-05,미장,마벨 테크놀로지 그룹,MRVL,USD,263.47,,yahoo(fx없음)
2026-06-08,미장,마벨 테크놀로지 그룹,MRVL,USD,288.85,441616.9987,yahoo×fx
2026-06-09,미장,마벨 테크놀로지 그룹,MRVL,USD,266.88,407208.1959,yahoo×fx
2026-06-10,미장,마벨 테크놀로지 그룹,MRVL,USD,252.59,385212.3862,yahoo×fx
2026-06-11,미장,마벨 테크놀로지 그룹,MRVL,USD,280.71,425943.7282,yahoo×fx
2026-06-12,미장,마벨 테크놀로지 그룹,MRVL,USD,279.7,,yahoo(fx없음)
2026-06-15,미장,마벨 테크놀로지 그룹,MRVL,USD,308.88,467431.2183,yahoo×fx
2026-06-16,미장,마벨 테크놀로지 그룹,MRVL,USD,278.67,421059.2326,yahoo×fx
2026-06-17,미장,마벨 테크놀로지 그룹,MRVL,USD,289.54,441670.1326,yahoo×fx
2026-06-18,미장,마벨 테크놀로지 그룹,MRVL,USD,310.58,477535.3824,yahoo×fx
2026-06-22,미장,마벨 테크놀로지 그룹,MRVL,USD,307.86,473811.9255,yahoo×fx
2026-06-23,미장,마벨 테크놀로지 그룹,MRVL,USD,279.04,428396.1731,yahoo×fx
2026-06-24,미장,마벨 테크놀로지 그룹,MRVL,USD,276.7,426881.7135,yahoo×fx
2026-06-25,미장,마벨 테크놀로지 그룹,MRVL,USD,281.26,434962.9744,yahoo×fx
2026-06-26,미장,마벨 테크놀로지 그룹,MRVL,USD,266.77,,yahoo(fx없음)
2026-06-29,미장,마벨 테크놀로지 그룹,MRVL,USD,277.75,428215.5021,yahoo×fx
2026-06-30,미장,마벨 테크놀로지 그룹,MRVL,USD,297.89,461315.4512,yahoo×fx
2026-07-01,미장,마벨 테크놀로지 그룹,MRVL,USD,272.05,422169.9075,yahoo×fx
2026-07-02,미장,마벨 테크놀로지 그룹,MRVL,USD,245.29,378269.0585,yahoo×fx
2026-07-06,미장,마벨 테크놀로지 그룹,MRVL,USD,249.27,381074.0142,yahoo×fx
2026-07-07,미장,마벨 테크놀로지 그룹,MRVL,USD,230.7,350631.694,yahoo×fx
2026-07-08,미장,마벨 테크놀로지 그룹,MRVL,USD,231.71,348341.2329,yahoo×fx
2026-07-09,미장,마벨 테크놀로지 그룹,MRVL,USD,243.27,366342.7404,yahoo×fx
2026-07-10,미장,마벨 테크놀로지 그룹,MRVL,USD,235.81,,yahoo(fx없음)
2026-07-13,미장,마벨 테크놀로지 그룹,MRVL,USD,217.53,325794.6686,yahoo×fx
2026-07-14,미장,마벨 테크놀로지 그룹,MRVL,USD,222.44,330964.0319,yahoo×fx
2026-07-15,미장,마벨 테크놀로지 그룹,MRVL,USD,206.26,306543.5938,yahoo×fx
2026-07-16,미장,마벨 테크놀로지 그룹,MRVL,USD,188.3,278467.4549,yahoo×fx
2026-07-17,미장,마벨 테크놀로지 그룹,MRVL,USD,188.68,,yahoo(fx없음)
2026-07-20,미장,마벨 테크놀로지 그룹,MRVL,USD,194.94,287538.4549,yahoo×fx
2026-07-21,미장,마벨 테크놀로지 그룹,MRVL,USD,207.96,307722.575,yahoo×fx
2026-07-22,미장,마벨 테크놀로지 그룹,MRVL,USD,210.99,311343.1828,yahoo×fx
2026-07-23,미장,마벨 테크놀로지 그룹,MRVL,USD,209.32,308546.0718,yahoo×fx
2026-07-24,미장,마벨 테크놀로지 그룹,MRVL,USD,194.23,,yahoo(fx없음)
2026-07-27,미장,마벨 테크놀로지 그룹,MRVL,USD,189.17,277028.101,yahoo×fx
2026-07-28,미장,마벨 테크놀로지 그룹,MRVL,USD,174.47,253532.8329,yahoo×fx
2026-07-29,미장,마벨 테크놀로지 그룹,MRVL,USD,163.4,235668.548,yahoo×fx
2026-07-30,미장,마벨 테크놀로지 그룹,MRVL,USD,183.3,260395.9799,yahoo×fx
2026-07-31,미장,마벨 테크놀로지 그룹,MRVL,USD,187.56,,yahoo(fx없음)
2026-08-03,미장,마벨 테크놀로지 그룹,MRVL,USD,193.78,276814.7283,yahoo×fx
2026-08-04,미장,마벨 테크놀로지 그룹,MRVL,USD,218.59,312240.5202,yahoo×fx
2026-08-05,미장,마벨 테크놀로지 그룹,MRVL,USD,211.02,299893.1965,yahoo×fx
2026-08-06,미장,마벨 테크놀로지 그룹,MRVL,USD,210.54,299451.0427,yahoo×fx
2026-08-07,미장,마벨 테크놀로지 그룹,MRVL,USD,218.72,,yahoo(fx없음)
2026-08-10,미장,마벨 테크놀로지 그룹,MRVL,USD,208.56,295594.1824,yahoo×fx
2026-08-11,미장,마벨 테크놀로지 그룹,MRVL,USD,212.31,299819.9438,yahoo×fx
2026-08-12,미장,마벨 테크놀로지 그룹,MRVL,USD,217.08,307485.1309,yahoo×fx
2026-08-13,미장,마벨 테크놀로지 그룹,MRVL,USD,222.18,314795.7172,yahoo×fx
2026-08-14,미장,마벨 테크놀로지 그룹,MRVL,USD,222.02,,yahoo(fx없음)
2026-08-17,미장,마벨 테크놀로지 그룹,MRVL,USD,234.33,331513.6789,yahoo×fx
2026-08-18,미장,마벨 테크놀로지 그룹,MRVL,USD,216.0,305333.2705,yahoo×fx
2026-08-19,미장,마벨 테크놀로지 그룹,MRVL,USD,237.27,329662.9497,yahoo×fx
2026-08-20,미장,마벨 테크놀로지 그룹,MRVL,USD,251.01,349102.2001,yahoo×fx
2026-08-21,미장,마벨 테크놀로지 그룹,MRVL,USD,237.04,,yahoo(fx없음)
2026-08-24,미장,마벨 테크놀로지 그룹,MRVL,USD,229.29,,yahoo(fx없음)
2026-08-25,미장,마벨 테크놀로지 그룹,MRVL,USD,242.41,335192.4326,yahoo×fx
2026-01-02,미장,마이크로소프트,MSFT,USD,472.94,682755.1121,yahoo×fx
2026-01-05,미장,마이크로소프트,MSFT,USD,472.85,681130.9676,yahoo×fx
2026-01-06,미장,마이크로소프트,MSFT,USD,478.51,691714.9578,yahoo×fx
2026-01-07,미장,마이크로소프트,MSFT,USD,483.47,698594.7941,yahoo×fx
2026-01-08,미장,마이크로소프트,MSFT,USD,478.11,691413.9812,yahoo×fx
2026-01-09,미장,마이크로소프트,MSFT,USD,479.28,694994.3196,yahoo×fx
2026-01-12,미장,마이크로소프트,MSFT,USD,477.18,694411.4079,yahoo×fx
2026-01-13,미장,마이크로소프트,MSFT,USD,470.67,689498.6481,yahoo×fx
2026-01-14,미장,마이크로소프트,MSFT,USD,459.38,676671.3455,yahoo×fx
2026-01-15,미장,마이크로소프트,MSFT,USD,456.66,668047.9305,yahoo×fx
2026-01-16,미장,마이크로소프트,MSFT,USD,459.86,675460.7252,yahoo×fx
2026-01-20,미장,마이크로소프트,MSFT,USD,454.52,668835.2631,yahoo×fx
2026-01-21,미장,마이크로소프트,MSFT,USD,444.11,656296.8672,yahoo×fx
2026-01-22,미장,마이크로소프트,MSFT,USD,451.14,660843.4078,yahoo×fx
2026-01-23,미장,마이크로소프트,MSFT,USD,465.95,681806.0194,yahoo×fx
2026-01-26,미장,마이크로소프트,MSFT,USD,470.28,679465.2726,yahoo×fx
2026-01-27,미장,마이크로소프트,MSFT,USD,480.58,692506.1397,yahoo×fx
2026-01-28,미장,마이크로소프트,MSFT,USD,481.63,689939.803,yahoo×fx
2026-01-29,미장,마이크로소프트,MSFT,USD,433.5,619588.5535,yahoo×fx
2026-01-30,미장,마이크로소프트,MSFT,USD,430.29,614781.1568,yahoo×fx
2026-02-02,미장,마이크로소프트,MSFT,USD,423.37,613378.4696,yahoo×fx
2026-02-03,미장,마이크로소프트,MSFT,USD,411.21,597298.9771,yahoo×fx
2026-02-04,미장,마이크로소프트,MSFT,USD,414.19,599200.415,yahoo×fx
2026-02-05,미장,마이크로소프트,MSFT,USD,393.67,574801.5175,yahoo×fx
2026-02-06,미장,마이크로소프트,MSFT,USD,401.14,589948.6183,yahoo×fx
2026-02-09,미장,마이크로소프트,MSFT,USD,413.6,604848.659,yahoo×fx
2026-02-10,미장,마이크로소프트,MSFT,USD,413.27,602770.8259,yahoo×fx
2026-02-11,미장,마이크로소프트,MSFT,USD,404.37,588491.7672,yahoo×fx
2026-02-12,미장,마이크로소프트,MSFT,USD,401.84,580333.2808,yahoo×fx
2026-02-13,미장,마이크로소프트,MSFT,USD,401.32,578262.0084,yahoo×fx
2026-02-17,미장,마이크로소프트,MSFT,USD,396.86,571569.649,yahoo×fx
2026-02-18,미장,마이크로소프트,MSFT,USD,399.6,575412.0091,yahoo×fx
2026-02-19,미장,마이크로소프트,MSFT,USD,398.46,573846.1549,yahoo×fx
2026-02-20,미장,마이크로소프트,MSFT,USD,397.23,575089.7484,yahoo×fx
2026-02-23,미장,마이크로소프트,MSFT,USD,384.47,554959.356,yahoo×fx
2026-02-24,미장,마이크로소프트,MSFT,USD,389.0,561015.781,yahoo×fx
2026-02-25,미장,마이크로소프트,MSFT,USD,400.6,576859.9989,yahoo×fx
2026-02-26,미장,마이크로소프트,MSFT,USD,401.72,573226.3429,yahoo×fx
2026-02-27,미장,마이크로소프트,MSFT,USD,392.74,562529.3217,yahoo×fx
2026-03-02,미장,마이크로소프트,MSFT,USD,398.55,573314.1574,yahoo×fx
2026-03-03,미장,마이크로소프트,MSFT,USD,403.93,586615.4184,yahoo×fx
2026-03-04,미장,마이크로소프트,MSFT,USD,405.2,600939.9603,yahoo×fx
2026-03-05,미장,마이크로소프트,MSFT,USD,410.68,599900.7993,yahoo×fx
2026-03-06,미장,마이크로소프트,MSFT,USD,408.96,605060.401,yahoo×fx
2026-03-09,미장,마이크로소프트,MSFT,USD,409.41,607519.4163,yahoo×fx
2026-03-10,미장,마이크로소프트,MSFT,USD,405.76,594223.3496,yahoo×fx
2026-03-11,미장,마이크로소프트,MSFT,USD,404.88,596299.1855,yahoo×fx
2026-03-12,미장,마이크로소프트,MSFT,USD,401.86,592880.0971,yahoo×fx
2026-03-13,미장,마이크로소프트,MSFT,USD,395.55,581687.8837,yahoo×fx
2026-03-16,미장,마이크로소프트,MSFT,USD,399.95,600624.9308,yahoo×fx
2026-03-17,미장,마이크로소프트,MSFT,USD,399.41,594685.5622,yahoo×fx
2026-03-18,미장,마이크로소프트,MSFT,USD,391.79,581757.2281,yahoo×fx
2026-03-19,미장,마이크로소프트,MSFT,USD,389.02,585572.3385,yahoo×fx
2026-03-20,미장,마이크로소프트,MSFT,USD,381.87,568925.1805,yahoo×fx
2026-03-23,미장,마이크로소프트,MSFT,USD,383.0,576112.415,yahoo×fx
2026-03-24,미장,마이크로소프트,MSFT,USD,372.74,553653.0664,yahoo×fx
2026-03-25,미장,마이크로소프트,MSFT,USD,371.04,555561.9369,yahoo×fx
2026-03-26,미장,마이크로소프트,MSFT,USD,365.97,549309.982,yahoo×fx
2026-03-27,미장,마이크로소프트,MSFT,USD,356.77,538137.5754,yahoo×fx
2026-03-30,미장,마이크로소프트,MSFT,USD,358.96,544230.0136,yahoo×fx
2026-03-31,미장,마이크로소프트,MSFT,USD,370.17,556487.67,yahoo×fx
2026-04-01,미장,마이크로소프트,MSFT,USD,369.37,558520.6633,yahoo×fx
2026-04-02,미장,마이크로소프트,MSFT,USD,373.46,563633.2774,yahoo×fx
2026-04-06,미장,마이크로소프트,MSFT,USD,372.88,562247.1063,yahoo×fx
2026-04-07,미장,마이크로소프트,MSFT,USD,372.29,558111.1223,yahoo×fx
2026-04-08,미장,마이크로소프트,MSFT,USD,374.33,553109.979,yahoo×fx
2026-04-09,미장,마이크로소프트,MSFT,USD,373.07,549636.5913,yahoo×fx
2026-04-10,미장,마이크로소프트,MSFT,USD,370.87,,yahoo(fx없음)
2026-04-13,미장,마이크로소프트,MSFT,USD,384.37,567652.9705,yahoo×fx
2026-04-14,미장,마이크로소프트,MSFT,USD,393.11,577643.692,yahoo×fx
2026-04-15,미장,마이크로소프트,MSFT,USD,411.22,606162.9791,yahoo×fx
2026-04-16,미장,마이크로소프트,MSFT,USD,420.26,621110.6921,yahoo×fx
2026-04-17,미장,마이크로소프트,MSFT,USD,422.79,,yahoo(fx없음)
2026-04-20,미장,마이크로소프트,MSFT,USD,418.07,614253.543,yahoo×fx
2026-04-21,미장,마이크로소프트,MSFT,USD,424.16,630216.9542,yahoo×fx
2026-04-22,미장,마이크로소프트,MSFT,USD,432.92,639838.4461,yahoo×fx
2026-04-23,미장,마이크로소프트,MSFT,USD,415.75,615289.1922,yahoo×fx
2026-04-24,미장,마이크로소프트,MSFT,USD,424.62,,yahoo(fx없음)
2026-04-27,미장,마이크로소프트,MSFT,USD,424.82,625759.8708,yahoo×fx
2026-04-28,미장,마이크로소프트,MSFT,USD,429.25,631851.7033,yahoo×fx
2026-04-29,미장,마이크로소프트,MSFT,USD,424.46,631333.3042,yahoo×fx
2026-04-30,미장,마이크로소프트,MSFT,USD,407.78,601071.8,yahoo×fx
2026-05-01,미장,마이크로소프트,MSFT,USD,414.44,,yahoo(fx없음)
2026-05-04,미장,마이크로소프트,MSFT,USD,413.62,610523.814,yahoo×fx
2026-05-05,미장,마이크로소프트,MSFT,USD,411.38,606357.6559,yahoo×fx
2026-05-06,미장,마이크로소프트,MSFT,USD,413.96,597944.4894,yahoo×fx
2026-05-07,미장,마이크로소프트,MSFT,USD,420.77,612131.9888,yahoo×fx
2026-05-08,미장,마이크로소프트,MSFT,USD,415.12,,yahoo(fx없음)
2026-05-11,미장,마이크로소프트,MSFT,USD,412.66,608446.5223,yahoo×fx
2026-05-12,미장,마이크로소프트,MSFT,USD,407.77,608796.5119,yahoo×fx
2026-05-13,미장,마이크로소프트,MSFT,USD,405.21,603698.0398,yahoo×fx
2026-05-14,미장,마이크로소프트,MSFT,USD,409.43,611418.1713,yahoo×fx
2026-05-15,미장,마이크로소프트,MSFT,USD,421.92,,yahoo(fx없음)
2026-05-18,미장,마이크로소프트,MSFT,USD,423.54,632057.2028,yahoo×fx
2026-05-19,미장,마이크로소프트,MSFT,USD,417.42,629406.7571,yahoo×fx
2026-05-20,미장,마이크로소프트,MSFT,USD,421.06,631493.1608,yahoo×fx
2026-05-21,미장,마이크로소프트,MSFT,USD,419.09,630479.0007,yahoo×fx
2026-05-22,미장,마이크로소프트,MSFT,USD,418.57,,yahoo(fx없음)
2026-05-26,미장,마이크로소프트,MSFT,USD,416.03,626308.177,yahoo×fx
2026-05-27,미장,마이크로소프트,MSFT,USD,412.67,620288.4178,yahoo×fx
2026-05-28,미장,마이크로소프트,MSFT,USD,426.99,638473.8792,yahoo×fx
2026-05-29,미장,마이크로소프트,MSFT,USD,450.24,,yahoo(fx없음)
2026-06-01,미장,마이크로소프트,MSFT,USD,460.52,695970.0528,yahoo×fx
2026-06-02,미장,마이크로소프트,MSFT,USD,441.31,669290.7315,yahoo×fx
2026-06-03,미장,마이크로소프트,MSFT,USD,427.34,653877.1955,yahoo×fx
2026-06-04,미장,마이크로소프트,MSFT,USD,428.05,656230.5718,yahoo×fx
2026-06-05,미장,마이크로소프트,MSFT,USD,416.67,,yahoo(fx없음)
2026-06-08,미장,마이크로소프트,MSFT,USD,411.74,629501.0383,yahoo×fx
2026-06-09,미장,마이크로소프트,MSFT,USD,403.41,615527.0413,yahoo×fx
2026-06-10,미장,마이크로소프트,MSFT,USD,397.36,605993.8651,yahoo×fx
2026-06-11,미장,마이크로소프트,MSFT,USD,390.34,592294.1055,yahoo×fx
2026-06-12,미장,마이크로소프트,MSFT,USD,390.74,,yahoo(fx없음)
2026-06-15,미장,마이크로소프트,MSFT,USD,399.76,604960.8438,yahoo×fx
2026-06-16,미장,마이크로소프트,MSFT,USD,393.83,595061.3411,yahoo×fx
2026-06-17,미장,마이크로소프트,MSFT,USD,378.91,577996.9144,yahoo×fx
2026-06-18,미장,마이크로소프트,MSFT,USD,379.4,583350.2768,yahoo×fx
2026-06-22,미장,마이크로소프트,MSFT,USD,367.34,565354.6393,yahoo×fx
2026-06-23,미장,마이크로소프트,MSFT,USD,373.94,574091.3887,yahoo×fx
2026-06-24,미장,마이크로소프트,MSFT,USD,365.46,563817.06,yahoo×fx
2026-06-25,미장,마이크로소프트,MSFT,USD,352.83,545644.5107,yahoo×fx
2026-06-26,미장,마이크로소프트,MSFT,USD,372.97,,yahoo(fx없음)
2026-06-29,미장,마이크로소프트,MSFT,USD,368.57,568235.4302,yahoo×fx
2026-06-30,미장,마이크로소프트,MSFT,USD,373.02,577662.4797,yahoo×fx
2026-07-01,미장,마이크로소프트,MSFT,USD,384.28,596329.5674,yahoo×fx
2026-07-02,미장,마이크로소프트,MSFT,USD,390.49,602186.3305,yahoo×fx
2026-07-06,미장,마이크로소프트,MSFT,USD,386.74,591232.6312,yahoo×fx
2026-07-07,미장,마이크로소프트,MSFT,USD,388.84,590982.3511,yahoo×fx
2026-07-08,미장,마이크로소프트,MSFT,USD,383.34,576294.1741,yahoo×fx
2026-07-09,미장,마이크로소프트,MSFT,USD,384.36,578811.5587,yahoo×fx
2026-07-10,미장,마이크로소프트,MSFT,USD,385.1,,yahoo(fx없음)
2026-07-13,미장,마이크로소프트,MSFT,USD,390.99,585585.6893,yahoo×fx
2026-07-14,미장,마이크로소프트,MSFT,USD,384.93,572729.6394,yahoo×fx
2026-07-15,미장,마이크로소프트,MSFT,USD,395.63,587985.2939,yahoo×fx
2026-07-16,미장,마이크로소프트,MSFT,USD,401.1,593166.7342,yahoo×fx
2026-07-17,미장,마이크로소프트,MSFT,USD,393.82,,yahoo(fx없음)
2026-07-20,미장,마이크로소프트,MSFT,USD,402.29,593381.7894,yahoo×fx
2026-07-21,미장,마이크로소프트,MSFT,USD,397.75,588558.6183,yahoo×fx
2026-07-22,미장,마이크로소프트,MSFT,USD,390.34,575997.4107,yahoo×fx
2026-07-23,미장,마이크로소프트,MSFT,USD,381.58,562464.1783,yahoo×fx
2026-07-24,미장,마이크로소프트,MSFT,USD,381.7,,yahoo(fx없음)
2026-07-27,미장,마이크로소프트,MSFT,USD,389.1,569813.5901,yahoo×fx
2026-07-28,미장,마이크로소프트,MSFT,USD,393.35,571600.5083,yahoo×fx
2026-07-29,미장,마이크로소프트,MSFT,USD,390.54,563268.055,yahoo×fx
2026-07-30,미장,마이크로소프트,MSFT,USD,451.1,640832.6577,yahoo×fx
2026-07-31,미장,마이크로소프트,MSFT,USD,464.72,,yahoo(fx없음)
2026-08-03,미장,마이크로소프트,MSFT,USD,487.65,696608.0163,yahoo×fx
2026-08-04,미장,마이크로소프트,MSFT,USD,492.81,703944.6113,yahoo×fx
2026-08-05,미장,마이크로소프트,MSFT,USD,487.46,692758.6581,yahoo×fx
2026-08-06,미장,마이크로소프트,MSFT,USD,499.86,710950.8816,yahoo×fx
2026-08-07,미장,마이크로소프트,MSFT,USD,499.99,,yahoo(fx없음)
2026-08-10,미장,마이크로소프트,MSFT,USD,506.06,717243.9248,yahoo×fx
2026-08-11,미장,마이크로소프트,MSFT,USD,503.81,711470.4294,yahoo×fx
2026-08-12,미장,마이크로소프트,MSFT,USD,492.43,697507.3682,yahoo×fx
2026-08-13,미장,마이크로소프트,MSFT,USD,496.88,704004.4228,yahoo×fx
2026-08-14,미장,마이크로소프트,MSFT,USD,495.4,,yahoo(fx없음)
2026-08-17,미장,마이크로소프트,MSFT,USD,480.35,679565.5548,yahoo×fx
2026-08-18,미장,마이크로소프트,MSFT,USD,481.63,680822.5211,yahoo×fx
2026-08-19,미장,마이크로소프트,MSFT,USD,484.31,672900.3224,yahoo×fx
2026-08-20,미장,마이크로소프트,MSFT,USD,481.15,669178.6188,yahoo×fx
2026-08-21,미장,마이크로소프트,MSFT,USD,483.24,,yahoo(fx없음)
2026-08-24,미장,마이크로소프트,MSFT,USD,487.31,,yahoo(fx없음)
2026-08-25,미장,마이크로소프트,MSFT,USD,489.805,677277.8536,yahoo×fx
2026-01-02,미장,디렉시온 마이크로소프트 2배 ETF,MSFU,USD,39.62,57197.0158,yahoo×fx
2026-01-05,미장,디렉시온 마이크로소프트 2배 ETF,MSFU,USD,39.6,57043.005,yahoo×fx
2026-01-06,미장,디렉시온 마이크로소프트 2배 ETF,MSFU,USD,40.48,58516.2705,yahoo×fx
2026-01-07,미장,디렉시온 마이크로소프트 2배 ETF,MSFU,USD,41.35,59749.0922,yahoo×fx
2026-01-08,미장,디렉시온 마이크로소프트 2배 ETF,MSFU,USD,40.39,58409.5943,yahoo×fx
2026-01-09,미장,디렉시온 마이크로소프트 2배 ETF,MSFU,USD,40.58,58844.2473,yahoo×fx
2026-01-12,미장,디렉시온 마이크로소프트 2배 ETF,MSFU,USD,40.23,58544.3041,yahoo×fx
2026-01-13,미장,디렉시온 마이크로소프트 2배 ETF,MSFU,USD,39.11,57293.4153,yahoo×fx
2026-01-14,미장,디렉시온 마이크로소프트 2배 ETF,MSFU,USD,37.27,54899.0837,yahoo×fx
2026-01-15,미장,디렉시온 마이크로소프트 2배 ETF,MSFU,USD,36.82,53863.9785,yahoo×fx
2026-01-16,미장,디렉시온 마이크로소프트 2배 ETF,MSFU,USD,37.25,54714.2887,yahoo×fx
2026-01-20,미장,디렉시온 마이크로소프트 2배 ETF,MSFU,USD,36.4,53563.331,yahoo×fx
2026-01-21,미장,디렉시온 마이크로소프트 2배 ETF,MSFU,USD,34.71,51293.7435,yahoo×fx
2026-01-22,미장,디렉시온 마이크로소프트 2배 ETF,MSFU,USD,35.81,52455.5627,yahoo×fx
2026-01-23,미장,디렉시온 마이크로소프트 2배 ETF,MSFU,USD,38.12,55779.47,yahoo×fx
2026-01-26,미장,디렉시온 마이크로소프트 2배 ETF,MSFU,USD,38.86,56145.3198,yahoo×fx
2026-01-27,미장,디렉시온 마이크로소프트 2배 ETF,MSFU,USD,40.49,58345.2818,yahoo×fx
2026-01-28,미장,디렉시온 마이크로소프트 2배 ETF,MSFU,USD,40.68,58274.5076,yahoo×fx
2026-01-29,미장,디렉시온 마이크로소프트 2배 ETF,MSFU,USD,32.45,46379.8132,yahoo×fx
2026-01-30,미장,디렉시온 마이크로소프트 2배 ETF,MSFU,USD,32.07,45820.3331,yahoo×fx
2026-02-02,미장,디렉시온 마이크로소프트 2배 ETF,MSFU,USD,30.97,44869.3365,yahoo×fx
2026-02-03,미장,디렉시온 마이크로소프트 2배 ETF,MSFU,USD,29.2,42414.1702,yahoo×fx
2026-02-04,미장,디렉시온 마이크로소프트 2배 ETF,MSFU,USD,29.61,42836.1973,yahoo×fx
2026-02-05,미장,디렉시온 마이크로소프트 2배 ETF,MSFU,USD,26.68,38955.7349,yahoo×fx
2026-02-06,미장,디렉시온 마이크로소프트 2배 ETF,MSFU,USD,27.63,40634.8886,yahoo×fx
2026-02-09,미장,디렉시온 마이크로소프트 2배 ETF,MSFU,USD,29.35,42921.4413,yahoo×fx
2026-02-10,미장,디렉시온 마이크로소프트 2배 ETF,MSFU,USD,29.34,42793.565,yahoo×fx
2026-02-11,미장,디렉시온 마이크로소프트 2배 ETF,MSFU,USD,28.02,40778.346,yahoo×fx
2026-02-12,미장,디렉시온 마이크로소프트 2배 ETF,MSFU,USD,27.7,40004.0625,yahoo×fx
2026-02-13,미장,디렉시온 마이크로소프트 2배 ETF,MSFU,USD,27.56,39711.2039,yahoo×fx
2026-02-17,미장,디렉시온 마이크로소프트 2배 ETF,MSFU,USD,26.97,38843.0016,yahoo×fx
2026-02-18,미장,디렉시온 마이크로소프트 2배 ETF,MSFU,USD,27.32,39339.9792,yahoo×fx
2026-02-19,미장,디렉시온 마이크로소프트 2배 ETF,MSFU,USD,27.28,39287.5667,yahoo×fx
2026-02-20,미장,디렉시온 마이크로소프트 2배 ETF,MSFU,USD,27.1,39234.0256,yahoo×fx
2026-02-23,미장,디렉시온 마이크로소프트 2배 ETF,MSFU,USD,25.37,36620.0725,yahoo×fx
2026-02-24,미장,디렉시온 마이크로소프트 2배 ETF,MSFU,USD,25.96,37439.5094,yahoo×fx
2026-02-25,미장,디렉시온 마이크로소프트 2배 ETF,MSFU,USD,27.47,39556.524,yahoo×fx
2026-02-26,미장,디렉시온 마이크로소프트 2배 ETF,MSFU,USD,27.63,39426.0762,yahoo×fx
2026-02-27,미장,디렉시온 마이크로소프트 2배 ETF,MSFU,USD,26.38,37784.599,yahoo×fx
2026-03-02,미장,디렉시온 마이크로소프트 2배 ETF,MSFU,USD,27.11,38997.7359,yahoo×fx
2026-03-03,미장,디렉시온 마이크로소프트 2배 ETF,MSFU,USD,27.85,40445.7206,yahoo×fx
2026-03-04,미장,디렉시온 마이크로소프트 2배 ETF,MSFU,USD,28.0,41525.9585,yahoo×fx
2026-03-05,미장,디렉시온 마이크로소프트 2배 ETF,MSFU,USD,28.79,42054.9938,yahoo×fx
2026-03-06,미장,디렉시온 마이크로소프트 2배 ETF,MSFU,USD,28.5,42166.0353,yahoo×fx
2026-03-09,미장,디렉시온 마이크로소프트 2배 ETF,MSFU,USD,28.57,42394.7373,yahoo×fx
2026-03-10,미장,디렉시온 마이크로소프트 2배 ETF,MSFU,USD,28.07,41107.6716,yahoo×fx
2026-03-11,미장,디렉시온 마이크로소프트 2배 ETF,MSFU,USD,27.94,41149.4748,yahoo×fx
2026-03-12,미장,디렉시온 마이크로소프트 2배 ETF,MSFU,USD,27.53,40616.1103,yahoo×fx
2026-03-13,미장,디렉시온 마이크로소프트 2배 ETF,MSFU,USD,26.64,39176.2491,yahoo×fx
2026-03-16,미장,디렉시온 마이크로소프트 2배 ETF,MSFU,USD,27.22,40877.634,yahoo×fx
2026-03-17,미장,디렉시온 마이크로소프트 2배 ETF,MSFU,USD,27.14,40409.0174,yahoo×fx
2026-03-18,미장,디렉시온 마이크로소프트 2배 ETF,MSFU,USD,26.08,38725.4094,yahoo×fx
2026-03-19,미장,디렉시온 마이크로소프트 2배 ETF,MSFU,USD,25.7,38684.9261,yahoo×fx
2026-03-20,미장,디렉시온 마이크로소프트 2배 ETF,MSFU,USD,24.76,36888.4379,yahoo×fx
2026-03-23,미장,디렉시온 마이크로소프트 2배 ETF,MSFU,USD,24.9,37454.8275,yahoo×fx
2026-03-24,미장,디렉시온 마이크로소프트 2배 ETF,MSFU,USD,23.42,34787.131,yahoo×fx
2026-03-25,미장,디렉시온 마이크로소프트 2배 ETF,MSFU,USD,23.2,34737.5945,yahoo×fx
2026-03-26,미장,디렉시온 마이크로소프트 2배 ETF,MSFU,USD,22.55,33846.8717,yahoo×fx
2026-03-27,미장,디렉시온 마이크로소프트 2배 ETF,MSFU,USD,21.4,32278.9031,yahoo×fx
2026-03-30,미장,디렉시온 마이크로소프트 2배 ETF,MSFU,USD,21.66,32839.3757,yahoo×fx
2026-03-31,미장,디렉시온 마이크로소프트 2배 ETF,MSFU,USD,23.01,34591.6226,yahoo×fx
2026-04-01,미장,디렉시온 마이크로소프트 2배 ETF,MSFU,USD,22.92,34657.1021,yahoo×fx
2026-04-02,미장,디렉시온 마이크로소프트 2배 ETF,MSFU,USD,23.39,35300.6542,yahoo×fx
2026-04-06,미장,디렉시온 마이크로소프트 2배 ETF,MSFU,USD,23.31,35147.9821,yahoo×fx
2026-04-07,미장,디렉시온 마이크로소프트 2배 ETF,MSFU,USD,23.24,34839.781,yahoo×fx
2026-04-08,미장,디렉시온 마이크로소프트 2배 ETF,MSFU,USD,23.49,34708.8231,yahoo×fx
2026-04-09,미장,디렉시온 마이크로소프트 2배 ETF,MSFU,USD,23.32,34356.8898,yahoo×fx
2026-04-10,미장,디렉시온 마이크로소프트 2배 ETF,MSFU,USD,23.03,,yahoo(fx없음)
2026-04-13,미장,디렉시온 마이크로소프트 2배 ETF,MSFU,USD,24.7,36477.9483,yahoo×fx
2026-04-14,미장,디렉시온 마이크로소프트 2배 ETF,MSFU,USD,25.81,37925.7305,yahoo×fx
2026-04-15,미장,디렉시온 마이크로소프트 2배 ETF,MSFU,USD,28.19,41553.7538,yahoo×fx
2026-04-16,미장,디렉시온 마이크로소프트 2배 ETF,MSFU,USD,29.38,43421.2897,yahoo×fx
2026-04-17,미장,디렉시온 마이크로소프트 2배 ETF,MSFU,USD,29.73,,yahoo(fx없음)
2026-04-20,미장,디렉시온 마이크로소프트 2배 ETF,MSFU,USD,29.09,42740.7739,yahoo×fx
2026-04-21,미장,디렉시온 마이크로소프트 2배 ETF,MSFU,USD,29.91,44440.2792,yahoo×fx
2026-04-22,미장,디렉시온 마이크로소프트 2배 ETF,MSFU,USD,31.12,45994.1152,yahoo×fx
2026-04-23,미장,디렉시온 마이크로소프트 2배 ETF,MSFU,USD,28.67,42430.1652,yahoo×fx
2026-04-24,미장,디렉시온 마이크로소프트 2배 ETF,MSFU,USD,29.88,,yahoo(fx없음)
2026-04-27,미장,디렉시온 마이크로소프트 2배 ETF,MSFU,USD,29.92,44072.1601,yahoo×fx
2026-04-28,미장,디렉시온 마이크로소프트 2배 ETF,MSFU,USD,30.51,44910.4149,yahoo×fx
2026-04-29,미장,디렉시온 마이크로소프트 2배 ETF,MSFU,USD,29.85,44398.2937,yahoo×fx
2026-04-30,미장,디렉시온 마이크로소프트 2배 ETF,MSFU,USD,27.48,40505.7944,yahoo×fx
2026-05-01,미장,디렉시온 마이크로소프트 2배 ETF,MSFU,USD,28.35,,yahoo(fx없음)
2026-05-04,미장,디렉시온 마이크로소프트 2배 ETF,MSFU,USD,28.23,41668.8922,yahoo×fx
2026-05-05,미장,디렉시온 마이크로소프트 2배 ETF,MSFU,USD,27.89,41108.7424,yahoo×fx
2026-05-06,미장,디렉시온 마이크로소프트 2배 ETF,MSFU,USD,28.22,40762.3766,yahoo×fx
2026-05-07,미장,디렉시온 마이크로소프트 2배 ETF,MSFU,USD,29.21,42494.4157,yahoo×fx
2026-05-08,미장,디렉시온 마이크로소프트 2배 ETF,MSFU,USD,28.37,,yahoo(fx없음)
2026-05-11,미장,디렉시온 마이크로소프트 2배 ETF,MSFU,USD,28.03,41328.8331,yahoo×fx
2026-05-12,미장,디렉시온 마이크로소프트 2배 ETF,MSFU,USD,27.36,40848.207,yahoo×fx
2026-05-13,미장,디렉시온 마이크로소프트 2배 ETF,MSFU,USD,26.97,40180.9829,yahoo×fx
2026-05-14,미장,디렉시온 마이크로소프트 2배 ETF,MSFU,USD,27.56,41156.4487,yahoo×fx
2026-05-15,미장,디렉시온 마이크로소프트 2배 ETF,MSFU,USD,29.24,,yahoo(fx없음)
2026-05-18,미장,디렉시온 마이크로소프트 2배 ETF,MSFU,USD,29.45,43948.8236,yahoo×fx
2026-05-19,미장,디렉시온 마이크로소프트 2배 ETF,MSFU,USD,28.61,43139.5887,yahoo×fx
2026-05-20,미장,디렉시온 마이크로소프트 2배 ETF,MSFU,USD,29.06,43583.316,yahoo×fx
2026-05-21,미장,디렉시온 마이크로소프트 2배 ETF,MSFU,USD,28.91,43492.2045,yahoo×fx
2026-05-22,미장,디렉시온 마이크로소프트 2배 ETF,MSFU,USD,28.81,,yahoo(fx없음)
2026-05-26,미장,디렉시온 마이크로소프트 2배 ETF,MSFU,USD,28.47,42859.8741,yahoo×fx
2026-05-27,미장,디렉시온 마이크로소프트 2배 ETF,MSFU,USD,28.01,42102.111,yahoo×fx
2026-05-28,미장,디렉시온 마이크로소프트 2배 ETF,MSFU,USD,29.92,44739.0781,yahoo×fx
2026-05-29,미장,디렉시온 마이크로소프트 2배 ETF,MSFU,USD,33.09,,yahoo(fx없음)
2026-06-01,미장,디렉시온 마이크로소프트 2배 ETF,MSFU,USD,34.69,52425.9549,yahoo×fx
2026-06-02,미장,디렉시온 마이크로소프트 2배 ETF,MSFU,USD,31.79,48212.7146,yahoo×fx
2026-06-03,미장,디렉시온 마이크로소프트 2배 ETF,MSFU,USD,29.79,45581.9779,yahoo×fx
2026-06-04,미장,디렉시온 마이크로소프트 2배 ETF,MSFU,USD,29.86,45777.4695,yahoo×fx
2026-06-05,미장,디렉시온 마이크로소프트 2배 ETF,MSFU,USD,28.25,,yahoo(fx없음)
2026-06-08,미장,디렉시온 마이크로소프트 2배 ETF,MSFU,USD,27.58,42166.5104,yahoo×fx
2026-06-09,미장,디렉시온 마이크로소프트 2배 ETF,MSFU,USD,26.42,40311.9019,yahoo×fx
2026-06-10,미장,디렉시온 마이크로소프트 2배 ETF,MSFU,USD,25.64,39102.2823,yahoo×fx
2026-06-11,미장,디렉시온 마이크로소프트 2배 ETF,MSFU,USD,24.7,37479.2873,yahoo×fx
2026-06-12,미장,디렉시온 마이크로소프트 2배 ETF,MSFU,USD,24.77,,yahoo(fx없음)
2026-06-15,미장,디렉시온 마이크로소프트 2배 ETF,MSFU,USD,25.93,39240.1303,yahoo×fx
2026-06-16,미장,디렉시온 마이크로소프트 2배 ETF,MSFU,USD,25.13,37970.4226,yahoo×fx
2026-06-17,미장,디렉시온 마이크로소프트 2배 ETF,MSFU,USD,23.21,35404.9978,yahoo×fx
2026-06-18,미장,디렉시온 마이크로소프트 2배 ETF,MSFU,USD,23.21,35686.7676,yahoo×fx
2026-06-22,미장,디렉시온 마이크로소프트 2배 ETF,MSFU,USD,21.75,33474.3386,yahoo×fx
2026-06-23,미장,디렉시온 마이크로소프트 2배 ETF,MSFU,USD,22.4,34389.5994,yahoo×fx
2026-06-24,미장,디렉시온 마이크로소프트 2배 ETF,MSFU,USD,21.38,32984.2077,yahoo×fx
2026-06-25,미장,디렉시온 마이크로소프트 2배 ETF,MSFU,USD,19.88,30744.0207,yahoo×fx
2026-06-26,미장,디렉시온 마이크로소프트 2배 ETF,MSFU,USD,21.99,,yahoo(fx없음)
2026-06-29,미장,디렉시온 마이크로소프트 2배 ETF,MSFU,USD,21.61,33316.7858,yahoo×fx
2026-06-30,미장,디렉시온 마이크로소프트 2배 ETF,MSFU,USD,22.09,34208.7948,yahoo×fx
2026-07-01,미장,디렉시온 마이크로소프트 2배 ETF,MSFU,USD,23.46,36405.4626,yahoo×fx
2026-07-02,미장,디렉시온 마이크로소프트 2배 ETF,MSFU,USD,24.1,37165.3337,yahoo×fx
2026-07-06,미장,디렉시온 마이크로소프트 2배 ETF,MSFU,USD,23.74,36292.7623,yahoo×fx
2026-07-07,미장,디렉시온 마이크로소프트 2배 ETF,MSFU,USD,23.96,36415.8439,yahoo×fx
2026-07-08,미장,디렉시온 마이크로소프트 2배 ETF,MSFU,USD,23.25,34952.8869,yahoo×fx
2026-07-09,미장,디렉시온 마이크로소프트 2배 ETF,MSFU,USD,23.38,35208.1753,yahoo×fx
2026-07-10,미장,디렉시온 마이크로소프트 2배 ETF,MSFU,USD,23.47,,yahoo(fx없음)
2026-07-13,미장,디렉시온 마이크로소프트 2배 ETF,MSFU,USD,24.17,36199.4079,yahoo×fx
2026-07-14,미장,디렉시온 마이크로소프트 2배 ETF,MSFU,USD,23.43,34861.029,yahoo×fx
2026-07-15,미장,디렉시온 마이크로소프트 2배 ETF,MSFU,USD,24.7,36709.1399,yahoo×fx
2026-07-16,미장,디렉시온 마이크로소프트 2배 ETF,MSFU,USD,25.39,37548.0,yahoo×fx
2026-07-17,미장,디렉시온 마이크로소프트 2배 ETF,MSFU,USD,24.44,,yahoo(fx없음)
2026-07-20,미장,디렉시온 마이크로소프트 2배 ETF,MSFU,USD,25.51,37627.5057,yahoo×fx
2026-07-21,미장,디렉시온 마이크로소프트 2배 ETF,MSFU,USD,24.9,36845.0267,yahoo×fx
2026-07-22,미장,디렉시온 마이크로소프트 2배 ETF,MSFU,USD,23.99,35400.3635,yahoo×fx
2026-07-23,미장,디렉시온 마이크로소프트 2배 ETF,MSFU,USD,22.9,33755.5163,yahoo×fx
2026-07-24,미장,디렉시온 마이크로소프트 2배 ETF,MSFU,USD,22.9,,yahoo(fx없음)
2026-07-27,미장,디렉시온 마이크로소프트 2배 ETF,MSFU,USD,23.77,34809.7381,yahoo×fx
2026-07-28,미장,디렉시온 마이크로소프트 2배 ETF,MSFU,USD,24.3,35311.7877,yahoo×fx
2026-07-29,미장,디렉시온 마이크로소프트 2배 ETF,MSFU,USD,24.11,34773.3724,yahoo×fx
2026-07-30,미장,디렉시온 마이크로소프트 2배 ETF,MSFU,USD,31.38,44578.426,yahoo×fx
2026-07-31,미장,디렉시온 마이크로소프트 2배 ETF,MSFU,USD,33.23,,yahoo(fx없음)
2026-08-03,미장,디렉시온 마이크로소프트 2배 ETF,MSFU,USD,36.47,52097.3967,yahoo×fx
2026-08-04,미장,디렉시온 마이크로소프트 2배 ETF,MSFU,USD,37.24,53194.7376,yahoo×fx
2026-08-05,미장,디렉시온 마이크로소프트 2배 ETF,MSFU,USD,36.42,51758.6458,yahoo×fx
2026-08-06,미장,디렉시온 마이크로소프트 2배 ETF,MSFU,USD,38.29,54459.8702,yahoo×fx
2026-08-07,미장,디렉시온 마이크로소프트 2배 ETF,MSFU,USD,38.26,,yahoo(fx없음)
2026-08-10,미장,디렉시온 마이크로소프트 2배 ETF,MSFU,USD,39.18,55530.2085,yahoo×fx
2026-08-11,미장,디렉시온 마이크로소프트 2배 ETF,MSFU,USD,38.83,54834.9541,yahoo×fx
2026-08-12,미장,디렉시온 마이크로소프트 2배 ETF,MSFU,USD,37.08,52522.3379,yahoo×fx
2026-08-13,미장,디렉시온 마이크로소프트 2배 ETF,MSFU,USD,37.72,53443.5828,yahoo×fx
2026-08-14,미장,디렉시온 마이크로소프트 2배 ETF,MSFU,USD,37.45,,yahoo(fx없음)
2026-08-17,미장,디렉시온 마이크로소프트 2배 ETF,MSFU,USD,35.22,49826.7916,yahoo×fx
2026-08-18,미장,디렉시온 마이크로소프트 2배 ETF,MSFU,USD,35.39,50026.5938,yahoo×fx
2026-08-19,미장,디렉시온 마이크로소프트 2배 ETF,MSFU,USD,35.77,49698.8395,yahoo×fx
2026-08-20,미장,디렉시온 마이크로소프트 2배 ETF,MSFU,USD,35.45,49303.5079,yahoo×fx
2026-08-21,미장,디렉시온 마이크로소프트 2배 ETF,MSFU,USD,35.71,,yahoo(fx없음)
2026-08-24,미장,디렉시온 마이크로소프트 2배 ETF,MSFU,USD,36.3,,yahoo(fx없음)
2026-08-25,미장,디렉시온 마이크로소프트 2배 ETF,MSFU,USD,36.7,50746.9261,yahoo×fx
2026-06-10,미장,마이크론 테크놀로지,MU,USD,891.88,1360161.645,yahoo×fx
2026-06-11,미장,마이크론 테크놀로지,MU,USD,995.87,1511113.2181,yahoo×fx
2026-06-12,미장,마이크론 테크놀로지,MU,USD,981.61,,yahoo(fx없음)
2026-06-15,미장,마이크론 테크놀로지,MU,USD,1087.99,1646466.1959,yahoo×fx
2026-06-16,미장,마이크론 테크놀로지,MU,USD,1020.76,1542327.5045,yahoo×fx
2026-06-17,미장,마이크론 테크놀로지,MU,USD,1043.1899,1591302.8463,yahoo×fx
2026-06-18,미장,마이크론 테크놀로지,MU,USD,1133.99,1743577.7158,yahoo×fx
2026-06-22,미장,마이크론 테크놀로지,MU,USD,1211.38,1864374.4557,yahoo×fx
2026-06-23,미장,마이크론 테크놀로지,MU,USD,1051.77,1614729.9225,yahoo×fx
2026-06-24,미장,마이크론 테크놀로지,MU,USD,1048.51,1617599.3129,yahoo×fx
2026-06-25,미장,마이크론 테크놀로지,MU,USD,1213.5601,1876746.3357,yahoo×fx
2026-06-26,미장,마이크론 테크놀로지,MU,USD,1132.33,,yahoo(fx없음)
2026-06-29,미장,마이크론 테크놀로지,MU,USD,1145.28,1765712.5572,yahoo×fx
2026-06-30,미장,마이크론 테크놀로지,MU,USD,1154.29,1787545.0805,yahoo×fx
2026-07-01,미장,마이크론 테크놀로지,MU,USD,1032.28,1601902.5327,yahoo×fx
2026-07-02,미장,마이크론 테크놀로지,MU,USD,975.56,1504440.3438,yahoo×fx
2026-07-06,미장,마이크론 테크놀로지,MU,USD,984.75,1505446.4196,yahoo×fx
2026-07-07,미장,마이크론 테크놀로지,MU,USD,938.38,1426206.2205,yahoo×fx
2026-07-08,미장,마이크론 테크놀로지,MU,USD,948.8,1426378.4385,yahoo×fx
2026-07-09,미장,마이크론 테크놀로지,MU,USD,991.64,1493320.6484,yahoo×fx
2026-01-02,미장,디렉시온 마이크론 테크놀로지 2배 ETF,MUU,USD,6.0865,8786.7152,yahoo×fx
2026-01-05,미장,디렉시온 마이크론 테크놀로지 2배 ETF,MUU,USD,5.9525,8574.4569,yahoo×fx
2026-01-06,미장,디렉시온 마이크론 테크놀로지 2배 ETF,MUU,USD,7.1425,10324.9126,yahoo×fx
2026-01-07,미장,디렉시온 마이크론 테크놀로지 2배 ETF,MUU,USD,6.953,10046.8067,yahoo×fx
2026-01-08,미장,디렉시온 마이크론 테크놀로지 2배 ETF,MUU,USD,6.46,9342.0645,yahoo×fx
2026-01-09,미장,디렉시온 마이크론 테크놀로지 2배 ETF,MUU,USD,7.178,10408.6739,yahoo×fx
2026-01-12,미장,디렉시온 마이크론 테크놀로지 2배 ETF,MUU,USD,7.202,10480.6386,yahoo×fx
2026-01-13,미장,디렉시온 마이크론 테크놀로지 2배 ETF,MUU,USD,6.883,10083.1134,yahoo×fx
2026-01-14,미장,디렉시온 마이크론 테크놀로지 2배 ETF,MUU,USD,6.6845,9846.3357,yahoo×fx
2026-01-15,미장,디렉시온 마이크론 테크놀로지 2배 ETF,MUU,USD,6.8145,9968.932,yahoo×fx
2026-01-16,미장,디렉시온 마이크론 테크놀로지 2배 ETF,MUU,USD,7.8665,11554.6294,yahoo×fx
2026-01-20,미장,디렉시온 마이크론 테크놀로지 2배 ETF,MUU,USD,7.968,11725.0714,yahoo×fx
2026-01-21,미장,디렉시온 마이크론 테크놀로지 2배 ETF,MUU,USD,9.0175,13325.8813,yahoo×fx
2026-01-22,미장,디렉시온 마이크론 테크놀로지 2배 ETF,MUU,USD,9.4105,13784.7817,yahoo×fx
2026-01-23,미장,디렉시온 마이크론 테크놀로지 2배 ETF,MUU,USD,9.4995,13900.2389,yahoo×fx
2026-01-26,미장,디렉시온 마이크론 테크놀로지 2배 ETF,MUU,USD,9.0,13003.2905,yahoo×fx
2026-01-27,미장,디렉시온 마이크론 테크놀로지 2배 ETF,MUU,USD,9.962,14355.0424,yahoo×fx
2026-01-28,미장,디렉시온 마이크론 테크놀로지 2배 ETF,MUU,USD,11.1825,16019.043,yahoo×fx
2026-01-29,미장,디렉시온 마이크론 테크놀로지 2배 ETF,MUU,USD,11.2055,16015.6847,yahoo×fx
2026-01-30,미장,디렉시온 마이크론 테크놀로지 2배 ETF,MUU,USD,10.131,14474.767,yahoo×fx
2026-02-02,미장,디렉시온 마이크론 테크놀로지 2배 ETF,MUU,USD,11.245,16291.7564,yahoo×fx
2026-02-03,미장,디렉시온 마이크론 테크놀로지 2배 ETF,MUU,USD,10.3005,14961.8886,yahoo×fx
2026-02-04,미장,디렉시온 마이크론 테크놀로지 2배 ETF,MUU,USD,8.334,12056.631,yahoo×fx
2026-02-05,미장,디렉시온 마이크론 테크놀로지 2배 ETF,MUU,USD,8.468,12364.212,yahoo×fx
2026-02-06,미장,디렉시온 마이크론 테크놀로지 2배 ETF,MUU,USD,8.982,13209.6488,yahoo×fx
2026-02-09,미장,디렉시온 마이크론 테크놀로지 2배 ETF,MUU,USD,8.4645,12378.4856,yahoo×fx
2026-02-10,미장,디렉시온 마이크론 테크놀로지 2배 ETF,MUU,USD,8.0225,11701.1375,yahoo×fx
2026-02-11,미장,디렉시온 마이크론 테크놀로지 2배 ETF,MUU,USD,9.6205,14001.0013,yahoo×fx
2026-02-12,미장,디렉시온 마이크론 테크놀로지 2배 ETF,MUU,USD,9.7825,14127.7885,yahoo×fx
2026-02-13,미장,디렉시온 마이크론 테크놀로지 2배 ETF,MUU,USD,9.668,13930.6218,yahoo×fx
2026-02-17,미장,디렉시온 마이크론 테크놀로지 2배 ETF,MUU,USD,9.115,13127.6959,yahoo×fx
2026-02-18,미장,디렉시온 마이크론 테크놀로지 2배 ETF,MUU,USD,10.058,14483.2174,yahoo×fx
2026-02-19,미장,디렉시온 마이크론 테크놀로지 2배 ETF,MUU,USD,9.889,14241.7425,yahoo×fx
2026-02-20,미장,디렉시온 마이크론 테크놀로지 2배 ETF,MUU,USD,10.3855,15035.6076,yahoo×fx
2026-02-23,미장,디렉시온 마이크론 테크놀로지 2배 ETF,MUU,USD,10.0345,14484.1983,yahoo×fx
2026-02-24,미장,디렉시온 마이크론 테크놀로지 2배 ETF,MUU,USD,9.8955,14271.2899,yahoo×fx
2026-02-25,미장,디렉시온 마이크론 테크놀로지 2배 ETF,MUU,USD,10.3815,14949.2564,yahoo×fx
2026-02-26,미장,디렉시온 마이크론 테크놀로지 2배 ETF,MUU,USD,9.7565,13921.8434,yahoo×fx
2026-02-27,미장,디렉시온 마이크론 테크놀로지 2배 ETF,MUU,USD,9.5965,13745.2589,yahoo×fx
2026-03-02,미장,디렉시온 마이크론 테크놀로지 2배 ETF,MUU,USD,9.581,13782.269,yahoo×fx
2026-03-03,미장,디렉시온 마이크론 테크놀로지 2배 ETF,MUU,USD,8.0765,11729.2587,yahoo×fx
2026-03-04,미장,디렉시온 마이크론 테크놀로지 2배 ETF,MUU,USD,8.9585,13286.082,yahoo×fx
2026-03-05,미장,디렉시온 마이크론 테크놀로지 2배 ETF,MUU,USD,8.7615,12798.3616,yahoo×fx
2026-03-06,미장,디렉시온 마이크론 테크놀로지 2배 ETF,MUU,USD,7.611,11260.5508,yahoo×fx
2026-03-09,미장,디렉시온 마이크론 테크놀로지 2배 ETF,MUU,USD,8.3765,12429.8049,yahoo×fx
2026-03-10,미장,디렉시온 마이크론 테크놀로지 2배 ETF,MUU,USD,8.9675,13132.6341,yahoo×fx
2026-03-11,미장,디렉시온 마이크론 테크놀로지 2배 ETF,MUU,USD,9.658,14224.1095,yahoo×fx
2026-03-12,미장,디렉시온 마이크론 테크놀로지 2배 ETF,MUU,USD,9.041,13338.5492,yahoo×fx
2026-03-13,미장,디렉시온 마이크론 테크놀로지 2배 ETF,MUU,USD,9.961,14648.4476,yahoo×fx
2026-03-16,미장,디렉시온 마이크론 테크놀로지 2배 ETF,MUU,USD,10.694,16059.7149,yahoo×fx
2026-03-17,미장,디렉시온 마이크론 테크놀로지 2배 ETF,MUU,USD,11.65,17345.8013,yahoo×fx
2026-03-18,미장,디렉시온 마이크론 테크놀로지 2배 ETF,MUU,USD,11.6505,17299.4783,yahoo×fx
2026-03-19,미장,디렉시온 마이크론 테크놀로지 2배 ETF,MUU,USD,10.7515,16183.6956,yahoo×fx
2026-03-20,미장,디렉시온 마이크론 테크놀로지 2배 ETF,MUU,USD,9.717,14476.775,yahoo×fx
2026-03-23,미장,디렉시온 마이크론 테크놀로지 2배 ETF,MUU,USD,8.855,13319.7785,yahoo×fx
2026-03-24,미장,디렉시온 마이크론 테크놀로지 2배 ETF,MUU,USD,8.454,12557.234,yahoo×fx
2026-03-25,미장,디렉시온 마이크론 테크놀로지 2배 ETF,MUU,USD,7.8695,11783.0817,yahoo×fx
2026-03-26,미장,디렉시온 마이크론 테크놀로지 2배 ETF,MUU,USD,6.753,10136.0499,yahoo×fx
2026-03-27,미장,디렉시온 마이크론 테크놀로지 2배 ETF,MUU,USD,6.8335,10307.3778,yahoo×fx
2026-03-30,미장,디렉시온 마이크론 테크놀로지 2배 ETF,MUU,USD,5.4875,8319.7637,yahoo×fx
2026-03-31,미장,디렉시온 마이크론 테크놀로지 2배 ETF,MUU,USD,6.019,9048.5431,yahoo×fx
2026-04-01,미장,디렉시온 마이크론 테크놀로지 2배 ETF,MUU,USD,7.0885,10718.4498,yahoo×fx
2026-04-02,미장,디렉시온 마이크론 테크놀로지 2배 ETF,MUU,USD,7.0215,10596.9882,yahoo×fx
2026-04-06,미장,디렉시온 마이크론 테크놀로지 2배 ETF,MUU,USD,7.446,11227.4511,yahoo×fx
2026-04-07,미장,디렉시온 마이크론 테크놀로지 2배 ETF,MUU,USD,7.441,11155.0263,yahoo×fx
2026-04-08,미장,디렉시온 마이크론 테크놀로지 2배 ETF,MUU,USD,8.581,12679.2859,yahoo×fx
2026-04-09,미장,디렉시온 마이크론 테크놀로지 2배 ETF,MUU,USD,9.2107,13570.0135,yahoo×fx
2026-04-10,미장,디렉시온 마이크론 테크놀로지 2배 ETF,MUU,USD,9.1505,,yahoo(fx없음)
2026-04-13,미장,디렉시온 마이크론 테크놀로지 2배 ETF,MUU,USD,9.4225,13915.5241,yahoo×fx
2026-04-14,미장,디렉시온 마이크론 테크놀로지 2배 ETF,MUU,USD,11.12,16339.9507,yahoo×fx
2026-04-15,미장,디렉시온 마이크론 테크놀로지 2배 ETF,MUU,USD,10.69,15757.7014,yahoo×fx
2026-04-16,미장,디렉시온 마이크론 테크놀로지 2배 ETF,MUU,USD,10.723,15847.736,yahoo×fx
2026-04-17,미장,디렉시온 마이크론 테크놀로지 2배 ETF,MUU,USD,10.6215,,yahoo(fx없음)
2026-04-20,미장,디렉시온 마이크론 테크놀로지 2배 ETF,MUU,USD,10.32,15162.7629,yahoo×fx
2026-04-21,미장,디렉시온 마이크론 테크놀로지 2배 ETF,MUU,USD,10.367,15403.2886,yahoo×fx
2026-04-22,미장,디렉시온 마이크론 테크놀로지 2배 ETF,MUU,USD,12.105,17890.7047,yahoo×fx
2026-04-23,미장,디렉시온 마이크론 테크놀로지 2배 ETF,MUU,USD,11.8055,17471.5492,yahoo×fx
2026-04-24,미장,디렉시온 마이크론 테크놀로지 2배 ETF,MUU,USD,12.505,,yahoo(fx없음)
2026-04-27,미장,디렉시온 마이크론 테크놀로지 2배 ETF,MUU,USD,13.9665,20572.6549,yahoo×fx
2026-04-28,미장,디렉시온 마이크론 테크놀로지 2배 ETF,MUU,USD,12.8635,18934.9427,yahoo×fx
2026-04-29,미장,디렉시온 마이크론 테크놀로지 2배 ETF,MUU,USD,13.5975,20224.6494,yahoo×fx
2026-04-30,미장,디렉시온 마이크론 테크놀로지 2배 ETF,MUU,USD,13.5365,19952.9365,yahoo×fx
2026-05-01,미장,디렉시온 마이크론 테크놀로지 2배 ETF,MUU,USD,14.7895,,yahoo(fx없음)
2026-05-04,미장,디렉시온 마이크론 테크놀로지 2배 ETF,MUU,USD,16.698,24647.0836,yahoo×fx
2026-05-05,미장,디렉시온 마이크론 테크놀로지 2배 ETF,MUU,USD,20.3925,30057.7284,yahoo×fx
2026-05-06,미장,디렉시온 마이크론 테크놀로지 2배 ETF,MUU,USD,22.012,31795.2311,yahoo×fx
2026-05-07,미장,디렉시온 마이크론 테크놀로지 2배 ETF,MUU,USD,20.734,30163.6156,yahoo×fx
2026-05-08,미장,디렉시온 마이크론 테크놀로지 2배 ETF,MUU,USD,27.136,,yahoo(fx없음)
2026-05-11,미장,디렉시온 마이크론 테크놀로지 2배 ETF,MUU,USD,30.6795,45235.3881,yahoo×fx
2026-05-12,미장,디렉시온 마이크론 테크놀로지 2배 ETF,MUU,USD,28.4175,42427.0424,yahoo×fx
2026-05-13,미장,디렉시온 마이크론 테크놀로지 2배 ETF,MUU,USD,31.143,46398.0855,yahoo×fx
2026-05-14,미장,디렉시온 마이크론 테크놀로지 2배 ETF,MUU,USD,28.976,43271.0186,yahoo×fx
2026-05-15,미장,디렉시온 마이크론 테크놀로지 2배 ETF,MUU,USD,25.1845,,yahoo(fx없음)
2026-05-18,미장,디렉시온 마이크론 테크놀로지 2배 ETF,MUU,USD,22.1385,33037.7254,yahoo×fx
2026-05-19,미장,디렉시온 마이크론 테크놀로지 2배 ETF,MUU,USD,23.299,35131.3963,yahoo×fx
2026-05-20,미장,디렉시온 마이크론 테크놀로지 2배 ETF,MUU,USD,25.4945,38235.8856,yahoo×fx
2026-05-21,미장,디렉시온 마이크론 테크놀로지 2배 ETF,MUU,USD,27.515,41393.5658,yahoo×fx
2026-05-22,미장,디렉시온 마이크론 테크놀로지 2배 ETF,MUU,USD,26.7185,,yahoo(fx없음)
2026-05-26,미장,디렉시온 마이크론 테크놀로지 2배 ETF,MUU,USD,37.0,55701.2778,yahoo×fx
2026-05-27,미장,디렉시온 마이크론 테크놀로지 2배 ETF,MUU,USD,39.7005,59674.2187,yahoo×fx
2026-05-28,미장,디렉시온 마이크론 테크놀로지 2배 ETF,MUU,USD,39.25,58690.134,yahoo×fx
2026-05-29,미장,디렉시온 마이크론 테크놀로지 2배 ETF,MUU,USD,43.332,,yahoo(fx없음)
2026-06-01,미장,디렉시온 마이크론 테크놀로지 2배 ETF,MUU,USD,49.0485,74125.5276,yahoo×fx
2026-06-02,미장,디렉시온 마이크론 테크놀로지 2배 ETF,MUU,USD,51.6585,78345.2809,yahoo×fx
2026-06-03,미장,디렉시온 마이크론 테크놀로지 2배 ETF,MUU,USD,53.25,81478.3567,yahoo×fx
2026-06-04,미장,디렉시온 마이크론 테크놀로지 2배 ETF,MUU,USD,45.078,69107.7257,yahoo×fx
2026-06-05,미장,디렉시온 마이크론 테크놀로지 2배 ETF,MUU,USD,33.0665,,yahoo(fx없음)
2026-06-08,미장,디렉시온 마이크론 테크놀로지 2배 ETF,MUU,USD,39.4935,60380.8221,yahoo×fx
2026-06-09,미장,디렉시온 마이크론 테크놀로지 2배 ETF,MUU,USD,38.3715,58547.6178,yahoo×fx
2026-06-10,미장,디렉시온 마이크론 테크놀로지 2배 ETF,MUU,USD,34.6785,52886.4498,yahoo×fx
2026-06-11,미장,디렉시온 마이크론 테크놀로지 2배 ETF,MUU,USD,42.837,65000.01,yahoo×fx
2026-06-12,미장,디렉시온 마이크론 테크놀로지 2배 ETF,MUU,USD,41.5355,,yahoo(fx없음)
2026-06-15,미장,디렉시온 마이크론 테크놀로지 2배 ETF,MUU,USD,50.2335,76018.863,yahoo×fx
2026-06-16,미장,디렉시온 마이크론 테크놀로지 2배 ETF,MUU,USD,44.346,67005.0314,yahoo×fx
2026-06-17,미장,디렉시온 마이크론 테크놀로지 2배 ETF,MUU,USD,46.208,70486.6097,yahoo×fx
2026-06-18,미장,디렉시온 마이크론 테크놀로지 2배 ETF,MUU,USD,54.004,83034.3959,yahoo×fx
2026-06-22,미장,디렉시온 마이크론 테크놀로지 2배 ETF,MUU,USD,61.5825,94778.5503,yahoo×fx
2026-06-23,미장,디렉시온 마이크론 테크놀로지 2배 ETF,MUU,USD,45.396,69694.2089,yahoo×fx
2026-06-24,미장,디렉시온 마이크론 테크놀로지 2배 ETF,MUU,USD,45.105,69586.1895,yahoo×fx
2026-06-25,미장,디렉시온 마이크론 테크놀로지 2배 ETF,MUU,USD,59.12,91427.8948,yahoo×fx
2026-06-26,미장,디렉시온 마이크론 테크놀로지 2배 ETF,MUU,USD,51.001,,yahoo(fx없음)
2026-06-29,미장,디렉시온 마이크론 테크놀로지 2배 ETF,MUU,USD,52.4185,80815.1714,yahoo×fx
2026-06-30,미장,디렉시온 마이크론 테크놀로지 2배 ETF,MUU,USD,52.4365,81203.6883,yahoo×fx
2026-07-01,미장,디렉시온 마이크론 테크놀로지 2배 ETF,MUU,USD,42.5003,65952.3182,yahoo×fx
2026-07-02,미장,디렉시온 마이크론 테크놀로지 2배 ETF,MUU,USD,37.2605,57460.5379,yahoo×fx
2026-07-06,미장,디렉시온 마이크론 테크놀로지 2배 ETF,MUU,USD,38.0,58092.8804,yahoo×fx
2026-07-07,미장,디렉시온 마이크론 테크놀로지 2배 ETF,MUU,USD,34.4305,52329.5393,yahoo×fx
2026-07-08,미장,디렉시온 마이크론 테크놀로지 2배 ETF,MUU,USD,35.1525,52846.5102,yahoo×fx
2026-07-09,미장,디렉시온 마이크론 테크놀로지 2배 ETF,MUU,USD,38.2315,57573.1975,yahoo×fx
2026-07-10,미장,디렉시온 마이크론 테크놀로지 2배 ETF,MUU,USD,37.2695,,yahoo(fx없음)
2026-07-13,미장,디렉시온 마이크론 테크놀로지 2배 ETF,MUU,USD,33.91,50787.0051,yahoo×fx
2026-07-14,미장,디렉시온 마이크론 테크놀로지 2배 ETF,MUU,USD,37.1325,55248.7038,yahoo×fx
2026-07-15,미장,디렉시온 마이크론 테크놀로지 2배 ETF,MUU,USD,31.27,46473.4732,yahoo×fx
2026-07-16,미장,디렉시온 마이크론 테크놀로지 2배 ETF,MUU,USD,27.51,40683.1632,yahoo×fx
2026-07-17,미장,디렉시온 마이크론 테크놀로지 2배 ETF,MUU,USD,27.24,,yahoo(fx없음)
2026-07-20,미장,디렉시온 마이크론 테크놀로지 2배 ETF,MUU,USD,28.31,41757.5326,yahoo×fx
2026-07-21,미장,디렉시온 마이크론 테크놀로지 2배 ETF,MUU,USD,35.14,51997.3589,yahoo×fx
2026-07-22,미장,디렉시온 마이크론 테크놀로지 2배 ETF,MUU,USD,34.29,50599.3542,yahoo×fx
2026-07-23,미장,디렉시온 마이크론 테크놀로지 2배 ETF,MUU,USD,36.49,53787.7235,yahoo×fx
2026-07-24,미장,디렉시온 마이크론 테크놀로지 2배 ETF,MUU,USD,31.27,,yahoo(fx없음)
2026-07-27,미장,디렉시온 마이크론 테크놀로지 2배 ETF,MUU,USD,29.92,43816.0432,yahoo×fx
2026-07-28,미장,디렉시온 마이크론 테크놀로지 2배 ETF,MUU,USD,24.55,35675.0777,yahoo×fx
2026-07-29,미장,디렉시온 마이크론 테크놀로지 2배 ETF,MUU,USD,19.63,28311.9558,yahoo×fx
2026-07-30,미장,디렉시온 마이크론 테크놀로지 2배 ETF,MUU,USD,26.97,38313.5804,yahoo×fx
2026-07-31,미장,디렉시온 마이크론 테크놀로지 2배 ETF,MUU,USD,23.67,,yahoo(fx없음)
2026-08-03,미장,디렉시온 마이크론 테크놀로지 2배 ETF,MUU,USD,23.99,34269.7147,yahoo×fx
2026-08-04,미장,디렉시온 마이크론 테크놀로지 2배 ETF,MUU,USD,27.57,39381.8161,yahoo×fx
2026-08-05,미장,디렉시온 마이크론 테크놀로지 2배 ETF,MUU,USD,27.63,39266.6506,yahoo×fx
2026-08-06,미장,디렉시온 마이크론 테크놀로지 2배 ETF,MUU,USD,26.93,38302.5407,yahoo×fx
2026-08-07,미장,디렉시온 마이크론 테크놀로지 2배 ETF,MUU,USD,26.62,,yahoo(fx없음)
2026-08-10,미장,디렉시온 마이크론 테크놀로지 2배 ETF,MUU,USD,25.62,36311.4849,yahoo×fx
2026-08-11,미장,디렉시온 마이크론 테크놀로지 2배 ETF,MUU,USD,25.98,36688.4371,yahoo×fx
2026-08-12,미장,디렉시온 마이크론 테크놀로지 2배 ETF,MUU,USD,28.53,40411.6037,yahoo×fx
2026-08-13,미장,디렉시온 마이크론 테크놀로지 2배 ETF,MUU,USD,31.0,43922.3492,yahoo×fx
2026-08-14,미장,디렉시온 마이크론 테크놀로지 2배 ETF,MUU,USD,32.39,,yahoo(fx없음)
2026-08-17,미장,디렉시온 마이크론 테크놀로지 2배 ETF,MUU,USD,35.01,49529.6942,yahoo×fx
2026-08-18,미장,디렉시온 마이크론 테크놀로지 2배 ETF,MUU,USD,30.12,42577.0295,yahoo×fx
2026-08-19,미장,디렉시온 마이크론 테크놀로지 2배 ETF,MUU,USD,29.82,41431.9083,yahoo×fx
2026-08-20,미장,디렉시온 마이크론 테크놀로지 2배 ETF,MUU,USD,32.1,44644.3581,yahoo×fx
2026-08-21,미장,디렉시온 마이크론 테크놀로지 2배 ETF,MUU,USD,31.57,,yahoo(fx없음)
2026-08-24,미장,디렉시온 마이크론 테크놀로지 2배 ETF,MUU,USD,27.91,,yahoo(fx없음)
2026-08-25,미장,디렉시온 마이크론 테크놀로지 2배 ETF,MUU,USD,28.745,39747.1499,yahoo×fx
2026-04-29,미장,그래닛셰어즈 MRVL 데일리 2배 ETF,MVLL,USD,20.7133,30808.5975,yahoo×fx
2026-04-30,미장,그래닛셰어즈 MRVL 데일리 2배 ETF,MVLL,USD,22.99,33887.4898,yahoo×fx
2026-05-01,미장,그래닛셰어즈 MRVL 데일리 2배 ETF,MVLL,USD,22.8133,,yahoo(fx없음)
2026-05-04,미장,그래닛셰어즈 MRVL 데일리 2배 ETF,MVLL,USD,22.41,33078.2814,yahoo×fx
2026-05-05,미장,그래닛셰어즈 MRVL 데일리 2배 ETF,MVLL,USD,23.88,35198.1626,yahoo×fx
2026-05-06,미장,그래닛셰어즈 MRVL 데일리 2배 ETF,MVLL,USD,24.83,35865.6922,yahoo×fx
2026-05-07,미장,그래닛셰어즈 MRVL 데일리 2배 ETF,MVLL,USD,21.2133,30860.9457,yahoo×fx
2026-05-08,미장,그래닛셰어즈 MRVL 데일리 2배 ETF,MVLL,USD,23.9867,,yahoo(fx없음)
2026-05-11,미장,그래닛셰어즈 MRVL 데일리 2배 ETF,MVLL,USD,24.1633,35627.6265,yahoo×fx
2026-05-12,미장,그래닛셰어즈 MRVL 데일리 2배 ETF,MVLL,USD,22.4333,33492.7408,yahoo×fx
2026-05-13,미장,그래닛셰어즈 MRVL 데일리 2배 ETF,MVLL,USD,26.0167,38760.6694,yahoo×fx
2026-05-14,미장,그래닛셰어즈 MRVL 데일리 2배 ETF,MVLL,USD,27.3533,40847.8246,yahoo×fx
2026-05-15,미장,그래닛셰어즈 MRVL 데일리 2배 ETF,MVLL,USD,25.5267,,yahoo(fx없음)
2026-05-18,미장,그래닛셰어즈 MRVL 데일리 2배 ETF,MVLL,USD,23.3067,34781.0045,yahoo×fx
2026-05-19,미장,그래닛셰어즈 MRVL 데일리 2배 ETF,MVLL,USD,25.31,38163.6821,yahoo×fx
2026-05-20,미장,그래닛셰어즈 MRVL 데일리 2배 ETF,MVLL,USD,28.3533,42523.4781,yahoo×fx
2026-05-21,미장,그래닛셰어즈 MRVL 데일리 2배 ETF,MVLL,USD,29.4433,44294.5504,yahoo×fx
2026-05-22,미장,그래닛셰어즈 MRVL 데일리 2배 ETF,MVLL,USD,31.09,,yahoo(fx없음)
2026-05-26,미장,그래닛셰어즈 MRVL 데일리 2배 ETF,MVLL,USD,34.8033,52394.328,yahoo×fx
2026-05-27,미장,그래닛셰어즈 MRVL 데일리 2배 ETF,MVLL,USD,31.7367,47703.702,yahoo×fx
2026-05-28,미장,그래닛셰어즈 MRVL 데일리 2배 ETF,MVLL,USD,33.5467,50161.9943,yahoo×fx
2026-05-29,미장,그래닛셰어즈 MRVL 데일리 2배 ETF,MVLL,USD,33.5233,,yahoo(fx없음)
2026-06-01,미장,그래닛셰어즈 MRVL 데일리 2배 ETF,MVLL,USD,38.2633,57826.2271,yahoo×fx
2026-06-02,미장,그래닛셰어즈 MRVL 데일리 2배 ETF,MVLL,USD,63.1333,95748.0087,yahoo×fx
2026-06-03,미장,그래닛셰어즈 MRVL 데일리 2배 ETF,MVLL,USD,67.6433,103501.7399,yahoo×fx
2026-06-04,미장,그래닛셰어즈 MRVL 데일리 2배 ETF,MVLL,USD,74.0733,113559.6018,yahoo×fx
2026-06-05,미장,그래닛셰어즈 MRVL 데일리 2배 ETF,MVLL,USD,49.53,,yahoo(fx없음)
2026-06-08,미장,그래닛셰어즈 MRVL 데일리 2배 ETF,MVLL,USD,58.67,89699.3871,yahoo×fx
2026-06-09,미장,그래닛셰어즈 MRVL 데일리 2배 ETF,MVLL,USD,49.7183,75860.7344,yahoo×fx
2026-06-10,미장,그래닛셰어즈 MRVL 데일리 2배 ETF,MVLL,USD,44.3933,67702.0553,yahoo×fx
2026-06-11,미장,그래닛셰어즈 MRVL 데일리 2배 ETF,MVLL,USD,54.24,82302.694,yahoo×fx
2026-06-12,미장,그래닛셰어즈 MRVL 데일리 2배 ETF,MVLL,USD,53.65,,yahoo(fx없음)
2026-06-15,미장,그래닛셰어즈 MRVL 데일리 2배 ETF,MVLL,USD,64.8867,98193.6433,yahoo×fx
2026-06-16,미장,그래닛셰어즈 MRVL 데일리 2배 ETF,MVLL,USD,51.93,78464.1512,yahoo×fx
2026-06-17,미장,그래닛셰어즈 MRVL 데일리 2배 ETF,MVLL,USD,56.04,85484.5407,yahoo×fx
2026-06-18,미장,그래닛셰어즈 MRVL 데일리 2배 ETF,MVLL,USD,64.52,99203.3698,yahoo×fx
2026-06-22,미장,그래닛셰어즈 MRVL 데일리 2배 ETF,MVLL,USD,62.8867,96785.7254,yahoo×fx
2026-06-23,미장,그래닛셰어즈 MRVL 데일리 2배 ETF,MVLL,USD,50.9567,78231.2259,yahoo×fx
2026-06-24,미장,그래닛셰어즈 MRVL 데일리 2배 ETF,MVLL,USD,49.94,77045.4328,yahoo×fx
2026-06-25,미장,그래닛셰어즈 MRVL 데일리 2배 ETF,MVLL,USD,51.8067,80117.9739,yahoo×fx
2026-06-26,미장,그래닛셰어즈 MRVL 데일리 2배 ETF,MVLL,USD,46.07,,yahoo(fx없음)
2026-06-29,미장,그래닛셰어즈 MRVL 데일리 2배 ETF,MVLL,USD,50.08,77209.8402,yahoo×fx
2026-06-30,미장,그래닛셰어즈 MRVL 데일리 2배 ETF,MVLL,USD,57.4,88890.2155,yahoo×fx
2026-07-01,미장,그래닛셰어즈 MRVL 데일리 2배 ETF,MVLL,USD,47.4,73555.7991,yahoo×fx
2026-07-02,미장,그래닛셰어즈 MRVL 데일리 2배 ETF,MVLL,USD,37.93,58492.9916,yahoo×fx
2026-07-06,미장,그래닛셰어즈 MRVL 데일리 2배 ETF,MVLL,USD,39.14,59835.6658,yahoo×fx
2026-07-07,미장,그래닛셰어즈 MRVL 데일리 2배 ETF,MVLL,USD,33.29,50596.1403,yahoo×fx
2026-07-08,미장,그래닛셰어즈 MRVL 데일리 2배 ETF,MVLL,USD,33.56,50452.4272,yahoo×fx
2026-07-09,미장,그래닛셰어즈 MRVL 데일리 2배 ETF,MVLL,USD,36.88,55537.9637,yahoo×fx
2026-07-10,미장,그래닛셰어즈 MRVL 데일리 2배 ETF,MVLL,USD,34.55,,yahoo(fx없음)
2026-07-13,미장,그래닛셰어즈 MRVL 데일리 2배 ETF,MVLL,USD,29.27,43837.6783,yahoo×fx
2026-07-14,미장,그래닛셰어즈 MRVL 데일리 2배 ETF,MVLL,USD,30.63,45573.7633,yahoo×fx
2026-07-15,미장,그래닛셰어즈 MRVL 데일리 2배 ETF,MVLL,USD,26.12,38819.544,yahoo×fx
2026-07-16,미장,그래닛셰어즈 MRVL 데일리 2배 ETF,MVLL,USD,21.46,31736.1191,yahoo×fx
2026-07-17,미장,그래닛셰어즈 MRVL 데일리 2배 ETF,MVLL,USD,21.51,,yahoo(fx없음)
2026-07-20,미장,그래닛셰어즈 MRVL 데일리 2배 ETF,MVLL,USD,22.94,33836.7304,yahoo×fx
2026-07-21,미장,그래닛셰어즈 MRVL 데일리 2배 ETF,MVLL,USD,26.05,38546.7041,yahoo×fx
2026-07-22,미장,그래닛셰어즈 MRVL 데일리 2배 ETF,MVLL,USD,26.8,39546.883,yahoo×fx
2026-07-23,미장,그래닛셰어즈 MRVL 데일리 2배 ETF,MVLL,USD,26.27,38723.0325,yahoo×fx
2026-07-24,미장,그래닛셰어즈 MRVL 데일리 2배 ETF,MVLL,USD,22.44,,yahoo(fx없음)
2026-07-27,미장,그래닛셰어즈 MRVL 데일리 2배 ETF,MVLL,USD,21.27,31148.6382,yahoo×fx
2026-07-28,미장,그래닛셰어즈 MRVL 데일리 2배 ETF,MVLL,USD,17.94,26069.6918,yahoo×fx
2026-07-29,미장,그래닛셰어즈 MRVL 데일리 2배 ETF,MVLL,USD,15.65,22571.6819,yahoo×fx
2026-07-30,미장,그래닛셰어즈 MRVL 데일리 2배 ETF,MVLL,USD,19.41,27573.8453,yahoo×fx
2026-07-31,미장,그래닛셰어즈 MRVL 데일리 2배 ETF,MVLL,USD,20.33,,yahoo(fx없음)
2026-02-12,미장,클라우드플레어,NET,USD,185.17,267420.6488,yahoo×fx
2026-02-13,미장,클라우드플레어,NET,USD,195.85,282200.2786,yahoo×fx
2026-02-25,미장,노스롭 그루만,NOC,USD,703.65,1013248.9918,yahoo×fx
2026-02-26,미장,노스롭 그루만,NOC,USD,710.9,1014404.61,yahoo×fx
2026-01-02,미장,엔비디아,NVDA,USD,188.85,272631.4256,yahoo×fx
2026-01-05,미장,엔비디아,NVDA,USD,188.12,270983.0869,yahoo×fx
2026-01-06,미장,엔비디아,NVDA,USD,187.24,270666.6733,yahoo×fx
2026-01-07,미장,엔비디아,NVDA,USD,189.11,273256.3791,yahoo×fx
2026-01-08,미장,엔비디아,NVDA,USD,185.04,267593.7386,yahoo×fx
2026-01-09,미장,엔비디아,NVDA,USD,184.86,268061.7816,yahoo×fx
2026-01-12,미장,엔비디아,NVDA,USD,184.94,269132.0873,yahoo×fx
2026-01-13,미장,엔비디아,NVDA,USD,185.81,272198.6497,yahoo×fx
2026-01-14,미장,엔비디아,NVDA,USD,183.14,269767.0523,yahoo×fx
2026-01-15,미장,엔비디아,NVDA,USD,187.05,273635.454,yahoo×fx
2026-01-16,미장,엔비디아,NVDA,USD,186.23,273542.0606,yahoo×fx
2026-01-20,미장,엔비디아,NVDA,USD,178.07,262033.5807,yahoo×fx
2026-01-21,미장,엔비디아,NVDA,USD,183.32,270906.6458,yahoo×fx
2026-01-22,미장,엔비디아,NVDA,USD,184.84,270759.1637,yahoo×fx
2026-01-23,미장,엔비디아,NVDA,USD,187.67,274610.0034,yahoo×fx
2026-01-26,미장,엔비디아,NVDA,USD,186.47,269413.7334,yahoo×fx
2026-01-27,미장,엔비디아,NVDA,USD,188.52,271653.5521,yahoo×fx
2026-01-28,미장,엔비디아,NVDA,USD,191.52,274354.3232,yahoo×fx
2026-01-29,미장,엔비디아,NVDA,USD,192.51,275148.7636,yahoo×fx
2026-01-30,미장,엔비디아,NVDA,USD,191.13,273078.9076,yahoo×fx
2026-02-02,미장,엔비디아,NVDA,USD,185.61,268911.7779,yahoo×fx
2026-02-03,미장,엔비디아,NVDA,USD,180.34,261951.0653,yahoo×fx
2026-02-04,미장,엔비디아,NVDA,USD,174.19,251997.2021,yahoo×fx
2026-02-05,미장,엔비디아,NVDA,USD,171.88,250963.7114,yahoo×fx
2026-02-06,미장,엔비디아,NVDA,USD,185.41,272678.7941,yahoo×fx
2026-02-09,미장,엔비디아,NVDA,USD,190.04,277914.4908,yahoo×fx
2026-02-10,미장,엔비디아,NVDA,USD,188.54,274993.1292,yahoo×fx
2026-02-11,미장,엔비디아,NVDA,USD,190.05,276585.4626,yahoo×fx
2026-02-12,미장,엔비디아,NVDA,USD,186.94,269976.8712,yahoo×fx
2026-02-13,미장,엔비디아,NVDA,USD,182.81,263410.9299,yahoo×fx
2026-02-17,미장,엔비디아,NVDA,USD,184.97,266399.3412,yahoo×fx
2026-02-18,미장,엔비디아,NVDA,USD,187.98,270685.5489,yahoo×fx
2026-02-19,미장,엔비디아,NVDA,USD,187.9,270606.0616,yahoo×fx
2026-02-20,미장,엔비디아,NVDA,USD,189.82,274811.9156,yahoo×fx
2026-02-23,미장,엔비디아,NVDA,USD,191.55,276490.9252,yahoo×fx
2026-02-24,미장,엔비디아,NVDA,USD,192.85,278128.2694,yahoo×fx
2026-02-25,미장,엔비디아,NVDA,USD,195.56,281604.439,yahoo×fx
2026-02-26,미장,엔비디아,NVDA,USD,184.89,263825.0968,yahoo×fx
2026-02-27,미장,엔비디아,NVDA,USD,177.19,253792.7748,yahoo×fx
2026-03-02,미장,엔비디아,NVDA,USD,182.48,262497.4739,yahoo×fx
2026-03-03,미장,엔비디아,NVDA,USD,180.05,261481.2214,yahoo×fx
2026-03-04,미장,엔비디아,NVDA,USD,183.04,271461.113,yahoo×fx
2026-03-05,미장,엔비디아,NVDA,USD,183.34,267813.8997,yahoo×fx
2026-03-06,미장,엔비디아,NVDA,USD,177.82,263086.4808,yahoo×fx
2026-03-09,미장,엔비디아,NVDA,USD,182.65,271032.5021,yahoo×fx
2026-03-10,미장,엔비디아,NVDA,USD,184.77,270590.1227,yahoo×fx
2026-03-11,미장,엔비디아,NVDA,USD,186.03,273981.2671,yahoo×fx
2026-03-12,미장,엔비디아,NVDA,USD,183.14,270193.7604,yahoo×fx
2026-03-13,미장,엔비디아,NVDA,USD,180.25,265072.0371,yahoo×fx
2026-03-16,미장,엔비디아,NVDA,USD,183.22,275150.6368,yahoo×fx
2026-03-17,미장,엔비디아,NVDA,USD,181.93,270877.3916,yahoo×fx
2026-03-18,미장,엔비디아,NVDA,USD,180.4,267870.5381,yahoo×fx
2026-03-19,미장,엔비디아,NVDA,USD,178.56,268777.4363,yahoo×fx
2026-03-20,미장,엔비디아,NVDA,USD,172.7,257295.3576,yahoo×fx
2026-03-23,미장,엔비디아,NVDA,USD,175.64,264199.4366,yahoo×fx
2026-03-24,미장,엔비디아,NVDA,USD,175.2,260235.0649,yahoo×fx
2026-03-25,미장,엔비디아,NVDA,USD,178.68,267539.3503,yahoo×fx
2026-03-26,미장,엔비디아,NVDA,USD,171.24,257026.106,yahoo×fx
2026-03-27,미장,엔비디아,NVDA,USD,167.52,252680.4712,yahoo×fx
2026-03-30,미장,엔비디아,NVDA,USD,165.17,250419.1901,yahoo×fx
2026-03-31,미장,엔비디아,NVDA,USD,174.4,262180.7352,yahoo×fx
2026-04-01,미장,엔비디아,NVDA,USD,175.75,265749.8115,yahoo×fx
2026-04-02,미장,엔비디아,NVDA,USD,177.39,267720.5297,yahoo×fx
2026-04-06,미장,엔비디아,NVDA,USD,177.64,267854.4687,yahoo×fx
2026-04-07,미장,엔비디아,NVDA,USD,178.1,266995.063,yahoo×fx
2026-04-08,미장,엔비디아,NVDA,USD,182.08,269041.4063,yahoo×fx
2026-04-09,미장,엔비디아,NVDA,USD,183.91,270950.9356,yahoo×fx
2026-04-10,미장,엔비디아,NVDA,USD,188.63,,yahoo(fx없음)
2026-04-13,미장,엔비디아,NVDA,USD,189.31,279580.5703,yahoo×fx
2026-04-14,미장,엔비디아,NVDA,USD,196.51,288755.7248,yahoo×fx
2026-04-15,미장,엔비디아,NVDA,USD,198.87,293146.3167,yahoo×fx
2026-04-16,미장,엔비디아,NVDA,USD,198.35,293145.4497,yahoo×fx
2026-04-17,미장,엔비디아,NVDA,USD,201.68,,yahoo(fx없음)
2026-04-20,미장,엔비디아,NVDA,USD,202.06,296878.674,yahoo×fx
2026-04-21,미장,엔비디아,NVDA,USD,199.88,296981.721,yahoo×fx
2026-04-22,미장,엔비디아,NVDA,USD,202.5,299286.8921,yahoo×fx
2026-04-23,미장,엔비디아,NVDA,USD,199.64,295457.2073,yahoo×fx
2026-04-24,미장,엔비디아,NVDA,USD,208.27,,yahoo(fx없음)
2026-04-27,미장,엔비디아,NVDA,USD,216.61,319066.5309,yahoo×fx
2026-04-28,미장,엔비디아,NVDA,USD,213.17,313784.1035,yahoo×fx
2026-04-29,미장,엔비디아,NVDA,USD,209.25,311234.266,yahoo×fx
2026-04-30,미장,엔비디아,NVDA,USD,199.57,294168.1884,yahoo×fx
2026-05-01,미장,엔비디아,NVDA,USD,198.45,,yahoo(fx없음)
2026-05-04,미장,엔비디아,NVDA,USD,198.48,292966.4074,yahoo×fx
2026-05-05,미장,엔비디아,NVDA,USD,196.5,289633.1323,yahoo×fx
2026-05-06,미장,엔비디아,NVDA,USD,207.83,300200.036,yahoo×fx
2026-05-07,미장,엔비디아,NVDA,USD,211.5,307688.0933,yahoo×fx
2026-05-08,미장,엔비디아,NVDA,USD,215.2,,yahoo(fx없음)
2026-05-11,미장,엔비디아,NVDA,USD,219.44,323553.3009,yahoo×fx
2026-05-12,미장,엔비디아,NVDA,USD,220.78,329622.3282,yahoo×fx
2026-05-13,미장,엔비디아,NVDA,USD,225.83,336450.5622,yahoo×fx
2026-05-14,미장,엔비디아,NVDA,USD,235.74,352039.9717,yahoo×fx
2026-05-15,미장,엔비디아,NVDA,USD,225.32,,yahoo(fx없음)
2026-05-18,미장,엔비디아,NVDA,USD,222.32,331772.5814,yahoo×fx
2026-05-19,미장,엔비디아,NVDA,USD,220.61,332646.784,yahoo×fx
2026-05-20,미장,엔비디아,NVDA,USD,223.47,335153.6081,yahoo×fx
2026-05-21,미장,엔비디아,NVDA,USD,219.51,330230.8411,yahoo×fx
2026-05-22,미장,엔비디아,NVDA,USD,215.33,,yahoo(fx없음)
2026-05-26,미장,엔비디아,NVDA,USD,214.86,323458.8267,yahoo×fx
2026-05-27,미장,엔비디아,NVDA,USD,212.6,319561.1921,yahoo×fx
2026-05-28,미장,엔비디아,NVDA,USD,214.25,320365.8909,yahoo×fx
2026-05-29,미장,엔비디아,NVDA,USD,211.14,,yahoo(fx없음)
2026-06-01,미장,엔비디아,NVDA,USD,224.36,339068.5425,yahoo×fx
2026-06-02,미장,엔비디아,NVDA,USD,222.82,337928.8177,yahoo×fx
2026-06-03,미장,엔비디아,NVDA,USD,214.75,328591.1194,yahoo×fx
2026-06-04,미장,엔비디아,NVDA,USD,218.66,335221.0801,yahoo×fx
2026-06-05,미장,엔비디아,NVDA,USD,205.1,,yahoo(fx없음)
2026-06-08,미장,엔비디아,NVDA,USD,208.64,318985.5233,yahoo×fx
2026-06-09,미장,엔비디아,NVDA,USD,208.19,317658.3998,yahoo×fx
2026-06-10,미장,엔비디아,NVDA,USD,200.42,305650.528,yahoo×fx
2026-06-11,미장,엔비디아,NVDA,USD,204.87,310865.6342,yahoo×fx
2026-06-12,미장,엔비디아,NVDA,USD,205.19,,yahoo(fx없음)
2026-06-15,미장,엔비디아,NVDA,USD,212.45,321502.7173,yahoo×fx
2026-06-16,미장,엔비디아,NVDA,USD,207.41,313388.211,yahoo×fx
2026-06-17,미장,엔비디아,NVDA,USD,204.65,312177.2027,yahoo×fx
2026-06-18,미장,엔비디아,NVDA,USD,210.69,323948.5325,yahoo×fx
2026-06-22,미장,엔비디아,NVDA,USD,208.65,321122.7833,yahoo×fx
2026-06-23,미장,엔비디아,NVDA,USD,200.04,307111.3997,yahoo×fx
2026-06-24,미장,엔비디아,NVDA,USD,199.0,307009.2419,yahoo×fx
2026-06-25,미장,엔비디아,NVDA,USD,195.74,302707.9999,yahoo×fx
2026-06-26,미장,엔비디아,NVDA,USD,192.53,,yahoo(fx없음)
2026-06-29,미장,엔비디아,NVDA,USD,194.97,300591.0962,yahoo×fx
2026-06-30,미장,엔비디아,NVDA,USD,200.09,309861.3663,yahoo×fx
2026-07-01,미장,엔비디아,NVDA,USD,197.58,306606.6342,yahoo×fx
2026-07-02,미장,엔비디아,NVDA,USD,194.83,300453.1917,yahoo×fx
2026-07-06,미장,엔비디아,NVDA,USD,195.55,298949.0246,yahoo×fx
2026-07-07,미장,엔비디아,NVDA,USD,196.93,299306.0158,yahoo×fx
2026-07-08,미장,엔비디아,NVDA,USD,204.12,306863.7897,yahoo×fx
2026-07-09,미장,엔비디아,NVDA,USD,202.78,305368.4349,yahoo×fx
2026-07-10,미장,엔비디아,NVDA,USD,210.96,,yahoo(fx없음)
2026-07-13,미장,엔비디아,NVDA,USD,203.53,304826.8692,yahoo×fx
2026-07-14,미장,엔비디아,NVDA,USD,211.8,315132.9896,yahoo×fx
2026-07-15,미장,엔비디아,NVDA,USD,212.5,315817.4896,yahoo×fx
2026-07-16,미장,엔비디아,NVDA,USD,207.4,306713.4759,yahoo×fx
2026-07-17,미장,엔비디아,NVDA,USD,202.81,,yahoo(fx없음)
2026-07-20,미장,엔비디아,NVDA,USD,203.28,299840.033,yahoo×fx
2026-07-21,미장,엔비디아,NVDA,USD,207.29,306731.1428,yahoo×fx
2026-07-22,미장,엔비디아,NVDA,USD,212.06,312922.0952,yahoo×fx
2026-07-23,미장,엔비디아,NVDA,USD,208.76,307720.5905,yahoo×fx
2026-07-24,미장,엔비디아,NVDA,USD,206.84,,yahoo(fx없음)
2026-07-27,미장,엔비디아,NVDA,USD,196.51,287777.0848,yahoo×fx
2026-07-28,미장,엔비디아,NVDA,USD,197.01,286287.0504,yahoo×fx
2026-07-29,미장,엔비디아,NVDA,USD,190.01,274047.6204,yahoo×fx
2026-07-30,미장,엔비디아,NVDA,USD,195.04,277073.8097,yahoo×fx
2026-07-31,미장,엔비디아,NVDA,USD,200.75,,yahoo(fx없음)
2026-08-03,미장,엔비디아,NVDA,USD,206.64,295185.2391,yahoo×fx
2026-08-04,미장,엔비디아,NVDA,USD,211.94,302741.4691,yahoo×fx
2026-08-05,미장,엔비디아,NVDA,USD,219.22,311546.7044,yahoo×fx
2026-08-06,미장,엔비디아,NVDA,USD,218.99,311469.4955,yahoo×fx
2026-08-07,미장,엔비디아,NVDA,USD,223.96,,yahoo(fx없음)
2026-08-10,미장,엔비디아,NVDA,USD,217.55,308335.8076,yahoo×fx
2026-08-11,미장,엔비디아,NVDA,USD,217.5,307149.1617,yahoo×fx
2026-08-12,미장,엔비디아,NVDA,USD,224.09,317414.5075,yahoo×fx
2026-08-13,미장,엔비디아,NVDA,USD,225.3,319216.3038,yahoo×fx
2026-08-14,미장,엔비디아,NVDA,USD,225.16,,yahoo(fx없음)
2026-08-17,미장,엔비디아,NVDA,USD,225.01,318328.3851,yahoo×fx
2026-08-18,미장,엔비디아,NVDA,USD,219.74,310620.0673,yahoo×fx
2026-08-19,미장,엔비디아,NVDA,USD,217.56,302277.8659,yahoo×fx
2026-08-20,미장,엔비디아,NVDA,USD,216.85,301592.8285,yahoo×fx
2026-08-21,미장,엔비디아,NVDA,USD,214.72,,yahoo(fx없음)
2026-08-24,미장,엔비디아,NVDA,USD,208.48,,yahoo(fx없음)
2026-08-25,미장,엔비디아,NVDA,USD,212.859,294330.7733,yahoo×fx
2026-01-02,미장,그래닛셰어즈 엔비디아 데일리 2배 ETF,NVDL,USD,30.01,43323.6372,yahoo×fx
2026-01-05,미장,그래닛셰어즈 엔비디아 데일리 2배 ETF,NVDL,USD,29.7967,42921.5024,yahoo×fx
2026-01-06,미장,그래닛셰어즈 엔비디아 데일리 2배 ETF,NVDL,USD,29.5467,42711.4818,yahoo×fx
2026-01-07,미장,그래닛셰어즈 엔비디아 데일리 2배 ETF,NVDL,USD,30.1433,43555.9099,yahoo×fx
2026-01-08,미장,그래닛셰어즈 엔비디아 데일리 2배 ETF,NVDL,USD,28.81,41663.293,yahoo×fx
2026-01-09,미장,그래닛셰어즈 엔비디아 데일리 2배 ETF,NVDL,USD,28.7233,41651.13,yahoo×fx
2026-01-12,미장,그래닛셰어즈 엔비디아 데일리 2배 ETF,NVDL,USD,28.7267,41804.1952,yahoo×fx
2026-01-13,미장,그래닛셰어즈 엔비디아 데일리 2배 ETF,NVDL,USD,28.9867,42463.4406,yahoo×fx
2026-01-14,미장,그래닛셰어즈 엔비디아 데일리 2배 ETF,NVDL,USD,28.1633,41484.8727,yahoo×fx
2026-01-15,미장,그래닛셰어즈 엔비디아 데일리 2배 ETF,NVDL,USD,29.3333,42911.7322,yahoo×fx
2026-01-16,미장,그래닛셰어즈 엔비디아 데일리 2배 ETF,NVDL,USD,29.0867,42723.6577,yahoo×fx
2026-01-20,미장,그래닛셰어즈 엔비디아 데일리 2배 ETF,NVDL,USD,26.4833,38970.7556,yahoo×fx
2026-01-21,미장,그래닛셰어즈 엔비디아 데일리 2배 ETF,NVDL,USD,28.07,41481.285,yahoo×fx
2026-01-22,미장,그래닛셰어즈 엔비디아 데일리 2배 ETF,NVDL,USD,28.4967,41742.7727,yahoo×fx
2026-01-23,미장,그래닛셰어즈 엔비디아 데일리 2배 ETF,NVDL,USD,29.3667,42971.0691,yahoo×fx
2026-01-26,미장,그래닛셰어즈 엔비디아 데일리 2배 ETF,NVDL,USD,28.96,41841.698,yahoo×fx
2026-01-27,미장,그래닛셰어즈 엔비디아 데일리 2배 ETF,NVDL,USD,29.6267,42691.4341,yahoo×fx
2026-01-28,미장,그래닛셰어즈 엔비디아 데일리 2배 ETF,NVDL,USD,30.5533,43767.9558,yahoo×fx
2026-01-29,미장,그래닛셰어즈 엔비디아 데일리 2배 ETF,NVDL,USD,30.8233,44054.8668,yahoo×fx
2026-01-30,미장,그래닛셰어즈 엔비디아 데일리 2배 ETF,NVDL,USD,30.4667,43529.5557,yahoo×fx
2026-02-02,미장,그래닛셰어즈 엔비디아 데일리 2배 ETF,NVDL,USD,28.65,41508.1208,yahoo×fx
2026-02-03,미장,그래닛셰어즈 엔비디아 데일리 2배 ETF,NVDL,USD,27.0067,39228.264,yahoo×fx
2026-02-04,미장,그래닛셰어즈 엔비디아 데일리 2배 ETF,NVDL,USD,25.1567,36393.6494,yahoo×fx
2026-02-05,미장,그래닛셰어즈 엔비디아 데일리 2배 ETF,NVDL,USD,24.4933,35762.9613,yahoo×fx
2026-02-06,미장,그래닛셰어즈 엔비디아 데일리 2배 ETF,NVDL,USD,28.2933,41610.4406,yahoo×fx
2026-02-09,미장,그래닛셰어즈 엔비디아 데일리 2배 ETF,NVDL,USD,29.6567,43369.9116,yahoo×fx
2026-02-10,미장,그래닛셰어즈 엔비디아 데일리 2배 ETF,NVDL,USD,29.2667,42686.6048,yahoo×fx
2026-02-11,미장,그래닛셰어즈 엔비디아 데일리 2배 ETF,NVDL,USD,29.6933,43213.5965,yahoo×fx
2026-02-12,미장,그래닛셰어즈 엔비디아 데일리 2배 ETF,NVDL,USD,28.72,41477.1341,yahoo×fx
2026-02-13,미장,그래닛셰어즈 엔비디아 데일리 2배 ETF,NVDL,USD,27.43,39523.8881,yahoo×fx
2026-02-17,미장,그래닛셰어즈 엔비디아 데일리 2배 ETF,NVDL,USD,28.04,40384.05,yahoo×fx
2026-02-18,미장,그래닛셰어즈 엔비디아 데일리 2배 ETF,NVDL,USD,28.9167,41639.1335,yahoo×fx
2026-02-19,미장,그래닛셰어즈 엔비디아 데일리 2배 ETF,NVDL,USD,28.9167,41644.6295,yahoo×fx
2026-02-20,미장,그래닛셰어즈 엔비디아 데일리 2배 ETF,NVDL,USD,29.4933,42698.974,yahoo×fx
2026-02-23,미장,그래닛셰어즈 엔비디아 데일리 2배 ETF,NVDL,USD,30.0433,43365.7469,yahoo×fx
2026-02-24,미장,그래닛셰어즈 엔비디아 데일리 2배 ETF,NVDL,USD,30.4167,43866.917,yahoo×fx
2026-02-25,미장,그래닛셰어즈 엔비디아 데일리 2배 ETF,NVDL,USD,31.3533,45148.485,yahoo×fx
2026-02-26,미장,그래닛셰어즈 엔비디아 데일리 2배 ETF,NVDL,USD,27.84,39725.7329,yahoo×fx
2026-02-27,미장,그래닛셰어즈 엔비디아 데일리 2배 ETF,NVDL,USD,25.4967,36519.3859,yahoo×fx
2026-03-02,미장,그래닛셰어즈 엔비디아 데일리 2배 ETF,NVDL,USD,26.9667,38791.5507,yahoo×fx
2026-03-03,미장,그래닛셰어즈 엔비디아 데일리 2배 ETF,NVDL,USD,26.2767,38160.8152,yahoo×fx
2026-03-04,미장,그래닛셰어즈 엔비디아 데일리 2배 ETF,NVDL,USD,27.1367,40245.5756,yahoo×fx
2026-03-05,미장,그래닛셰어즈 엔비디아 데일리 2배 ETF,NVDL,USD,27.22,39761.614,yahoo×fx
2026-03-06,미장,그래닛셰어즈 엔비디아 데일리 2배 ETF,NVDL,USD,25.5467,37796.5497,yahoo×fx
2026-03-09,미장,그래닛셰어즈 엔비디아 데일리 2배 ETF,NVDL,USD,26.9433,39980.9423,yahoo×fx
2026-03-10,미장,그래닛셰어즈 엔비디아 데일리 2배 ETF,NVDL,USD,27.5533,40351.0292,yahoo×fx
2026-03-11,미장,그래닛셰어즈 엔비디아 데일리 2배 ETF,NVDL,USD,27.92,41120.0185,yahoo×fx
2026-03-12,미장,그래닛셰어즈 엔비디아 데일리 2배 ETF,NVDL,USD,27.0433,39898.1101,yahoo×fx
2026-03-13,미장,그래닛셰어즈 엔비디아 데일리 2배 ETF,NVDL,USD,26.1933,38519.39,yahoo×fx
2026-03-16,미장,그래닛셰어즈 엔비디아 데일리 2배 ETF,NVDL,USD,27.03,40592.3035,yahoo×fx
2026-03-17,미장,그래닛셰어즈 엔비디아 데일리 2배 ETF,NVDL,USD,26.66,39694.3413,yahoo×fx
2026-03-18,미장,그래닛셰어즈 엔비디아 데일리 2배 ETF,NVDL,USD,26.1833,38878.8447,yahoo×fx
2026-03-19,미장,그래닛셰어즈 엔비디아 데일리 2배 ETF,NVDL,USD,25.6467,38604.6462,yahoo×fx
2026-03-20,미장,그래닛셰어즈 엔비디아 데일리 2배 ETF,NVDL,USD,24.03,35800.8554,yahoo×fx
2026-03-23,미장,그래닛셰어즈 엔비디아 데일리 2배 ETF,NVDL,USD,24.7233,37189.0843,yahoo×fx
2026-03-24,미장,그래닛셰어즈 엔비디아 데일리 2배 ETF,NVDL,USD,24.6533,36619.0753,yahoo×fx
2026-03-25,미장,그래닛셰어즈 엔비디아 데일리 2배 ETF,NVDL,USD,25.58,38301.1912,yahoo×fx
2026-03-26,미장,그래닛셰어즈 엔비디아 데일리 2배 ETF,NVDL,USD,23.4667,35222.7627,yahoo×fx
2026-03-27,미장,그래닛셰어즈 엔비디아 데일리 2배 ETF,NVDL,USD,22.42,33817.431,yahoo×fx
2026-03-30,미장,그래닛셰어즈 엔비디아 데일리 2배 ETF,NVDL,USD,21.7567,32985.9344,yahoo×fx
2026-03-31,미장,그래닛셰어즈 엔비디아 데일리 2배 ETF,NVDL,USD,24.19,36365.5524,yahoo×fx
2026-04-01,미장,그래닛셰어즈 엔비디아 데일리 2배 ETF,NVDL,USD,24.5767,37162.1328,yahoo×fx
2026-04-02,미장,그래닛셰어즈 엔비디아 데일리 2배 ETF,NVDL,USD,25.0033,37735.5282,yahoo×fx
2026-04-06,미장,그래닛셰어즈 엔비디아 데일리 2배 ETF,NVDL,USD,25.06,37786.7196,yahoo×fx
2026-04-07,미장,그래닛셰어즈 엔비디아 데일리 2배 ETF,NVDL,USD,25.19,37763.0856,yahoo×fx
2026-04-08,미장,그래닛셰어즈 엔비디아 데일리 2배 ETF,NVDL,USD,26.3133,38880.581,yahoo×fx
2026-04-09,미장,그래닛셰어즈 엔비디아 데일리 2배 ETF,NVDL,USD,26.82,39513.3699,yahoo×fx
2026-04-10,미장,그래닛셰어즈 엔비디아 데일리 2배 ETF,NVDL,USD,28.2033,,yahoo(fx없음)
2026-04-13,미장,그래닛셰어즈 엔비디아 데일리 2배 ETF,NVDL,USD,28.3533,41873.3346,yahoo×fx
2026-04-14,미장,그래닛셰어즈 엔비디아 데일리 2배 ETF,NVDL,USD,30.51,44832.0059,yahoo×fx
2026-04-15,미장,그래닛셰어즈 엔비디아 데일리 2배 ETF,NVDL,USD,31.2467,46059.4651,yahoo×fx
2026-04-16,미장,그래닛셰어즈 엔비디아 데일리 2배 ETF,NVDL,USD,31.0567,45899.2711,yahoo×fx
2026-04-17,미장,그래닛셰어즈 엔비디아 데일리 2배 ETF,NVDL,USD,32.0833,,yahoo(fx없음)
2026-04-20,미장,그래닛셰어즈 엔비디아 데일리 2배 ETF,NVDL,USD,32.2167,47334.6607,yahoo×fx
2026-04-21,미장,그래닛셰어즈 엔비디아 데일리 2배 ETF,NVDL,USD,31.52,46832.4182,yahoo×fx
2026-04-22,미장,그래닛셰어즈 엔비디아 데일리 2배 ETF,NVDL,USD,32.28,47708.5457,yahoo×fx
2026-04-23,미장,그래닛셰어즈 엔비디아 데일리 2배 ETF,NVDL,USD,31.4167,46495.0962,yahoo×fx
2026-04-24,미장,그래닛셰어즈 엔비디아 데일리 2배 ETF,NVDL,USD,34.0733,,yahoo(fx없음)
2026-04-27,미장,그래닛셰어즈 엔비디아 데일리 2배 ETF,NVDL,USD,36.8133,54226.0375,yahoo×fx
2026-04-28,미장,그래닛셰어즈 엔비디아 데일리 2배 ETF,NVDL,USD,35.64,52461.7224,yahoo×fx
2026-04-29,미장,그래닛셰어즈 엔비디아 데일리 2배 ETF,NVDL,USD,34.3333,51066.7116,yahoo×fx
2026-04-30,미장,그래닛셰어즈 엔비디아 데일리 2배 ETF,NVDL,USD,31.1333,45890.8448,yahoo×fx
2026-05-01,미장,그래닛셰어즈 엔비디아 데일리 2배 ETF,NVDL,USD,30.74,,yahoo(fx없음)
2026-05-04,미장,그래닛셰어즈 엔비디아 데일리 2배 ETF,NVDL,USD,30.8033,45467.2616,yahoo×fx
2026-05-05,미장,그래닛셰어즈 엔비디아 데일리 2배 ETF,NVDL,USD,30.12,44395.6753,yahoo×fx
2026-05-06,미장,그래닛셰어즈 엔비디아 데일리 2배 ETF,NVDL,USD,33.5267,48427.5947,yahoo×fx
2026-05-07,미장,그래닛셰어즈 엔비디아 데일리 2배 ETF,NVDL,USD,34.8033,50631.5426,yahoo×fx
2026-05-08,미장,그래닛셰어즈 엔비디아 데일리 2배 ETF,NVDL,USD,35.9567,,yahoo(fx없음)
2026-05-11,미장,그래닛셰어즈 엔비디아 데일리 2배 ETF,NVDL,USD,37.38,55114.9407,yahoo×fx
2026-05-12,미장,그래닛셰어즈 엔비디아 데일리 2배 ETF,NVDL,USD,37.8433,56499.7192,yahoo×fx
2026-05-13,미장,그래닛셰어즈 엔비디아 데일리 2배 ETF,NVDL,USD,39.5567,58933.1039,yahoo×fx
2026-05-14,미장,그래닛셰어즈 엔비디아 데일리 2배 ETF,NVDL,USD,43.0167,64238.5071,yahoo×fx
2026-05-15,미장,그래닛셰어즈 엔비디아 데일리 2배 ETF,NVDL,USD,39.1433,,yahoo(fx없음)
2026-05-18,미장,그래닛셰어즈 엔비디아 데일리 2배 ETF,NVDL,USD,38.11,56872.3141,yahoo×fx
2026-05-19,미장,그래닛셰어즈 엔비디아 데일리 2배 ETF,NVDL,USD,37.5333,56594.635,yahoo×fx
2026-05-20,미장,그래닛셰어즈 엔비디아 데일리 2배 ETF,NVDL,USD,38.4567,57676.159,yahoo×fx
2026-05-21,미장,그래닛셰어즈 엔비디아 데일리 2배 ETF,NVDL,USD,37.0633,55758.077,yahoo×fx
2026-05-22,미장,그래닛셰어즈 엔비디아 데일리 2배 ETF,NVDL,USD,35.5967,,yahoo(fx없음)
2026-05-26,미장,그래닛셰어즈 엔비디아 데일리 2배 ETF,NVDL,USD,35.4367,53347.776,yahoo×fx
2026-05-27,미장,그래닛셰어즈 엔비디아 데일리 2배 ETF,NVDL,USD,34.6933,52147.8948,yahoo×fx
2026-05-28,미장,그래닛셰어즈 엔비디아 데일리 2배 ETF,NVDL,USD,35.24,52694.0235,yahoo×fx
2026-05-29,미장,그래닛셰어즈 엔비디아 데일리 2배 ETF,NVDL,USD,34.24,,yahoo(fx없음)
2026-06-01,미장,그래닛셰어즈 엔비디아 데일리 2배 ETF,NVDL,USD,38.46,58123.4436,yahoo×fx
2026-06-02,미장,그래닛셰어즈 엔비디아 데일리 2배 ETF,NVDL,USD,37.9,57479.1414,yahoo×fx
2026-06-03,미장,그래닛셰어즈 엔비디아 데일리 2배 ETF,NVDL,USD,35.19,53844.5683,yahoo×fx
2026-06-04,미장,그래닛셰어즈 엔비디아 데일리 2배 ETF,NVDL,USD,36.4833,55931.5023,yahoo×fx
2026-06-05,미장,그래닛셰어즈 엔비디아 데일리 2배 ETF,NVDL,USD,31.97,,yahoo(fx없음)
2026-06-08,미장,그래닛셰어즈 엔비디아 데일리 2배 ETF,NVDL,USD,33.05,50529.483,yahoo×fx
2026-06-09,미장,그래닛셰어즈 엔비디아 데일리 2배 ETF,NVDL,USD,32.8633,50143.2066,yahoo×fx
2026-06-10,미장,그래닛셰어즈 엔비디아 데일리 2배 ETF,NVDL,USD,30.4067,46371.6901,yahoo×fx
2026-06-11,미장,그래닛셰어즈 엔비디아 데일리 2배 ETF,NVDL,USD,31.7133,48121.1776,yahoo×fx
2026-06-12,미장,그래닛셰어즈 엔비디아 데일리 2배 ETF,NVDL,USD,31.83,,yahoo(fx없음)
2026-06-15,미장,그래닛셰어즈 엔비디아 데일리 2배 ETF,NVDL,USD,34.0733,51563.5187,yahoo×fx
2026-06-16,미장,그래닛셰어즈 엔비디아 데일리 2배 ETF,NVDL,USD,32.46,49045.7589,yahoo×fx
2026-06-17,미장,그래닛셰어즈 엔비디아 데일리 2배 ETF,NVDL,USD,31.5867,48182.9336,yahoo×fx
2026-06-18,미장,그래닛셰어즈 엔비디아 데일리 2배 ETF,NVDL,USD,33.2433,51113.6194,yahoo×fx
2026-06-22,미장,그래닛셰어즈 엔비디아 데일리 2배 ETF,NVDL,USD,32.7367,50383.3699,yahoo×fx
2026-06-23,미장,그래닛셰어즈 엔비디아 데일리 2배 ETF,NVDL,USD,30.0433,46124.0271,yahoo×fx
2026-06-24,미장,그래닛셰어즈 엔비디아 데일리 2배 ETF,NVDL,USD,29.6167,45691.4092,yahoo×fx
2026-06-25,미장,그래닛셰어즈 엔비디아 데일리 2배 ETF,NVDL,USD,28.7167,44409.7509,yahoo×fx
2026-06-26,미장,그래닛셰어즈 엔비디아 데일리 2배 ETF,NVDL,USD,27.58,,yahoo(fx없음)
2026-06-29,미장,그래닛셰어즈 엔비디아 데일리 2배 ETF,NVDL,USD,28.42,43815.9662,yahoo×fx
2026-06-30,미장,그래닛셰어즈 엔비디아 데일리 2배 ETF,NVDL,USD,29.81,46164.0628,yahoo×fx
2026-07-01,미장,그래닛셰어즈 엔비디아 데일리 2배 ETF,NVDL,USD,29.14,45219.7442,yahoo×fx
2026-07-02,미장,그래닛셰어즈 엔비디아 데일리 2배 ETF,NVDL,USD,28.22,43518.9077,yahoo×fx
2026-07-06,미장,그래닛셰어즈 엔비디아 데일리 2배 ETF,NVDL,USD,28.53,43615.5241,yahoo×fx
2026-07-07,미장,그래닛셰어즈 엔비디아 데일리 2배 ETF,NVDL,USD,28.91,43939.1519,yahoo×fx
2026-07-08,미장,그래닛셰어즈 엔비디아 데일리 2배 ETF,NVDL,USD,30.99,46588.8154,yahoo×fx
2026-07-09,미장,그래닛셰어즈 엔비디아 데일리 2배 ETF,NVDL,USD,30.56,46020.6098,yahoo×fx
2026-07-10,미장,그래닛셰어즈 엔비디아 데일리 2배 ETF,NVDL,USD,33.03,,yahoo(fx없음)
2026-07-13,미장,그래닛셰어즈 엔비디아 데일리 2배 ETF,NVDL,USD,30.7,45979.3896,yahoo×fx
2026-07-14,미장,그래닛셰어즈 엔비디아 데일리 2배 ETF,NVDL,USD,33.17,49352.977,yahoo×fx
2026-07-15,미장,그래닛셰어즈 엔비디아 데일리 2배 ETF,NVDL,USD,33.37,49594.4908,yahoo×fx
2026-07-16,미장,그래닛셰어즈 엔비디아 데일리 2배 ETF,NVDL,USD,31.79,47012.6421,yahoo×fx
2026-07-17,미장,그래닛셰어즈 엔비디아 데일리 2배 ETF,NVDL,USD,30.28,,yahoo(fx없음)
2026-07-20,미장,그래닛셰어즈 엔비디아 데일리 2배 ETF,NVDL,USD,30.51,45002.5557,yahoo×fx
2026-07-21,미장,그래닛셰어즈 엔비디아 데일리 2배 ETF,NVDL,USD,31.62,46788.7467,yahoo×fx
2026-07-22,미장,그래닛셰어즈 엔비디아 데일리 2배 ETF,NVDL,USD,33.09,48828.5971,yahoo×fx
2026-07-23,미장,그래닛셰어즈 엔비디아 데일리 2배 ETF,NVDL,USD,32.03,47213.5007,yahoo×fx
2026-07-24,미장,그래닛셰어즈 엔비디아 데일리 2배 ETF,NVDL,USD,31.49,,yahoo(fx없음)
2026-07-27,미장,그래닛셰어즈 엔비디아 데일리 2배 ETF,NVDL,USD,28.31,41458.294,yahoo×fx
2026-07-28,미장,그래닛셰어즈 엔비디아 데일리 2배 ETF,NVDL,USD,28.42,41298.8083,yahoo×fx
2026-07-29,미장,그래닛셰어즈 엔비디아 데일리 2배 ETF,NVDL,USD,26.49,38205.9976,yahoo×fx
2026-07-30,미장,그래닛셰어즈 엔비디아 데일리 2배 ETF,NVDL,USD,27.8,39492.6782,yahoo×fx
2026-07-31,미장,그래닛셰어즈 엔비디아 데일리 2배 ETF,NVDL,USD,29.42,,yahoo(fx없음)
2026-08-03,미장,그래닛셰어즈 엔비디아 데일리 2배 ETF,NVDL,USD,31.16,44512.0598,yahoo×fx
2026-08-04,미장,그래닛셰어즈 엔비디아 데일리 2배 ETF,NVDL,USD,32.71,46723.9457,yahoo×fx
2026-08-05,미장,그래닛셰어즈 엔비디아 데일리 2배 ETF,NVDL,USD,34.95,49669.5443,yahoo×fx
2026-08-06,미장,그래닛셰어즈 엔비디아 데일리 2배 ETF,NVDL,USD,34.84,49552.9339,yahoo×fx
2026-08-07,미장,그래닛셰어즈 엔비디아 데일리 2배 ETF,NVDL,USD,36.43,,yahoo(fx없음)
2026-08-10,미장,그래닛셰어즈 엔비디아 데일리 2배 ETF,NVDL,USD,34.36,48698.7745,yahoo×fx
2026-08-11,미장,그래닛셰어즈 엔비디아 데일리 2배 ETF,NVDL,USD,34.31,48451.8996,yahoo×fx
2026-08-12,미장,그래닛셰어즈 엔비디아 데일리 2배 ETF,NVDL,USD,36.39,51544.9771,yahoo×fx
2026-08-13,미장,그래닛셰어즈 엔비디아 데일리 2배 ETF,NVDL,USD,36.79,52125.9119,yahoo×fx
2026-08-14,미장,그래닛셰어즈 엔비디아 데일리 2배 ETF,NVDL,USD,36.71,,yahoo(fx없음)
2026-08-17,미장,그래닛셰어즈 엔비디아 데일리 2배 ETF,NVDL,USD,36.67,51878.1458,yahoo×fx
2026-08-18,미장,그래닛셰어즈 엔비디아 데일리 2배 ETF,NVDL,USD,34.92,49362.2095,yahoo×fx
2026-08-19,미장,그래닛셰어즈 엔비디아 데일리 2배 ETF,NVDL,USD,34.23,47559.1622,yahoo×fx
2026-08-20,미장,그래닛셰어즈 엔비디아 데일리 2배 ETF,NVDL,USD,34.04,47342.4942,yahoo×fx
2026-08-21,미장,그래닛셰어즈 엔비디아 데일리 2배 ETF,NVDL,USD,33.29,,yahoo(fx없음)
2026-08-24,미장,그래닛셰어즈 엔비디아 데일리 2배 ETF,NVDL,USD,31.34,,yahoo(fx없음)
2026-08-25,미장,그래닛셰어즈 엔비디아 데일리 2배 ETF,NVDL,USD,32.64,45132.9592,yahoo×fx
2026-01-06,미장,오클로,OKLO,USD,95.6,138195.5394,yahoo×fx
2026-01-07,미장,오클로,OKLO,USD,97.6,141028.09,yahoo×fx
2026-01-12,미장,온 홀딩,ONON,USD,48.91,71175.7877,yahoo×fx
2026-01-13,미장,온 홀딩,ONON,USD,47.26,69232.5919,yahoo×fx
2026-01-14,미장,온 홀딩,ONON,USD,45.07,66388.5607,yahoo×fx
2026-01-15,미장,온 홀딩,ONON,USD,46.0,67293.4011,yahoo×fx
2026-01-16,미장,온 홀딩,ONON,USD,45.05,66171.2393,yahoo×fx
2026-01-20,미장,온 홀딩,ONON,USD,44.12,64923.4617,yahoo×fx
2026-01-21,미장,온 홀딩,ONON,USD,46.3,68421.2142,yahoo×fx
2026-01-22,미장,온 홀딩,ONON,USD,46.62,68290.371,yahoo×fx
2026-01-23,미장,온 홀딩,ONON,USD,45.96,67251.4287,yahoo×fx
2026-01-26,미장,온 홀딩,ONON,USD,46.47,67140.3252,yahoo×fx
2026-01-27,미장,온 홀딩,ONON,USD,45.52,65593.4094,yahoo×fx
2026-01-28,미장,온 홀딩,ONON,USD,44.86,64262.3999,yahoo×fx
2026-01-29,미장,온 홀딩,ONON,USD,45.02,64345.7369,yahoo×fx
2026-01-30,미장,온 홀딩,ONON,USD,45.25,64651.3904,yahoo×fx
2026-02-02,미장,온 홀딩,ONON,USD,45.94,66557.8723,yahoo×fx
2026-02-03,미장,온 홀딩,ONON,USD,44.13,64100.5935,yahoo×fx
2026-02-04,미장,온 홀딩,ONON,USD,43.87,63465.8524,yahoo×fx
2026-02-05,미장,온 홀딩,ONON,USD,42.92,62667.9179,yahoo×fx
2026-02-06,미장,온 홀딩,ONON,USD,43.47,63930.4637,yahoo×fx
2026-02-09,미장,온 홀딩,ONON,USD,44.34,64842.8173,yahoo×fx
2026-02-10,미장,온 홀딩,ONON,USD,45.3,66071.8627,yahoo×fx
2026-02-11,미장,온 홀딩,ONON,USD,45.29,65911.895,yahoo×fx
2026-02-12,미장,온 홀딩,ONON,USD,44.27,63934.2894,yahoo×fx
2026-01-06,미장,오라클,ORCL,USD,193.75,280077.2614,yahoo×fx
2026-01-07,미장,오라클,ORCL,USD,192.84,278646.0736,yahoo×fx
2026-01-08,미장,오라클,ORCL,USD,189.65,274260.445,yahoo×fx
2026-01-09,미장,오라클,ORCL,USD,198.52,287869.8791,yahoo×fx
2026-01-12,미장,오라클,ORCL,USD,204.68,297858.5105,yahoo×fx
2026-01-13,미장,오라클,ORCL,USD,202.29,296340.6907,yahoo×fx
2026-01-14,미장,오라클,ORCL,USD,193.61,285189.4689,yahoo×fx
2026-01-15,미장,오라클,ORCL,USD,189.85,277731.5786,yahoo×fx
2026-01-16,미장,오라클,ORCL,USD,191.09,280680.6237,yahoo×fx
2026-01-20,미장,오라클,ORCL,USD,179.92,264755.8792,yahoo×fx
2026-01-21,미장,오라클,ORCL,USD,173.88,256956.3987,yahoo×fx
2026-01-22,미장,오라클,ORCL,USD,178.18,261003.3908,yahoo×fx
2026-01-23,미장,오라클,ORCL,USD,177.16,259231.1487,yahoo×fx
2026-01-26,미장,오라클,ORCL,USD,182.44,263591.1506,yahoo×fx
2026-01-27,미장,오라클,ORCL,USD,174.9,252027.3898,yahoo×fx
2026-01-28,미장,오라클,ORCL,USD,172.8,247537.7341,yahoo×fx
2026-01-29,미장,오라클,ORCL,USD,169.01,241560.9181,yahoo×fx
2026-01-30,미장,오라클,ORCL,USD,164.58,235145.325,yahoo×fx
2026-02-02,미장,오라클,ORCL,USD,160.06,231894.9323,yahoo×fx
2026-02-03,미장,오라클,ORCL,USD,154.67,224664.3652,yahoo×fx
2026-02-04,미장,오라클,ORCL,USD,146.67,212184.5608,yahoo×fx
2026-02-05,미장,오라클,ORCL,USD,136.48,199275.8046,yahoo×fx
2026-02-06,미장,오라클,ORCL,USD,142.82,210042.536,yahoo×fx
2026-02-09,미장,오라클,ORCL,USD,156.59,228997.2145,yahoo×fx
2026-02-10,미장,오라클,ORCL,USD,159.89,233205.966,yahoo×fx
2026-02-11,미장,오라클,ORCL,USD,157.16,228719.6612,yahoo×fx
2026-02-12,미장,오라클,ORCL,USD,156.48,225986.8359,yahoo×fx
2026-02-13,미장,오라클,ORCL,USD,160.14,230745.729,yahoo×fx
2026-02-17,미장,오라클,ORCL,USD,153.97,221752.2119,yahoo×fx
2026-02-18,미장,오라클,ORCL,USD,156.17,224880.1077,yahoo×fx
2026-02-19,미장,오라클,ORCL,USD,156.54,225442.6421,yahoo×fx
2026-02-20,미장,오라클,ORCL,USD,148.08,214382.8227,yahoo×fx
2026-02-23,미장,오라클,ORCL,USD,141.31,203972.4946,yahoo×fx
2026-02-24,미장,오라클,ORCL,USD,146.14,210763.1,yahoo×fx
2026-02-25,미장,오라클,ORCL,USD,147.89,212960.1188,yahoo×fx
2026-02-26,미장,오라클,ORCL,USD,150.31,214481.8529,yahoo×fx
2026-02-27,미장,오라클,ORCL,USD,145.4,208259.3114,yahoo×fx
2026-03-02,미장,오라클,ORCL,USD,149.25,214696.125,yahoo×fx
2026-03-03,미장,오라클,ORCL,USD,149.01,216402.7476,yahoo×fx
2026-03-04,미장,오라클,ORCL,USD,152.37,225975.3605,yahoo×fx
2026-03-05,미장,오라클,ORCL,USD,154.79,226109.4827,yahoo×fx
2026-03-06,미장,오라클,ORCL,USD,152.96,226305.861,yahoo×fx
2026-03-09,미장,오라클,ORCL,USD,151.56,224898.367,yahoo×fx
2026-03-10,미장,오라클,ORCL,USD,149.4,218791.8047,yahoo×fx
2026-03-11,미장,오라클,ORCL,USD,163.12,240239.8712,yahoo×fx
2026-03-12,미장,오라클,ORCL,USD,159.16,234815.1144,yahoo×fx
2026-03-13,미장,오라클,ORCL,USD,155.11,228101.6579,yahoo×fx
2026-03-16,미장,오라클,ORCL,USD,155.97,234227.9493,yahoo×fx
2026-03-17,미장,오라클,ORCL,USD,154.69,230319.4968,yahoo×fx
2026-03-18,미장,오라클,ORCL,USD,152.9,227036.6132,yahoo×fx
2026-03-19,미장,오라클,ORCL,USD,155.52,234096.4864,yahoo×fx
2026-03-20,미장,오라클,ORCL,USD,149.68,222999.2352,yahoo×fx
2026-03-23,미장,오라클,ORCL,USD,154.34,232159.7599,yahoo×fx
2026-03-24,미장,오라클,ORCL,USD,147.09,218481.5948,yahoo×fx
2026-03-25,미장,오라클,ORCL,USD,146.02,218637.2212,yahoo×fx
2026-03-26,미장,오라클,ORCL,USD,142.81,214353.5179,yahoo×fx
2026-03-27,미장,오라클,ORCL,USD,139.66,210657.5611,yahoo×fx
2026-01-02,미장,팔란티어 테크놀로지스,PLTR,USD,167.86,242329.4137,yahoo×fx
2026-01-05,미장,팔란티어 테크놀로지스,PLTR,USD,174.04,250701.1261,yahoo×fx
2026-01-06,미장,팔란티어 테크놀로지스,PLTR,USD,179.71,259781.6078,yahoo×fx
2026-01-07,미장,팔란티어 테크놀로지스,PLTR,USD,181.68,262520.3151,yahoo×fx
2026-01-08,미장,팔란티어 테크놀로지스,PLTR,USD,176.86,255764.3239,yahoo×fx
2026-01-09,미장,팔란티어 테크놀로지스,PLTR,USD,177.49,257374.6994,yahoo×fx
2026-01-12,미장,팔란티어 테크놀로지스,PLTR,USD,179.41,261084.612,yahoo×fx
2026-01-13,미장,팔란티어 테크놀로지스,PLTR,USD,178.96,262163.8922,yahoo×fx
2026-01-14,미장,팔란티어 테크놀로지스,PLTR,USD,178.4,262784.9768,yahoo×fx
2026-01-15,미장,팔란티어 테크놀로지스,PLTR,USD,177.07,259035.718,yahoo×fx
2026-01-16,미장,팔란티어 테크놀로지스,PLTR,USD,170.96,251112.8904,yahoo×fx
2026-01-20,미장,팔란티어 테크놀로지스,PLTR,USD,168.53,247995.2671,yahoo×fx
2026-01-21,미장,팔란티어 테크놀로지스,PLTR,USD,165.33,244321.3749,yahoo×fx
2026-01-22,미장,팔란티어 테크놀로지스,PLTR,USD,165.9,243015.2808,yahoo×fx
2026-01-23,미장,팔란티어 테크놀로지스,PLTR,USD,169.6,248168.9066,yahoo×fx
2026-01-26,미장,팔란티어 테크놀로지스,PLTR,USD,167.47,241962.3423,yahoo×fx
2026-01-27,미장,팔란티어 테크놀로지스,PLTR,USD,165.7,238770.3784,yahoo×fx
2026-01-28,미장,팔란티어 테크놀로지스,PLTR,USD,157.35,225405.4588,yahoo×fx
2026-01-29,미장,팔란티어 테크놀로지스,PLTR,USD,151.86,217048.946,yahoo×fx
2026-01-30,미장,팔란티어 테크놀로지스,PLTR,USD,146.59,209441.9246,yahoo×fx
2026-02-02,미장,팔란티어 테크놀로지스,PLTR,USD,147.76,214074.6873,yahoo×fx
2026-02-03,미장,팔란티어 테크놀로지스,PLTR,USD,157.88,229327.0285,yahoo×fx
2026-02-04,미장,팔란티어 테크놀로지스,PLTR,USD,139.54,201869.725,yahoo×fx
2026-02-05,미장,팔란티어 테크놀로지스,PLTR,USD,130.01,189828.8912,yahoo×fx
2026-02-06,미장,팔란티어 테크놀로지스,PLTR,USD,135.9,199865.4103,yahoo×fx
2026-02-09,미장,팔란티어 테크놀로지스,PLTR,USD,142.91,208991.5928,yahoo×fx
2026-02-10,미장,팔란티어 테크놀로지스,PLTR,USD,139.51,203480.9128,yahoo×fx
2026-02-11,미장,팔란티어 테크놀로지스,PLTR,USD,135.68,197459.1578,yahoo×fx
2026-02-12,미장,팔란티어 테크놀로지스,PLTR,USD,129.13,186488.2542,yahoo×fx
2026-02-13,미장,팔란티어 테크놀로지스,PLTR,USD,131.41,189348.6775,yahoo×fx
2026-02-17,미장,팔란티어 테크놀로지스,PLTR,USD,133.02,191579.3982,yahoo×fx
2026-02-18,미장,팔란티어 테크놀로지스,PLTR,USD,135.38,194943.1417,yahoo×fx
2026-02-19,미장,팔란티어 테크놀로지스,PLTR,USD,134.89,194263.1861,yahoo×fx
2026-02-20,미장,팔란티어 테크놀로지스,PLTR,USD,135.24,195793.718,yahoo×fx
2026-02-23,미장,팔란티어 테크놀로지스,PLTR,USD,130.6,188513.2652,yahoo×fx
2026-02-24,미장,팔란티어 테크놀로지스,PLTR,USD,128.84,185813.0364,yahoo×fx
2026-02-25,미장,팔란티어 테크놀로지스,PLTR,USD,134.19,193232.2603,yahoo×fx
2026-02-26,미장,팔란티어 테크놀로지스,PLTR,USD,135.94,193976.875,yahoo×fx
2026-02-27,미장,팔란티어 테크놀로지스,PLTR,USD,137.19,196499.9769,yahoo×fx
2026-03-02,미장,팔란티어 테크놀로지스,PLTR,USD,145.17,208827.0424,yahoo×fx
2026-03-03,미장,팔란티어 테크놀로지스,PLTR,USD,147.22,213803.194,yahoo×fx
2026-03-04,미장,팔란티어 테크놀로지스,PLTR,USD,153.19,227191.4887,yahoo×fx
2026-03-05,미장,팔란티어 테크놀로지스,PLTR,USD,152.67,223012.6998,yahoo×fx
2026-03-06,미장,팔란티어 테크놀로지스,PLTR,USD,157.16,232519.7986,yahoo×fx
2026-03-09,미장,팔란티어 테크놀로지스,PLTR,USD,156.43,232124.9041,yahoo×fx
2026-03-10,미장,팔란티어 테크놀로지스,PLTR,USD,151.14,221339.9905,yahoo×fx
2026-03-11,미장,팔란티어 테크놀로지스,PLTR,USD,151.6,223273.4614,yahoo×fx
2026-03-12,미장,팔란티어 테크놀로지스,PLTR,USD,153.5,226464.6848,yahoo×fx
2026-03-13,미장,팔란티어 테크놀로지스,PLTR,USD,150.95,221984.0399,yahoo×fx
2026-03-16,미장,팔란티어 테크놀로지스,PLTR,USD,152.72,229347.2618,yahoo×fx
2026-03-17,미장,팔란티어 테크놀로지스,PLTR,USD,155.08,230900.1708,yahoo×fx
2026-03-18,미장,팔란티어 테크놀로지스,PLTR,USD,152.77,226843.5955,yahoo×fx
2026-03-19,미장,팔란티어 테크놀로지스,PLTR,USD,155.68,234337.309,yahoo×fx
2026-03-20,미장,팔란티어 테크놀로지스,PLTR,USD,150.68,224489.0751,yahoo×fx
2026-03-23,미장,팔란티어 테크놀로지스,PLTR,USD,160.84,241937.1246,yahoo×fx
2026-03-24,미장,팔란티어 테크놀로지스,PLTR,USD,154.78,229904.0167,yahoo×fx
2026-03-25,미장,팔란티어 테크놀로지스,PLTR,USD,154.96,232023.1767,yahoo×fx
2026-03-26,미장,팔란티어 테크놀로지스,PLTR,USD,147.56,221483.1252,yahoo×fx
2026-03-27,미장,팔란티어 테크놀로지스,PLTR,USD,143.06,215785.9758,yahoo×fx
2026-03-30,미장,팔란티어 테크놀로지스,PLTR,USD,137.55,208543.6868,yahoo×fx
2026-03-31,미장,팔란티어 테크놀로지스,PLTR,USD,146.28,219907.1041,yahoo×fx
2026-04-01,미장,팔란티어 테크놀로지스,PLTR,USD,146.49,221506.0674,yahoo×fx
2026-04-02,미장,팔란티어 테크놀로지스,PLTR,USD,148.46,224058.807,yahoo×fx
2026-04-06,미장,팔란티어 테크놀로지스,PLTR,USD,147.93,223056.2358,yahoo×fx
2026-04-07,미장,팔란티어 테크놀로지스,PLTR,USD,150.07,224974.4508,yahoo×fx
2026-04-08,미장,팔란티어 테크놀로지스,PLTR,USD,140.76,207986.9644,yahoo×fx
2026-04-09,미장,팔란티어 테크놀로지스,PLTR,USD,130.49,192248.3191,yahoo×fx
2026-04-10,미장,팔란티어 테크놀로지스,PLTR,USD,128.06,,yahoo(fx없음)
2026-04-13,미장,팔란티어 테크놀로지스,PLTR,USD,132.37,195489.2991,yahoo×fx
2026-04-14,미장,팔란티어 테크놀로지스,PLTR,USD,135.7,199400.2955,yahoo×fx
2026-04-15,미장,팔란티어 테크놀로지스,PLTR,USD,142.15,209537.6283,yahoo×fx
2026-04-16,미장,팔란티어 테크놀로지스,PLTR,USD,142.76,210987.8574,yahoo×fx
2026-04-17,미장,팔란티어 테크놀로지스,PLTR,USD,146.39,,yahoo(fx없음)
2026-04-20,미장,팔란티어 테크놀로지스,PLTR,USD,145.89,214350.3419,yahoo×fx
2026-04-21,미장,팔란티어 테크놀로지스,PLTR,USD,145.97,216882.2349,yahoo×fx
2026-04-22,미장,팔란티어 테크놀로지스,PLTR,USD,152.62,225566.242,yahoo×fx
2026-04-23,미장,팔란티어 테크놀로지스,PLTR,USD,141.57,209516.5254,yahoo×fx
2026-04-24,미장,팔란티어 테크놀로지스,PLTR,USD,143.09,,yahoo(fx없음)
2026-04-27,미장,팔란티어 테크놀로지스,PLTR,USD,143.1,210786.309,yahoo×fx
2026-04-28,미장,팔란티어 테크놀로지스,PLTR,USD,141.18,207815.536,yahoo×fx
2026-04-29,미장,팔란티어 테크놀로지스,PLTR,USD,137.97,205213.8211,yahoo×fx
2026-04-30,미장,팔란티어 테크놀로지스,PLTR,USD,139.11,205049.5334,yahoo×fx
2026-05-01,미장,팔란티어 테크놀로지스,PLTR,USD,144.07,,yahoo(fx없음)
2026-05-04,미장,팔란티어 테크놀로지스,PLTR,USD,146.03,215547.5868,yahoo×fx
2026-05-05,미장,팔란티어 테크놀로지스,PLTR,USD,135.91,200325.9037,yahoo×fx
2026-05-06,미장,팔란티어 테크놀로지스,PLTR,USD,133.79,193252.9493,yahoo×fx
2026-05-07,미장,팔란티어 테크놀로지스,PLTR,USD,137.05,199378.9793,yahoo×fx
2026-05-08,미장,팔란티어 테크놀로지스,PLTR,USD,137.8,,yahoo(fx없음)
2026-05-11,미장,팔란티어 테크놀로지스,PLTR,USD,136.89,201837.4529,yahoo×fx
2026-05-12,미장,팔란티어 테크놀로지스,PLTR,USD,136.0,203046.6387,yahoo×fx
2026-05-13,미장,팔란티어 테크놀로지스,PLTR,USD,130.05,193753.6921,yahoo×fx
2026-05-14,미장,팔란티어 테크놀로지스,PLTR,USD,133.73,199704.3472,yahoo×fx
2026-05-15,미장,팔란티어 테크놀로지스,PLTR,USD,133.99,,yahoo(fx없음)
2026-05-18,미장,팔란티어 테크놀로지스,PLTR,USD,135.14,201672.1166,yahoo×fx
2026-05-19,미장,팔란티어 테크놀로지스,PLTR,USD,135.26,203951.7794,yahoo×fx
2026-05-20,미장,팔란티어 테크놀로지스,PLTR,USD,137.15,205693.449,yahoo×fx
2026-05-21,미장,팔란티어 테크놀로지스,PLTR,USD,137.415,206727.1193,yahoo×fx
2026-05-22,미장,팔란티어 테크놀로지스,PLTR,USD,136.88,,yahoo(fx없음)
2026-05-26,미장,팔란티어 테크놀로지스,PLTR,USD,136.6,205643.1052,yahoo×fx
2026-05-27,미장,팔란티어 테크놀로지스,PLTR,USD,132.51,199177.0959,yahoo×fx
2026-05-28,미장,팔란티어 테크놀로지스,PLTR,USD,143.34,214334.8687,yahoo×fx
2026-05-29,미장,팔란티어 테크놀로지스,PLTR,USD,156.54,,yahoo(fx없음)
2026-06-01,미장,팔란티어 테크놀로지스,PLTR,USD,160.65,242785.5194,yahoo×fx
2026-06-02,미장,팔란티어 테크놀로지스,PLTR,USD,152.17,230781.0155,yahoo×fx
2026-06-03,미장,팔란티어 테크놀로지스,PLTR,USD,142.2,217581.6352,yahoo×fx
2026-06-04,미장,팔란티어 테크놀로지스,PLTR,USD,141.7,217236.0067,yahoo×fx
2026-06-05,미장,팔란티어 테크놀로지스,PLTR,USD,135.53,,yahoo(fx없음)
2026-06-08,미장,팔란티어 테크놀로지스,PLTR,USD,136.47,208646.2561,yahoo×fx
2026-06-09,미장,팔란티어 테크놀로지스,PLTR,USD,132.07,201513.7456,yahoo×fx
2026-06-10,미장,팔란티어 테크놀로지스,PLTR,USD,130.21,198576.7771,yahoo×fx
2026-06-11,미장,팔란티어 테크놀로지스,PLTR,USD,131.08,198898.1738,yahoo×fx
2026-06-12,미장,팔란티어 테크놀로지스,PLTR,USD,127.99,,yahoo(fx없음)
2026-06-15,미장,팔란티어 테크놀로지스,PLTR,USD,134.71,203858.0082,yahoo×fx
2026-06-16,미장,팔란티어 테크놀로지스,PLTR,USD,133.25,201335.4148,yahoo×fx
2026-06-17,미장,팔란티어 테크놀로지스,PLTR,USD,130.63,199265.6278,yahoo×fx
2026-06-18,미장,팔란티어 테크놀로지스,PLTR,USD,128.47,197530.3426,yahoo×fx
2026-06-22,미장,팔란티어 테크놀로지스,PLTR,USD,119.5,183916.4808,yahoo×fx
2026-06-23,미장,팔란티어 테크놀로지스,PLTR,USD,116.7,179163.6703,yahoo×fx
2026-06-24,미장,팔란티어 테크놀로지스,PLTR,USD,113.5,175103.2611,yahoo×fx
2026-06-25,미장,팔란티어 테크놀로지스,PLTR,USD,107.27,165890.9023,yahoo×fx
2026-06-26,미장,팔란티어 테크놀로지스,PLTR,USD,112.93,,yahoo(fx없음)
2026-06-29,미장,팔란티어 테크놀로지스,PLTR,USD,115.7,178378.154,yahoo×fx
2026-06-30,미장,팔란티어 테크놀로지스,PLTR,USD,116.67,180676.3242,yahoo×fx
2026-07-01,미장,팔란티어 테크놀로지스,PLTR,USD,125.73,195109.0839,yahoo×fx
2026-07-02,미장,팔란티어 테크놀로지스,PLTR,USD,129.3,199397.4143,yahoo×fx
2026-07-06,미장,팔란티어 테크놀로지스,PLTR,USD,132.54,202621.8414,yahoo×fx
2026-07-07,미장,팔란티어 테크놀로지스,PLTR,USD,134.37,204223.5788,yahoo×fx
2026-07-08,미장,팔란티어 테크놀로지스,PLTR,USD,132.22,198772.9356,yahoo×fx
2026-07-09,미장,팔란티어 테크놀로지스,PLTR,USD,129.04,194322.6207,yahoo×fx
2026-07-10,미장,팔란티어 테크놀로지스,PLTR,USD,126.79,,yahoo(fx없음)
2026-07-13,미장,팔란티어 테크놀로지스,PLTR,USD,130.04,194760.8916,yahoo×fx
2026-07-14,미장,팔란티어 테크놀로지스,PLTR,USD,133.72,198959.3161,yahoo×fx
2026-07-15,미장,팔란티어 테크놀로지스,PLTR,USD,133.76,198794.0973,yahoo×fx
2026-07-16,미장,팔란티어 테크놀로지스,PLTR,USD,134.44,198816.5943,yahoo×fx
2026-07-17,미장,팔란티어 테크놀로지스,PLTR,USD,132.38,,yahoo(fx없음)
2026-07-20,미장,팔란티어 테크놀로지스,PLTR,USD,134.85,198905.1088,yahoo×fx
2026-07-21,미장,팔란티어 테크놀로지스,PLTR,USD,132.66,196299.6567,yahoo×fx
2026-07-22,미장,팔란티어 테크놀로지스,PLTR,USD,124.57,183819.2293,yahoo×fx
2026-07-23,미장,팔란티어 테크놀로지스,PLTR,USD,123.37,181852.3237,yahoo×fx
2026-07-24,미장,팔란티어 테크놀로지스,PLTR,USD,122.92,,yahoo(fx없음)
2026-07-27,미장,팔란티어 테크놀로지스,PLTR,USD,131.53,192617.7837,yahoo×fx
2026-07-28,미장,팔란티어 테크놀로지스,PLTR,USD,123.53,179508.8572,yahoo×fx
2026-07-29,미장,팔란티어 테크놀로지스,PLTR,USD,123.0,177400.4436,yahoo×fx
2026-07-30,미장,팔란티어 테크놀로지스,PLTR,USD,122.26,173682.556,yahoo×fx
2026-07-31,미장,팔란티어 테크놀로지스,PLTR,USD,123.06,,yahoo(fx없음)
2026-08-03,미장,팔란티어 테크놀로지스,PLTR,USD,125.65,179491.0272,yahoo×fx
2026-08-04,미장,팔란티어 테크놀로지스,PLTR,USD,162.66,232348.4378,yahoo×fx
2026-08-05,미장,팔란티어 테크놀로지스,PLTR,USD,158.43,225154.3738,yahoo×fx
2026-08-06,미장,팔란티어 테크놀로지스,PLTR,USD,155.92,221765.021,yahoo×fx
2026-08-07,미장,팔란티어 테크놀로지스,PLTR,USD,172.01,,yahoo(fx없음)
2026-08-10,미장,팔란티어 테크놀로지스,PLTR,USD,175.23,248355.2355,yahoo×fx
2026-08-11,미장,팔란티어 테크놀로지스,PLTR,USD,174.94,247046.782,yahoo×fx
2026-08-12,미장,팔란티어 테크놀로지스,PLTR,USD,171.04,242271.3022,yahoo×fx
2026-08-13,미장,팔란티어 테크놀로지스,PLTR,USD,179.01,253630.3063,yahoo×fx
2026-08-14,미장,팔란티어 테크놀로지스,PLTR,USD,174.04,,yahoo(fx없음)
2026-08-17,미장,팔란티어 테크놀로지스,PLTR,USD,172.55,244111.6624,yahoo×fx
2026-08-18,미장,팔란티어 테크놀로지스,PLTR,USD,171.54,242485.4962,yahoo×fx
2026-08-19,미장,팔란티어 테크놀로지스,PLTR,USD,175.19,243408.9937,yahoo×fx
2026-08-20,미장,팔란티어 테크놀로지스,PLTR,USD,173.96,241941.8445,yahoo×fx
2026-08-21,미장,팔란티어 테크놀로지스,PLTR,USD,179.94,,yahoo(fx없음)
2026-08-24,미장,팔란티어 테크놀로지스,PLTR,USD,175.89,,yahoo(fx없음)
2026-08-25,미장,팔란티어 테크놀로지스,PLTR,USD,173.35,239699.7209,yahoo×fx
2026-02-04,미장,디렉시온 팔란티어 2배 ETF,PLTU,USD,43.15,62424.2465,yahoo×fx
2026-02-05,미장,디렉시온 팔란티어 2배 ETF,PLTU,USD,37.23,54359.8941,yahoo×fx
2026-02-06,미장,디렉시온 팔란티어 2배 ETF,PLTU,USD,40.65,59783.1464,yahoo×fx
2026-02-09,미장,디렉시온 팔란티어 2배 ETF,PLTU,USD,44.84,65574.0173,yahoo×fx
2026-02-10,미장,디렉시온 팔란티어 2배 ETF,PLTU,USD,42.61,62148.392,yahoo×fx
2026-02-11,미장,디렉시온 팔란티어 2배 ETF,PLTU,USD,40.28,58620.6889,yahoo×fx
2026-02-12,미장,디렉시온 팔란티어 2배 ETF,PLTU,USD,36.44,52626.2795,yahoo×fx
2026-02-13,미장,디렉시온 팔란티어 2배 ETF,PLTU,USD,37.62,54206.6574,yahoo×fx
2026-02-17,미장,디렉시온 팔란티어 2배 ETF,PLTU,USD,38.55,55520.8646,yahoo×fx
2026-02-18,미장,디렉시온 팔란티어 2배 ETF,PLTU,USD,39.86,57397.2039,yahoo×fx
2026-02-19,미장,디렉시온 팔란티어 2배 ETF,PLTU,USD,39.6,57030.3352,yahoo×fx
2026-02-20,미장,디렉시온 팔란티어 2배 ETF,PLTU,USD,39.79,57605.9738,yahoo×fx
2026-02-23,미장,디렉시온 팔란티어 2배 ETF,PLTU,USD,37.04,53465.0168,yahoo×fx
2026-02-24,미장,디렉시온 팔란티어 2배 ETF,PLTU,USD,36.0,51919.1982,yahoo×fx
2026-02-25,미장,디렉시온 팔란티어 2배 ETF,PLTU,USD,38.97,56116.4117,yahoo×fx
2026-02-26,미장,디렉시온 팔란티어 2배 ETF,PLTU,USD,39.96,57020.1236,yahoo×fx
2026-02-27,미장,디렉시온 팔란티어 2배 ETF,PLTU,USD,40.67,58252.4496,yahoo×fx
2026-03-02,미장,디렉시온 팔란티어 2배 ETF,PLTU,USD,45.37,65264.7435,yahoo×fx
2026-03-03,미장,디렉시온 팔란티어 2배 ETF,PLTU,USD,46.72,67850.0571,yahoo×fx
2026-03-04,미장,디렉시온 팔란티어 2배 ETF,PLTU,USD,50.42,74776.384,yahoo×fx
2026-03-05,미장,디렉시온 팔란티어 2배 ETF,PLTU,USD,50.1,73183.5728,yahoo×fx
2026-03-06,미장,디렉시온 팔란티어 2배 ETF,PLTU,USD,52.99,78399.2379,yahoo×fx
2026-03-09,미장,디렉시온 팔란티어 2배 ETF,PLTU,USD,52.5,77904.2258,yahoo×fx
2026-03-10,미장,디렉시온 팔란티어 2배 ETF,PLTU,USD,48.96,71700.4484,yahoo×fx
2026-03-11,미장,디렉시온 팔란티어 2배 ETF,PLTU,USD,49.21,72475.5039,yahoo×fx
2026-03-12,미장,디렉시온 팔란티어 2배 ETF,PLTU,USD,50.38,74327.6291,yahoo×fx
2026-03-13,미장,디렉시온 팔란티어 2배 ETF,PLTU,USD,48.69,71602.536,yahoo×fx
2026-03-16,미장,디렉시온 팔란티어 2배 ETF,PLTU,USD,49.82,74817.1845,yahoo×fx
2026-03-17,미장,디렉시온 팔란티어 2배 ETF,PLTU,USD,51.39,76515.0857,yahoo×fx
2026-03-18,미장,디렉시온 팔란티어 2배 ETF,PLTU,USD,49.78,73916.8265,yahoo×fx
2026-03-19,미장,디렉시온 팔란티어 2배 ETF,PLTU,USD,51.69,77806.3704,yahoo×fx
2026-03-20,미장,디렉시온 팔란티어 2배 ETF,PLTU,USD,48.38,72078.4591,yahoo×fx
2026-03-23,미장,디렉시온 팔란티어 2배 ETF,PLTU,USD,54.78,82400.6198,yahoo×fx
2026-03-24,미장,디렉시온 팔란티어 2배 ETF,PLTU,USD,50.35,74787.873,yahoo×fx
2026-03-25,미장,디렉시온 팔란티어 2배 ETF,PLTU,USD,50.47,75569.2405,yahoo×fx
2026-03-26,미장,디렉시온 팔란티어 2배 ETF,PLTU,USD,45.66,68534.2886,yahoo×fx
2026-03-27,미장,디렉시온 팔란티어 2배 ETF,PLTU,USD,42.78,64527.6383,yahoo×fx
2026-03-30,미장,디렉시온 팔란티어 2배 ETF,PLTU,USD,39.44,59796.1653,yahoo×fx
2026-03-31,미장,디렉시온 팔란티어 2배 ETF,PLTU,USD,44.49,66883.1523,yahoo×fx
2026-04-01,미장,디렉시온 팔란티어 2배 ETF,PLTU,USD,44.55,67363.6068,yahoo×fx
2026-04-02,미장,디렉시온 팔란티어 2배 ETF,PLTU,USD,45.68,68941.1687,yahoo×fx
2026-04-06,미장,디렉시온 팔란티어 2배 ETF,PLTU,USD,45.35,68380.9941,yahoo×fx
2026-04-07,미장,디렉시온 팔란티어 2배 ETF,PLTU,USD,46.69,69994.3779,yahoo×fx
2026-04-08,미장,디렉시온 팔란티어 2배 ETF,PLTU,USD,40.9,60433.8413,yahoo×fx
2026-04-09,미장,디렉시온 팔란티어 2배 ETF,PLTU,USD,34.93,51461.6719,yahoo×fx
2026-04-10,미장,디렉시온 팔란티어 2배 ETF,PLTU,USD,33.59,,yahoo(fx없음)
2026-04-13,미장,디렉시온 팔란티어 2배 ETF,PLTU,USD,35.8,52870.8696,yahoo×fx
2026-04-14,미장,디렉시온 팔란티어 2배 ETF,PLTU,USD,37.68,55367.7477,yahoo×fx
2026-04-15,미장,디렉시온 팔란티어 2배 ETF,PLTU,USD,41.18,60701.7937,yahoo×fx
2026-04-16,미장,디렉시온 팔란티어 2배 ETF,PLTU,USD,41.47,61289.346,yahoo×fx
2026-04-17,미장,디렉시온 팔란티어 2배 ETF,PLTU,USD,43.58,,yahoo(fx없음)
2026-04-20,미장,디렉시온 팔란티어 2배 ETF,PLTU,USD,43.26,63560.1856,yahoo×fx
2026-01-02,미장,디파이언스 양자컴퓨터 ETF,QTUM,USD,112.38,162236.2609,yahoo×fx
2026-01-05,미장,디파이언스 양자컴퓨터 ETF,QTUM,USD,114.66,165165.4398,yahoo×fx
2026-01-06,미장,디파이언스 양자컴퓨터 ETF,QTUM,USD,117.03,169173.8919,yahoo×fx
2026-01-07,미장,디파이언스 양자컴퓨터 ETF,QTUM,USD,116.29,168034.3952,yahoo×fx
2026-01-08,미장,디파이언스 양자컴퓨터 ETF,QTUM,USD,114.73,165915.6487,yahoo×fx
2026-01-09,미장,디파이언스 양자컴퓨터 ETF,QTUM,USD,116.54,168992.3194,yahoo×fx
2026-01-12,미장,디파이언스 양자컴퓨터 ETF,QTUM,USD,117.77,171383.6088,yahoo×fx
2026-01-13,미장,디파이언스 양자컴퓨터 ETF,QTUM,USD,117.32,171865.5935,yahoo×fx
2026-01-14,미장,디파이언스 양자컴퓨터 ETF,QTUM,USD,117.3,172784.0786,yahoo×fx
2026-01-15,미장,디파이언스 양자컴퓨터 ETF,QTUM,USD,118.17,172870.8932,yahoo×fx
2026-01-16,미장,디파이언스 양자컴퓨터 ETF,QTUM,USD,118.43,173954.7176,yahoo×fx
2026-01-20,미장,디파이언스 양자컴퓨터 ETF,QTUM,USD,116.14,170902.3342,yahoo×fx
2026-01-21,미장,디파이언스 양자컴퓨터 ETF,QTUM,USD,117.91,174245.0487,yahoo×fx
2026-01-22,미장,디파이언스 양자컴퓨터 ETF,QTUM,USD,119.35,174827.453,yahoo×fx
2026-01-23,미장,디파이언스 양자컴퓨터 ETF,QTUM,USD,118.69,173674.3341,yahoo×fx
2026-01-26,미장,디파이언스 양자컴퓨터 ETF,QTUM,USD,117.95,170415.342,yahoo×fx
2026-01-27,미장,디파이언스 양자컴퓨터 ETF,QTUM,USD,119.98,172888.7829,yahoo×fx
2026-01-28,미장,디파이언스 양자컴퓨터 ETF,QTUM,USD,120.8,173047.2136,yahoo×fx
2026-01-29,미장,디파이언스 양자컴퓨터 ETF,QTUM,USD,119.09,170211.7614,yahoo×fx
2026-01-30,미장,디파이언스 양자컴퓨터 ETF,QTUM,USD,115.89,165578.9967,yahoo×fx
2026-02-02,미장,디파이언스 양자컴퓨터 ETF,QTUM,USD,116.74,169132.9146,yahoo×fx
2026-02-03,미장,디파이언스 양자컴퓨터 ETF,QTUM,USD,114.94,166954.9556,yahoo×fx
2026-02-04,미장,디파이언스 양자컴퓨터 ETF,QTUM,USD,112.08,162143.9031,yahoo×fx
2026-02-05,미장,디파이언스 양자컴퓨터 ETF,QTUM,USD,110.13,160801.9087,yahoo×fx
2026-02-06,미장,디파이언스 양자컴퓨터 ETF,QTUM,USD,115.8,170304.7547,yahoo×fx
2026-02-09,미장,디파이언스 양자컴퓨터 ETF,QTUM,USD,118.06,172650.9433,yahoo×fx
2026-02-10,미장,디파이언스 양자컴퓨터 ETF,QTUM,USD,118.08,172224.4105,yahoo×fx
2026-02-11,미장,디파이언스 양자컴퓨터 ETF,QTUM,USD,119.1,173329.7955,yahoo×fx
2026-02-12,미장,디파이언스 양자컴퓨터 ETF,QTUM,USD,115.79,167222.7546,yahoo×fx
2026-02-13,미장,디파이언스 양자컴퓨터 ETF,QTUM,USD,117.21,168887.8905,yahoo×fx
2026-02-17,미장,디파이언스 양자컴퓨터 ETF,QTUM,USD,116.13,167253.9037,yahoo×fx
2026-02-18,미장,디파이언스 양자컴퓨터 ETF,QTUM,USD,116.96,168418.8865,yahoo×fx
2026-02-19,미장,디파이언스 양자컴퓨터 ETF,QTUM,USD,116.82,168239.4948,yahoo×fx
2026-02-20,미장,디파이언스 양자컴퓨터 ETF,QTUM,USD,117.28,169792.1182,yahoo×fx
2026-02-23,미장,디파이언스 양자컴퓨터 ETF,QTUM,USD,115.29,166414.1922,yahoo×fx
2026-02-24,미장,디파이언스 양자컴퓨터 ETF,QTUM,USD,116.47,167973.0301,yahoo×fx
2026-02-25,미장,디파이언스 양자컴퓨터 ETF,QTUM,USD,118.4,170494.817,yahoo×fx
2026-02-26,미장,디파이언스 양자컴퓨터 ETF,QTUM,USD,117.86,168177.977,yahoo×fx
2026-02-27,미장,디파이언스 양자컴퓨터 ETF,QTUM,USD,116.42,166750.6855,yahoo×fx
2026-03-02,미장,디파이언스 양자컴퓨터 ETF,QTUM,USD,116.64,167786.6391,yahoo×fx
2026-03-03,미장,디파이언스 양자컴퓨터 ETF,QTUM,USD,112.36,163177.0603,yahoo×fx
2026-03-04,미장,디파이언스 양자컴퓨터 ETF,QTUM,USD,113.79,168758.5305,yahoo×fx
2026-03-05,미장,디파이언스 양자컴퓨터 ETF,QTUM,USD,111.79,163297.2438,yahoo×fx
2026-03-06,미장,디파이언스 양자컴퓨터 ETF,QTUM,USD,109.59,162139.4966,yahoo×fx
2026-03-09,미장,디파이언스 양자컴퓨터 ETF,QTUM,USD,111.72,165780.1942,yahoo×fx
2026-03-10,미장,디파이언스 양자컴퓨터 ETF,QTUM,USD,111.97,163976.7044,yahoo×fx
2026-03-11,미장,디파이언스 양자컴퓨터 ETF,QTUM,USD,112.46,165628.8407,yahoo×fx
2026-03-12,미장,디파이언스 양자컴퓨터 ETF,QTUM,USD,109.46,161490.7113,yahoo×fx
2026-03-13,미장,디파이언스 양자컴퓨터 ETF,QTUM,USD,109.37,160837.3338,yahoo×fx
2026-03-16,미장,디파이언스 양자컴퓨터 ETF,QTUM,USD,111.36,167234.8809,yahoo×fx
2026-03-17,미장,디파이언스 양자컴퓨터 ETF,QTUM,USD,111.65,166236.8076,yahoo×fx
2026-03-18,미장,디파이언스 양자컴퓨터 ETF,QTUM,USD,110.84,164582.9848,yahoo×fx
2026-03-19,미장,디파이언스 양자컴퓨터 ETF,QTUM,USD,111.25,167459.0625,yahoo×fx
2026-03-20,미장,디파이언스 양자컴퓨터 ETF,QTUM,USD,108.27,161304.9681,yahoo×fx
2026-03-23,미장,디파이언스 양자컴퓨터 ETF,QTUM,USD,110.65,166440.8345,yahoo×fx
2026-03-24,미장,디파이언스 양자컴퓨터 ETF,QTUM,USD,110.67,164384.7869,yahoo×fx
2026-03-25,미장,디파이언스 양자컴퓨터 ETF,QTUM,USD,111.62,167129.7529,yahoo×fx
2026-03-26,미장,디파이언스 양자컴퓨터 ETF,QTUM,USD,107.78,161774.5416,yahoo×fx
2026-03-27,미장,디파이언스 양자컴퓨터 ETF,QTUM,USD,105.07,158483.3832,yahoo×fx
2026-03-30,미장,디파이언스 양자컴퓨터 ETF,QTUM,USD,102.16,154887.8469,yahoo×fx
2026-03-31,미장,디파이언스 양자컴퓨터 ETF,QTUM,USD,107.3,161307.3089,yahoo×fx
2026-04-01,미장,디파이언스 양자컴퓨터 ETF,QTUM,USD,109.29,165256.3137,yahoo×fx
2026-04-02,미장,디파이언스 양자컴퓨터 ETF,QTUM,USD,109.96,165953.8266,yahoo×fx
2026-04-06,미장,디파이언스 양자컴퓨터 ETF,QTUM,USD,110.6,166768.205,yahoo×fx
2026-04-07,미장,디파이언스 양자컴퓨터 ETF,QTUM,USD,110.47,165608.8935,yahoo×fx
2026-04-08,미장,디파이언스 양자컴퓨터 ETF,QTUM,USD,115.83,171150.4079,yahoo×fx
2026-04-09,미장,디파이언스 양자컴퓨터 ETF,QTUM,USD,116.14,171106.7417,yahoo×fx
2026-04-10,미장,디파이언스 양자컴퓨터 ETF,QTUM,USD,116.69,,yahoo(fx없음)
2026-04-13,미장,디파이언스 양자컴퓨터 ETF,QTUM,USD,119.35,176260.8477,yahoo×fx
2026-04-14,미장,디파이언스 양자컴퓨터 ETF,QTUM,USD,122.06,179357.407,yahoo×fx
2026-04-15,미장,디파이언스 양자컴퓨터 ETF,QTUM,USD,123.39,181884.2697,yahoo×fx
2026-04-16,미장,디파이언스 양자컴퓨터 ETF,QTUM,USD,125.17,184991.2492,yahoo×fx
2026-04-17,미장,디파이언스 양자컴퓨터 ETF,QTUM,USD,127.89,,yahoo(fx없음)
2026-04-20,미장,디파이언스 양자컴퓨터 ETF,QTUM,USD,128.64,189005.6068,yahoo×fx
2026-04-21,미장,디파이언스 양자컴퓨터 ETF,QTUM,USD,128.03,190226.9784,yahoo×fx
2026-04-22,미장,디파이언스 양자컴퓨터 ETF,QTUM,USD,130.25,192504.2849,yahoo×fx
2026-04-23,미장,디파이언스 양자컴퓨터 ETF,QTUM,USD,129.75,192023.5062,yahoo×fx
2026-04-24,미장,디파이언스 양자컴퓨터 ETF,QTUM,USD,132.79,,yahoo(fx없음)
2026-04-27,미장,디파이언스 양자컴퓨터 ETF,QTUM,USD,131.89,194273.9691,yahoo×fx
2026-04-28,미장,디파이언스 양자컴퓨터 ETF,QTUM,USD,128.98,189857.2627,yahoo×fx
2026-04-29,미장,디파이언스 양자컴퓨터 ETF,QTUM,USD,129.94,193270.1615,yahoo×fx
2026-04-30,미장,디파이언스 양자컴퓨터 ETF,QTUM,USD,134.03,197561.5598,yahoo×fx
2026-05-01,미장,디파이언스 양자컴퓨터 ETF,QTUM,USD,135.17,,yahoo(fx없음)
2026-05-04,미장,디파이언스 양자컴퓨터 ETF,QTUM,USD,135.69,200285.2347,yahoo×fx
2026-05-05,미장,디파이언스 양자컴퓨터 ETF,QTUM,USD,139.17,205131.0051,yahoo×fx
2026-05-06,미장,디파이언스 양자컴퓨터 ETF,QTUM,USD,143.66,207509.6853,yahoo×fx
2026-05-07,미장,디파이언스 양자컴퓨터 ETF,QTUM,USD,141.13,205314.5253,yahoo×fx
2026-05-08,미장,디파이언스 양자컴퓨터 ETF,QTUM,USD,144.91,,yahoo(fx없음)
2026-05-11,미장,디파이언스 양자컴퓨터 ETF,QTUM,USD,147.82,217953.2026,yahoo×fx
2026-05-12,미장,디파이언스 양자컴퓨터 ETF,QTUM,USD,143.98,214960.6924,yahoo×fx
2026-05-13,미장,디파이언스 양자컴퓨터 ETF,QTUM,USD,146.79,218693.5986,yahoo×fx
2026-05-14,미장,디파이언스 양자컴퓨터 ETF,QTUM,USD,147.88,220835.1214,yahoo×fx
2026-05-15,미장,디파이언스 양자컴퓨터 ETF,QTUM,USD,143.08,,yahoo(fx없음)
2026-05-18,미장,디파이언스 양자컴퓨터 ETF,QTUM,USD,141.97,211864.6646,yahoo×fx
2026-05-19,미장,디파이언스 양자컴퓨터 ETF,QTUM,USD,140.63,212048.9494,yahoo×fx
2026-05-20,미장,디파이언스 양자컴퓨터 ETF,QTUM,USD,145.44,218126.5553,yahoo×fx
2026-05-21,미장,디파이언스 양자컴퓨터 ETF,QTUM,USD,149.33,224652.0584,yahoo×fx
2026-05-22,미장,디파이언스 양자컴퓨터 ETF,QTUM,USD,153.44,,yahoo(fx없음)
2026-05-26,미장,디파이언스 양자컴퓨터 ETF,QTUM,USD,158.62,238792.8762,yahoo×fx
2026-05-27,미장,디파이언스 양자컴퓨터 ETF,QTUM,USD,156.51,235251.7356,yahoo×fx
2026-05-28,미장,디파이언스 양자컴퓨터 ETF,QTUM,USD,159.06,237840.83,yahoo×fx
2026-05-29,미장,디파이언스 양자컴퓨터 ETF,QTUM,USD,159.75,,yahoo(fx없음)
2026-06-01,미장,디파이언스 양자컴퓨터 ETF,QTUM,USD,162.87,246140.5407,yahoo×fx
2026-06-02,미장,디파이언스 양자컴퓨터 ETF,QTUM,USD,168.76,255941.4035,yahoo×fx
2026-06-03,미장,디파이언스 양자컴퓨터 ETF,QTUM,USD,167.76,256691.2427,yahoo×fx
2026-06-04,미장,디파이언스 양자컴퓨터 ETF,QTUM,USD,166.49,255240.8238,yahoo×fx
2026-06-05,미장,디파이언스 양자컴퓨터 ETF,QTUM,USD,152.78,,yahoo(fx없음)
2026-06-08,미장,디파이언스 양자컴퓨터 ETF,QTUM,USD,157.74,241165.5404,yahoo×fx
2026-06-09,미장,디파이언스 양자컴퓨터 ETF,QTUM,USD,154.75,236119.1066,yahoo×fx
2026-06-10,미장,디파이언스 양자컴퓨터 ETF,QTUM,USD,150.99,230267.3152,yahoo×fx
2026-06-11,미장,디파이언스 양자컴퓨터 ETF,QTUM,USD,159.36,241809.6785,yahoo×fx
2026-06-12,미장,디파이언스 양자컴퓨터 ETF,QTUM,USD,161.3,,yahoo(fx없음)
2026-06-15,미장,디파이언스 양자컴퓨터 ETF,QTUM,USD,168.05,254311.76,yahoo×fx
2026-06-16,미장,디파이언스 양자컴퓨터 ETF,QTUM,USD,162.28,245198.5806,yahoo×fx
2026-06-17,미장,디파이언스 양자컴퓨터 ETF,QTUM,USD,162.45,247804.4815,yahoo×fx
2026-06-18,미장,디파이언스 양자컴퓨터 ETF,QTUM,USD,167.97,258263.9649,yahoo×fx
2026-06-22,미장,디파이언스 양자컴퓨터 ETF,QTUM,USD,168.6,259483.8476,yahoo×fx
2026-06-23,미장,디파이언스 양자컴퓨터 ETF,QTUM,USD,163.34,250767.7294,yahoo×fx
2026-06-24,미장,디파이언스 양자컴퓨터 ETF,QTUM,USD,159.89,246671.897,yahoo×fx
2026-06-25,미장,디파이언스 양자컴퓨터 ETF,QTUM,USD,160.24,247807.9606,yahoo×fx
2026-06-26,미장,디파이언스 양자컴퓨터 ETF,QTUM,USD,155.97,,yahoo(fx없음)
2026-06-29,미장,디파이언스 양자컴퓨터 ETF,QTUM,USD,160.81,247925.5944,yahoo×fx
2026-06-30,미장,디파이언스 양자컴퓨터 ETF,QTUM,USD,165.38,256109.1269,yahoo×fx
2026-07-01,미장,디파이언스 양자컴퓨터 ETF,QTUM,USD,160.36,248848.2619,yahoo×fx
2026-07-02,미장,디파이언스 양자컴퓨터 ETF,QTUM,USD,155.01,239045.5636,yahoo×fx
2026-07-06,미장,디파이언스 양자컴퓨터 ETF,QTUM,USD,156.94,239923.5997,yahoo×fx
2026-07-07,미장,디파이언스 양자컴퓨터 ETF,QTUM,USD,151.44,230167.5999,yahoo×fx
2026-07-08,미장,디파이언스 양자컴퓨터 ETF,QTUM,USD,152.47,229215.7726,yahoo×fx
2026-07-09,미장,디파이언스 양자컴퓨터 ETF,QTUM,USD,155.57,234274.435,yahoo×fx
2026-07-10,미장,디파이언스 양자컴퓨터 ETF,QTUM,USD,154.46,,yahoo(fx없음)
2026-07-13,미장,디파이언스 양자컴퓨터 ETF,QTUM,USD,149.02,223187.2531,yahoo×fx
2026-07-14,미장,디파이언스 양자컴퓨터 ETF,QTUM,USD,149.85,222958.8278,yahoo×fx
2026-07-15,미장,디파이언스 양자컴퓨터 ETF,QTUM,USD,147.92,219838.6941,yahoo×fx
2026-07-16,미장,디파이언스 양자컴퓨터 ETF,QTUM,USD,142.89,211312.8721,yahoo×fx
2026-07-17,미장,디파이언스 양자컴퓨터 ETF,QTUM,USD,141.69,,yahoo(fx없음)
2026-07-20,미장,디파이언스 양자컴퓨터 ETF,QTUM,USD,141.18,208241.9024,yahoo×fx
2026-07-21,미장,디파이언스 양자컴퓨터 ETF,QTUM,USD,145.2,214855.3352,yahoo×fx
2026-07-22,미장,디파이언스 양자컴퓨터 ETF,QTUM,USD,144.83,213715.4963,yahoo×fx
2026-07-23,미장,디파이언스 양자컴퓨터 ETF,QTUM,USD,143.47,211480.5262,yahoo×fx
2026-07-24,미장,디파이언스 양자컴퓨터 ETF,QTUM,USD,139.56,,yahoo(fx없음)
2026-07-27,미장,디파이언스 양자컴퓨터 ETF,QTUM,USD,140.8,206193.1482,yahoo×fx
2026-07-28,미장,디파이언스 양자컴퓨터 ETF,QTUM,USD,136.84,198850.4138,yahoo×fx
2026-07-29,미장,디파이언스 양자컴퓨터 ETF,QTUM,USD,132.24,190727.119,yahoo×fx
2026-07-30,미장,디파이언스 양자컴퓨터 ETF,QTUM,USD,140.31,199324.3791,yahoo×fx
2026-07-31,미장,디파이언스 양자컴퓨터 ETF,QTUM,USD,141.25,,yahoo(fx없음)
2026-08-03,미장,디파이언스 양자컴퓨터 ETF,QTUM,USD,145.99,208546.7228,yahoo×fx
2026-08-04,미장,디파이언스 양자컴퓨터 ETF,QTUM,USD,152.94,218464.0959,yahoo×fx
2026-08-05,미장,디파이언스 양자컴퓨터 ETF,QTUM,USD,149.99,213159.8013,yahoo×fx
2026-08-06,미장,디파이언스 양자컴퓨터 ETF,QTUM,USD,149.24,212264.0671,yahoo×fx
2026-08-07,미장,디파이언스 양자컴퓨터 ETF,QTUM,USD,153.46,,yahoo(fx없음)
2026-08-10,미장,디파이언스 양자컴퓨터 ETF,QTUM,USD,151.69,214991.7662,yahoo×fx
2026-08-11,미장,디파이언스 양자컴퓨터 ETF,QTUM,USD,153.0,216063.5482,yahoo×fx
2026-08-12,미장,디파이언스 양자컴퓨터 ETF,QTUM,USD,156.85,222171.7535,yahoo×fx
2026-08-13,미장,디파이언스 양자컴퓨터 ETF,QTUM,USD,158.24,224202.3479,yahoo×fx
2026-08-14,미장,디파이언스 양자컴퓨터 ETF,QTUM,USD,158.68,,yahoo(fx없음)
2026-08-17,미장,디파이언스 양자컴퓨터 ETF,QTUM,USD,158.22,223838.5792,yahoo×fx
2026-08-18,미장,디파이언스 양자컴퓨터 ETF,QTUM,USD,152.16,215090.3313,yahoo×fx
2026-08-19,미장,디파이언스 양자컴퓨터 ETF,QTUM,USD,150.2,208687.8794,yahoo×fx
2026-08-20,미장,디파이언스 양자컴퓨터 ETF,QTUM,USD,149.2,207505.8696,yahoo×fx
2026-08-21,미장,디파이언스 양자컴퓨터 ETF,QTUM,USD,150.47,,yahoo(fx없음)
2026-08-24,미장,디파이언스 양자컴퓨터 ETF,QTUM,USD,146.94,,yahoo(fx없음)
2026-08-25,미장,디파이언스 양자컴퓨터 ETF,QTUM,USD,148.5501,205407.6433,yahoo×fx
2026-01-14,미장,로블록스,RBLX,USD,82.87,122068.3436,yahoo×fx
2026-01-15,미장,로블록스,RBLX,USD,84.65,123834.4893,yahoo×fx
2026-01-16,미장,로블록스,RBLX,USD,87.28,128200.3504,yahoo×fx
2026-01-20,미장,로블록스,RBLX,USD,78.84,116014.633,yahoo×fx
2026-01-21,미장,로블록스,RBLX,USD,75.68,111838.3931,yahoo×fx
2026-01-22,미장,로블록스,RBLX,USD,74.7,109422.7932,yahoo×fx
2026-01-29,미장,로켓 랩,RKLB,USD,85.68,122459.8557,yahoo×fx
2026-01-30,미장,로켓 랩,RKLB,USD,80.07,114400.8135,yahoo×fx
2026-02-02,미장,로켓 랩,RKLB,USD,74.15,107428.5258,yahoo×fx
2026-02-03,미장,로켓 랩,RKLB,USD,81.27,118047.9241,yahoo×fx
2026-02-04,미장,로켓 랩,RKLB,USD,73.11,105766.7796,yahoo×fx
2026-06-17,미장,로켓 컴퍼니스,RKT,USD,13.22,20166.0534,yahoo×fx
2026-06-18,미장,로켓 컴퍼니스,RKT,USD,14.42,22171.6162,yahoo×fx
2026-06-22,미장,로켓 컴퍼니스,RKT,USD,13.34,20530.9279,yahoo×fx
2026-06-23,미장,로켓 컴퍼니스,RKT,USD,13.47,20679.8179,yahoo×fx
2026-06-24,미장,로켓 컴퍼니스,RKT,USD,14.73,22724.8542,yahoo×fx
2026-06-25,미장,로켓 컴퍼니스,RKT,USD,14.78,22856.9737,yahoo×fx
2026-06-26,미장,로켓 컴퍼니스,RKT,USD,15.0,,yahoo(fx없음)
2026-06-29,미장,로켓 컴퍼니스,RKT,USD,15.5,23896.8147,yahoo×fx
2026-06-30,미장,로켓 컴퍼니스,RKT,USD,15.75,24390.6073,yahoo×fx
2026-07-01,미장,로켓 컴퍼니스,RKT,USD,15.85,24596.19,yahoo×fx
2026-07-02,미장,로켓 컴퍼니스,RKT,USD,15.77,24319.3909,yahoo×fx
2026-07-06,미장,로켓 컴퍼니스,RKT,USD,15.55,23772.2184,yahoo×fx
2026-07-07,미장,로켓 컴퍼니스,RKT,USD,14.63,22235.5518,yahoo×fx
2026-07-08,미장,로켓 컴퍼니스,RKT,USD,14.16,21287.4354,yahoo×fx
2026-07-09,미장,로켓 컴퍼니스,RKT,USD,14.56,21926.0507,yahoo×fx
2026-07-10,미장,로켓 컴퍼니스,RKT,USD,14.39,,yahoo(fx없음)
2026-07-13,미장,로켓 컴퍼니스,RKT,USD,13.91,20833.0061,yahoo×fx
2026-07-14,미장,로켓 컴퍼니스,RKT,USD,14.3,21276.6844,yahoo×fx
2026-07-15,미장,로켓 컴퍼니스,RKT,USD,14.6,21698.5199,yahoo×fx
2026-07-17,미장,아이셰어즈 0-3개월 미국 국채 ETF,SGOV,USD,100.58,,yahoo(fx없음)
2026-07-20,미장,아이셰어즈 0-3개월 미국 국채 ETF,SGOV,USD,100.59,148371.2515,yahoo×fx
2026-01-02,미장,아이셰어즈 1-3년 미국 국채 ETF,SHY,USD,82.86,119620.0125,yahoo×fx
2026-01-05,미장,아이셰어즈 1-3년 미국 국채 ETF,SHY,USD,82.89,119401.3847,yahoo×fx
2026-01-06,미장,아이셰어즈 1-3년 미국 국채 ETF,SHY,USD,82.9,119836.9311,yahoo×fx
2026-01-07,미장,아이셰어즈 1-3년 미국 국채 ETF,SHY,USD,82.89,119772.7303,yahoo×fx
2026-01-08,미장,아이셰어즈 1-3년 미국 국채 ETF,SHY,USD,82.86,119827.1625,yahoo×fx
2026-01-09,미장,아이셰어즈 1-3년 미국 국채 ETF,SHY,USD,82.83,120110.1254,yahoo×fx
2026-01-12,미장,아이셰어즈 1-3년 미국 국채 ETF,SHY,USD,82.83,120537.5311,yahoo×fx
2026-01-13,미장,아이셰어즈 1-3년 미국 국채 ETF,SHY,USD,82.85,121369.4527,yahoo×fx
2026-01-14,미장,아이셰어즈 1-3년 미국 국채 ETF,SHY,USD,82.87,122068.3436,yahoo×fx
2026-01-15,미장,아이셰어즈 1-3년 미국 국채 ETF,SHY,USD,82.81,121142.7475,yahoo×fx
2026-01-16,미장,아이셰어즈 1-3년 미국 국채 ETF,SHY,USD,82.79,121605.2621,yahoo×fx
2026-01-20,미장,아이셰어즈 1-3년 미국 국채 ETF,SHY,USD,82.8,121841.8621,yahoo×fx
2026-01-21,미장,아이셰어즈 1-3년 미국 국채 ETF,SHY,USD,82.84,122419.2922,yahoo×fx
2026-01-22,미장,아이셰어즈 1-3년 미국 국채 ETF,SHY,USD,82.81,121302.5651,yahoo×fx
2026-01-23,미장,아이셰어즈 1-3년 미국 국채 ETF,SHY,USD,82.84,121216.4539,yahoo×fx
2026-01-26,미장,아이셰어즈 1-3년 미국 국채 ETF,SHY,USD,82.87,119731.4135,yahoo×fx
2026-01-27,미장,아이셰어즈 1-3년 미국 국채 ETF,SHY,USD,82.89,119442.8297,yahoo×fx
2026-01-28,미장,아이셰어즈 1-3년 미국 국채 ETF,SHY,USD,82.89,118740.7538,yahoo×fx
2026-01-29,미장,아이셰어즈 1-3년 미국 국채 ETF,SHY,USD,82.92,118515.0674,yahoo×fx
2026-01-30,미장,아이셰어즈 1-3년 미국 국채 ETF,SHY,USD,82.99,118572.7902,yahoo×fx
2026-02-02,미장,아이셰어즈 1-3년 미국 국채 ETF,SHY,USD,82.7,119815.7596,yahoo×fx
2026-02-03,미장,아이셰어즈 1-3년 미국 국채 ETF,SHY,USD,82.69,120110.5394,yahoo×fx
2026-02-04,미장,아이셰어즈 1-3년 미국 국채 ETF,SHY,USD,82.73,119683.8457,yahoo×fx
2026-02-05,미장,아이셰어즈 1-3년 미국 국채 ETF,SHY,USD,82.86,120984.7143,yahoo×fx
2026-02-06,미장,아이셰어즈 1-3년 미국 국채 ETF,SHY,USD,82.86,121860.5501,yahoo×fx
2026-02-09,미장,아이셰어즈 1-3년 미국 국채 ETF,SHY,USD,82.88,121203.71,yahoo×fx
2026-02-10,미장,아이셰어즈 1-3년 미국 국채 ETF,SHY,USD,82.93,120956.7259,yahoo×fx
2026-02-11,미장,아이셰어즈 1-3년 미국 국채 ETF,SHY,USD,82.85,120574.0846,yahoo×fx
2026-02-12,미장,아이셰어즈 1-3년 미국 국채 ETF,SHY,USD,82.93,119766.6723,yahoo×fx
2026-02-13,미장,아이셰어즈 1-3년 미국 국채 ETF,SHY,USD,83.06,119681.1525,yahoo×fx
2026-02-17,미장,아이셰어즈 1-3년 미국 국채 ETF,SHY,USD,83.03,119582.2935,yahoo×fx
2026-02-18,미장,아이셰어즈 1-3년 미국 국채 ETF,SHY,USD,82.98,119488.713,yahoo×fx
2026-02-19,미장,아이셰어즈 1-3년 미국 국채 ETF,SHY,USD,82.98,119504.4845,yahoo×fx
2026-02-20,미장,아이셰어즈 1-3년 미국 국채 ETF,SHY,USD,82.99,120148.7694,yahoo×fx
2026-02-23,미장,아이셰어즈 1-3년 미국 국채 ETF,SHY,USD,83.06,119892.118,yahoo×fx
2026-02-24,미장,아이셰어즈 1-3년 미국 국채 ETF,SHY,USD,83.06,119789.1244,yahoo×fx
2026-02-25,미장,아이셰어즈 1-3년 미국 국채 ETF,SHY,USD,83.04,119576.7701,yahoo×fx
2026-02-26,미장,아이셰어즈 1-3년 미국 국채 ETF,SHY,USD,83.07,118535.0791,yahoo×fx
2026-02-27,미장,아이셰어즈 1-3년 미국 국채 ETF,SHY,USD,83.18,119140.3736,yahoo×fx
2026-03-02,미장,아이셰어즈 1-3년 미국 국채 ETF,SHY,USD,82.81,119122.1815,yahoo×fx
2026-03-03,미장,아이셰어즈 1-3년 미국 국채 ETF,SHY,USD,82.8,120247.962,yahoo×fx
2026-03-04,미장,아이셰어즈 1-3년 미국 국채 ETF,SHY,USD,82.75,122724.0381,yahoo×fx
2026-03-05,미장,아이셰어즈 1-3년 미국 국채 ETF,SHY,USD,82.69,120789.4211,yahoo×fx
2026-03-06,미장,아이셰어즈 1-3년 미국 국채 ETF,SHY,USD,82.73,122399.8681,yahoo×fx
2026-03-09,미장,아이셰어즈 1-3년 미국 국채 ETF,SHY,USD,82.77,122821.5715,yahoo×fx
2026-03-10,미장,아이셰어즈 1-3년 미국 국채 ETF,SHY,USD,82.72,121140.9578,yahoo×fx
2026-03-11,미장,아이셰어즈 1-3년 미국 국채 ETF,SHY,USD,82.64,121710.5407,yahoo×fx
2026-03-12,미장,아이셰어즈 1-3년 미국 국채 ETF,SHY,USD,82.5,121715.5472,yahoo×fx
2026-03-13,미장,아이셰어즈 1-3년 미국 국채 ETF,SHY,USD,82.55,121396.3799,yahoo×fx
2026-03-16,미장,아이셰어즈 1-3년 미국 국채 ETF,SHY,USD,82.65,124119.6398,yahoo×fx
2026-03-17,미장,아이셰어즈 1-3년 미국 국채 ETF,SHY,USD,82.66,123073.3089,yahoo×fx
2026-03-18,미장,아이셰어즈 1-3년 미국 국채 ETF,SHY,USD,82.51,122516.6265,yahoo×fx
2026-03-19,미장,아이셰어즈 1-3년 미국 국채 ETF,SHY,USD,82.49,124168.0693,yahoo×fx
2026-03-20,미장,아이셰어즈 1-3년 미국 국채 ETF,SHY,USD,82.31,122628.7239,yahoo×fx
2026-03-23,미장,아이셰어즈 1-3년 미국 국채 ETF,SHY,USD,82.43,123992.0275,yahoo×fx
2026-03-24,미장,아이셰어즈 1-3년 미국 국채 ETF,SHY,USD,82.31,122259.9768,yahoo×fx
2026-03-25,미장,아이셰어즈 1-3년 미국 국채 ETF,SHY,USD,82.4,123378.3511,yahoo×fx
2026-03-26,미장,아이셰어즈 1-3년 미국 국채 ETF,SHY,USD,82.22,123409.7528,yahoo×fx
2026-03-27,미장,아이셰어즈 1-3년 미국 국채 ETF,SHY,USD,82.39,124273.7783,yahoo×fx
2026-03-30,미장,아이셰어즈 1-3년 미국 국채 ETF,SHY,USD,82.5,125080.7254,yahoo×fx
2026-03-31,미장,아이셰어즈 1-3년 미국 국채 ETF,SHY,USD,82.57,124129.954,yahoo×fx
2026-04-01,미장,아이셰어즈 1-3년 미국 국채 ETF,SHY,USD,82.32,124475.2455,yahoo×fx
2026-04-02,미장,아이셰어즈 1-3년 미국 국채 ETF,SHY,USD,82.36,124299.3577,yahoo×fx
2026-04-06,미장,아이셰어즈 1-3년 미국 국채 ETF,SHY,USD,82.28,124065.8942,yahoo×fx
2026-04-07,미장,아이셰어즈 1-3년 미국 국채 ETF,SHY,USD,82.34,123438.3591,yahoo×fx
2026-04-08,미장,아이셰어즈 1-3년 미국 국채 ETF,SHY,USD,82.42,121783.7873,yahoo×fx
2026-04-09,미장,아이셰어즈 1-3년 미국 국채 ETF,SHY,USD,82.44,121457.2092,yahoo×fx
2026-04-10,미장,아이셰어즈 1-3년 미국 국채 ETF,SHY,USD,82.41,,yahoo(fx없음)
2026-04-13,미장,아이셰어즈 1-3년 미국 국채 ETF,SHY,USD,82.47,121794.9938,yahoo×fx
2026-04-14,미장,아이셰어즈 1-3년 미국 국채 ETF,SHY,USD,82.53,121271.2344,yahoo×fx
2026-04-15,미장,아이셰어즈 1-3년 미국 국채 ETF,SHY,USD,82.51,121624.6986,yahoo×fx
2026-04-16,미장,아이셰어즈 1-3년 미국 국채 ETF,SHY,USD,82.48,121898.8502,yahoo×fx
2026-04-17,미장,아이셰어즈 1-3년 미국 국채 ETF,SHY,USD,82.64,,yahoo(fx없음)
2026-04-20,미장,아이셰어즈 1-3년 미국 국채 ETF,SHY,USD,82.6,121360.8746,yahoo×fx
2026-04-21,미장,아이셰어즈 1-3년 미국 국채 ETF,SHY,USD,82.48,122548.793,yahoo×fx
2026-04-22,미장,아이셰어즈 1-3년 미국 국채 ETF,SHY,USD,82.52,121961.251,yahoo×fx
2026-04-23,미장,아이셰어즈 1-3년 미국 국채 ETF,SHY,USD,82.48,122066.2769,yahoo×fx
2026-04-24,미장,아이셰어즈 1-3년 미국 국채 ETF,SHY,USD,82.57,,yahoo(fx없음)
2026-04-27,미장,아이셰어즈 1-3년 미국 국채 ETF,SHY,USD,82.55,121596.1545,yahoo×fx
2026-04-28,미장,아이셰어즈 1-3년 미국 국채 ETF,SHY,USD,82.5,121439.1742,yahoo×fx
2026-04-29,미장,아이셰어즈 1-3년 미국 국채 ETF,SHY,USD,82.39,122545.2377,yahoo×fx
2026-04-30,미장,아이셰어즈 1-3년 미국 국채 ETF,SHY,USD,82.48,121576.3506,yahoo×fx
2026-05-01,미장,아이셰어즈 1-3년 미국 국채 ETF,SHY,USD,82.25,,yahoo(fx없음)
2026-05-04,미장,아이셰어즈 1-3년 미국 국채 ETF,SHY,USD,82.15,121257.5138,yahoo×fx
2026-05-05,미장,아이셰어즈 1-3년 미국 국채 ETF,SHY,USD,82.19,121144.7728,yahoo×fx
2026-05-06,미장,아이셰어즈 1-3년 미국 국채 ETF,SHY,USD,82.3,118878.2354,yahoo×fx
2026-05-07,미장,아이셰어즈 1-3년 미국 국채 ETF,SHY,USD,82.23,119627.3898,yahoo×fx
2026-05-08,미장,아이셰어즈 1-3년 미국 국채 ETF,SHY,USD,82.3,,yahoo(fx없음)
2026-05-11,미장,아이셰어즈 1-3년 미국 국채 ETF,SHY,USD,82.22,121229.2768,yahoo×fx
2026-05-12,미장,아이셰어즈 1-3년 미국 국채 ETF,SHY,USD,82.16,122664.0631,yahoo×fx
2026-05-13,미장,아이셰어즈 1-3년 미국 국채 ETF,SHY,USD,82.19,122449.9504,yahoo×fx
2026-05-14,미장,아이셰어즈 1-3년 미국 국채 ETF,SHY,USD,82.16,122692.8171,yahoo×fx
2026-05-15,미장,아이셰어즈 1-3년 미국 국채 ETF,SHY,USD,82.06,,yahoo(fx없음)
2026-05-18,미장,아이셰어즈 1-3년 미국 국채 ETF,SHY,USD,82.1,122519.4653,yahoo×fx
2026-05-19,미장,아이셰어즈 1-3년 미국 국채 ETF,SHY,USD,82.04,123704.0134,yahoo×fx
2026-05-20,미장,아이셰어즈 1-3년 미국 국채 ETF,SHY,USD,82.15,123206.1094,yahoo×fx
2026-05-21,미장,아이셰어즈 1-3년 미국 국채 ETF,SHY,USD,82.14,123571.4171,yahoo×fx
2026-05-22,미장,아이셰어즈 1-3년 미국 국채 ETF,SHY,USD,82.12,,yahoo(fx없음)
2026-05-26,미장,아이셰어즈 1-3년 미국 국채 ETF,SHY,USD,82.21,123762.2162,yahoo×fx
2026-05-27,미장,아이셰어즈 1-3년 미국 국채 ETF,SHY,USD,82.22,123585.7048,yahoo×fx
2026-05-28,미장,아이셰어즈 1-3년 미국 국채 ETF,SHY,USD,82.26,123002.5618,yahoo×fx
2026-05-29,미장,아이셰어즈 1-3년 미국 국채 ETF,SHY,USD,82.3,,yahoo(fx없음)
2026-06-01,미장,아이셰어즈 1-3년 미국 국채 ETF,SHY,USD,82.01,123939.2575,yahoo×fx
2026-06-02,미장,아이셰어즈 1-3년 미국 국채 ETF,SHY,USD,82.01,124376.3672,yahoo×fx
2026-06-03,미장,아이셰어즈 1-3년 미국 국채 ETF,SHY,USD,81.97,125423.1174,yahoo×fx
2026-06-04,미장,아이셰어즈 1-3년 미국 국채 ETF,SHY,USD,82.03,125757.7258,yahoo×fx
2026-06-05,미장,아이셰어즈 1-3년 미국 국채 ETF,SHY,USD,81.86,,yahoo(fx없음)
2026-06-08,미장,아이셰어즈 1-3년 미국 국채 ETF,SHY,USD,81.9,125215.2747,yahoo×fx
2026-06-09,미장,아이셰어즈 1-3년 미국 국채 ETF,SHY,USD,81.94,125024.8799,yahoo×fx
2026-06-10,미장,아이셰어즈 1-3년 미국 국채 ETF,SHY,USD,81.94,124962.6047,yahoo×fx
2026-06-11,미장,아이셰어즈 1-3년 미국 국채 ETF,SHY,USD,82.09,124561.719,yahoo×fx
2026-06-12,미장,아이셰어즈 1-3년 미국 국채 ETF,SHY,USD,82.07,,yahoo(fx없음)
2026-06-15,미장,아이셰어즈 1-3년 미국 국채 ETF,SHY,USD,82.11,124257.8898,yahoo×fx
2026-06-16,미장,아이셰어즈 1-3년 미국 국채 ETF,SHY,USD,82.13,124095.1374,yahoo×fx
2026-06-17,미장,아이셰어즈 1-3년 미국 국채 ETF,SHY,USD,81.88,124901.389,yahoo×fx
2026-06-18,미장,아이셰어즈 1-3년 미국 국채 ETF,SHY,USD,81.99,126064.5459,yahoo×fx
2026-06-22,미장,아이셰어즈 1-3년 미국 국채 ETF,SHY,USD,81.91,126063.5951,yahoo×fx
2026-06-23,미장,아이셰어즈 1-3년 미국 국채 ETF,SHY,USD,81.97,125844.4444,yahoo×fx
2026-06-24,미장,아이셰어즈 1-3년 미국 국채 ETF,SHY,USD,82.07,126614.3135,yahoo×fx
2026-06-25,미장,아이셰어즈 1-3년 미국 국채 ETF,SHY,USD,82.09,126950.5359,yahoo×fx
2026-06-26,미장,아이셰어즈 1-3년 미국 국채 ETF,SHY,USD,82.19,,yahoo(fx없음)
2026-06-29,미장,아이셰어즈 1-3년 미국 국채 ETF,SHY,USD,82.17,126683.9497,yahoo×fx
2026-06-30,미장,아이셰어즈 1-3년 미국 국채 ETF,SHY,USD,82.11,127156.3668,yahoo×fx
2026-07-01,미장,아이셰어즈 1-3년 미국 국채 ETF,SHY,USD,81.84,127000.1295,yahoo×fx
2026-07-02,미장,아이셰어즈 1-3년 미국 국채 ETF,SHY,USD,81.94,126362.1364,yahoo×fx
2026-07-06,미장,아이셰어즈 1-3년 미국 국채 ETF,SHY,USD,81.98,125327.7507,yahoo×fx
2026-07-07,미장,아이셰어즈 1-3년 미국 국채 ETF,SHY,USD,81.86,124415.7393,yahoo×fx
2026-07-08,미장,아이셰어즈 1-3년 미국 국채 ETF,SHY,USD,81.84,123034.1565,yahoo×fx
2026-07-09,미장,아이셰어즈 1-3년 미국 국채 ETF,SHY,USD,81.91,123349.0964,yahoo×fx
2026-07-10,미장,아이셰어즈 1-3년 미국 국채 ETF,SHY,USD,81.88,,yahoo(fx없음)
2026-07-13,미장,아이셰어즈 1-3년 미국 국채 ETF,SHY,USD,81.79,122496.8804,yahoo×fx
2026-07-14,미장,아이셰어즈 1-3년 미국 국채 ETF,SHY,USD,81.93,121902.0093,yahoo×fx
2026-07-15,미장,아이셰어즈 1-3년 미국 국채 ETF,SHY,USD,82.0,121868.396,yahoo×fx
2026-07-16,미장,아이셰어즈 1-3년 미국 국채 ETF,SHY,USD,82.0,121265.698,yahoo×fx
2026-07-17,미장,아이셰어즈 1-3년 미국 국채 ETF,SHY,USD,81.99,,yahoo(fx없음)
2026-07-20,미장,아이셰어즈 1-3년 미국 국채 ETF,SHY,USD,81.96,120891.819,yahoo×fx
2026-07-21,미장,아이셰어즈 1-3년 미국 국채 ETF,SHY,USD,81.89,121174.2675,yahoo×fx
2026-07-22,미장,아이셰어즈 1-3년 미국 국채 ETF,SHY,USD,81.83,120750.806,yahoo×fx
2026-07-23,미장,아이셰어즈 1-3년 미국 국채 ETF,SHY,USD,81.77,120532.249,yahoo×fx
2026-07-24,미장,아이셰어즈 1-3년 미국 국채 ETF,SHY,USD,81.85,,yahoo(fx없음)
2026-07-27,미장,아이셰어즈 1-3년 미국 국채 ETF,SHY,USD,81.87,119893.702,yahoo×fx
2026-07-28,미장,아이셰어즈 1-3년 미국 국채 ETF,SHY,USD,81.94,119071.9367,yahoo×fx
2026-07-29,미장,아이셰어즈 1-3년 미국 국채 ETF,SHY,USD,81.99,118252.5365,yahoo×fx
2026-07-30,미장,아이셰어즈 1-3년 미국 국채 ETF,SHY,USD,82.01,116503.407,yahoo×fx
2026-07-31,미장,아이셰어즈 1-3년 미국 국채 ETF,SHY,USD,82.0,,yahoo(fx없음)
2026-08-03,미장,아이셰어즈 1-3년 미국 국채 ETF,SHY,USD,81.77,116808.4402,yahoo×fx
2026-08-04,미장,아이셰어즈 1-3년 미국 국채 ETF,SHY,USD,81.87,116945.5724,yahoo×fx
2026-08-05,미장,아이셰어즈 1-3년 미국 국채 ETF,SHY,USD,81.9,116393.009,yahoo×fx
2026-08-06,미장,아이셰어즈 1-3년 미국 국채 ETF,SHY,USD,81.8,116344.1483,yahoo×fx
2026-08-07,미장,아이셰어즈 1-3년 미국 국채 ETF,SHY,USD,81.92,,yahoo(fx없음)
2026-08-10,미장,아이셰어즈 1-3년 미국 국채 ETF,SHY,USD,81.86,116021.0023,yahoo×fx
2026-08-11,미장,아이셰어즈 1-3년 미국 국채 ETF,SHY,USD,81.87,115615.1849,yahoo×fx
2026-08-12,미장,아이셰어즈 1-3년 미국 국채 ETF,SHY,USD,81.92,116036.3974,yahoo×fx
2026-08-13,미장,아이셰어즈 1-3년 미국 국채 ETF,SHY,USD,82.03,116224.2018,yahoo×fx
2026-08-14,미장,아이셰어즈 1-3년 미국 국채 ETF,SHY,USD,82.0,,yahoo(fx없음)
2026-08-17,미장,아이셰어즈 1-3년 미국 국채 ETF,SHY,USD,82.0,116007.8584,yahoo×fx
2026-08-18,미장,아이셰어즈 1-3년 미국 국채 ETF,SHY,USD,82.02,115941.8233,yahoo×fx
2026-08-19,미장,아이셰어즈 1-3년 미국 국채 ETF,SHY,USD,82.06,114014.1626,yahoo×fx
2026-08-20,미장,아이셰어즈 1-3년 미국 국채 ETF,SHY,USD,82.02,114072.5943,yahoo×fx
2026-08-21,미장,아이셰어즈 1-3년 미국 국채 ETF,SHY,USD,82.0,,yahoo(fx없음)
2026-08-24,미장,아이셰어즈 1-3년 미국 국채 ETF,SHY,USD,82.0,,yahoo(fx없음)
2026-08-25,미장,아이셰어즈 1-3년 미국 국채 ETF,SHY,USD,82.0596,113467.913,yahoo×fx
2026-01-02,미장,샌디스크,SNDK,USD,275.24,397347.4635,yahoo×fx
2026-01-05,미장,샌디스크,SNDK,USD,274.08,394806.7337,yahoo×fx
2026-01-06,미장,샌디스크,SNDK,USD,349.63,505411.1703,yahoo×fx
2026-01-07,미장,샌디스크,SNDK,USD,353.56,510880.0403,yahoo×fx
2026-01-08,미장,샌디스크,SNDK,USD,334.54,483791.6929,yahoo×fx
2026-01-09,미장,샌디스크,SNDK,USD,377.41,547274.6815,yahoo×fx
2026-01-12,미장,샌디스크,SNDK,USD,389.27,566481.255,yahoo×fx
2026-01-13,미장,샌디스크,SNDK,USD,389.81,571044.3807,yahoo×fx
2026-01-14,미장,샌디스크,SNDK,USD,387.81,571248.0083,yahoo×fx
2026-01-15,미장,샌디스크,SNDK,USD,409.24,598677.1917,yahoo×fx
2026-01-16,미장,샌디스크,SNDK,USD,413.62,607541.5795,yahoo×fx
2026-01-20,미장,샌디스크,SNDK,USD,453.12,666775.1441,yahoo×fx
2026-01-21,미장,샌디스크,SNDK,USD,501.29,740796.3635,yahoo×fx
2026-01-22,미장,샌디스크,SNDK,USD,503.44,737453.9967,yahoo×fx
2026-01-23,미장,샌디스크,SNDK,USD,473.83,693336.4708,yahoo×fx
2026-01-26,미장,샌디스크,SNDK,USD,470.8,680216.5579,yahoo×fx
2026-01-27,미장,샌디스크,SNDK,USD,481.43,693730.9814,yahoo×fx
2026-01-28,미장,샌디스크,SNDK,USD,527.63,755835.2634,yahoo×fx
2026-01-29,미장,샌디스크,SNDK,USD,539.3,770805.3041,yahoo×fx
2026-01-30,미장,샌디스크,SNDK,USD,576.25,823322.9556,yahoo×fx
2026-02-02,미장,샌디스크,SNDK,USD,665.24,963799.7303,yahoo×fx
2026-02-03,미장,샌디스크,SNDK,USD,695.51,1010256.1368,yahoo×fx
2026-02-04,미장,샌디스크,SNDK,USD,584.55,845656.8077,yahoo×fx
2026-02-05,미장,샌디스크,SNDK,USD,576.2,841315.3914,yahoo×fx
2026-02-06,미장,샌디스크,SNDK,USD,597.95,879393.1561,yahoo×fx
2026-02-09,미장,샌디스크,SNDK,USD,583.4,853164.2099,yahoo×fx
2026-02-10,미장,샌디스크,SNDK,USD,541.64,790003.6481,yahoo×fx
2026-02-11,미장,샌디스크,SNDK,USD,599.34,872237.4949,yahoo×fx
2026-02-12,미장,샌디스크,SNDK,USD,630.29,910258.4464,yahoo×fx
2026-02-13,미장,샌디스크,SNDK,USD,626.56,902810.3158,yahoo×fx
2026-02-17,미장,샌디스크,SNDK,USD,590.59,850585.4628,yahoo×fx
2026-02-18,미장,샌디스크,SNDK,USD,600.4,864558.0056,yahoo×fx
2026-02-19,미장,샌디스크,SNDK,USD,621.09,894469.0343,yahoo×fx
2026-02-20,미장,샌디스크,SNDK,USD,649.97,940994.0251,yahoo×fx
2026-02-23,미장,샌디스크,SNDK,USD,666.49,962038.2725,yahoo×fx
2026-02-24,미장,샌디스크,SNDK,USD,638.52,920873.541,yahoo×fx
2026-02-25,미장,샌디스크,SNDK,USD,632.38,910620.8771,yahoo×fx
2026-02-26,미장,샌디스크,SNDK,USD,651.9,930215.7369,yahoo×fx
2026-02-27,미장,샌디스크,SNDK,USD,635.36,910038.7801,yahoo×fx
2026-03-02,미장,샌디스크,SNDK,USD,619.08,890546.6046,yahoo×fx
2026-03-03,미장,샌디스크,SNDK,USD,565.41,821127.9527,yahoo×fx
2026-03-04,미장,샌디스크,SNDK,USD,599.06,888447.8784,yahoo×fx
2026-03-05,미장,샌디스크,SNDK,USD,565.59,826185.6317,yahoo×fx
2026-03-06,미장,샌디스크,SNDK,USD,527.33,780190.0387,yahoo×fx
2026-03-09,미장,샌디스크,SNDK,USD,588.73,873610.5393,yahoo×fx
2026-03-10,미장,샌디스크,SNDK,USD,618.89,906345.8416,yahoo×fx
2026-03-11,미장,샌디스크,SNDK,USD,655.43,965304.2038,yahoo×fx
2026-03-12,미장,샌디스크,SNDK,USD,618.82,912969.8885,yahoo×fx
2026-03-13,미장,샌디스크,SNDK,USD,661.62,972965.1033,yahoo×fx
2026-03-16,미장,샌디스크,SNDK,USD,703.63,1056676.3598,yahoo×fx
2026-03-17,미장,샌디스크,SNDK,USD,720.17,1072268.3139,yahoo×fx
2026-03-18,미장,샌디스크,SNDK,USD,753.69,1119131.6702,yahoo×fx
2026-03-19,미장,샌디스크,SNDK,USD,772.09,1162188.5129,yahoo×fx
2026-03-20,미장,샌디스크,SNDK,USD,709.71,1057354.3549,yahoo×fx
2026-03-23,미장,샌디스크,SNDK,USD,702.49,1056692.4408,yahoo×fx
2026-03-24,미장,샌디스크,SNDK,USD,702.48,1043435.6535,yahoo×fx
2026-03-25,미장,샌디스크,SNDK,USD,677.86,1014966.5744,yahoo×fx
2026-03-26,미장,샌디스크,SNDK,USD,603.17,905340.0316,yahoo×fx
2026-03-27,미장,샌디스크,SNDK,USD,615.83,928893.3556,yahoo×fx
2026-03-30,미장,샌디스크,SNDK,USD,572.5,867984.4278,yahoo×fx
2026-03-31,미장,샌디스크,SNDK,USD,635.34,955125.6947,yahoo×fx
2026-04-01,미장,샌디스크,SNDK,USD,692.73,1047470.0525,yahoo×fx
2026-04-02,미장,샌디스크,SNDK,USD,701.59,1058853.6798,yahoo×fx
2026-04-06,미장,샌디스크,SNDK,USD,724.63,1092633.3352,yahoo×fx
2026-04-07,미장,샌디스크,SNDK,USD,710.8,1065581.5892,yahoo×fx
2026-04-08,미장,샌디스크,SNDK,USD,780.9,1153857.857,yahoo×fx
2026-04-09,미장,샌디스크,SNDK,USD,851.57,1254601.0853,yahoo×fx
2026-04-10,미장,샌디스크,SNDK,USD,851.77,,yahoo(fx없음)
2026-04-13,미장,샌디스크,SNDK,USD,952.5,1406690.0674,yahoo×fx
2026-04-14,미장,샌디스크,SNDK,USD,944.46,1387808.487,yahoo×fx
2026-04-15,미장,샌디스크,SNDK,USD,891.72,1314448.7923,yahoo×fx
2026-04-16,미장,샌디스크,SNDK,USD,919.47,1358903.0995,yahoo×fx
2026-04-17,미장,샌디스크,SNDK,USD,920.99,,yahoo(fx없음)
2026-04-20,미장,샌디스크,SNDK,USD,913.02,1341463.8028,yahoo×fx
2026-04-21,미장,샌디스크,SNDK,USD,903.49,1342405.4716,yahoo×fx
2026-04-22,미장,샌디스크,SNDK,USD,979.07,1447026.2698,yahoo×fx
2026-04-23,미장,샌디스크,SNDK,USD,932.43,1379949.7221,yahoo×fx
2026-04-24,미장,샌디스크,SNDK,USD,989.9,,yahoo(fx없음)
2026-04-27,미장,샌디스크,SNDK,USD,1070.2,1576404.5281,yahoo×fx
2026-04-28,미장,샌디스크,SNDK,USD,1002.35,1475449.1308,yahoo×fx
2026-04-29,미장,샌디스크,SNDK,USD,1064.21,1582884.6169,yahoo×fx
2026-04-30,미장,샌디스크,SNDK,USD,1096.51,1616266.7302,yahoo×fx
2026-05-01,미장,샌디스크,SNDK,USD,1187.0,,yahoo(fx없음)
2026-05-04,미장,샌디스크,SNDK,USD,1255.86,1853712.1927,yahoo×fx
2026-05-05,미장,샌디스크,SNDK,USD,1406.3199,2072859.2931,yahoo×fx
2026-05-06,미장,샌디스크,SNDK,USD,1409.98,2036645.5139,yahoo×fx
2026-05-07,미장,샌디스크,SNDK,USD,1339.96,1949360.4039,yahoo×fx
2026-05-08,미장,샌디스크,SNDK,USD,1562.34,,yahoo(fx없음)
2026-05-11,미장,샌디스크,SNDK,USD,1547.5601,2281799.8528,yahoo×fx
2026-05-12,미장,샌디스크,SNDK,USD,1452.02,2167851.3548,yahoo×fx
2026-05-13,미장,샌디스크,SNDK,USD,1447.23,2156141.0646,yahoo×fx
2026-05-14,미장,샌디스크,SNDK,USD,1382.72,2064870.9938,yahoo×fx
2026-05-15,미장,샌디스크,SNDK,USD,1407.61,,yahoo(fx없음)
2026-05-18,미장,샌디스크,SNDK,USD,1333.01,1989277.4262,yahoo×fx
2026-05-19,미장,샌디스크,SNDK,USD,1383.29,2085793.8516,yahoo×fx
2026-05-20,미장,샌디스크,SNDK,USD,1392.5601,2088519.8263,yahoo×fx
2026-05-21,미장,샌디스크,SNDK,USD,1542.24,2320145.879,yahoo×fx
2026-05-22,미장,샌디스크,SNDK,USD,1478.6899,,yahoo(fx없음)
2026-05-26,미장,샌디스크,SNDK,USD,1589.55,2392972.1324,yahoo×fx
2026-05-27,미장,샌디스크,SNDK,USD,1589.9399,2389854.602,yahoo×fx
2026-05-28,미장,샌디스크,SNDK,USD,1641.64,2454727.9616,yahoo×fx
2026-05-29,미장,샌디스크,SNDK,USD,1694.98,,yahoo(fx없음)
2026-06-01,미장,샌디스크,SNDK,USD,1761.4301,2661996.4317,yahoo×fx
2026-06-02,미장,샌디스크,SNDK,USD,1716.36,2603031.5119,yahoo×fx
2026-06-03,미장,샌디스크,SNDK,USD,1831.5,2802396.4382,yahoo×fx
2026-06-04,미장,샌디스크,SNDK,USD,1759.6801,2697712.6054,yahoo×fx
2026-06-05,미장,샌디스크,SNDK,USD,1559.3199,,yahoo(fx없음)
2026-06-08,미장,샌디스크,SNDK,USD,1642.0,2510420.968,yahoo×fx
2026-06-09,미장,샌디스크,SNDK,USD,1646.54,2512307.3535,yahoo×fx
2026-06-10,미장,샌디스크,SNDK,USD,1643.23,2506007.9619,yahoo×fx
2026-06-11,미장,샌디스크,SNDK,USD,1881.51,2854965.6678,yahoo×fx
2026-06-12,미장,샌디스크,SNDK,USD,1980.1,,yahoo(fx없음)
2026-06-15,미장,샌디스크,SNDK,USD,2107.8601,3189845.9027,yahoo×fx
2026-06-16,미장,샌디스크,SNDK,USD,1991.55,3009152.384,yahoo×fx
2026-06-17,미장,샌디스크,SNDK,USD,1958.8,2987992.8566,yahoo×fx
2026-06-18,미장,샌디스크,SNDK,USD,2184.75,3359184.338,yahoo×fx
2026-06-22,미장,샌디스크,SNDK,USD,2273.73,3499384.2375,yahoo×fx
2026-06-23,미장,샌디스크,SNDK,USD,1963.6,3014616.8625,yahoo×fx
2026-06-24,미장,샌디스크,SNDK,USD,1914.46,2953552.268,yahoo×fx
2026-06-25,미장,샌디스크,SNDK,USD,2335.0,3611030.7544,yahoo×fx
2026-06-26,미장,샌디스크,SNDK,USD,2090.71,,yahoo(fx없음)
2026-06-29,미장,샌디스크,SNDK,USD,2050.3899,3161147.569,yahoo×fx
2026-06-30,미장,샌디스크,SNDK,USD,2273.73,3521120.9517,yahoo×fx
2026-07-01,미장,샌디스크,SNDK,USD,2032.22,3153619.3918,yahoo×fx
2026-07-02,미장,샌디스크,SNDK,USD,1745.0,2691016.8585,yahoo×fx
2026-07-06,미장,샌디스크,SNDK,USD,1744.4301,2666814.9059,yahoo×fx
2026-07-07,미장,샌디스크,SNDK,USD,1617.7,2458677.4241,yahoo×fx
2026-07-08,미장,샌디스크,SNDK,USD,1727.1801,2596556.0916,yahoo×fx
2026-07-09,미장,샌디스크,SNDK,USD,1858.27,2798387.4686,yahoo×fx
2026-07-10,미장,샌디스크,SNDK,USD,1915.92,,yahoo(fx없음)
2026-07-13,미장,샌디스크,SNDK,USD,1673.97,2507104.7434,yahoo×fx
2026-07-14,미장,샌디스크,SNDK,USD,1757.8199,2615425.1503,yahoo×fx
2026-07-15,미장,샌디스크,SNDK,USD,1615.0,2400212.9211,yahoo×fx
2026-07-16,미장,샌디스크,SNDK,USD,1411.08,2086775.5586,yahoo×fx
2026-07-17,미장,샌디스크,SNDK,USD,1354.8199,,yahoo(fx없음)
2026-07-20,미장,샌디스크,SNDK,USD,1390.95,2051665.1011,yahoo×fx
2026-07-21,미장,샌디스크,SNDK,USD,1589.4,2351866.9576,yahoo×fx
2026-07-22,미장,샌디스크,SNDK,USD,1599.27,2359930.8267,yahoo×fx
2026-07-23,미장,샌디스크,SNDK,USD,1610.33,2373690.8313,yahoo×fx
2026-07-24,미장,샌디스크,SNDK,USD,1436.5601,,yahoo(fx없음)
2026-07-27,미장,샌디스크,SNDK,USD,1278.23,1871891.0377,yahoo×fx
2026-07-28,미장,샌디스크,SNDK,USD,1096.1,1592808.678,yahoo×fx
2026-07-29,미장,샌디스크,SNDK,USD,1015.89,1465197.8801,yahoo×fx
2026-07-30,미장,샌디스크,SNDK,USD,1279.96,1818311.0893,yahoo×fx
2026-07-31,미장,샌디스크,SNDK,USD,1214.83,,yahoo(fx없음)
2026-08-03,미장,샌디스크,SNDK,USD,1288.03,1839950.8969,yahoo×fx
2026-08-04,미장,샌디스크,SNDK,USD,1427.62,2039255.3063,yahoo×fx
2026-08-05,미장,샌디스크,SNDK,USD,1350.5,1919276.6262,yahoo×fx
2026-08-06,미장,샌디스크,SNDK,USD,1258.58,1790078.333,yahoo×fx
2026-08-07,미장,샌디스크,SNDK,USD,1212.21,,yahoo(fx없음)
2026-08-10,미장,샌디스크,SNDK,USD,1237.92,1754516.53,yahoo×fx
2026-08-11,미장,샌디스크,SNDK,USD,1271.05,1794951.5262,yahoo×fx
2026-08-12,미장,샌디스크,SNDK,USD,1344.29,1904133.0162,yahoo×fx
2026-08-13,미장,샌디스크,SNDK,USD,1528.11,2165102.5954,yahoo×fx
2026-08-14,미장,샌디스크,SNDK,USD,1641.11,,yahoo(fx없음)
2026-08-17,미장,샌디스크,SNDK,USD,1786.85,2527910.2311,yahoo×fx
2026-08-18,미장,샌디스크,SNDK,USD,1625.78,2298170.0624,yahoo×fx
2026-02-18,미장,TRADR 샌디스크 2배 ETF,SNXX,USD,4.6038,6629.2621,yahoo×fx
2026-02-19,미장,TRADR 샌디스크 2배 ETF,SNXX,USD,4.8938,7047.7834,yahoo×fx
2026-02-20,미장,TRADR 샌디스크 2배 ETF,SNXX,USD,5.345,7738.2234,yahoo×fx
2026-02-23,미장,TRADR 샌디스크 2배 ETF,SNXX,USD,5.6163,8106.7196,yahoo×fx
2026-02-24,미장,TRADR 샌디스크 2배 ETF,SNXX,USD,5.1588,7439.9491,yahoo×fx
2026-02-25,미장,TRADR 샌디스크 2배 ETF,SNXX,USD,5.0512,7273.7494,yahoo×fx
2026-02-26,미장,TRADR 샌디스크 2배 ETF,SNXX,USD,5.3337,7610.8878,yahoo×fx
2026-02-27,미장,TRADR 샌디스크 2배 ETF,SNXX,USD,5.0662,7256.4907,yahoo×fx
2026-03-02,미장,TRADR 샌디스크 2배 ETF,SNXX,USD,4.8225,6937.1666,yahoo×fx
2026-03-03,미장,TRADR 샌디스크 2배 ETF,SNXX,USD,3.9688,5763.6966,yahoo×fx
2026-03-04,미장,TRADR 샌디스크 2배 ETF,SNXX,USD,4.4088,6538.4847,yahoo×fx
2026-03-05,미장,TRADR 샌디스크 2배 ETF,SNXX,USD,3.9613,5786.396,yahoo×fx
2026-03-06,미장,TRADR 샌디스크 2배 ETF,SNXX,USD,3.4062,5039.581,yahoo×fx
2026-03-09,미장,TRADR 샌디스크 2배 ETF,SNXX,USD,4.2056,6240.685,yahoo×fx
2026-03-10,미장,TRADR 샌디스크 2배 ETF,SNXX,USD,4.6262,6775.0039,yahoo×fx
2026-03-11,미장,TRADR 샌디스크 2배 ETF,SNXX,USD,5.18,7629.0003,yahoo×fx
2026-03-12,미장,TRADR 샌디스크 2배 ETF,SNXX,USD,4.6025,6790.2521,yahoo×fx
2026-03-13,미장,TRADR 샌디스크 2배 ETF,SNXX,USD,5.25,7720.5448,yahoo×fx
2026-03-16,미장,TRADR 샌디스크 2배 ETF,SNXX,USD,5.9062,8869.7109,yahoo×fx
2026-03-17,미장,TRADR 샌디스크 2배 ETF,SNXX,USD,6.165,9179.1303,yahoo×fx
2026-03-18,미장,TRADR 샌디스크 2배 ETF,SNXX,USD,6.7063,9957.9097,yahoo×fx
2026-03-19,미장,TRADR 샌디스크 2배 ETF,SNXX,USD,7.0287,10580.0259,yahoo×fx
2026-03-20,미장,TRADR 샌디스크 2배 ETF,SNXX,USD,5.9025,8793.7806,yahoo×fx
2026-03-23,미장,TRADR 샌디스크 2배 ETF,SNXX,USD,5.7962,8718.7768,yahoo×fx
2026-03-24,미장,TRADR 샌디스크 2배 ETF,SNXX,USD,5.7775,8581.6675,yahoo×fx
2026-03-25,미장,TRADR 샌디스크 2배 ETF,SNXX,USD,5.365,8033.0681,yahoo×fx
2026-03-26,미장,TRADR 샌디스크 2배 ETF,SNXX,USD,4.1788,6272.1783,yahoo×fx
2026-03-27,미장,TRADR 샌디스크 2배 ETF,SNXX,USD,4.3475,6557.5948,yahoo×fx
2026-03-30,미장,TRADR 샌디스크 2배 ETF,SNXX,USD,3.74,5670.3262,yahoo×fx
2026-03-31,미장,TRADR 샌디스크 2배 ETF,SNXX,USD,4.5525,6843.9093,yahoo×fx
2026-04-01,미장,TRADR 샌디스크 2배 ETF,SNXX,USD,5.395,8157.7253,yahoo×fx
2026-04-02,미장,TRADR 샌디스크 2배 ETF,SNXX,USD,5.5138,8321.4617,yahoo×fx
2026-04-06,미장,TRADR 샌디스크 2배 ETF,SNXX,USD,5.8612,8837.8856,yahoo×fx
2026-04-07,미장,TRADR 샌디스크 2배 ETF,SNXX,USD,5.6413,8456.9673,yahoo×fx
2026-04-08,미장,TRADR 샌디스크 2배 ETF,SNXX,USD,6.7375,9955.3301,yahoo×fx
2026-04-09,미장,TRADR 샌디스크 2배 ETF,SNXX,USD,7.985,11764.1412,yahoo×fx
2026-04-10,미장,TRADR 샌디스크 2배 ETF,SNXX,USD,7.9725,,yahoo(fx없음)
2026-04-13,미장,TRADR 샌디스크 2배 ETF,SNXX,USD,9.8638,14567.1809,yahoo×fx
2026-04-14,미장,TRADR 샌디스크 2배 ETF,SNXX,USD,9.6737,14214.802,yahoo×fx
2026-04-15,미장,TRADR 샌디스크 2배 ETF,SNXX,USD,8.6,12676.9171,yahoo×fx
2026-04-16,미장,TRADR 샌디스크 2배 ETF,SNXX,USD,9.125,13486.0204,yahoo×fx
2026-04-17,미장,TRADR 샌디스크 2배 ETF,SNXX,USD,9.14,,yahoo(fx없음)
2026-04-20,미장,TRADR 샌디스크 2배 ETF,SNXX,USD,8.9987,13221.5031,yahoo×fx
2026-04-21,미장,TRADR 샌디스크 2배 ETF,SNXX,USD,8.8088,13088.0414,yahoo×fx
2026-04-22,미장,TRADR 샌디스크 2배 ETF,SNXX,USD,10.265,15171.2595,yahoo×fx
2026-04-23,미장,TRADR 샌디스크 2배 ETF,SNXX,USD,9.295,13756.1349,yahoo×fx
2026-04-24,미장,TRADR 샌디스크 2배 ETF,SNXX,USD,10.4362,,yahoo(fx없음)
2026-04-27,미장,TRADR 샌디스크 2배 ETF,SNXX,USD,12.105,17830.6643,yahoo×fx
2026-04-28,미장,TRADR 샌디스크 2배 ETF,SNXX,USD,10.5625,15547.8943,yahoo×fx
2026-04-29,미장,TRADR 샌디스크 2배 ETF,SNXX,USD,11.875,17662.6376,yahoo×fx
2026-04-30,미장,TRADR 샌디스크 2배 ETF,SNXX,USD,12.6663,18670.1796,yahoo×fx
2026-05-01,미장,TRADR 샌디스크 2배 ETF,SNXX,USD,14.6275,,yahoo(fx없음)
2026-05-04,미장,TRADR 샌디스크 2배 ETF,SNXX,USD,16.32,24089.1363,yahoo×fx
2026-05-05,미장,TRADR 샌디스크 2배 ETF,SNXX,USD,20.2013,29775.8338,yahoo×fx
2026-05-06,미장,TRADR 샌디스크 2배 ETF,SNXX,USD,20.325,29358.4464,yahoo×fx
2026-05-07,미장,TRADR 샌디스크 2배 ETF,SNXX,USD,18.27,26579.0147,yahoo×fx
2026-05-08,미장,TRADR 샌디스크 2배 ETF,SNXX,USD,24.4862,,yahoo(fx없음)
2026-05-11,미장,TRADR 샌디스크 2배 ETF,SNXX,USD,23.9375,35294.6457,yahoo×fx
2026-05-12,미장,TRADR 샌디스크 2배 ETF,SNXX,USD,20.9069,31213.756,yahoo×fx
2026-05-13,미장,TRADR 샌디스크 2배 ETF,SNXX,USD,20.8,30988.6702,yahoo×fx
2026-05-14,미장,TRADR 샌디스크 2배 ETF,SNXX,USD,18.9375,28280.1256,yahoo×fx
2026-05-15,미장,TRADR 샌디스크 2배 ETF,SNXX,USD,19.635,,yahoo(fx없음)
2026-05-18,미장,TRADR 샌디스크 2배 ETF,SNXX,USD,17.5225,26149.1749,yahoo×fx
2026-05-19,미장,TRADR 샌디스크 2배 ETF,SNXX,USD,18.79,28332.5024,yahoo×fx
2026-05-20,미장,TRADR 샌디스크 2배 ETF,SNXX,USD,19.0125,28514.3786,yahoo×fx
2026-05-21,미장,TRADR 샌디스크 2배 ETF,SNXX,USD,23.1213,34783.6093,yahoo×fx
2026-05-22,미장,TRADR 샌디스크 2배 ETF,SNXX,USD,21.2812,,yahoo(fx없음)
2026-05-26,미장,TRADR 샌디스크 2배 ETF,SNXX,USD,24.3425,36646.1728,yahoo×fx
2026-05-27,미장,TRADR 샌디스크 2배 ETF,SNXX,USD,24.5,36826.1946,yahoo×fx
2026-05-28,미장,TRADR 샌디스크 2배 ETF,SNXX,USD,25.8325,38627.0806,yahoo×fx
2026-05-29,미장,TRADR 샌디스크 2배 ETF,SNXX,USD,27.5,,yahoo(fx없음)
2026-06-01,미장,TRADR 샌디스크 2배 ETF,SNXX,USD,29.5487,44656.1399,yahoo×fx
2026-06-02,미장,TRADR 샌디스크 2배 ETF,SNXX,USD,28.22,42798.4503,yahoo×fx
2026-06-03,미장,TRADR 샌디스크 2배 ETF,SNXX,USD,31.1,47586.4211,yahoo×fx
2026-06-04,미장,TRADR 샌디스크 2배 ETF,SNXX,USD,29.59,45363.5399,yahoo×fx
2026-06-05,미장,TRADR 샌디스크 2배 ETF,SNXX,USD,22.79,,yahoo(fx없음)
2026-06-08,미장,TRADR 샌디스크 2배 ETF,SNXX,USD,25.12,38405.467,yahoo×fx
2026-06-09,미장,TRADR 샌디스크 2배 ETF,SNXX,USD,25.34,38664.0271,yahoo×fx
2026-06-10,미장,TRADR 샌디스크 2배 ETF,SNXX,USD,25.19,38416.0115,yahoo×fx
2026-06-11,미장,TRADR 샌디스크 2배 ETF,SNXX,USD,32.26,48950.6764,yahoo×fx
2026-06-12,미장,TRADR 샌디스크 2배 ETF,SNXX,USD,35.72,,yahoo(fx없음)
2026-06-15,미장,TRADR 샌디스크 2배 ETF,SNXX,USD,40.5,61289.0574,yahoo×fx
2026-06-16,미장,TRADR 샌디스크 2배 ETF,SNXX,USD,36.01,54409.6657,yahoo×fx
2026-06-17,미장,TRADR 샌디스크 2배 ETF,SNXX,USD,35.0,53389.7015,yahoo×fx
2026-06-18,미장,TRADR 샌디스크 2배 ETF,SNXX,USD,42.78,65776.8174,yahoo×fx
2026-06-22,미장,TRADR 샌디스크 2배 ETF,SNXX,USD,46.28,71227.2344,yahoo×fx
2026-06-23,미장,TRADR 샌디스크 2배 ETF,SNXX,USD,33.73,51783.9818,yahoo×fx
2026-06-24,미장,TRADR 샌디스크 2배 ETF,SNXX,USD,32.05,49445.4571,yahoo×fx
2026-06-25,미장,TRADR 샌디스크 2배 ETF,SNXX,USD,45.82,70859.7122,yahoo×fx
2026-06-26,미장,TRADR 샌디스크 2배 ETF,SNXX,USD,36.5,,yahoo(fx없음)
2026-06-29,미장,TRADR 샌디스크 2배 ETF,SNXX,USD,34.79,53636.7874,yahoo×fx
2026-06-30,미장,TRADR 샌디스크 2배 ETF,SNXX,USD,42.05,65119.0487,yahoo×fx
2026-07-01,미장,TRADR 샌디스크 2배 ETF,SNXX,USD,33.48,51954.6001,yahoo×fx
2026-07-02,미장,TRADR 샌디스크 2배 ETF,SNXX,USD,23.9,36856.9065,yahoo×fx
2026-07-06,미장,TRADR 샌디스크 2배 ETF,SNXX,USD,23.68,36201.0375,yahoo×fx
2026-07-07,미장,TRADR 샌디스크 2배 ETF,SNXX,USD,20.36,30944.3502,yahoo×fx
2026-07-08,미장,TRADR 샌디스크 2배 ETF,SNXX,USD,23.0,34577.0494,yahoo×fx
2026-07-09,미장,TRADR 샌디스크 2배 ETF,SNXX,USD,26.4,39756.0243,yahoo×fx
2026-07-10,미장,TRADR 샌디스크 2배 ETF,SNXX,USD,28.06,,yahoo(fx없음)
2026-07-13,미장,TRADR 샌디스크 2배 ETF,SNXX,USD,21.0,31451.699,yahoo×fx
2026-07-14,미장,TRADR 샌디스크 2배 ETF,SNXX,USD,22.93,34117.089,yahoo×fx
2026-07-15,미장,TRADR 샌디스크 2배 ETF,SNXX,USD,19.3,28683.6579,yahoo×fx
2026-07-16,미장,TRADR 샌디스크 2배 ETF,SNXX,USD,14.48,21413.747,yahoo×fx
2026-07-17,미장,TRADR 샌디스크 2배 ETF,SNXX,USD,13.2,,yahoo(fx없음)
2026-07-20,미장,TRADR 샌디스크 2배 ETF,SNXX,USD,13.86,20443.6382,yahoo×fx
2026-07-21,미장,TRADR 샌디스크 2배 ETF,SNXX,USD,17.82,26368.6094,yahoo×fx
2026-07-22,미장,TRADR 샌디스크 2배 ETF,SNXX,USD,18.02,26590.8534,yahoo×fx
2026-07-23,미장,TRADR 샌디스크 2배 ETF,SNXX,USD,18.32,27004.4131,yahoo×fx
2026-07-24,미장,TRADR 샌디스크 2배 ETF,SNXX,USD,14.42,,yahoo(fx없음)
2026-07-27,미장,TRADR 샌디스크 2배 ETF,SNXX,USD,11.24,16460.3046,yahoo×fx
2026-07-28,미장,TRADR 샌디스크 2배 ETF,SNXX,USD,8.04,11683.4066,yahoo×fx
2026-07-29,미장,TRADR 샌디스크 2배 ETF,SNXX,USD,6.9,9951.7323,yahoo×fx
2026-07-30,미장,TRADR 샌디스크 2배 ETF,SNXX,USD,10.48,14887.8871,yahoo×fx
2026-07-31,미장,TRADR 샌디스크 2배 ETF,SNXX,USD,9.34,,yahoo(fx없음)
2026-08-03,미장,TRADR 샌디스크 2배 ETF,SNXX,USD,10.43,14899.2554,yahoo×fx
2026-08-04,미장,TRADR 샌디스크 2배 ETF,SNXX,USD,12.77,18241.0524,yahoo×fx
2026-08-05,미장,TRADR 샌디스크 2배 ETF,SNXX,USD,11.38,16172.8014,yahoo×fx
2026-08-06,미장,TRADR 샌디스크 2배 ETF,SNXX,USD,9.84,13995.4327,yahoo×fx
2026-08-07,미장,TRADR 샌디스크 2배 ETF,SNXX,USD,9.11,,yahoo(fx없음)
2026-08-10,미장,TRADR 샌디스크 2배 ETF,SNXX,USD,9.43,13365.2343,yahoo×fx
2026-08-11,미장,TRADR 샌디스크 2배 ETF,SNXX,USD,9.94,14037.0691,yahoo×fx
2026-08-12,미장,TRADR 샌디스크 2배 ETF,SNXX,USD,11.07,15680.2113,yahoo×fx
2026-08-13,미장,TRADR 샌디스크 2배 ETF,SNXX,USD,14.09,19963.4164,yahoo×fx
2026-08-14,미장,TRADR 샌디스크 2배 ETF,SNXX,USD,16.19,,yahoo(fx없음)
2026-08-17,미장,TRADR 샌디스크 2배 ETF,SNXX,USD,19.06,26964.7527,yahoo×fx
2026-08-18,미장,TRADR 샌디스크 2배 ETF,SNXX,USD,15.66,22136.6619,yahoo×fx
2026-08-19,미장,TRADR 샌디스크 2배 ETF,SNXX,USD,14.58,20257.4522,yahoo×fx
2026-08-20,미장,TRADR 샌디스크 2배 ETF,SNXX,USD,15.14,21056.5617,yahoo×fx
2026-08-21,미장,TRADR 샌디스크 2배 ETF,SNXX,USD,15.01,,yahoo(fx없음)
2026-08-24,미장,TRADR 샌디스크 2배 ETF,SNXX,USD,13.05,,yahoo(fx없음)
2026-08-25,미장,TRADR 샌디스크 2배 ETF,SNXX,USD,12.8903,17824.062,yahoo×fx
2026-08-14,미장,디렉시온 반도체 3배 ETF,SOXL,USD,144.95,,yahoo(fx없음)
2026-08-17,미장,디렉시온 반도체 3배 ETF,SOXL,USD,151.53,214374.0322,yahoo×fx
2026-08-18,미장,디렉시온 반도체 3배 ETF,SOXL,USD,129.1,182493.181,yahoo×fx
2026-08-19,미장,디렉시온 반도체 3배 ETF,SOXL,USD,120.74,167756.156,yahoo×fx
2026-08-20,미장,디렉시온 반도체 3배 ETF,SOXL,USD,122.21,169968.4494,yahoo×fx
2026-08-21,미장,디렉시온 반도체 3배 ETF,SOXL,USD,120.6,,yahoo(fx없음)
2026-08-24,미장,디렉시온 반도체 3배 ETF,SOXL,USD,111.16,,yahoo(fx없음)
2026-08-25,미장,디렉시온 반도체 3배 ETF,SOXL,USD,115.81,160136.2741,yahoo×fx
2026-06-16,미장,스페이스X,SPCX,USD,211.39,319401.8252,yahoo×fx
2026-06-17,미장,스페이스X,SPCX,USD,191.82,292606.084,yahoo×fx
2026-06-18,미장,스페이스X,SPCX,USD,185.0,284448.6108,yahoo×fx
2026-06-22,미장,스페이스X,SPCX,USD,154.6,237937.1469,yahoo×fx
2026-06-23,미장,스페이스X,SPCX,USD,156.11,239667.8784,yahoo×fx
2026-06-24,미장,스페이스X,SPCX,USD,154.54,238418.1216,yahoo×fx
2026-06-25,미장,스페이스X,SPCX,USD,153.0,236611.437,yahoo×fx
2026-06-26,미장,스페이스X,SPCX,USD,153.23,,yahoo(fx없음)
2026-06-29,미장,스페이스X,SPCX,USD,164.19,253136.6493,yahoo×fx
2026-06-30,미장,스페이스X,SPCX,USD,170.86,264595.503,yahoo×fx
2026-07-01,미장,스페이스X,SPCX,USD,157.54,244472.1462,yahoo×fx
2026-07-02,미장,스페이스X,SPCX,USD,162.0,249825.0608,yahoo×fx
2026-01-02,미장,스포티파이 테크놀러지,SPOT,USD,575.0,830093.0084,yahoo×fx
2026-01-05,미장,스포티파이 테크놀러지,SPOT,USD,593.39,854766.4367,yahoo×fx
2026-01-06,미장,스포티파이 테크놀러지,SPOT,USD,571.43,826036.3737,yahoo×fx
2026-01-07,미장,스포티파이 테크놀러지,SPOT,USD,569.62,823078.0859,yahoo×fx
2026-01-08,미장,스포티파이 테크놀러지,SPOT,USD,553.68,800698.7927,yahoo×fx
2026-01-09,미장,스포티파이 테크놀러지,SPOT,USD,539.37,782129.6188,yahoo×fx
2026-01-12,미장,스포티파이 테크놀러지,SPOT,USD,530.0,771277.1948,yahoo×fx
2026-01-13,미장,스포티파이 테크놀러지,SPOT,USD,534.64,783210.2254,yahoo×fx
2026-01-14,미장,스포티파이 테크놀러지,SPOT,USD,528.92,779104.4292,yahoo×fx
2026-01-15,미장,스포티파이 테크놀러지,SPOT,USD,508.04,743211.7409,yahoo×fx
2026-01-16,미장,스포티파이 테크놀러지,SPOT,USD,504.5,741029.7628,yahoo×fx
2026-01-20,미장,스포티파이 테크놀러지,SPOT,USD,511.33,752432.3118,yahoo×fx
2026-01-21,미장,스포티파이 테크놀러지,SPOT,USD,502.19,742126.3565,yahoo×fx
2026-01-22,미장,스포티파이 테크놀러지,SPOT,USD,498.64,730422.8307,yahoo×fx
2026-01-23,미장,스포티파이 테크놀러지,SPOT,USD,513.21,750959.7018,yahoo×fx
2026-01-26,미장,스포티파이 테크놀러지,SPOT,USD,512.6,740609.6008,yahoo×fx
2026-01-27,미장,스포티파이 테크놀러지,SPOT,USD,511.7,737349.4736,yahoo×fx
2026-01-28,미장,스포티파이 테크놀러지,SPOT,USD,508.7,728717.8595,yahoo×fx
2026-01-29,미장,스포티파이 테크놀러지,SPOT,USD,503.92,720237.7674,yahoo×fx
2026-01-30,미장,스포티파이 테크놀러지,SPOT,USD,500.35,714880.0796,yahoo×fx
2026-02-02,미장,스포티파이 테크놀러지,SPOT,USD,508.58,736830.7094,yahoo×fx
2026-02-03,미장,스포티파이 테크놀러지,SPOT,USD,473.99,688489.4389,yahoo×fx
2026-02-04,미장,스포티파이 테크놀러지,SPOT,USD,440.53,637305.9623,yahoo×fx
2026-02-05,미장,스포티파이 테크놀러지,SPOT,USD,412.75,602660.3965,yahoo×fx
2026-02-06,미장,스포티파이 테크놀러지,SPOT,USD,422.61,621524.076,yahoo×fx
2026-02-09,미장,스포티파이 테크놀러지,SPOT,USD,414.84,606662.0208,yahoo×fx
2026-02-10,미장,스포티파이 테크놀러지,SPOT,USD,476.02,694294.2134,yahoo×fx
2026-02-11,미장,스포티파이 테크놀러지,SPOT,USD,487.17,708993.1142,yahoo×fx
2026-02-12,미장,스포티파이 테크놀러지,SPOT,USD,445.79,643805.4463,yahoo×fx
2026-02-13,미장,스포티파이 테크놀러지,SPOT,USD,458.34,660422.1119,yahoo×fx
2026-02-17,미장,스포티파이 테크놀러지,SPOT,USD,462.82,666567.2501,yahoo×fx
2026-02-18,미장,스포티파이 테크놀러지,SPOT,USD,477.58,687700.8393,yahoo×fx
2026-02-19,미장,스포티파이 테크놀러지,SPOT,USD,485.29,698895.2753,yahoo×fx
2026-02-20,미장,스포티파이 테크놀러지,SPOT,USD,490.6,710266.1588,yahoo×fx
2026-02-23,미장,스포티파이 테크놀러지,SPOT,USD,467.83,675284.4884,yahoo×fx
2026-02-24,미장,스포티파이 테크놀러지,SPOT,USD,465.66,671574.8345,yahoo×fx
2026-02-25,미장,스포티파이 테크놀러지,SPOT,USD,463.28,667118.5609,yahoo×fx
2026-02-26,미장,스포티파이 테크놀러지,SPOT,USD,495.65,707257.8724,yahoo×fx
2026-02-27,미장,스포티파이 테크놀러지,SPOT,USD,514.94,737558.8366,yahoo×fx
2026-03-02,미장,스포티파이 테크놀러지,SPOT,USD,507.28,729722.2782,yahoo×fx
2026-03-03,미장,스포티파이 테크놀러지,SPOT,USD,519.96,755122.3513,yahoo×fx
2026-03-04,미장,스포티파이 테크놀러지,SPOT,USD,534.09,792092.8674,yahoo×fx
2026-03-05,미장,스포티파이 테크놀러지,SPOT,USD,552.12,806509.2829,yahoo×fx
2026-03-06,미장,스포티파이 테크놀러지,SPOT,USD,565.19,836204.266,yahoo×fx
2026-03-09,미장,스포티파이 테크놀러지,SPOT,USD,544.88,808541.9984,yahoo×fx
2026-03-10,미장,스포티파이 테크놀러지,SPOT,USD,530.26,776549.861,yahoo×fx
2026-03-11,미장,스포티파이 테크놀러지,SPOT,USD,514.37,757553.8565,yahoo×fx
2026-03-12,미장,스포티파이 테크놀러지,SPOT,USD,509.59,751818.4878,yahoo×fx
2026-03-13,미장,스포티파이 테크놀러지,SPOT,USD,516.06,758907.4885,yahoo×fx
2026-03-16,미장,스포티파이 테크놀러지,SPOT,USD,524.0,786917.0,yahoo×fx
2026-03-17,미장,스포티파이 테크놀러지,SPOT,USD,525.23,782020.1882,yahoo×fx
2026-03-18,미장,스포티파이 테크놀러지,SPOT,USD,516.72,767261.9804,yahoo×fx
2026-03-19,미장,스포티파이 테크놀러지,SPOT,USD,482.52,726313.2135,yahoo×fx
2026-03-20,미장,스포티파이 테크놀러지,SPOT,USD,474.54,706988.6701,yahoo×fx
2026-03-23,미장,스포티파이 테크놀러지,SPOT,USD,492.39,740657.9647,yahoo×fx
2026-03-24,미장,스포티파이 테크놀러지,SPOT,USD,484.85,720176.798,yahoo×fx
2026-03-25,미장,스포티파이 테크놀러지,SPOT,USD,473.21,708542.08,yahoo×fx
2026-03-26,미장,스포티파이 테크놀러지,SPOT,USD,478.18,717733.8096,yahoo×fx
2026-03-27,미장,스포티파이 테크놀러지,SPOT,USD,472.48,712669.9425,yahoo×fx
2026-03-30,미장,스포티파이 테크놀러지,SPOT,USD,475.0,720161.7523,yahoo×fx
2026-03-31,미장,스포티파이 테크놀러지,SPOT,USD,484.91,728979.7345,yahoo×fx
2026-04-01,미장,스포티파이 테크놀러지,SPOT,USD,470.01,710697.4196,yahoo×fx
2026-04-02,미장,스포티파이 테크놀러지,SPOT,USD,488.97,737963.2909,yahoo×fx
2026-04-06,미장,스포티파이 테크놀러지,SPOT,USD,484.48,730523.1727,yahoo×fx
2026-04-07,미장,스포티파이 테크놀러지,SPOT,USD,483.18,724349.6248,yahoo×fx
2026-04-08,미장,스포티파이 테크놀러지,SPOT,USD,483.17,713932.0,yahoo×fx
2026-04-09,미장,스포티파이 테크놀러지,SPOT,USD,486.62,716927.5207,yahoo×fx
2026-04-10,미장,스포티파이 테크놀러지,SPOT,USD,475.99,,yahoo(fx없음)
2026-04-13,미장,스포티파이 테크놀러지,SPOT,USD,504.1,744475.0358,yahoo×fx
2026-04-14,미장,스포티파이 테크놀러지,SPOT,USD,511.36,751402.6121,yahoo×fx
2026-04-15,미장,스포티파이 테크놀러지,SPOT,USD,531.17,782976.4561,yahoo×fx
2026-04-16,미장,스포티파이 테크놀러지,SPOT,USD,531.45,785440.6254,yahoo×fx
2026-04-17,미장,스포티파이 테크놀러지,SPOT,USD,536.61,,yahoo(fx없음)
2026-04-20,미장,스포티파이 테크놀러지,SPOT,USD,536.76,788640.0172,yahoo×fx
2026-04-21,미장,스포티파이 테크놀러지,SPOT,USD,522.44,776241.3811,yahoo×fx
2026-04-22,미장,스포티파이 테크놀러지,SPOT,USD,522.88,772795.7116,yahoo×fx
2026-04-23,미장,스포티파이 테크놀러지,SPOT,USD,515.94,763565.3814,yahoo×fx
2026-04-24,미장,스포티파이 테크놀러지,SPOT,USD,518.0,,yahoo(fx없음)
2026-04-27,미장,스포티파이 테크놀러지,SPOT,USD,495.82,730342.8708,yahoo×fx
2026-04-28,미장,스포티파이 테크놀러지,SPOT,USD,434.2,639138.0717,yahoo×fx
2026-04-29,미장,스포티파이 테크놀러지,SPOT,USD,443.57,659757.1597,yahoo×fx
2026-04-30,미장,스포티파이 테크놀러지,SPOT,USD,446.55,658219.1519,yahoo×fx
2026-05-01,미장,스포티파이 테크놀러지,SPOT,USD,441.51,,yahoo(fx없음)
2026-05-04,미장,스포티파이 테크놀러지,SPOT,USD,438.26,646893.7088,yahoo×fx
2026-05-05,미장,스포티파이 테크놀러지,SPOT,USD,419.53,618370.4206,yahoo×fx
2026-05-06,미장,스포티파이 테크놀러지,SPOT,USD,425.25,614252.3417,yahoo×fx
2026-05-07,미장,스포티파이 테크놀러지,SPOT,USD,427.43,621820.8957,yahoo×fx
2026-05-08,미장,스포티파이 테크놀러지,SPOT,USD,417.83,,yahoo(fx없음)
2026-05-11,미장,스포티파이 테크놀러지,SPOT,USD,419.5,618531.7545,yahoo×fx
2026-05-12,미장,스포티파이 테크놀러지,SPOT,USD,432.75,646091.4183,yahoo×fx
2026-05-13,미장,스포티파이 테크놀러지,SPOT,USD,430.9,641972.0322,yahoo×fx
2026-05-14,미장,스포티파이 테크놀러지,SPOT,USD,432.54,645929.2816,yahoo×fx
2026-05-15,미장,스포티파이 테크놀러지,SPOT,USD,436.94,,yahoo(fx없음)
2026-05-18,미장,스포티파이 테크놀러지,SPOT,USD,445.01,664097.3139,yahoo×fx
2026-05-19,미장,스포티파이 테크놀러지,SPOT,USD,441.59,665851.4652,yahoo×fx
2026-05-20,미장,스포티파이 테크놀러지,SPOT,USD,433.32,649880.3558,yahoo×fx
2026-05-21,미장,스포티파이 테크놀러지,SPOT,USD,489.93,737050.6929,yahoo×fx
2026-05-22,미장,스포티파이 테크놀러지,SPOT,USD,519.86,,yahoo(fx없음)
2026-05-26,미장,스포티파이 테크놀러지,SPOT,USD,529.71,797446.6244,yahoo×fx
2026-05-27,미장,스포티파이 테크놀러지,SPOT,USD,512.83,770839.9195,yahoo×fx
2026-05-28,미장,스포티파이 테크놀러지,SPOT,USD,516.71,772631.3489,yahoo×fx
2026-05-29,미장,스포티파이 테크놀러지,SPOT,USD,497.68,,yahoo(fx없음)
2026-06-01,미장,스포티파이 테크놀러지,SPOT,USD,507.76,767362.4799,yahoo×fx
2026-06-02,미장,스포티파이 테크놀러지,SPOT,USD,501.5,760574.8878,yahoo×fx
2026-06-03,미장,스포티파이 테크놀러지,SPOT,USD,487.54,745989.8353,yahoo×fx
2026-06-04,미장,스포티파이 테크놀러지,SPOT,USD,493.58,756692.6435,yahoo×fx
2026-06-05,미장,스포티파이 테크놀러지,SPOT,USD,496.95,,yahoo(fx없음)
2026-06-08,미장,스포티파이 테크놀러지,SPOT,USD,503.13,769225.4043,yahoo×fx
2026-06-09,미장,스포티파이 테크놀러지,SPOT,USD,496.22,757137.4691,yahoo×fx
2026-06-10,미장,스포티파이 테크놀러지,SPOT,USD,503.1,767252.6889,yahoo×fx
2026-06-11,미장,스포티파이 테크놀러지,SPOT,USD,486.0,737446.6824,yahoo×fx
2026-06-12,미장,스포티파이 테크놀러지,SPOT,USD,482.0,,yahoo(fx없음)
2026-06-15,미장,스포티파이 테크놀러지,SPOT,USD,479.85,726161.8409,yahoo×fx
2026-06-16,미장,스포티파이 테크놀러지,SPOT,USD,469.81,709864.0956,yahoo×fx
2026-06-17,미장,스포티파이 테크놀러지,SPOT,USD,455.6,694981.3813,yahoo×fx
2026-06-18,미장,스포티파이 테크놀러지,SPOT,USD,468.08,719701.0916,yahoo×fx
2026-06-22,미장,스포티파이 테크놀러지,SPOT,USD,459.34,706947.2438,yahoo×fx
2026-06-23,미장,스포티파이 테크놀러지,SPOT,USD,455.5,699306.375,yahoo×fx
2026-06-24,미장,스포티파이 테크놀러지,SPOT,USD,455.01,701971.2471,yahoo×fx
2026-06-25,미장,스포티파이 테크놀러지,SPOT,USD,441.21,682322.419,yahoo×fx
2026-06-26,미장,스포티파이 테크놀러지,SPOT,USD,460.02,,yahoo(fx없음)
2026-06-29,미장,스포티파이 테크놀러지,SPOT,USD,462.29,712726.3658,yahoo×fx
2026-06-30,미장,스포티파이 테크놀러지,SPOT,USD,459.13,711013.3101,yahoo×fx
2026-07-01,미장,스포티파이 테크놀러지,SPOT,USD,472.48,733199.2335,yahoo×fx
2026-07-02,미장,스포티파이 테크놀러지,SPOT,USD,485.97,749428.9204,yahoo×fx
2026-07-06,미장,스포티파이 테크놀러지,SPOT,USD,483.01,738406.3872,yahoo×fx
2026-07-07,미장,스포티파이 테크놀러지,SPOT,USD,493.95,750734.8583,yahoo×fx
2026-07-08,미장,스포티파이 테크놀러지,SPOT,USD,485.22,729455.477,yahoo×fx
2026-07-09,미장,스포티파이 테크놀러지,SPOT,USD,485.88,731691.5748,yahoo×fx
2026-07-10,미장,스포티파이 테크놀러지,SPOT,USD,479.77,,yahoo(fx없음)
2026-07-13,미장,스포티파이 테크놀러지,SPOT,USD,479.84,718656.3391,yahoo×fx
2026-07-14,미장,스포티파이 테크놀러지,SPOT,USD,481.06,715759.5515,yahoo×fx
2026-07-15,미장,스포티파이 테크놀러지,SPOT,USD,485.38,721371.7396,yahoo×fx
2026-07-16,미장,스포티파이 테크놀러지,SPOT,USD,476.08,704050.8765,yahoo×fx
2026-07-17,미장,스포티파이 테크놀러지,SPOT,USD,478.14,,yahoo(fx없음)
2026-07-20,미장,스포티파이 테크놀러지,SPOT,USD,492.32,726176.9388,yahoo×fx
2026-07-21,미장,스포티파이 테크놀러지,SPOT,USD,493.23,729842.2974,yahoo×fx
2026-07-22,미장,스포티파이 테크놀러지,SPOT,USD,474.16,699684.7285,yahoo×fx
2026-07-23,미장,스포티파이 테크놀러지,SPOT,USD,468.99,691310.0235,yahoo×fx
2026-07-24,미장,스포티파이 테크놀러지,SPOT,USD,482.66,,yahoo(fx없음)
2026-07-27,미장,스포티파이 테크놀러지,SPOT,USD,494.72,724487.7296,yahoo×fx
2026-07-28,미장,스포티파이 테크놀러지,SPOT,USD,511.56,743378.5435,yahoo×fx
2026-07-29,미장,스포티파이 테크놀러지,SPOT,USD,524.01,755769.1722,yahoo×fx
2026-07-30,미장,스포티파이 테크놀러지,SPOT,USD,522.61,742419.7324,yahoo×fx
2026-07-31,미장,스포티파이 테크놀러지,SPOT,USD,499.94,,yahoo(fx없음)
2026-08-03,미장,스포티파이 테크놀러지,SPOT,USD,486.33,694722.3858,yahoo×fx
2026-08-04,미장,스포티파이 테크놀러지,SPOT,USD,478.17,683032.418,yahoo×fx
2026-08-05,미장,스포티파이 테크놀러지,SPOT,USD,482.23,685326.0189,yahoo×fx
2026-08-06,미장,스포티파이 테크놀러지,SPOT,USD,475.07,675692.0946,yahoo×fx
2026-08-07,미장,스포티파이 테크놀러지,SPOT,USD,488.14,,yahoo(fx없음)
2026-08-10,미장,스포티파이 테크놀러지,SPOT,USD,511.82,725407.6446,yahoo×fx
2026-08-11,미장,스포티파이 테크놀러지,SPOT,USD,501.0,707502.2069,yahoo×fx
2026-08-12,미장,스포티파이 테크놀러지,SPOT,USD,489.6,693498.8055,yahoo×fx
2026-08-13,미장,스포티파이 테크놀러지,SPOT,USD,498.24,705931.318,yahoo×fx
2026-08-14,미장,스포티파이 테크놀러지,SPOT,USD,512.82,,yahoo(fx없음)
2026-08-17,미장,스포티파이 테크놀러지,SPOT,USD,492.47,696712.0752,yahoo×fx
2026-08-18,미장,스포티파이 테크놀러지,SPOT,USD,516.28,729803.1011,yahoo×fx
2026-08-19,미장,스포티파이 테크놀러지,SPOT,USD,533.37,741064.2842,yahoo×fx
2026-08-20,미장,스포티파이 테크놀러지,SPOT,USD,533.13,741471.9003,yahoo×fx
2026-08-21,미장,스포티파이 테크놀러지,SPOT,USD,533.72,,yahoo(fx없음)
2026-08-24,미장,스포티파이 테크놀러지,SPOT,USD,537.84,,yahoo(fx없음)
2026-08-25,미장,스포티파이 테크놀러지,SPOT,USD,547.87,757567.2357,yahoo×fx
2026-01-02,미장,템퍼스 AI,TEM,USD,62.36,90025.3922,yahoo×fx
2026-01-05,미장,템퍼스 AI,TEM,USD,64.7,93199.0503,yahoo×fx
2026-01-06,미장,템퍼스 AI,TEM,USD,69.54,100524.2478,yahoo×fx
2026-01-07,미장,템퍼스 AI,TEM,USD,69.77,100814.8516,yahoo×fx
2026-01-08,미장,템퍼스 AI,TEM,USD,68.36,98858.1323,yahoo×fx
2026-01-09,미장,템퍼스 AI,TEM,USD,66.27,96096.7938,yahoo×fx
2026-01-12,미장,템퍼스 AI,TEM,USD,69.26,100789.9248,yahoo×fx
2026-01-13,미장,템퍼스 AI,TEM,USD,67.15,98370.0553,yahoo×fx
2026-01-14,미장,템퍼스 AI,TEM,USD,69.28,102050.1317,yahoo×fx
2026-01-15,미장,템퍼스 AI,TEM,USD,68.92,100823.067,yahoo×fx
2026-01-16,미장,템퍼스 AI,TEM,USD,70.33,103303.5175,yahoo×fx
2026-01-20,미장,템퍼스 AI,TEM,USD,66.78,98268.1051,yahoo×fx
2026-01-21,미장,템퍼스 AI,TEM,USD,65.32,96528.5911,yahoo×fx
2026-01-22,미장,템퍼스 AI,TEM,USD,68.36,100135.7767,yahoo×fx
2026-01-23,미장,템퍼스 AI,TEM,USD,65.32,95580.1434,yahoo×fx
2026-01-26,미장,템퍼스 AI,TEM,USD,67.63,97712.5003,yahoo×fx
2026-01-27,미장,템퍼스 AI,TEM,USD,66.81,96271.869,yahoo×fx
2026-01-28,미장,템퍼스 AI,TEM,USD,64.57,92497.1709,yahoo×fx
2026-01-29,미장,템퍼스 AI,TEM,USD,63.51,90772.9365,yahoo×fx
2026-01-30,미장,템퍼스 AI,TEM,USD,59.82,85468.4233,yahoo×fx
2026-02-02,미장,템퍼스 AI,TEM,USD,58.55,84827.2418,yahoo×fx
2026-02-03,미장,템퍼스 AI,TEM,USD,55.97,81298.6678,yahoo×fx
2026-02-04,미장,템퍼스 AI,TEM,USD,53.55,77469.7158,yahoo×fx
2026-02-05,미장,템퍼스 AI,TEM,USD,52.44,76568.1656,yahoo×fx
2026-02-06,미장,템퍼스 AI,TEM,USD,54.91,80755.0415,yahoo×fx
2026-02-09,미장,템퍼스 AI,TEM,USD,57.12,83532.2878,yahoo×fx
2026-02-10,미장,템퍼스 AI,TEM,USD,55.88,81503.2189,yahoo×fx
2026-02-11,미장,템퍼스 AI,TEM,USD,53.61,78020.2398,yahoo×fx
2026-02-12,미장,템퍼스 AI,TEM,USD,50.78,73335.9635,yahoo×fx
2026-02-13,미장,템퍼스 AI,TEM,USD,51.95,74854.7574,yahoo×fx
2026-02-17,미장,템퍼스 AI,TEM,USD,52.56,75698.4898,yahoo×fx
2026-02-18,미장,템퍼스 AI,TEM,USD,56.16,80868.7133,yahoo×fx
2026-02-19,미장,템퍼스 AI,TEM,USD,59.96,86351.9943,yahoo×fx
2026-02-20,미장,템퍼스 AI,TEM,USD,58.37,84505.166,yahoo×fx
2026-02-23,미장,템퍼스 AI,TEM,USD,57.29,82694.6756,yahoo×fx
2026-02-24,미장,템퍼스 AI,TEM,USD,57.95,83575.4883,yahoo×fx
2026-02-25,미장,템퍼스 AI,TEM,USD,53.71,77341.8611,yahoo×fx
2026-02-26,미장,템퍼스 AI,TEM,USD,55.41,79066.1941,yahoo×fx
2026-02-27,미장,템퍼스 AI,TEM,USD,53.25,76271.0371,yahoo×fx
2026-03-02,미장,템퍼스 AI,TEM,USD,53.31,76686.437,yahoo×fx
2026-03-03,미장,템퍼스 AI,TEM,USD,51.4,74646.6812,yahoo×fx
2026-03-04,미장,템퍼스 AI,TEM,USD,51.29,76066.6589,yahoo×fx
2026-03-05,미장,템퍼스 AI,TEM,USD,53.05,77492.7864,yahoo×fx
2026-03-06,미장,템퍼스 AI,TEM,USD,52.26,77319.1906,yahoo×fx
2026-03-09,미장,템퍼스 AI,TEM,USD,52.32,77637.1251,yahoo×fx
2026-03-10,미장,템퍼스 AI,TEM,USD,50.9,74541.5237,yahoo×fx
2026-03-11,미장,템퍼스 AI,TEM,USD,52.68,77586.0524,yahoo×fx
2026-03-12,미장,템퍼스 AI,TEM,USD,49.53,73073.5867,yahoo×fx
2026-03-13,미장,템퍼스 AI,TEM,USD,49.98,73499.5855,yahoo×fx
2026-03-16,미장,템퍼스 AI,TEM,USD,50.88,76409.0416,yahoo×fx
2026-03-17,미장,템퍼스 AI,TEM,USD,50.84,75696.1864,yahoo×fx
2026-03-18,미장,템퍼스 AI,TEM,USD,48.69,72298.318,yahoo×fx
2026-03-19,미장,템퍼스 AI,TEM,USD,48.74,73365.8875,yahoo×fx
2026-03-20,미장,템퍼스 AI,TEM,USD,46.96,69962.8834,yahoo×fx
2026-03-23,미장,템퍼스 AI,TEM,USD,49.14,73916.8766,yahoo×fx
2026-03-24,미장,템퍼스 AI,TEM,USD,48.83,72530.1308,yahoo×fx
2026-03-25,미장,템퍼스 AI,TEM,USD,46.76,70014.2158,yahoo×fx
2026-03-26,미장,템퍼스 AI,TEM,USD,45.53,68339.1609,yahoo×fx
2026-03-27,미장,템퍼스 AI,TEM,USD,42.62,64286.301,yahoo×fx
2026-03-30,미장,템퍼스 AI,TEM,USD,42.37,64238.4267,yahoo×fx
2026-03-31,미장,템퍼스 AI,TEM,USD,45.22,67980.5824,yahoo×fx
2026-04-01,미장,템퍼스 AI,TEM,USD,47.03,71113.5892,yahoo×fx
2026-04-02,미장,템퍼스 AI,TEM,USD,47.39,71521.9335,yahoo×fx
2026-04-06,미장,템퍼스 AI,TEM,USD,47.3,71321.3027,yahoo×fx
2026-04-07,미장,템퍼스 AI,TEM,USD,46.815,70181.7691,yahoo×fx
2026-04-08,미장,템퍼스 AI,TEM,USD,47.5,70185.9988,yahoo×fx
2026-04-09,미장,템퍼스 AI,TEM,USD,44.16,65060.0459,yahoo×fx
2026-04-10,미장,템퍼스 AI,TEM,USD,42.94,,yahoo(fx없음)
2026-04-13,미장,템퍼스 AI,TEM,USD,45.98,67905.101,yahoo×fx
2026-04-14,미장,템퍼스 AI,TEM,USD,49.53,72780.373,yahoo×fx
2026-04-15,미장,템퍼스 AI,TEM,USD,56.41,83151.7277,yahoo×fx
2026-04-16,미장,템퍼스 AI,TEM,USD,54.42,80428.4061,yahoo×fx
2026-04-17,미장,템퍼스 AI,TEM,USD,55.87,,yahoo(fx없음)
2026-04-20,미장,템퍼스 AI,TEM,USD,56.78,83424.5816,yahoo×fx
2026-04-21,미장,템퍼스 AI,TEM,USD,55.15,81941.875,yahoo×fx
2026-04-22,미장,템퍼스 AI,TEM,USD,55.51,82041.555,yahoo×fx
2026-04-23,미장,템퍼스 AI,TEM,USD,51.44,76128.6235,yahoo×fx
2026-04-24,미장,템퍼스 AI,TEM,USD,52.12,,yahoo(fx없음)
2026-04-27,미장,템퍼스 AI,TEM,USD,52.68,77597.6404,yahoo×fx
2026-04-28,미장,템퍼스 AI,TEM,USD,51.1,75218.6863,yahoo×fx
2026-04-29,미장,템퍼스 AI,TEM,USD,50.02,74398.7485,yahoo×fx
2026-04-30,미장,템퍼스 AI,TEM,USD,55.48,81778.0747,yahoo×fx
2026-05-01,미장,템퍼스 AI,TEM,USD,55.0,,yahoo(fx없음)
2026-05-04,미장,템퍼스 AI,TEM,USD,55.81,82378.3553,yahoo×fx
2026-05-05,미장,템퍼스 AI,TEM,USD,54.07,79697.0146,yahoo×fx
2026-05-06,미장,템퍼스 AI,TEM,USD,53.5,77278.0724,yahoo×fx
2026-05-07,미장,템퍼스 AI,TEM,USD,49.47,71968.465,yahoo×fx
2026-05-08,미장,템퍼스 AI,TEM,USD,49.86,,yahoo(fx없음)
2026-05-11,미장,템퍼스 AI,TEM,USD,48.46,71451.8433,yahoo×fx
2026-05-12,미장,템퍼스 AI,TEM,USD,46.95,70095.8812,yahoo×fx
2026-05-13,미장,템퍼스 AI,TEM,USD,45.9,68383.6567,yahoo×fx
2026-05-14,미장,템퍼스 AI,TEM,USD,45.48,67917.101,yahoo×fx
2026-05-15,미장,템퍼스 AI,TEM,USD,43.93,,yahoo(fx없음)
2026-05-18,미장,템퍼스 AI,TEM,USD,43.62,65094.9945,yahoo×fx
2026-05-19,미장,템퍼스 AI,TEM,USD,45.53,68652.4075,yahoo×fx
2026-05-20,미장,템퍼스 AI,TEM,USD,45.88,68809.4501,yahoo×fx
2026-05-21,미장,템퍼스 AI,TEM,USD,46.49,69939.5597,yahoo×fx
2026-05-22,미장,템퍼스 AI,TEM,USD,46.18,,yahoo(fx없음)
2026-05-26,미장,템퍼스 AI,TEM,USD,46.66,70243.8274,yahoo×fx
2026-05-27,미장,템퍼스 AI,TEM,USD,47.17,70901.6953,yahoo×fx
2026-05-28,미장,템퍼스 AI,TEM,USD,51.29,76693.4275,yahoo×fx
2026-05-29,미장,템퍼스 AI,TEM,USD,50.47,,yahoo(fx없음)
2026-06-01,미장,템퍼스 AI,TEM,USD,52.8,79795.0559,yahoo×fx
2026-06-02,미장,템퍼스 AI,TEM,USD,49.62,75253.6892,yahoo×fx
2026-06-03,미장,템퍼스 AI,TEM,USD,47.51,72695.5228,yahoo×fx
2026-06-04,미장,템퍼스 AI,TEM,USD,52.26,80118.2328,yahoo×fx
2026-06-05,미장,템퍼스 AI,TEM,USD,46.43,,yahoo(fx없음)
2026-06-08,미장,템퍼스 AI,TEM,USD,48.59,74288.2797,yahoo×fx
2026-06-09,미장,템퍼스 AI,TEM,USD,48.82,74490.0466,yahoo×fx
2026-06-10,미장,템퍼스 AI,TEM,USD,49.48,75459.4757,yahoo×fx
2026-06-11,미장,템퍼스 AI,TEM,USD,49.59,75246.8747,yahoo×fx
2026-06-12,미장,템퍼스 AI,TEM,USD,47.82,,yahoo(fx없음)
2026-06-15,미장,템퍼스 AI,TEM,USD,52.32,79176.3818,yahoo×fx
2026-06-16,미장,템퍼스 AI,TEM,USD,50.56,76394.1377,yahoo×fx
2026-06-17,미장,템퍼스 AI,TEM,USD,48.79,74425.2453,yahoo×fx
2026-06-18,미장,템퍼스 AI,TEM,USD,50.84,78169.5536,yahoo×fx
2026-06-22,미장,템퍼스 AI,TEM,USD,47.85,73643.5425,yahoo×fx
2026-06-23,미장,템퍼스 AI,TEM,USD,48.61,74628.5034,yahoo×fx
2026-06-24,미장,템퍼스 AI,TEM,USD,51.94,80130.9528,yahoo×fx
2026-06-25,미장,템퍼스 AI,TEM,USD,54.87,84855.3549,yahoo×fx
2026-06-26,미장,템퍼스 AI,TEM,USD,56.14,,yahoo(fx없음)
2026-06-29,미장,템퍼스 AI,TEM,USD,58.31,89898.2773,yahoo×fx
2026-06-30,미장,템퍼스 AI,TEM,USD,57.93,89710.9769,yahoo×fx
2026-07-01,미장,템퍼스 AI,TEM,USD,61.6,95591.4972,yahoo×fx
2026-07-02,미장,템퍼스 AI,TEM,USD,60.27,92944.1761,yahoo×fx
2026-07-06,미장,템퍼스 AI,TEM,USD,60.7,92795.7338,yahoo×fx
2026-07-07,미장,템퍼스 AI,TEM,USD,60.09,91328.3868,yahoo×fx
2026-07-08,미장,템퍼스 AI,TEM,USD,57.27,86096.8538,yahoo×fx
2026-07-09,미장,템퍼스 AI,TEM,USD,61.5,92613.4671,yahoo×fx
2026-07-10,미장,템퍼스 AI,TEM,USD,58.23,,yahoo(fx없음)
2026-07-13,미장,템퍼스 AI,TEM,USD,55.93,83766.3587,yahoo×fx
2026-07-14,미장,템퍼스 AI,TEM,USD,58.67,87293.9172,yahoo×fx
2026-07-15,미장,템퍼스 AI,TEM,USD,57.25,85084.9472,yahoo×fx
2026-07-16,미장,템퍼스 AI,TEM,USD,53.59,79251.5704,yahoo×fx
2026-07-17,미장,템퍼스 AI,TEM,USD,52.47,,yahoo(fx없음)
2026-07-20,미장,템퍼스 AI,TEM,USD,48.41,71405.2343,yahoo×fx
2026-07-21,미장,템퍼스 AI,TEM,USD,48.98,72476.6835,yahoo×fx
2026-07-22,미장,템퍼스 AI,TEM,USD,46.96,69295.5837,yahoo×fx
2026-07-23,미장,템퍼스 AI,TEM,USD,46.01,67820.5797,yahoo×fx
2026-07-24,미장,템퍼스 AI,TEM,USD,42.69,,yahoo(fx없음)
2026-07-27,미장,템퍼스 AI,TEM,USD,42.91,62839.1177,yahoo×fx
2026-07-28,미장,템퍼스 AI,TEM,USD,42.9,62340.5677,yahoo×fx
2026-07-29,미장,템퍼스 AI,TEM,USD,41.55,59926.7341,yahoo×fx
2026-07-30,미장,템퍼스 AI,TEM,USD,44.29,62918.3742,yahoo×fx
2026-07-31,미장,템퍼스 AI,TEM,USD,43.87,,yahoo(fx없음)
2026-08-03,미장,템퍼스 AI,TEM,USD,46.05,65782.4239,yahoo×fx
2026-08-04,미장,템퍼스 AI,TEM,USD,47.05,67207.6329,yahoo×fx
2026-08-05,미장,템퍼스 AI,TEM,USD,46.7,66368.1747,yahoo×fx
2026-08-06,미장,템퍼스 AI,TEM,USD,46.12,65596.4767,yahoo×fx
2026-08-07,미장,템퍼스 AI,TEM,USD,52.05,,yahoo(fx없음)
2026-08-10,미장,템퍼스 AI,TEM,USD,55.06,78037.0938,yahoo×fx
2026-08-11,미장,템퍼스 AI,TEM,USD,55.69,78644.3053,yahoo×fx
2026-08-12,미장,템퍼스 AI,TEM,USD,54.61,77352.8793,yahoo×fx
2026-08-13,미장,템퍼스 AI,TEM,USD,54.29,76920.7865,yahoo×fx
2026-08-14,미장,템퍼스 AI,TEM,USD,52.1,,yahoo(fx없음)
2026-08-17,미장,템퍼스 AI,TEM,USD,51.64,73056.6553,yahoo×fx
2026-08-18,미장,템퍼스 AI,TEM,USD,49.36,69774.3075,yahoo×fx
2026-08-19,미장,템퍼스 AI,TEM,USD,61.25,85100.7515,yahoo×fx
2026-08-20,미장,템퍼스 AI,TEM,USD,66.65,92696.1582,yahoo×fx
2026-08-21,미장,템퍼스 AI,TEM,USD,72.69,,yahoo(fx없음)
2026-08-24,미장,템퍼스 AI,TEM,USD,66.17,,yahoo(fx없음)
2026-08-25,미장,템퍼스 AI,TEM,USD,69.2,95686.2958,yahoo×fx
2026-02-11,미장,테라다인,TER,USD,321.45,467815.8321,yahoo×fx
2026-02-12,미장,테라다인,TER,USD,311.03,449186.3957,yahoo×fx
2026-02-13,미장,테라다인,TER,USD,314.66,453393.607,yahoo×fx
2026-02-17,미장,테라다인,TER,USD,305.53,440033.4642,yahoo×fx
2026-02-18,미장,테라다인,TER,USD,314.82,453331.3567,yahoo×fx
2026-02-19,미장,테라다인,TER,USD,315.9,454946.546,yahoo×fx
2026-02-20,미장,테라다인,TER,USD,324.85,470301.5963,yahoo×fx
2026-02-23,미장,테라다인,TER,USD,318.5,459735.6213,yahoo×fx
2026-02-24,미장,테라다인,TER,USD,329.09,474613.5766,yahoo×fx
2026-02-25,미장,테라다인,TER,USD,342.82,493657.379,yahoo×fx
2026-02-26,미장,테라다인,TER,USD,332.7,474739.6463,yahoo×fx
2026-02-27,미장,테라다인,TER,USD,320.03,458385.3507,yahoo×fx
2026-03-02,미장,테라다인,TER,USD,325.83,468706.4357,yahoo×fx
2026-03-03,미장,테라다인,TER,USD,304.22,441809.5871,yahoo×fx
2026-03-04,미장,테라다인,TER,USD,305.2,452632.9657,yahoo×fx
2026-03-05,미장,테라다인,TER,USD,305.58,446375.9654,yahoo×fx
2026-03-06,미장,테라다인,TER,USD,273.05,403980.1901,yahoo×fx
2026-03-09,미장,테라다인,TER,USD,296.44,439884.3596,yahoo×fx
2026-03-10,미장,테라다인,TER,USD,300.77,440468.617,yahoo×fx
2026-03-11,미장,테라다인,TER,USD,301.99,444764.8267,yahoo×fx
2026-03-12,미장,테라다인,TER,USD,286.61,422847.166,yahoo×fx
2026-03-13,미장,테라다인,TER,USD,286.42,421203.5308,yahoo×fx
2026-03-16,미장,테라다인,TER,USD,298.27,447926.956,yahoo×fx
2026-03-17,미장,테라다인,TER,USD,299.4,445779.6551,yahoo×fx
2026-03-18,미장,테라다인,TER,USD,300.07,445564.9503,yahoo×fx
2026-03-19,미장,테라다인,TER,USD,302.4,455187.5908,yahoo×fx
2026-03-20,미장,테라다인,TER,USD,290.83,433290.1373,yahoo×fx
2026-03-23,미장,테라다인,TER,USD,303.92,457159.5115,yahoo×fx
2026-03-24,미장,테라다인,TER,USD,320.14,475523.1675,yahoo×fx
2026-03-25,미장,테라다인,TER,USD,323.36,484170.1586,yahoo×fx
2026-03-26,미장,테라다인,TER,USD,297.34,446298.4056,yahoo×fx
2026-03-27,미장,테라다인,TER,USD,295.61,445886.2732,yahoo×fx
2026-03-30,미장,테라다인,TER,USD,276.35,418982.5361,yahoo×fx
2026-03-02,미장,레버리지셰어즈 테라다인 2배 ETF,TERG,USD,48.65,69983.0272,yahoo×fx
2026-01-02,미장,아이셰어즈 20+년 미국 국채 ETF,TLT,USD,87.03,125639.9887,yahoo×fx
2026-01-05,미장,아이셰어즈 20+년 미국 국채 ETF,TLT,USD,87.46,125984.3778,yahoo×fx
2026-01-06,미장,아이셰어즈 20+년 미국 국채 ETF,TLT,USD,87.28,126168.4801,yahoo×fx
2026-01-07,미장,아이셰어즈 20+년 미국 국채 ETF,TLT,USD,87.79,126853.0363,yahoo×fx
2026-01-08,미장,아이셰어즈 20+년 미국 국채 ETF,TLT,USD,87.35,126320.3281,yahoo×fx
2026-01-09,미장,아이셰어즈 20+년 미국 국채 ETF,TLT,USD,87.93,127505.531,yahoo×fx
2026-01-12,미장,아이셰어즈 20+년 미국 국채 ETF,TLT,USD,87.67,127580.8873,yahoo×fx
2026-01-13,미장,아이셰어즈 20+년 미국 국채 ETF,TLT,USD,87.82,128650.1569,yahoo×fx
2026-01-14,미장,아이셰어즈 20+년 미국 국채 ETF,TLT,USD,88.33,130110.9769,yahoo×fx
2026-01-15,미장,아이셰어즈 20+년 미국 국채 ETF,TLT,USD,88.31,129188.6976,yahoo×fx
2026-01-16,미장,아이셰어즈 20+년 미국 국채 ETF,TLT,USD,87.8,128964.1535,yahoo×fx
2026-01-20,미장,아이셰어즈 20+년 미국 국채 ETF,TLT,USD,86.65,127507.2119,yahoo×fx
2026-01-21,미장,아이셰어즈 20+년 미국 국채 ETF,TLT,USD,87.31,129024.9708,yahoo×fx
2026-01-22,미장,아이셰어즈 20+년 미국 국채 ETF,TLT,USD,87.69,128450.9424,yahoo×fx
2026-01-23,미장,아이셰어즈 20+년 미국 국채 ETF,TLT,USD,87.93,128664.4531,yahoo×fx
2026-01-26,미장,아이셰어즈 20+년 미국 국채 ETF,TLT,USD,88.35,127648.9665,yahoo×fx
2026-01-27,미장,아이셰어즈 20+년 미국 국채 ETF,TLT,USD,87.8,126518.0467,yahoo×fx
2026-01-28,미장,아이셰어즈 20+년 미국 국채 ETF,TLT,USD,87.6,125487.8747,yahoo×fx
2026-01-29,미장,아이셰어즈 20+년 미국 국채 ETF,TLT,USD,87.62,125232.643,yahoo×fx
2026-01-30,미장,아이셰어즈 20+년 미국 국채 ETF,TLT,USD,87.13,124487.8557,yahoo×fx
2026-02-02,미장,아이셰어즈 20+년 미국 국채 ETF,TLT,USD,86.55,125393.6486,yahoo×fx
2026-02-03,미장,아이셰어즈 20+년 미국 국채 ETF,TLT,USD,86.76,126022.3769,yahoo×fx
2026-02-04,미장,아이셰어즈 20+년 미국 국채 ETF,TLT,USD,86.54,125195.6932,yahoo×fx
2026-02-05,미장,아이셰어즈 20+년 미국 국채 ETF,TLT,USD,87.48,127730.4264,yahoo×fx
2026-02-06,미장,아이셰어즈 20+년 미국 국채 ETF,TLT,USD,87.54,128743.3332,yahoo×fx
2026-02-09,미장,아이셰어즈 20+년 미국 국채 ETF,TLT,USD,87.52,127989.2452,yahoo×fx
2026-02-10,미장,아이셰어즈 20+년 미국 국채 ETF,TLT,USD,88.53,129124.5479,yahoo×fx
2026-02-11,미장,아이셰어즈 20+년 미국 국채 ETF,TLT,USD,88.06,128156.3524,yahoo×fx
2026-02-12,미장,아이셰어즈 20+년 미국 국채 ETF,TLT,USD,89.23,128865.0733,yahoo×fx
2026-02-13,미장,아이셰어즈 20+년 미국 국채 ETF,TLT,USD,89.72,129277.5519,yahoo×fx
2026-02-17,미장,아이셰어즈 20+년 미국 국채 ETF,TLT,USD,89.87,129433.4723,yahoo×fx
2026-02-18,미장,아이셰어즈 20+년 미국 국채 ETF,TLT,USD,89.53,128920.5097,yahoo×fx
2026-02-19,미장,아이셰어즈 20+년 미국 국채 ETF,TLT,USD,89.62,129067.1462,yahoo×fx
2026-02-20,미장,아이셰어즈 20+년 미국 국채 ETF,TLT,USD,89.41,129443.3328,yahoo×fx
2026-02-23,미장,아이셰어즈 20+년 미국 국채 ETF,TLT,USD,89.74,129534.2973,yahoo×fx
2026-02-24,미장,아이셰어즈 20+년 미국 국채 ETF,TLT,USD,89.9,129653.7778,yahoo×fx
2026-02-25,미장,아이셰어즈 20+년 미국 국채 ETF,TLT,USD,89.91,129469.5053,yahoo×fx
2026-02-26,미장,아이셰어즈 20+년 미국 국채 ETF,TLT,USD,90.27,128808.9712,yahoo×fx
2026-02-27,미장,아이셰어즈 20+년 미국 국채 ETF,TLT,USD,90.82,130083.2971,yahoo×fx
2026-03-02,미장,아이셰어즈 20+년 미국 국채 ETF,TLT,USD,89.61,128903.9859,yahoo×fx
2026-03-03,미장,아이셰어즈 20+년 미국 국채 ETF,TLT,USD,89.43,129876.5083,yahoo×fx
2026-03-04,미장,아이셰어즈 20+년 미국 국채 ETF,TLT,USD,89.15,132215.688,yahoo×fx
2026-03-05,미장,아이셰어즈 20+년 미국 국채 ETF,TLT,USD,88.79,129699.9938,yahoo×fx
2026-03-06,미장,아이셰어즈 20+년 미국 국채 ETF,TLT,USD,88.46,130877.4541,yahoo×fx
2026-03-09,미장,아이셰어즈 20+년 미국 국채 ETF,TLT,USD,89.23,132407.511,yahoo×fx
2026-03-10,미장,아이셰어즈 20+년 미국 국채 ETF,TLT,USD,88.28,129283.4072,yahoo×fx
2026-03-11,미장,아이셰어즈 20+년 미국 국채 ETF,TLT,USD,87.14,128338.0509,yahoo×fx
2026-03-12,미장,아이셰어즈 20+년 미국 국채 ETF,TLT,USD,86.97,128310.3186,yahoo×fx
2026-03-13,미장,아이셰어즈 20+년 미국 국채 ETF,TLT,USD,86.54,127263.9907,yahoo×fx
2026-03-16,미장,아이셰어즈 20+년 미국 국채 ETF,TLT,USD,87.21,130967.6161,yahoo×fx
2026-03-17,미장,아이셰어즈 20+년 미국 국채 ETF,TLT,USD,87.45,130205.1779,yahoo×fx
2026-03-18,미장,아이셰어즈 20+년 미국 국채 ETF,TLT,USD,86.96,129124.2934,yahoo×fx
2026-03-19,미장,아이셰어즈 20+년 미국 국채 ETF,TLT,USD,87.49,131694.3193,yahoo×fx
2026-03-20,미장,아이셰어즈 20+년 미국 국채 ETF,TLT,USD,85.83,127872.967,yahoo×fx
2026-03-23,미장,아이셰어즈 20+년 미국 국채 ETF,TLT,USD,86.39,129948.6976,yahoo×fx
2026-03-24,미장,아이셰어즈 20+년 미국 국채 ETF,TLT,USD,86.01,127755.8155,yahoo×fx
2026-03-25,미장,아이셰어즈 20+년 미국 국채 ETF,TLT,USD,86.84,130026.4,yahoo×fx
2026-03-26,미장,아이셰어즈 20+년 미국 국채 ETF,TLT,USD,86.11,129248.5251,yahoo×fx
2026-03-27,미장,아이셰어즈 20+년 미국 국채 ETF,TLT,USD,85.64,129175.9482,yahoo×fx
2026-03-30,미장,아이셰어즈 20+년 미국 국채 ETF,TLT,USD,86.78,131569.76,yahoo×fx
2026-03-31,미장,아이셰어즈 20+년 미국 국채 ETF,TLT,USD,86.69,130323.6776,yahoo×fx
2026-04-01,미장,아이셰어즈 20+년 미국 국채 ETF,TLT,USD,86.26,130432.8837,yahoo×fx
2026-04-02,미장,아이셰어즈 20+년 미국 국채 ETF,TLT,USD,86.79,130985.2026,yahoo×fx
2026-04-06,미장,아이셰어즈 20+년 미국 국채 ETF,TLT,USD,86.65,130655.2027,yahoo×fx
2026-04-07,미장,아이셰어즈 20+년 미국 국채 ETF,TLT,USD,86.64,129884.6227,yahoo×fx
2026-04-08,미장,아이셰어즈 20+년 미국 국채 ETF,TLT,USD,86.92,128432.9872,yahoo×fx
2026-04-09,미장,아이셰어즈 20+년 미국 국채 ETF,TLT,USD,86.7,127733.374,yahoo×fx
2026-04-10,미장,아이셰어즈 20+년 미국 국채 ETF,TLT,USD,86.49,,yahoo(fx없음)
2026-04-13,미장,아이셰어즈 20+년 미국 국채 ETF,TLT,USD,86.75,128115.867,yahoo×fx
2026-04-14,미장,아이셰어즈 20+년 미국 국채 ETF,TLT,USD,87.21,128148.1207,yahoo×fx
2026-04-15,미장,아이셰어즈 20+년 미국 국채 ETF,TLT,USD,86.83,127992.6376,yahoo×fx
2026-04-16,미장,아이셰어즈 20+년 미국 국채 ETF,TLT,USD,86.28,127514.9396,yahoo×fx
2026-04-17,미장,아이셰어즈 20+년 미국 국채 ETF,TLT,USD,87.07,,yahoo(fx없음)
2026-04-20,미장,아이셰어즈 20+년 미국 국채 ETF,TLT,USD,87.05,127899.0883,yahoo×fx
2026-04-21,미장,아이셰어즈 20+년 미국 국채 ETF,TLT,USD,86.57,128625.7098,yahoo×fx
2026-04-22,미장,아이셰어즈 20+년 미국 국채 ETF,TLT,USD,86.74,128198.2439,yahoo×fx
2026-04-23,미장,아이셰어즈 20+년 미국 국채 ETF,TLT,USD,86.55,128089.6728,yahoo×fx
2026-04-24,미장,아이셰어즈 20+년 미국 국채 ETF,TLT,USD,86.71,,yahoo(fx없음)
2026-04-27,미장,아이셰어즈 20+년 미국 국채 ETF,TLT,USD,86.28,127090.4382,yahoo×fx
2026-04-28,미장,아이셰어즈 20+년 미국 국채 ETF,TLT,USD,86.37,127135.7795,yahoo×fx
2026-04-29,미장,아이셰어즈 20+년 미국 국채 ETF,TLT,USD,85.7,127468.4619,yahoo×fx
2026-04-30,미장,아이셰어즈 20+년 미국 국채 ETF,TLT,USD,85.62,126204.7411,yahoo×fx
2026-05-01,미장,아이셰어즈 20+년 미국 국채 ETF,TLT,USD,85.61,,yahoo(fx없음)
2026-05-04,미장,아이셰어즈 20+년 미국 국채 ETF,TLT,USD,84.96,125405.2108,yahoo×fx
2026-05-05,미장,아이셰어즈 20+년 미국 국채 ETF,TLT,USD,85.43,125920.3999,yahoo×fx
2026-05-06,미장,아이셰어즈 20+년 미국 국채 ETF,TLT,USD,86.08,124338.2544,yahoo×fx
2026-05-07,미장,아이셰어즈 20+년 미국 국채 ETF,TLT,USD,85.65,124602.7691,yahoo×fx
2026-05-08,미장,아이셰어즈 20+년 미국 국채 ETF,TLT,USD,86.08,,yahoo(fx없음)
2026-05-11,미장,아이셰어즈 20+년 미국 국채 ETF,TLT,USD,85.56,126153.9342,yahoo×fx
2026-05-12,미장,아이셰어즈 20+년 미국 국채 ETF,TLT,USD,84.99,126889.2161,yahoo×fx
2026-05-13,미장,아이셰어즈 20+년 미국 국채 ETF,TLT,USD,84.8,126338.4336,yahoo×fx
2026-05-14,미장,아이셰어즈 20+년 미국 국채 ETF,TLT,USD,84.92,126814.4272,yahoo×fx
2026-05-15,미장,아이셰어즈 20+년 미국 국채 ETF,TLT,USD,83.66,,yahoo(fx없음)
2026-05-18,미장,아이셰어즈 20+년 미국 국채 ETF,TLT,USD,83.56,124698.2511,yahoo×fx
2026-05-19,미장,아이셰어즈 20+년 미국 국채 ETF,TLT,USD,83.02,125181.6999,yahoo×fx
2026-05-20,미장,아이셰어즈 20+년 미국 국채 ETF,TLT,USD,83.91,125845.7078,yahoo×fx
2026-05-21,미장,아이셰어즈 20+년 미국 국채 ETF,TLT,USD,84.22,126700.5719,yahoo×fx
2026-05-22,미장,아이셰어즈 20+년 미국 국채 ETF,TLT,USD,84.68,,yahoo(fx없음)
2026-05-26,미장,아이셰어즈 20+년 미국 국채 ETF,TLT,USD,85.1,128112.9367,yahoo×fx
2026-05-27,미장,아이셰어즈 20+년 미국 국채 ETF,TLT,USD,85.3,128215.2863,yahoo×fx
2026-05-28,미장,아이셰어즈 20+년 미국 국채 ETF,TLT,USD,85.74,128206.1648,yahoo×fx
2026-05-29,미장,아이셰어즈 20+년 미국 국채 ETF,TLT,USD,85.76,,yahoo(fx없음)
2026-06-01,미장,아이셰어즈 20+년 미국 국채 ETF,TLT,USD,85.47,129168.2504,yahoo×fx
2026-06-02,미장,아이셰어즈 20+년 미국 국채 ETF,TLT,USD,85.65,129896.7902,yahoo×fx
2026-06-03,미장,아이셰어즈 20+년 미국 국채 ETF,TLT,USD,85.31,130533.6791,yahoo×fx
2026-06-04,미장,아이셰어즈 20+년 미국 국채 ETF,TLT,USD,85.5,131077.4804,yahoo×fx
2026-06-05,미장,아이셰어즈 20+년 미국 국채 ETF,TLT,USD,85.06,,yahoo(fx없음)
2026-06-08,미장,아이셰어즈 20+년 미국 국채 ETF,TLT,USD,84.62,129373.8302,yahoo×fx
2026-06-09,미장,아이셰어즈 20+년 미국 국채 ETF,TLT,USD,85.12,129876.9564,yahoo×fx
2026-06-10,미장,아이셰어즈 20+년 미국 국채 ETF,TLT,USD,84.88,129446.244,yahoo×fx
2026-06-11,미장,아이셰어즈 20+년 미국 국채 ETF,TLT,USD,85.98,130464.3379,yahoo×fx
2026-06-12,미장,아이셰어즈 20+년 미국 국채 ETF,TLT,USD,85.77,,yahoo(fx없음)
2026-06-15,미장,아이셰어즈 20+년 미국 국채 ETF,TLT,USD,85.72,129720.9401,yahoo×fx
2026-06-16,미장,아이셰어즈 20+년 미국 국채 ETF,TLT,USD,86.19,130229.6427,yahoo×fx
2026-06-17,미장,아이셰어즈 20+년 미국 국채 ETF,TLT,USD,86.33,131689.5152,yahoo×fx
2026-06-18,미장,아이셰어즈 20+년 미국 국채 ETF,TLT,USD,86.75,133383.3351,yahoo×fx
2026-06-22,미장,아이셰어즈 20+년 미국 국채 ETF,TLT,USD,86.09,132496.8131,yahoo×fx
2026-06-23,미장,아이셰어즈 20+년 미국 국채 ETF,TLT,USD,86.2,132338.5453,yahoo×fx
2026-06-24,미장,아이셰어즈 20+년 미국 국채 ETF,TLT,USD,87.38,134806.3654,yahoo×fx
2026-06-25,미장,아이셰어즈 20+년 미국 국채 ETF,TLT,USD,87.35,135085.0239,yahoo×fx
2026-06-26,미장,아이셰어즈 20+년 미국 국채 ETF,TLT,USD,87.36,,yahoo(fx없음)
2026-06-29,미장,아이셰어즈 20+년 미국 국채 ETF,TLT,USD,87.45,134824.2821,yahoo×fx
2026-06-30,미장,아이셰어즈 20+년 미국 국채 ETF,TLT,USD,86.42,133830.8721,yahoo×fx
2026-07-01,미장,아이셰어즈 20+년 미국 국채 ETF,TLT,USD,85.52,132710.791,yahoo×fx
2026-07-02,미장,아이셰어즈 20+년 미국 국채 ETF,TLT,USD,85.51,131867.54,yahoo×fx
2026-07-06,미장,아이셰어즈 20+년 미국 국채 ETF,TLT,USD,85.45,130632.5382,yahoo×fx
2026-07-07,미장,아이셰어즈 20+년 미국 국채 ETF,TLT,USD,84.55,128504.1664,yahoo×fx
2026-07-08,미장,아이셰어즈 20+년 미국 국채 ETF,TLT,USD,84.36,126822.6049,yahoo×fx
2026-07-09,미장,아이셰어즈 20+년 미국 국채 ETF,TLT,USD,84.49,127234.3356,yahoo×fx
2026-07-10,미장,아이셰어즈 20+년 미국 국채 ETF,TLT,USD,84.47,,yahoo(fx없음)
2026-07-13,미장,아이셰어즈 20+년 미국 국채 ETF,TLT,USD,83.97,125761.8667,yahoo×fx
2026-07-14,미장,아이셰어즈 20+년 미국 국채 ETF,TLT,USD,84.08,125100.9535,yahoo×fx
2026-07-15,미장,아이셰어즈 20+년 미국 국채 ETF,TLT,USD,84.24,125197.4807,yahoo×fx
2026-07-16,미장,아이셰어즈 20+년 미국 국채 ETF,TLT,USD,84.21,124533.9551,yahoo×fx
2026-07-17,미장,아이셰어즈 20+년 미국 국채 ETF,TLT,USD,84.52,,yahoo(fx없음)
2026-07-20,미장,아이셰어즈 20+년 미국 국채 ETF,TLT,USD,83.89,123738.5888,yahoo×fx
2026-07-21,미장,아이셰어즈 20+년 미국 국채 ETF,TLT,USD,83.66,123793.3782,yahoo×fx
2026-07-22,미장,아이셰어즈 20+년 미국 국채 ETF,TLT,USD,83.44,123126.5712,yahoo×fx
2026-07-23,미장,아이셰어즈 20+년 미국 국채 ETF,TLT,USD,83.17,122595.9073,yahoo×fx
2026-07-24,미장,아이셰어즈 20+년 미국 국채 ETF,TLT,USD,83.25,,yahoo(fx없음)
2026-07-27,미장,아이셰어즈 20+년 미국 국채 ETF,TLT,USD,83.75,122646.8451,yahoo×fx
2026-07-28,미장,아이셰어즈 20+년 미국 국채 ETF,TLT,USD,84.24,122414.1982,yahoo×fx
2026-07-29,미장,아이셰어즈 20+년 미국 국채 ETF,TLT,USD,82.85,119492.8982,yahoo×fx
2026-07-30,미장,아이셰어즈 20+년 미국 국채 ETF,TLT,USD,82.8,117625.6823,yahoo×fx
2026-07-31,미장,아이셰어즈 20+년 미국 국채 ETF,TLT,USD,82.25,,yahoo(fx없음)
2026-08-03,미장,아이셰어즈 20+년 미국 국채 ETF,TLT,USD,82.19,117408.4185,yahoo×fx
2026-08-04,미장,아이셰어즈 20+년 미국 국채 ETF,TLT,USD,82.82,118302.5766,yahoo×fx
2026-08-05,미장,아이셰어즈 20+년 미국 국채 ETF,TLT,USD,83.0,117956.2828,yahoo×fx
2026-08-06,미장,아이셰어즈 20+년 미국 국채 ETF,TLT,USD,82.52,117368.1953,yahoo×fx
2026-08-07,미장,아이셰어즈 20+년 미국 국채 ETF,TLT,USD,82.76,,yahoo(fx없음)
2026-08-10,미장,아이셰어즈 20+년 미국 국채 ETF,TLT,USD,82.06,116304.4599,yahoo×fx
2026-08-11,미장,아이셰어즈 20+년 미국 국채 ETF,TLT,USD,82.19,116067.0821,yahoo×fx
2026-08-12,미장,아이셰어즈 20+년 미국 국채 ETF,TLT,USD,82.11,116305.5283,yahoo×fx
2026-08-13,미장,아이셰어즈 20+년 미국 국채 ETF,TLT,USD,82.59,117017.6343,yahoo×fx
2026-08-14,미장,아이셰어즈 20+년 미국 국채 ETF,TLT,USD,82.04,,yahoo(fx없음)
2026-08-17,미장,아이셰어즈 20+년 미국 국채 ETF,TLT,USD,81.35,115088.2818,yahoo×fx
2026-08-18,미장,아이셰어즈 20+년 미국 국채 ETF,TLT,USD,81.66,115432.9444,yahoo×fx
2026-08-19,미장,아이셰어즈 20+년 미국 국채 ETF,TLT,USD,83.02,115347.9854,yahoo×fx
2026-08-20,미장,아이셰어즈 20+년 미국 국채 ETF,TLT,USD,82.34,114517.6467,yahoo×fx
2026-08-21,미장,아이셰어즈 20+년 미국 국채 ETF,TLT,USD,82.05,,yahoo(fx없음)
2026-08-24,미장,아이셰어즈 20+년 미국 국채 ETF,TLT,USD,82.56,,yahoo(fx없음)
2026-08-25,미장,아이셰어즈 20+년 미국 국채 ETF,TLT,USD,83.275,115148.5084,yahoo×fx
2026-01-02,미장,테슬라,TSLA,USD,438.07,632415.3918,yahoo×fx
2026-01-05,미장,테슬라,TSLA,USD,451.67,650621.6121,yahoo×fx
2026-01-06,미장,테슬라,TSLA,USD,432.96,625869.6706,yahoo×fx
2026-01-07,미장,테슬라,TSLA,USD,431.41,623370.182,yahoo×fx
2026-01-08,미장,테슬라,TSLA,USD,435.8,630227.8007,yahoo×fx
2026-01-09,미장,테슬라,TSLA,USD,445.01,645300.0954,yahoo×fx
2026-01-12,미장,테슬라,TSLA,USD,448.96,653344.5336,yahoo×fx
2026-01-13,미장,테슬라,TSLA,USD,447.2,655116.7379,yahoo×fx
2026-01-14,미장,테슬라,TSLA,USD,439.2,646946.0143,yahoo×fx
2026-01-15,미장,테슬라,TSLA,USD,438.57,641584.0744,yahoo×fx
2026-01-16,미장,테슬라,TSLA,USD,437.5,642617.485,yahoo×fx
2026-01-20,미장,테슬라,TSLA,USD,419.25,616934.7682,yahoo×fx
2026-01-21,미장,테슬라,TSLA,USD,431.44,637573.4194,yahoo×fx
2026-01-22,미장,테슬라,TSLA,USD,449.36,658235.9676,yahoo×fx
2026-01-23,미장,테슬라,TSLA,USD,449.06,657091.5364,yahoo×fx
2026-01-26,미장,테슬라,TSLA,USD,435.2,628781.3551,yahoo×fx
2026-01-27,미장,테슬라,TSLA,USD,430.9,620918.2648,yahoo×fx
2026-01-28,미장,테슬라,TSLA,USD,431.46,618070.7566,yahoo×fx
2026-01-29,미장,테슬라,TSLA,USD,416.56,595376.7158,yahoo×fx
2026-01-30,미장,테슬라,TSLA,USD,430.41,614952.601,yahoo×fx
2026-02-02,미장,테슬라,TSLA,USD,421.81,611118.3451,yahoo×fx
2026-02-03,미장,테슬라,TSLA,USD,421.96,612913.7825,yahoo×fx
2026-02-04,미장,테슬라,TSLA,USD,406.01,587366.5827,yahoo×fx
2026-02-05,미장,테슬라,TSLA,USD,397.21,579970.2748,yahoo×fx
2026-02-06,미장,테슬라,TSLA,USD,411.11,604611.2553,yahoo×fx
2026-02-09,미장,테슬라,TSLA,USD,417.32,610288.7889,yahoo×fx
2026-02-10,미장,테슬라,TSLA,USD,425.21,620185.7975,yahoo×fx
2026-02-11,미장,테슬라,TSLA,USD,428.27,623274.1443,yahoo×fx
2026-02-12,미장,테슬라,TSLA,USD,417.07,602328.3094,yahoo×fx
2026-02-13,미장,테슬라,TSLA,USD,417.44,601489.3097,yahoo×fx
2026-02-17,미장,테슬라,TSLA,USD,410.63,591401.6439,yahoo×fx
2026-02-18,미장,테슬라,TSLA,USD,411.32,592288.4589,yahoo×fx
2026-02-19,미장,테슬라,TSLA,USD,411.71,592928.2754,yahoo×fx
2026-02-20,미장,테슬라,TSLA,USD,411.82,596212.4156,yahoo×fx
2026-02-23,미장,테슬라,TSLA,USD,399.83,577130.5724,yahoo×fx
2026-02-24,미장,테슬라,TSLA,USD,409.38,590407.8231,yahoo×fx
2026-02-25,미장,테슬라,TSLA,USD,417.4,601051.8131,yahoo×fx
2026-02-26,미장,테슬라,TSLA,USD,408.58,583015.0622,yahoo×fx
2026-02-27,미장,테슬라,TSLA,USD,402.51,576523.1156,yahoo×fx
2026-03-02,미장,테슬라,TSLA,USD,403.32,580175.8305,yahoo×fx
2026-03-03,미장,테슬라,TSLA,USD,392.43,569914.3131,yahoo×fx
2026-03-04,미장,테슬라,TSLA,USD,405.94,602037.4176,yahoo×fx
2026-03-05,미장,테슬라,TSLA,USD,405.55,592407.1447,yahoo×fx
2026-03-06,미장,테슬라,TSLA,USD,396.73,586966.0224,yahoo×fx
2026-03-09,미장,테슬라,TSLA,USD,398.68,591597.2602,yahoo×fx
2026-03-10,미장,테슬라,TSLA,USD,399.24,584674.9768,yahoo×fx
2026-03-11,미장,테슬라,TSLA,USD,407.82,600629.1623,yahoo×fx
2026-03-12,미장,테슬라,TSLA,USD,395.01,582774.0543,yahoo×fx
2026-03-13,미장,테슬라,TSLA,USD,391.2,575290.8968,yahoo×fx
2026-03-16,미장,테슬라,TSLA,USD,395.56,594032.2263,yahoo×fx
2026-03-17,미장,테슬라,TSLA,USD,399.27,594477.093,yahoo×fx
2026-03-18,미장,테슬라,TSLA,USD,392.78,583227.2349,yahoo×fx
2026-03-19,미장,테슬라,TSLA,USD,380.3,572446.5566,yahoo×fx
2026-03-20,미장,테슬라,TSLA,USD,367.96,548201.5011,yahoo×fx
2026-03-23,미장,테슬라,TSLA,USD,380.85,572878.3728,yahoo×fx
2026-03-24,미장,테슬라,TSLA,USD,383.03,568937.4334,yahoo×fx
2026-03-25,미장,테슬라,TSLA,USD,385.95,577886.8354,yahoo×fx
2026-03-26,미장,테슬라,TSLA,USD,372.11,558525.9138,yahoo×fx
2026-03-27,미장,테슬라,TSLA,USD,361.83,545769.8732,yahoo×fx
2026-03-30,미장,테슬라,TSLA,USD,355.28,538650.6663,yahoo×fx
2026-03-31,미장,테슬라,TSLA,USD,371.75,558862.9112,yahoo×fx
2026-04-01,미장,테슬라,TSLA,USD,381.26,576499.4351,yahoo×fx
2026-04-02,미장,테슬라,TSLA,USD,360.59,544209.6237,yahoo×fx
2026-04-06,미장,테슬라,TSLA,USD,352.82,531999.6394,yahoo×fx
2026-04-07,미장,테슬라,TSLA,USD,346.65,519673.407,yahoo×fx
2026-04-08,미장,테슬라,TSLA,USD,343.25,507186.1916,yahoo×fx
2026-04-09,미장,테슬라,TSLA,USD,345.62,509195.0365,yahoo×fx
2026-04-10,미장,테슬라,TSLA,USD,348.95,,yahoo(fx없음)
2026-04-13,미장,테슬라,TSLA,USD,352.42,520467.9606,yahoo×fx
2026-04-14,미장,테슬라,TSLA,USD,364.2,535162.7979,yahoo×fx
2026-04-15,미장,테슬라,TSLA,USD,391.95,577757.858,yahoo×fx
2026-04-16,미장,테슬라,TSLA,USD,388.9,574763.0961,yahoo×fx
2026-04-17,미장,테슬라,TSLA,USD,400.62,,yahoo(fx없음)
2026-04-20,미장,테슬라,TSLA,USD,392.5,576684.5538,yahoo×fx
2026-04-21,미장,테슬라,TSLA,USD,386.42,574142.8748,yahoo×fx
2026-04-22,미장,테슬라,TSLA,USD,387.51,572724.2789,yahoo×fx
2026-04-23,미장,테슬라,TSLA,USD,373.72,553086.8976,yahoo×fx
2026-04-24,미장,테슬라,TSLA,USD,376.3,,yahoo(fx없음)
2026-04-27,미장,테슬라,TSLA,USD,378.67,557780.9298,yahoo×fx
2026-04-28,미장,테슬라,TSLA,USD,376.02,553497.66,yahoo×fx
2026-04-29,미장,테슬라,TSLA,USD,372.8,554495.2477,yahoo×fx
2026-04-30,미장,테슬라,TSLA,USD,381.63,562526.4472,yahoo×fx
2026-05-01,미장,테슬라,TSLA,USD,390.82,,yahoo(fx없음)
2026-05-04,미장,테슬라,TSLA,USD,392.51,579364.4191,yahoo×fx
2026-05-05,미장,테슬라,TSLA,USD,389.37,573915.7828,yahoo×fx
2026-05-06,미장,테슬라,TSLA,USD,398.73,575945.5449,yahoo×fx
2026-05-07,미장,테슬라,TSLA,USD,411.79,599068.0026,yahoo×fx
2026-05-08,미장,테슬라,TSLA,USD,428.35,,yahoo(fx없음)
2026-05-11,미장,테슬라,TSLA,USD,445.0,656130.2283,yahoo×fx
2026-05-12,미장,테슬라,TSLA,USD,433.45,647136.5295,yahoo×fx
2026-05-13,미장,테슬라,TSLA,USD,445.27,663381.0252,yahoo×fx
2026-05-14,미장,테슬라,TSLA,USD,443.3,661997.5886,yahoo×fx
2026-05-15,미장,테슬라,TSLA,USD,422.24,,yahoo(fx없음)
2026-05-18,미장,테슬라,TSLA,USD,409.99,611836.2402,yahoo×fx
2026-05-19,미장,테슬라,TSLA,USD,404.11,609337.2315,yahoo×fx
2026-05-20,미장,테슬라,TSLA,USD,417.26,625794.053,yahoo×fx
2026-05-21,미장,테슬라,TSLA,USD,417.85,628613.5594,yahoo×fx
2026-05-22,미장,테슬라,TSLA,USD,426.01,,yahoo(fx없음)
2026-05-26,미장,테슬라,TSLA,USD,433.59,652743.6987,yahoo×fx
2026-05-27,미장,테슬라,TSLA,USD,440.36,661909.4911,yahoo×fx
2026-05-28,미장,테슬라,TSLA,USD,442.1,661067.7354,yahoo×fx
2026-05-29,미장,테슬라,TSLA,USD,435.79,,yahoo(fx없음)
2026-06-01,미장,테슬라,TSLA,USD,415.88,628506.9831,yahoo×fx
2026-06-02,미장,테슬라,TSLA,USD,423.74,642644.0588,yahoo×fx
2026-06-03,미장,테슬라,TSLA,USD,423.7,648307.6195,yahoo×fx
2026-06-04,미장,테슬라,TSLA,USD,418.45,641513.1377,yahoo×fx
2026-06-05,미장,테슬라,TSLA,USD,391.0,,yahoo(fx없음)
2026-06-08,미장,테슬라,TSLA,USD,408.95,625235.4967,yahoo×fx
2026-06-09,미장,테슬라,TSLA,USD,396.68,605258.3229,yahoo×fx
2026-06-10,미장,테슬라,TSLA,USD,381.59,581943.8425,yahoo×fx
2026-06-11,미장,테슬라,TSLA,USD,399.15,605662.2197,yahoo×fx
2026-06-12,미장,테슬라,TSLA,USD,406.43,,yahoo(fx없음)
2026-06-15,미장,테슬라,TSLA,USD,411.15,622197.4214,yahoo×fx
2026-06-16,미장,테슬라,TSLA,USD,404.66,611425.0633,yahoo×fx
2026-06-17,미장,테슬라,TSLA,USD,396.38,604646.0045,yahoo×fx
2026-06-18,미장,테슬라,TSLA,USD,400.49,615777.4129,yahoo×fx
2026-06-22,미장,테슬라,TSLA,USD,405.05,623392.2035,yahoo×fx
2026-06-23,미장,테슬라,TSLA,USD,381.61,585866.73,yahoo×fx
2026-06-24,미장,테슬라,TSLA,USD,375.53,579352.6646,yahoo×fx
2026-06-25,미장,테슬라,TSLA,USD,375.12,580115.5627,yahoo×fx
2026-06-26,미장,테슬라,TSLA,USD,379.71,,yahoo(fx없음)
2026-06-29,미장,테슬라,TSLA,USD,411.84,634946.0695,yahoo×fx
2026-06-30,미장,테슬라,TSLA,USD,420.6,651345.3693,yahoo×fx
2026-07-01,미장,테슬라,TSLA,USD,425.3,659984.799,yahoo×fx
2026-07-02,미장,테슬라,TSLA,USD,393.45,606751.0692,yahoo×fx
2026-07-06,미장,테슬라,TSLA,USD,419.77,641727.5725,yahoo×fx
2026-07-07,미장,테슬라,TSLA,USD,402.9,612351.5788,yahoo×fx
2026-07-08,미장,테슬라,TSLA,USD,394.06,592410.0877,yahoo×fx
2026-07-09,미장,테슬라,TSLA,USD,406.55,612227.706,yahoo×fx
2026-07-10,미장,테슬라,TSLA,USD,407.76,,yahoo(fx없음)
2026-07-13,미장,테슬라,TSLA,USD,394.76,591232.0474,yahoo×fx
2026-07-14,미장,테슬라,TSLA,USD,396.18,589468.2894,yahoo×fx
2026-07-15,미장,테슬라,TSLA,USD,394.46,586246.42,yahoo×fx
2026-07-16,미장,테슬라,TSLA,USD,391.06,578319.0678,yahoo×fx
2026-07-17,미장,테슬라,TSLA,USD,380.84,,yahoo(fx없음)
2026-07-20,미장,테슬라,TSLA,USD,369.57,545119.4601,yahoo×fx
2026-07-21,미장,테슬라,TSLA,USD,378.93,560710.2777,yahoo×fx
2026-07-22,미장,테슬라,TSLA,USD,374.01,551900.3925,yahoo×fx
2026-07-23,미장,테슬라,TSLA,USD,319.69,471235.8637,yahoo×fx
2026-07-24,미장,테슬라,TSLA,USD,313.03,,yahoo(fx없음)
2026-07-27,미장,테슬라,TSLA,USD,309.22,452834.1205,yahoo×fx
2026-07-28,미장,테슬라,TSLA,USD,307.44,446759.5245,yahoo×fx
2026-07-29,미장,테슬라,TSLA,USD,298.32,430260.9889,yahoo×fx
2026-07-30,미장,테슬라,TSLA,USD,308.85,438752.3111,yahoo×fx
2026-07-31,미장,테슬라,TSLA,USD,311.21,,yahoo(fx없음)
2026-08-03,미장,테슬라,TSLA,USD,322.08,460091.2608,yahoo×fx
2026-08-04,미장,테슬라,TSLA,USD,327.35,467596.5868,yahoo×fx
2026-08-05,미장,테슬라,TSLA,USD,321.55,456973.9916,yahoo×fx
2026-08-06,미장,테슬라,TSLA,USD,319.53,454467.5329,yahoo×fx
2026-08-07,미장,테슬라,TSLA,USD,328.58,,yahoo(fx없음)
2026-08-10,미장,테슬라,TSLA,USD,330.88,468959.5591,yahoo×fx
2026-08-11,미장,테슬라,TSLA,USD,332.81,469987.6402,yahoo×fx
2026-08-12,미장,테슬라,TSLA,USD,327.51,463904.8156,yahoo×fx
2026-08-13,미장,테슬라,TSLA,USD,339.96,481672.3056,yahoo×fx
2026-08-14,미장,테슬라,TSLA,USD,342.27,,yahoo(fx없음)
2026-08-17,미장,테슬라,TSLA,USD,339.3,480017.8651,yahoo×fx
2026-08-18,미장,테슬라,TSLA,USD,336.87,476192.6729,yahoo×fx
2026-08-19,미장,테슬라,TSLA,USD,351.12,487846.1298,yahoo×fx
2026-08-20,미장,테슬라,TSLA,USD,345.13,480003.373,yahoo×fx
2026-08-21,미장,테슬라,TSLA,USD,362.86,,yahoo(fx없음)
2026-08-24,미장,테슬라,TSLA,USD,348.95,,yahoo(fx없음)
2026-08-25,미장,테슬라,TSLA,USD,351.82,486479.1151,yahoo×fx
2026-01-02,미장,TSMC(타이완반도체제조),TSM,USD,319.61,461401.7639,yahoo×fx
2026-01-05,미장,TSMC(타이완반도체제조),TSM,USD,322.25,464194.6737,yahoo×fx
2026-01-06,미장,TSMC(타이완반도체제조),TSM,USD,327.43,473319.7194,yahoo×fx
2026-01-07,미장,TSMC(타이완반도체제조),TSM,USD,318.68,460479.8298,yahoo×fx
2026-01-08,미장,TSMC(타이완반도체제조),TSM,USD,318.01,459887.0002,yahoo×fx
2026-01-09,미장,TSMC(타이완반도체제조),TSM,USD,323.63,469289.3833,yahoo×fx
2026-01-12,미장,TSMC(타이완반도체제조),TSM,USD,331.77,482804.9556,yahoo×fx
2026-01-13,미장,TSMC(타이완반도체제조),TSM,USD,331.21,485199.4706,yahoo×fx
2026-01-14,미장,TSMC(타이완반도체제조),TSM,USD,327.11,481836.2827,yahoo×fx
2026-01-15,미장,TSMC(타이완반도체제조),TSM,USD,341.64,499785.1858,yahoo×fx
2026-01-16,미장,TSMC(타이완반도체제조),TSM,USD,342.4,502930.7953,yahoo×fx
2026-01-20,미장,TSMC(타이완반도체제조),TSM,USD,327.16,481422.495,yahoo×fx
2026-01-21,미장,TSMC(타이완반도체제조),TSM,USD,326.12,481933.6159,yahoo×fx
2026-01-22,미장,TSMC(타이완반도체제조),TSM,USD,327.37,479541.3756,yahoo×fx
2026-01-23,미장,TSMC(타이완반도체제조),TSM,USD,334.87,490001.8723,yahoo×fx
2026-01-26,미장,TSMC(타이완반도체제조),TSM,USD,332.71,480702.7422,yahoo×fx
2026-01-27,미장,TSMC(타이완반도체제조),TSM,USD,338.34,487541.1613,yahoo×fx
2026-01-28,미장,TSMC(타이완반도체제조),TSM,USD,342.3,490348.1589,yahoo×fx
2026-01-29,미장,TSMC(타이완반도체제조),TSM,USD,339.55,485308.6177,yahoo×fx
2026-01-30,미장,TSMC(타이완반도체제조),TSM,USD,330.56,472290.9053,yahoo×fx
2026-02-02,미장,TSMC(타이완반도체제조),TSM,USD,341.36,494562.3634,yahoo×fx
2026-02-03,미장,TSMC(타이완반도체제조),TSM,USD,335.75,487690.3181,yahoo×fx
2026-02-04,미장,TSMC(타이완반도체제조),TSM,USD,325.74,471241.5466,yahoo×fx
2026-02-05,미장,TSMC(타이완반도체제조),TSM,USD,330.73,482902.1915,yahoo×fx
2026-02-06,미장,TSMC(타이완반도체제조),TSM,USD,348.85,513046.7457,yahoo×fx
2026-02-09,미장,TSMC(타이완반도체제조),TSM,USD,355.41,519751.598,yahoo×fx
2026-02-10,미장,TSMC(타이완반도체제조),TSM,USD,361.91,527860.2309,yahoo×fx
2026-02-11,미장,TSMC(타이완반도체제조),TSM,USD,374.09,544424.3779,yahoo×fx
2026-02-12,미장,TSMC(타이완반도체제조),TSM,USD,368.1,531606.3262,yahoo×fx
2026-02-13,미장,TSMC(타이완반도체제조),TSM,USD,366.36,527888.1118,yahoo×fx
2026-02-17,미장,TSMC(타이완반도체제조),TSM,USD,364.2,524531.7765,yahoo×fx
2026-02-18,미장,TSMC(타이완반도체제조),TSM,USD,362.26,521643.5356,yahoo×fx
2026-02-19,미장,TSMC(타이완반도체제조),TSM,USD,360.39,519019.2958,yahoo×fx
2026-02-20,미장,TSMC(타이완반도체제조),TSM,USD,370.54,536449.2974,yahoo×fx
2026-02-23,미장,TSMC(타이완반도체제조),TSM,USD,370.04,534130.5283,yahoo×fx
2026-02-24,미장,TSMC(타이완반도체제조),TSM,USD,385.75,556328.6312,yahoo×fx
2026-02-25,미장,TSMC(타이완반도체제조),TSM,USD,387.73,558327.3347,yahoo×fx
2026-02-26,미장,TSMC(타이완반도체제조),TSM,USD,376.81,537681.5101,yahoo×fx
2026-02-27,미장,TSMC(타이완반도체제조),TSM,USD,374.58,536518.3862,yahoo×fx
2026-03-02,미장,TSMC(타이완반도체제조),TSM,USD,369.11,530964.7139,yahoo×fx
2026-03-03,미장,TSMC(타이완반도체제조),TSM,USD,353.13,512840.1191,yahoo×fx
2026-03-04,미장,TSMC(타이완반도체제조),TSM,USD,357.44,530108.5252,yahoo×fx
2026-03-05,미장,TSMC(타이완반도체제조),TSM,USD,353.86,516900.9736,yahoo×fx
2026-03-06,미장,TSMC(타이완반도체제조),TSM,USD,338.89,501391.1689,yahoo×fx
2026-03-09,미장,TSMC(타이완반도체제조),TSM,USD,348.7,517432.4662,yahoo×fx
2026-03-10,미장,TSMC(타이완반도체제조),TSM,USD,347.09,508302.8768,yahoo×fx
2026-03-11,미장,TSMC(타이완반도체제조),TSM,USD,354.56,522188.8836,yahoo×fx
2026-03-12,미장,TSMC(타이완반도체제조),TSM,USD,336.71,496761.7073,yahoo×fx
2026-03-13,미장,TSMC(타이완반도체제조),TSM,USD,338.31,497511.9013,yahoo×fx
2026-03-16,미장,TSMC(타이완반도체제조),TSM,USD,340.23,510940.419,yahoo×fx
2026-03-17,미장,TSMC(타이완반도체제조),TSM,USD,345.98,515133.11,yahoo×fx
2026-03-18,미장,TSMC(타이완반도체제조),TSM,USD,339.57,504217.3151,yahoo×fx
2026-03-19,미장,TSMC(타이완반도체제조),TSM,USD,338.79,509963.6604,yahoo×fx
2026-03-20,미장,TSMC(타이완반도체제조),TSM,USD,329.24,490514.8958,yahoo×fx
2026-03-23,미장,TSMC(타이완반도체제조),TSM,USD,338.45,509099.8796,yahoo×fx
2026-03-24,미장,TSMC(타이완반도체제조),TSM,USD,343.25,509849.815,yahoo×fx
2026-03-25,미장,TSMC(타이완반도체제조),TSM,USD,347.75,520689.5729,yahoo×fx
2026-03-26,미장,TSMC(타이완반도체제조),TSM,USD,326.11,489481.2952,yahoo×fx
2026-03-27,미장,TSMC(타이완반도체제조),TSM,USD,326.74,492841.5269,yahoo×fx
2026-03-30,미장,TSMC(타이완반도체제조),TSM,USD,316.5,479855.1465,yahoo×fx
2026-03-31,미장,TSMC(타이완반도체제조),TSM,USD,337.95,508050.377,yahoo×fx
2026-04-01,미장,TSMC(타이완반도체제조),TSM,USD,341.49,516363.5877,yahoo×fx
2026-04-02,미장,TSMC(타이완반도체제조),TSM,USD,339.04,511685.9518,yahoo×fx
2026-04-06,미장,TSMC(타이완반도체제조),TSM,USD,341.76,515322.8224,yahoo×fx
2026-04-07,미장,TSMC(타이완반도체제조),TSM,USD,345.32,517679.5843,yahoo×fx
2026-04-08,미장,TSMC(타이완반도체제조),TSM,USD,365.9,540653.822,yahoo×fx
2026-04-09,미장,TSMC(타이완반도체제조),TSM,USD,365.49,538469.1035,yahoo×fx
2026-04-10,미장,TSMC(타이완반도체제조),TSM,USD,370.6,,yahoo(fx없음)
2026-04-13,미장,TSMC(타이완반도체제조),TSM,USD,369.57,545795.757,yahoo×fx
2026-04-14,미장,TSMC(타이완반도체제조),TSM,USD,379.89,558218.002,yahoo×fx
2026-04-15,미장,TSMC(타이완반도체제조),TSM,USD,375.1,552919.937,yahoo×fx
2026-04-16,미장,TSMC(타이완반도체제조),TSM,USD,363.35,537002.257,yahoo×fx
2026-04-17,미장,TSMC(타이완반도체제조),TSM,USD,370.5,,yahoo(fx없음)
2026-04-20,미장,TSMC(타이완반도체제조),TSM,USD,366.24,538101.7716,yahoo×fx
2026-04-21,미장,TSMC(타이완반도체제조),TSM,USD,368.08,546893.262,yahoo×fx
2026-04-22,미장,TSMC(타이완반도체제조),TSM,USD,387.44,572620.8109,yahoo×fx
2026-04-23,미장,TSMC(타이완반도체제조),TSM,USD,382.66,566317.6537,yahoo×fx
2026-04-24,미장,TSMC(타이완반도체제조),TSM,USD,402.46,,yahoo(fx없음)
2026-04-27,미장,TSMC(타이완반도체제조),TSM,USD,404.98,596535.5562,yahoo×fx
2026-04-28,미장,TSMC(타이완반도체제조),TSM,USD,392.34,577520.5474,yahoo×fx
2026-04-29,미장,TSMC(타이완반도체제조),TSM,USD,393.83,585774.8474,yahoo×fx
2026-04-30,미장,TSMC(타이완반도체제조),TSM,USD,396.06,583796.4009,yahoo×fx
2026-05-01,미장,TSMC(타이완반도체제조),TSM,USD,397.67,,yahoo(fx없음)
2026-05-04,미장,TSMC(타이완반도체제조),TSM,USD,401.61,592796.4385,yahoo×fx
2026-05-05,미장,TSMC(타이완반도체제조),TSM,USD,394.41,581344.5536,yahoo×fx
2026-05-06,미장,TSMC(타이완반도체제조),TSM,USD,419.5,605946.7545,yahoo×fx
2026-05-07,미장,TSMC(타이완반도체제조),TSM,USD,414.15,602501.2858,yahoo×fx
2026-05-08,미장,TSMC(타이완반도체제조),TSM,USD,411.68,,yahoo(fx없음)
2026-05-11,미장,TSMC(타이완반도체제조),TSM,USD,404.54,596473.9958,yahoo×fx
2026-05-12,미장,TSMC(타이완반도체제조),TSM,USD,397.28,593135.0615,yahoo×fx
2026-05-13,미장,TSMC(타이완반도체제조),TSM,USD,399.8,595638.0001,yahoo×fx
2026-05-14,미장,TSMC(타이완반도체제조),TSM,USD,417.72,623797.9723,yahoo×fx
2026-05-15,미장,TSMC(타이완반도체제조),TSM,USD,404.35,,yahoo(fx없음)
2026-05-18,미장,TSMC(타이완반도체제조),TSM,USD,395.95,590884.1009,yahoo×fx
2026-05-19,미장,TSMC(타이완반도체제조),TSM,USD,392.61,591996.9568,yahoo×fx
2026-05-20,미장,TSMC(타이완반도체제조),TSM,USD,401.62,602337.6279,yahoo×fx
2026-05-21,미장,TSMC(타이완반도체제조),TSM,USD,407.15,612516.4608,yahoo×fx
2026-05-22,미장,TSMC(타이완반도체제조),TSM,USD,404.52,,yahoo(fx없음)
2026-05-26,미장,TSMC(타이완반도체제조),TSM,USD,412.32,620723.0077,yahoo×fx
2026-05-27,미장,TSMC(타이완반도체제조),TSM,USD,422.73,635409.7006,yahoo×fx
2026-05-28,미장,TSMC(타이완반도체제조),TSM,USD,424.86,635288.9041,yahoo×fx
2026-05-29,미장,TSMC(타이완반도체제조),TSM,USD,418.45,,yahoo(fx없음)
2026-06-01,미장,TSMC(타이완반도체제조),TSM,USD,435.63,658354.566,yahoo×fx
2026-06-02,미장,TSMC(타이완반도체제조),TSM,USD,446.69,677450.0468,yahoo×fx
2026-06-03,미장,TSMC(타이완반도체제조),TSM,USD,436.69,668183.7332,yahoo×fx
2026-06-04,미장,TSMC(타이완반도체제조),TSM,USD,444.92,682093.5011,yahoo×fx
2026-06-05,미장,TSMC(타이완반도체제조),TSM,USD,415.17,,yahoo(fx없음)
2026-06-08,미장,TSMC(타이완반도체제조),TSM,USD,426.8,652525.9674,yahoo×fx
2026-06-09,미장,TSMC(타이완반도체제조),TSM,USD,427.92,652924.6608,yahoo×fx
2026-06-10,미장,TSMC(타이완반도체제조),TSM,USD,408.75,623364.2075,yahoo×fx
2026-06-11,미장,TSMC(타이완반도체제조),TSM,USD,421.07,638923.2098,yahoo×fx
2026-06-12,미장,TSMC(타이완반도체제조),TSM,USD,423.93,,yahoo(fx없음)
2026-06-15,미장,TSMC(타이완반도체제조),TSM,USD,441.4,667975.0506,yahoo×fx
2026-06-16,미장,TSMC(타이완반도체제조),TSM,USD,425.83,643412.0599,yahoo×fx
2026-06-17,미장,TSMC(타이완반도체제조),TSM,USD,432.15,659210.2627,yahoo×fx
2026-06-18,미장,TSMC(타이완반도체제조),TSM,USD,462.12,710537.2468,yahoo×fx
2026-06-22,미장,TSMC(타이완반도체제조),TSM,USD,467.67,719767.557,yahoo×fx
2026-06-23,미장,TSMC(타이완반도체제조),TSM,USD,436.39,669967.77,yahoo×fx
2026-06-24,미장,TSMC(타이완반도체제조),TSM,USD,440.83,680094.8744,yahoo×fx
2026-06-25,미장,TSMC(타이완반도체제조),TSM,USD,434.99,672703.3116,yahoo×fx
2026-06-26,미장,TSMC(타이완반도체제조),TSM,USD,432.35,,yahoo(fx없음)
2026-06-29,미장,TSMC(타이완반도체제조),TSM,USD,455.1,701641.3235,yahoo×fx
2026-06-30,미장,TSMC(타이완반도체제조),TSM,USD,477.57,739569.682,yahoo×fx
2026-07-01,미장,TSMC(타이완반도체제조),TSM,USD,444.23,689360.5994,yahoo×fx
2026-07-02,미장,TSMC(타이완반도체제조),TSM,USD,434.16,669531.1686,yahoo×fx
2026-07-06,미장,TSMC(타이완반도체제조),TSM,USD,451.79,690678.4979,yahoo×fx
2026-07-07,미장,TSMC(타이완반도체제조),TSM,USD,432.57,657445.845,yahoo×fx
2026-07-08,미장,TSMC(타이완반도체제조),TSM,USD,436.98,656933.8888,yahoo×fx
2026-07-09,미장,TSMC(타이완반도체제조),TSM,USD,436.96,658022.4357,yahoo×fx
2026-07-10,미장,TSMC(타이완반도체제조),TSM,USD,434.11,,yahoo(fx없음)
2026-07-13,미장,TSMC(타이완반도체제조),TSM,USD,421.58,631400.3253,yahoo×fx
2026-07-14,미장,TSMC(타이완반도체제조),TSM,USD,420.39,625489.897,yahoo×fx
2026-07-15,미장,TSMC(타이완반도체제조),TSM,USD,419.48,623431.1718,yahoo×fx
2026-07-16,미장,TSMC(타이완반도체제조),TSM,USD,409.74,605943.9746,yahoo×fx
2026-07-17,미장,TSMC(타이완반도체제조),TSM,USD,398.37,,yahoo(fx없음)
2026-07-20,미장,TSMC(타이완반도체제조),TSM,USD,402.3,593396.5089,yahoo×fx
2026-07-21,미장,TSMC(타이완반도체제조),TSM,USD,424.61,628303.8751,yahoo×fx
2026-07-22,미장,TSMC(타이완반도체제조),TSM,USD,421.21,621550.1017,yahoo×fx
2026-07-23,미장,TSMC(타이완반도체제조),TSM,USD,415.58,612581.5396,yahoo×fx
2026-07-24,미장,TSMC(타이완반도체제조),TSM,USD,403.41,,yahoo(fx없음)
2026-07-27,미장,TSMC(타이완반도체제조),TSM,USD,399.09,584443.3309,yahoo×fx
2026-07-28,미장,TSMC(타이완반도체제조),TSM,USD,392.31,570089.2095,yahoo×fx
2026-07-29,미장,TSMC(타이완반도체제조),TSM,USD,374.67,540379.0779,yahoo×fx
2026-07-30,미장,TSMC(타이완반도체제조),TSM,USD,403.31,572942.1727,yahoo×fx
2026-07-31,미장,TSMC(타이완반도체제조),TSM,USD,404.25,,yahoo(fx없음)
2026-08-03,미장,TSMC(타이완반도체제조),TSM,USD,406.11,580128.1141,yahoo×fx
2026-08-04,미장,TSMC(타이완반도체제조),TSM,USD,417.17,595898.1847,yahoo×fx
2026-08-05,미장,TSMC(타이완반도체제조),TSM,USD,414.0,588360.2542,yahoo×fx
2026-08-06,미장,TSMC(타이완반도체제조),TSM,USD,418.2,594805.8978,yahoo×fx
2026-08-07,미장,TSMC(타이완반도체제조),TSM,USD,420.04,,yahoo(fx없음)
2026-08-10,미장,TSMC(타이완반도체제조),TSM,USD,418.47,593101.7419,yahoo×fx
2026-08-11,미장,TSMC(타이완반도체제조),TSM,USD,422.06,596024.71,yahoo×fx
2026-08-12,미장,TSMC(타이완반도체제조),TSM,USD,429.15,607873.7836,yahoo×fx
2026-08-13,미장,TSMC(타이완반도체제조),TSM,USD,430.49,609939.7322,yahoo×fx
2026-08-14,미장,TSMC(타이완반도체제조),TSM,USD,426.35,,yahoo(fx없음)
2026-08-17,미장,TSMC(타이완반도체제조),TSM,USD,430.97,609706.1814,yahoo×fx
2026-08-18,미장,TSMC(타이완반도체제조),TSM,USD,413.41,584388.0948,yahoo×fx
2026-08-19,미장,TSMC(타이완반도체제조),TSM,USD,412.09,572557.851,yahoo×fx
2026-08-20,미장,TSMC(타이완반도체제조),TSM,USD,416.0,578568.6562,yahoo×fx
2026-08-21,미장,TSMC(타이완반도체제조),TSM,USD,418.95,,yahoo(fx없음)
2026-08-24,미장,TSMC(타이완반도체제조),TSM,USD,410.12,,yahoo(fx없음)
2026-08-25,미장,TSMC(타이완반도체제조),TSM,USD,416.245,575562.767,yahoo×fx
2026-01-02,미장,디렉시온 타이완반도체 2배 ETF,TSMX,USD,54.38,78505.1455,yahoo×fx
2026-01-05,미장,디렉시온 타이완반도체 2배 ETF,TSMX,USD,55.31,79672.9497,yahoo×fx
2026-01-06,미장,디렉시온 타이완반도체 2배 ETF,TSMX,USD,57.02,82425.8352,yahoo×fx
2026-01-07,미장,디렉시온 타이완반도체 2배 ETF,TSMX,USD,54.01,78042.2851,yahoo×fx
2026-01-08,미장,디렉시온 타이완반도체 2배 ETF,TSMX,USD,53.71,77672.1789,yahoo×fx
2026-01-09,미장,디렉시온 타이완반도체 2배 ETF,TSMX,USD,55.64,80682.4479,yahoo×fx
2026-01-12,미장,디렉시온 타이완반도체 2배 ETF,TSMX,USD,58.47,85087.884,yahoo×fx
2026-01-13,미장,디렉시온 타이완반도체 2배 ETF,TSMX,USD,58.1,85112.4339,yahoo×fx
2026-01-14,미장,디렉시온 타이완반도체 2배 ETF,TSMX,USD,56.7,83519.6687,yahoo×fx
2026-01-15,미장,디렉시온 타이완반도체 2배 ETF,TSMX,USD,61.85,90480.3643,yahoo×fx
2026-01-16,미장,디렉시온 타이완반도체 2배 ETF,TSMX,USD,61.9,90921.1961,yahoo×fx
2026-01-20,미장,디렉시온 타이완반도체 2배 ETF,TSMX,USD,56.44,83052.5879,yahoo×fx
2026-01-21,미장,디렉시온 타이완반도체 2배 ETF,TSMX,USD,56.42,83376.3465,yahoo×fx
2026-01-22,미장,디렉시온 타이완반도체 2배 ETF,TSMX,USD,56.51,82777.5384,yahoo×fx
2026-01-23,미장,디렉시온 타이완반도체 2배 ETF,TSMX,USD,59.01,86346.9707,yahoo×fx
2026-01-26,미장,디렉시온 타이완반도체 2배 ETF,TSMX,USD,58.26,84174.6316,yahoo×fx
2026-01-27,미장,디렉시온 타이완반도체 2배 ETF,TSMX,USD,60.1,86602.8946,yahoo×fx
2026-01-28,미장,디렉시온 타이완반도체 2배 ETF,TSMX,USD,61.56,88185.3182,yahoo×fx
2026-01-29,미장,디렉시온 타이완반도체 2배 ETF,TSMX,USD,60.49,86456.5459,yahoo×fx
2026-01-30,미장,디렉시온 타이완반도체 2배 ETF,TSMX,USD,57.27,81825.0864,yahoo×fx
2026-02-02,미장,디렉시온 타이완반도체 2배 ETF,TSMX,USD,61.07,88478.2185,yahoo×fx
2026-02-03,미장,디렉시온 타이완반도체 2배 ETF,TSMX,USD,59.09,85830.5911,yahoo×fx
2026-02-04,미장,디렉시온 타이완반도체 2배 ETF,TSMX,USD,55.47,80247.3443,yahoo×fx
2026-02-05,미장,디렉시온 타이완반도체 2배 ETF,TSMX,USD,57.14,83430.6837,yahoo×fx
2026-02-06,미장,디렉시온 타이완반도체 2배 ETF,TSMX,USD,63.4,93241.1176,yahoo×fx
2026-02-09,미장,디렉시온 타이완반도체 2배 ETF,TSMX,USD,65.61,95948.0665,yahoo×fx
2026-02-10,미장,디렉시온 타이완반도체 2배 ETF,TSMX,USD,68.02,99209.8886,yahoo×fx
2026-02-11,미장,디렉시온 타이완반도체 2배 ETF,TSMX,USD,72.71,105817.0398,yahoo×fx
2026-02-12,미장,디렉시온 타이완반도체 2배 ETF,TSMX,USD,70.23,101425.4644,yahoo×fx
2026-02-13,미장,디렉시온 타이완반도체 2배 ETF,TSMX,USD,69.62,100315.4637,yahoo×fx
2026-02-17,미장,디렉시온 타이완반도체 2배 ETF,TSMX,USD,68.76,99030.2165,yahoo×fx
2026-02-18,미장,디렉시온 타이완반도체 2배 ETF,TSMX,USD,67.99,97903.5552,yahoo×fx
2026-02-19,미장,디렉시온 타이완반도체 2배 ETF,TSMX,USD,67.3,96922.7747,yahoo×fx
2026-02-20,미장,디렉시온 타이완반도체 2배 ETF,TSMX,USD,71.05,102862.6419,yahoo×fx
2026-02-23,미장,디렉시온 타이완반도체 2배 ETF,TSMX,USD,70.89,102325.4566,yahoo×fx
2026-02-24,미장,디렉시온 타이완반도체 2배 ETF,TSMX,USD,76.93,110948.4427,yahoo×fx
2026-02-25,미장,디렉시온 타이완반도체 2배 ETF,TSMX,USD,77.45,111527.2203,yahoo×fx
2026-02-26,미장,디렉시온 타이완반도체 2배 ETF,TSMX,USD,73.22,104479.8203,yahoo×fx
2026-02-27,미장,디렉시온 타이완반도체 2배 ETF,TSMX,USD,72.22,103442.1483,yahoo×fx
2026-03-02,미장,디렉시온 타이완반도체 2배 ETF,TSMX,USD,70.02,100723.7652,yahoo×fx
2026-03-03,미장,디렉시온 타이완반도체 2배 ETF,TSMX,USD,64.12,93119.5576,yahoo×fx
2026-03-04,미장,디렉시온 타이완반도체 2배 ETF,TSMX,USD,65.6,97289.3862,yahoo×fx
2026-03-05,미장,디렉시온 타이완반도체 2배 ETF,TSMX,USD,64.09,93619.4622,yahoo×fx
2026-03-06,미장,디렉시온 타이완반도체 2배 ETF,TSMX,USD,58.65,86773.2643,yahoo×fx
2026-03-09,미장,디렉시온 타이완반도체 2배 ETF,TSMX,USD,62.19,92283.118,yahoo×fx
2026-03-10,미장,디렉시온 타이완반도체 2배 ETF,TSMX,USD,61.41,89933.1007,yahoo×fx
2026-03-11,미장,디렉시온 타이완반도체 2배 ETF,TSMX,USD,64.08,94375.747,yahoo×fx
2026-03-12,미장,디렉시온 타이완반도체 2배 ETF,TSMX,USD,57.7,85127.1172,yahoo×fx
2026-03-13,미장,디렉시온 타이완반도체 2배 ETF,TSMX,USD,58.07,85396.5776,yahoo×fx
2026-03-16,미장,디렉시온 타이완반도체 2배 ETF,TSMX,USD,58.66,88092.6548,yahoo×fx
2026-03-17,미장,디렉시온 타이완반도체 2배 ETF,TSMX,USD,61.02,90853.291,yahoo×fx
2026-03-18,미장,디렉시온 타이완반도체 2배 ETF,TSMX,USD,58.76,87250.9584,yahoo×fx
2026-03-19,미장,디렉시온 타이완반도체 2배 ETF,TSMX,USD,58.3,87756.0739,yahoo×fx
2026-03-20,미장,디렉시온 타이완반도체 2배 ETF,TSMX,USD,55.13,82134.8789,yahoo×fx
2026-03-23,미장,디렉시온 타이완반도체 2배 ETF,TSMX,USD,58.05,87319.3871,yahoo×fx
2026-03-24,미장,디렉시온 타이완반도체 2배 ETF,TSMX,USD,59.46,88319.5034,yahoo×fx
2026-03-25,미장,디렉시온 타이완반도체 2배 ETF,TSMX,USD,61.02,91365.8605,yahoo×fx
2026-03-26,미장,디렉시온 타이완반도체 2배 ETF,TSMX,USD,53.44,80211.8332,yahoo×fx
2026-03-27,미장,디렉시온 타이완반도체 2배 ETF,TSMX,USD,53.65,80923.5155,yahoo×fx
2026-03-30,미장,디렉시온 타이완반도체 2배 ETF,TSMX,USD,50.19,76094.5629,yahoo×fx
2026-03-31,미장,디렉시온 타이완반도체 2배 ETF,TSMX,USD,57.12,85870.2055,yahoo×fx
2026-04-01,미장,디렉시온 타이완반도체 2배 ETF,TSMX,USD,58.4,88306.0563,yahoo×fx
2026-04-02,미장,디렉시온 타이완반도체 2배 ETF,TSMX,USD,57.19,86312.2881,yahoo×fx
2026-04-06,미장,디렉시온 타이완반도체 2배 ETF,TSMX,USD,58.2,87756.8697,yahoo×fx
2026-04-07,미장,디렉시온 타이완반도체 2배 ETF,TSMX,USD,59.25,88823.4528,yahoo×fx
2026-04-08,미장,디렉시온 타이완반도체 2배 ETF,TSMX,USD,66.45,98186.5139,yahoo×fx
2026-04-09,미장,디렉시온 타이완반도체 2배 ETF,TSMX,USD,66.37,97781.5996,yahoo×fx
2026-04-10,미장,디렉시온 타이완반도체 2배 ETF,TSMX,USD,68.02,,yahoo(fx없음)
2026-04-13,미장,디렉시온 타이완반도체 2배 ETF,TSMX,USD,67.81,100144.5145,yahoo×fx
2026-04-14,미장,디렉시온 타이완반도체 2배 ETF,TSMX,USD,71.57,105166.3921,yahoo×fx
2026-04-15,미장,디렉시온 타이완반도체 2배 ETF,TSMX,USD,69.89,103022.0566,yahoo×fx
2026-04-16,미장,디렉시온 타이완반도체 2배 ETF,TSMX,USD,65.17,96316.0466,yahoo×fx
2026-04-17,미장,디렉시온 타이완반도체 2배 ETF,TSMX,USD,67.67,,yahoo(fx없음)
2026-04-20,미장,디렉시온 타이완반도체 2배 ETF,TSMX,USD,66.16,97206.2476,yahoo×fx
2026-04-21,미장,디렉시온 타이완반도체 2배 ETF,TSMX,USD,66.67,99058.2865,yahoo×fx
2026-04-22,미장,디렉시온 타이완반도체 2배 ETF,TSMX,USD,73.89,109206.4606,yahoo×fx
2026-04-23,미장,디렉시온 타이완반도체 2배 ETF,TSMX,USD,71.8,106260.411,yahoo×fx
2026-04-24,미장,디렉시온 타이완반도체 2배 ETF,TSMX,USD,79.49,,yahoo(fx없음)
2026-04-27,미장,디렉시온 타이완반도체 2배 ETF,TSMX,USD,80.4,118429.2022,yahoo×fx
2026-04-28,미장,디렉시온 타이완반도체 2배 ETF,TSMX,USD,75.15,110620.05,yahoo×fx
2026-04-29,미장,디렉시온 타이완반도체 2배 ETF,TSMX,USD,75.86,112832.6481,yahoo×fx
2026-04-30,미장,디렉시온 타이완반도체 2배 ETF,TSMX,USD,76.56,112850.2027,yahoo×fx
2026-05-01,미장,디렉시온 타이완반도체 2배 ETF,TSMX,USD,77.29,,yahoo(fx없음)
2026-05-04,미장,디렉시온 타이완반도체 2배 ETF,TSMX,USD,78.79,116297.9847,yahoo×fx
2026-05-05,미장,디렉시온 타이완반도체 2배 ETF,TSMX,USD,75.88,111844.0778,yahoo×fx
2026-05-06,미장,디렉시온 타이완반도체 2배 ETF,TSMX,USD,85.56,123587.1343,yahoo×fx
2026-05-07,미장,디렉시온 타이완반도체 2배 ETF,TSMX,USD,83.51,121489.5193,yahoo×fx
2026-05-08,미장,디렉시온 타이완반도체 2배 ETF,TSMX,USD,82.2,,yahoo(fx없음)
2026-05-11,미장,디렉시온 타이완반도체 2배 ETF,TSMX,USD,79.35,116997.6014,yahoo×fx
2026-05-12,미장,디렉시온 타이완반도체 2배 ETF,TSMX,USD,76.41,114079.3706,yahoo×fx
2026-05-13,미장,디렉시온 타이완반도체 2배 ETF,TSMX,USD,77.46,115403.0024,yahoo×fx
2026-05-14,미장,디렉시온 타이완반도체 2배 ETF,TSMX,USD,84.25,125813.8921,yahoo×fx
2026-05-15,미장,디렉시온 타이완반도체 2배 ETF,TSMX,USD,78.99,,yahoo(fx없음)
2026-05-18,미장,디렉시온 타이완반도체 2배 ETF,TSMX,USD,75.46,112610.4618,yahoo×fx
2026-05-19,미장,디렉시온 타이완반도체 2배 ETF,TSMX,USD,74.39,112168.9588,yahoo×fx
2026-05-20,미장,디렉시온 타이완반도체 2배 ETF,TSMX,USD,77.68,116502.1356,yahoo×fx
2026-05-21,미장,디렉시온 타이완반도체 2배 ETF,TSMX,USD,79.61,119765.2869,yahoo×fx
2026-05-22,미장,디렉시온 타이완반도체 2배 ETF,TSMX,USD,78.54,,yahoo(fx없음)
2026-05-26,미장,디렉시온 타이완반도체 2배 ETF,TSMX,USD,81.58,122813.7932,yahoo×fx
2026-05-27,미장,디렉시온 타이완반도체 2배 ETF,TSMX,USD,85.7,128816.5212,yahoo×fx
2026-05-28,미장,디렉시온 타이완반도체 2배 ETF,TSMX,USD,86.52,129372.4892,yahoo×fx
2026-05-29,미장,디렉시온 타이완반도체 2배 ETF,TSMX,USD,84.05,,yahoo(fx없음)
2026-06-01,미장,디렉시온 타이완반도체 2배 ETF,TSMX,USD,91.07,137631.3602,yahoo×fx
2026-04-24,미장,벤처 글로벌,VG,USD,11.9,,yahoo(fx없음)
2026-04-27,미장,벤처 글로벌,VG,USD,12.19,17955.8694,yahoo×fx
2026-04-28,미장,벤처 글로벌,VG,USD,12.16,17899.3981,yahoo×fx
2026-04-29,미장,벤처 글로벌,VG,USD,13.16,19573.9206,yahoo×fx
2026-07-14,미장,바이킹 홀딩스,VIK,USD,97.65,145291.4847,yahoo×fx
2026-07-15,미장,바이킹 홀딩스,VIK,USD,98.19,145929.9768,yahoo×fx
2026-05-04,미장,발레로 에너지,VLO,USD,251.63,371418.481,yahoo×fx
2026-05-05,미장,발레로 에너지,VLO,USD,253.45,373575.1476,yahoo×fx
2026-05-06,미장,발레로 에너지,VLO,USD,236.69,341886.8625,yahoo×fx
2026-05-07,미장,발레로 에너지,VLO,USD,236.35,343839.6346,yahoo×fx
2026-01-02,미장,버티브 홀딩스,VRT,USD,175.61,253517.6239,yahoo×fx
2026-01-05,미장,버티브 홀딩스,VRT,USD,173.95,250571.4882,yahoo×fx
2026-01-06,미장,버티브 홀딩스,VRT,USD,174.95,252900.7278,yahoo×fx
2026-01-07,미장,버티브 홀딩스,VRT,USD,171.54,247868.422,yahoo×fx
2026-01-08,미장,버티브 홀딩스,VRT,USD,160.78,232510.3898,yahoo×fx
2026-01-09,미장,버티브 홀딩스,VRT,USD,163.58,237204.0819,yahoo×fx
2026-01-12,미장,버티브 홀딩스,VRT,USD,170.03,247434.4538,yahoo×fx
2026-01-13,미장,버티브 홀딩스,VRT,USD,172.72,253022.7207,yahoo×fx
2026-01-14,미장,버티브 홀딩스,VRT,USD,170.86,251678.4912,yahoo×fx
2026-01-15,미장,버티브 홀딩스,VRT,USD,172.54,252408.7604,yahoo×fx
2026-01-16,미장,버티브 홀딩스,VRT,USD,176.93,259881.8444,yahoo×fx
2026-01-20,미장,버티브 홀딩스,VRT,USD,175.18,257780.8662,yahoo×fx
2026-01-21,미장,버티브 홀딩스,VRT,USD,181.47,268172.7437,yahoo×fx
2026-01-22,미장,버티브 홀딩스,VRT,USD,181.12,265309.9945,yahoo×fx
2026-01-02,미장,웨스턴 디지털,WDC,USD,187.7,270971.2263,yahoo×fx
2026-01-05,미장,웨스턴 디지털,WDC,USD,187.88,270637.3858,yahoo×fx
2026-01-06,미장,웨스턴 디지털,WDC,USD,219.38,317126.9727,yahoo×fx
2026-01-07,미장,웨스턴 디지털,WDC,USD,199.88,288818.604,yahoo×fx
2026-01-08,미장,웨스턴 디지털,WDC,USD,187.68,271411.5474,yahoo×fx
2026-01-09,미장,웨스턴 디지털,WDC,USD,200.46,290683.0377,yahoo×fx
2026-01-12,미장,웨스턴 디지털,WDC,USD,212.14,308714.6106,yahoo×fx
2026-01-02,미장,샤오펑 ADR,XPEV,USD,20.43,29493.5659,yahoo×fx
2026-01-05,미장,샤오펑 ADR,XPEV,USD,20.15,29025.6711,yahoo×fx
2026-01-06,미장,샤오펑 ADR,XPEV,USD,20.11,29070.2137,yahoo×fx
2026-01-07,미장,샤오펑 ADR,XPEV,USD,19.88,28725.8028,yahoo×fx
2026-01-08,미장,샤오펑 ADR,XPEV,USD,20.52,29674.7938,yahoo×fx
2026-01-09,미장,샤오펑 ADR,XPEV,USD,20.02,29030.6014,yahoo×fx
2026-01-12,미장,샤오펑 ADR,XPEV,USD,21.71,31593.2589,yahoo×fx
2026-01-13,미장,샤오펑 ADR,XPEV,USD,21.05,30836.7765,yahoo×fx
2026-01-14,미장,샤오펑 ADR,XPEV,USD,20.58,30314.5459,yahoo×fx
2026-01-15,미장,샤오펑 ADR,XPEV,USD,20.88,30545.3513,yahoo×fx
2026-01-16,미장,샤오펑 ADR,XPEV,USD,20.65,30331.5447,yahoo×fx
