실거래일자,거래유형,상세내용,종목명,수량,단가,거래금액,정산금액,잔고,예수금잔액,수수료,세금,거래일자
2025.05.05,입금,이체입금,,0,0,940000,940000,0,940000,0,0,2025.05.07
2025.05.05,입금,이체입금,,0,0,60000,60000,0,1000000,0,0,2025.05.07
2025.05.07,매도,외화증권매도,인베스코 QQQ 트러스트 시리즈1 ETF,1,484,484,484,-1,0,0,0,2025.05.07
2025.05.07,매도,외화증권매도,인베스코 QQQ 트러스트 시리즈1 ETF,1,484,484,484,-2,0,0,0,2025.05.07
2025.05.07,매도,외화증권매도,인베스코 QQQ 트러스트 시리즈1 ETF,1,484,484,484,-3,0,0,0,2025.05.07
2025.05.07,매도,외화증권매도,인베스코 QQQ 트러스트 시리즈1 ETF,2,484,969,969,-5,0,0,0,2025.05.07
2025.05.07,매수,외화증권매수,인베스코 QQQ 트러스트 시리즈1 ETF,1,484,484,484,-4,0,0,0,2025.05.07
2025.05.07,매수,외화증권매수,인베스코 QQQ 트러스트 시리즈1 ETF,1,484,484,484,-3,0,0,0,2025.05.07
2025.05.07,매수,외화증권매수,인베스코 QQQ 트러스트 시리즈1 ETF,1,484,484,484,-2,0,0,0,2025.05.07
2025.05.07,매수,외화증권매수,인베스코 QQQ 트러스트 시리즈1 ETF,1,484,484,484,-1,0,0,0,2025.05.07
2025.05.07,매수,외화증권매수,인베스코 QQQ 트러스트 시리즈1 ETF,1,484,484,484,0,0,0,0,2025.05.07
2025.05.07,입금,쿠폰이벤트 지원금(외화),,0,0,30,30,0,0,0,0,2025.05.07
2025.05.07,입금,쿠폰이벤트 지원금(원화),,0,0,10000,10000,0,1010000,0,0,2025.05.07
2025.05.08,입고,타사대체입고,스포티파이 테크놀러지,4,585,0,0,4,1010000,0,0,2025.05.08
2025.05.08,입고,타사대체입고,아처 에비에이션,150,8,0,0,150,1010000,0,0,2025.05.08
2025.05.08,입고,타사대체입고,디파이언스 양자컴퓨터 ETF,25,73,0,0,25,1010000,0,0,2025.05.08
2025.05.08,입고,타사대체입고,일라이 릴리,5,850,0,0,5,1010000,0,0,2025.05.08
2025.05.08,입고,타사대체입고,엔비디아,65,125,0,0,65,1010000,0,0,2025.05.08
2025.05.08,입고,타사대체입고,팔란티어 테크놀로지스,10,104,0,0,10,1010000,0,0,2025.05.08
2025.05.08,입고,타사대체입고,템퍼스 AI,20,54,0,0,20,1010000,0,0,2025.05.08
2025.05.08,입고,타사대체입고,테슬라,20,269,0,0,20,1010000,0,0,2025.05.08
2025.05.08,매수,외화증권매수,아처 에비에이션,5,8,42,42,155,0,0,0,2025.05.08
2025.05.08,매수,외화증권매수,팔란티어 테크놀로지스,1,114,114,114,11,0,0,0,2025.05.08
2025.05.08,매수,외화증권매수,팔란티어 테크놀로지스,4,114,458,458,15,0,0,0,2025.05.08
2025.05.08,환전,통합증거금결제금생성(외화),,0,0,818127,585,0,191873,0,0,2025.05.08
2025.05.08,입금,이체입금,,0,0,3000000,3000000,0,3191873,0,0,2025.05.08
2025.05.09,입고,타사대체입고,스포티파이 테크놀러지,1,637,0,0,5,3191873,0,0,2025.05.09
2025.05.09,입고,타사대체입고,아처 에비에이션,260,8,0,0,415,3191873,0,0,2025.05.09
2025.05.09,입고,타사대체입고,팔란티어 테크놀로지스,25,108,0,0,40,3191873,0,0,2025.05.09
2025.05.09,입고,타사대체입고,템퍼스 AI,50,52,0,0,70,3191873,0,0,2025.05.09
2025.05.09,입고,타사대체입고,테슬라,5,276,0,0,25,3191873,0,0,2025.05.09
2025.05.09,매수,외화증권매수,아처 에비에이션,4,8,34,34,419,0,0,0,2025.05.09
2025.05.09,매수,외화증권매수,SPDR S&P500 포트폴리오 ETF,1,66,66,66,1,0,0,0,2025.05.09
2025.05.09,환전,통합증거금결제금생성(외화),,0,0,141713,100,0,3050160,0,0,2025.05.09
2025.05.09,입금,이체입금,,0,0,2000000,2000000,0,5050160,0,0,2025.05.09
2025.05.09,환전,외화매수,,0,0,999999,709,0,4050161,0,0,2025.05.09
2025.05.12,매도,외화증권매도,알파벳 Class A,23,154,3562,3562,-23,0,0,0,2025.05.12
2025.05.12,매도,외화증권매도,일라이 릴리,5,763,3818,3818,0,0,0,0,2025.05.12
2025.05.12,매도,외화증권매도,프로셰어즈 QQQ -3배 ETF,42,28,1180,1180,-42,0,0,0,2025.05.12
2025.05.12,매도,외화증권매도,프로셰어즈 QQQ -3배 ETF,85,28,2384,2384,-127,0,0,0,2025.05.12
2025.05.12,매도,외화증권매도,프로셰어즈 QQQ 3배 ETF,59,60,3554,3554,-59,0,0,0,2025.05.12
2025.05.12,매도,외화증권매도,SPDR S&P500 포트폴리오 ETF,1,66,66,66,0,0,0,0,2025.05.12
2025.05.12,매수,외화증권매수,알파벳 Class A,1,153,153,153,-22,0,0,0,2025.05.12
2025.05.12,매수,외화증권매수,알파벳 Class A,2,154,309,309,-20,0,0,0,2025.05.12
2025.05.12,매수,외화증권매수,알파벳 Class A,5,154,772,772,-15,0,0,0,2025.05.12
2025.05.12,매수,외화증권매수,알파벳 Class A,5,154,772,772,-10,0,0,0,2025.05.12
2025.05.12,매수,외화증권매수,알파벳 Class A,10,153,1535,1535,0,0,0,0,2025.05.12
2025.05.12,매수,외화증권매수,아처 에비에이션,95,8,820,820,514,0,0,0,2025.05.12
2025.05.12,매수,외화증권매수,디파이언스 양자컴퓨터 ETF,20,78,1575,1575,45,0,0,0,2025.05.12
2025.05.12,매수,외화증권매수,마이크로소프트,8,442,3541,3541,8,0,0,0,2025.05.12
2025.05.12,매수,외화증권매수,프로셰어즈 QQQ -3배 ETF,127,28,3582,3582,0,0,0,0,2025.05.12
2025.05.12,매수,외화증권매수,프로셰어즈 QQQ 3배 ETF,59,60,3553,3553,0,0,0,0,2025.05.12
2025.05.12,환전,통합증거금결제금생성(외화),,0,0,1867829,1339,0,2182332,0,0,2025.05.12
2025.05.12,입금,쿠폰이벤트 지원금(원화),,0,0,10000,10000,0,2192332,0,0,2025.05.12
2025.05.12,입금,쿠폰이벤트 지원금(원화),,0,0,20000,20000,0,2212332,0,0,2025.05.12
2025.05.13,매도,외화증권매도,아처 에비에이션,114,8,1011,1011,400,0,0,0,2025.05.13
2025.05.13,매도,외화증권매도,팔란티어 테크놀로지스,5,117,589,589,35,0,0,0,2025.05.13
2025.05.13,매도,외화증권매도,템퍼스 AI,20,64,1280,1280,50,0,0,0,2025.05.13
2025.05.13,매수,외화증권매수,스포티파이 테크놀러지,1,659,659,659,6,0,0,0,2025.05.13
2025.05.13,매수,외화증권매수,리게티 컴퓨팅,340,10,3532,3532,340,0,0,0,2025.05.13
2025.05.13,환전,통합증거금결제금생성(외화),,0,0,1854580,1310,0,357752,0,0,2025.05.13
2025.05.14,매도,외화증권매도,스포티파이 테크놀러지,6,642,3852,3852,0,0,0,0,2025.05.14
2025.05.14,매도,외화증권매도,디렉시온 반도체 3배 ETF,115,16,1916,1916,-115,0,0,0,2025.05.14
2025.05.14,매도,외화증권매도,디렉시온 반도체 3배 ETF,115,16,1934,1934,-230,0,0,0,2025.05.14
2025.05.14,매도,외화증권매도,메타,6,628,3771,3771,-6,0,0,0,2025.05.14
2025.05.14,매도,외화증권매도,마이크로소프트,3,447,1341,1341,5,0,0,0,2025.05.14
2025.05.14,매도,외화증권매도,마이크로소프트,5,447,2235,2235,0,0,0,0,2025.05.14
2025.05.14,매도,외화증권매도,엔비디아,5,121,608,608,60,0,0,0,2025.05.14
2025.05.14,매도,외화증권매도,팔란티어 테크놀로지스,5,117,587,587,30,0,0,0,2025.05.14
2025.05.14,매도,외화증권매도,프로셰어즈 QQQ -1배 ETF,15,37,556,556,-15,0,0,0,2025.05.14
2025.05.14,매도,외화증권매도,프로셰어즈 QQQ -1배 ETF,80,37,2964,2964,-95,0,0,0,2025.05.14
2025.05.14,매도,외화증권매도,리게티 컴퓨팅,340,11,3849,3849,0,0,0,0,2025.05.14
2025.05.14,매도,외화증권매도,테슬라,5,315,1578,1578,20,0,0,0,2025.05.14
2025.05.14,매수,외화증권매수,스포티파이 테크놀러지,1,621,621,621,1,0,0,0,2025.05.14
2025.05.14,매수,외화증권매수,스포티파이 테크놀러지,5,622,3110,3110,6,0,0,0,2025.05.14
2025.05.14,매수,외화증권매수,알리바바 그룹 홀딩 ADR,22,133,2927,2927,22,0,0,0,2025.05.14
2025.05.14,매수,외화증권매수,디렉시온 반도체 3배 ETF,230,16,3749,3749,0,0,0,0,2025.05.14
2025.05.14,매수,외화증권매수,메타,6,629,3777,3777,0,0,0,0,2025.05.14
2025.05.14,매수,외화증권매수,일라이 릴리,5,723,3615,3615,5,0,0,0,2025.05.14
2025.05.14,매수,외화증권매수,프로셰어즈 QQQ -1배 ETF,95,37,3517,3517,0,0,0,0,2025.05.14
2025.05.14,매수,외화증권매수,리게티 컴퓨팅,150,11,1747,1747,150,0,0,0,2025.05.14
2025.05.14,매수,외화증권매수,리게티 컴퓨팅,160,11,1808,1808,310,0,0,0,2025.05.14
2025.05.14,매수,외화증권매수,템퍼스 AI,7,63,447,447,57,0,0,0,2025.05.14
2025.05.14,환전,통합증거금결제금생성(외화),,0,0,178557,126,0,179195,0,0,2025.05.14
2025.05.14,입금,쿠폰이벤트 지원금(원화),,0,0,20000,20000,0,199195,0,0,2025.05.14
2025.05.14,입금,이체입금,,0,0,396500,396500,0,595695,0,0,2025.05.14
2025.05.15,매도,외화증권매도,알리바바 그룹 홀딩 ADR,22,130,2875,2875,0,0,0,0,2025.05.15
2025.05.15,매도,외화증권매도,디파이언스 양자컴퓨터 ETF,45,83,3743,3743,0,0,0,0,2025.05.15
2025.05.15,매도,외화증권매도,리게티 컴퓨팅,155,10,1582,1582,155,0,0,0,2025.05.15
2025.05.15,매도,외화증권매도,리게티 컴퓨팅,155,10,1604,1604,0,0,0,0,2025.05.15
2025.05.15,매수,외화증권매수,아처 에비에이션,5,9,46,46,405,0,0,0,2025.05.15
2025.05.15,매수,외화증권매수,아처 에비에이션,70,10,746,746,475,0,0,0,2025.05.15
2025.05.15,매수,외화증권매수,아처 에비에이션,70,10,752,752,545,0,0,0,2025.05.15
2025.05.15,매수,외화증권매수,엔비디아,10,126,1263,1263,70,0,0,0,2025.05.15
2025.05.15,매수,외화증권매수,팔란티어 테크놀로지스,12,122,1465,1465,42,0,0,0,2025.05.15
2025.05.15,매수,외화증권매수,팔란티어 테크놀로지스,18,121,2188,2188,60,0,0,0,2025.05.15
2025.05.15,매수,외화증권매수,템퍼스 AI,1,63,63,63,58,0,0,0,2025.05.15
2025.05.15,매수,외화증권매수,템퍼스 AI,10,70,703,703,68,0,0,0,2025.05.15
2025.05.15,매수,외화증권매수,템퍼스 AI,13,69,900,900,81,0,0,0,2025.05.15
2025.05.15,매수,외화증권매수,테슬라,2,318,636,636,22,0,0,0,2025.05.15
2025.05.15,매수,외화증권매수,테슬라,3,318,956,956,25,0,0,0,2025.05.15
2025.05.16,매도,외화증권매도,아처 에비에이션,10,11,113,113,535,0,0,0,2025.05.16
2025.05.16,매도,외화증권매도,아처 에비에이션,100,11,1136,1136,435,0,0,0,2025.05.16
2025.05.16,매도,외화증권매도,일라이 릴리,5,717,3588,3588,0,0,0,0,2025.05.16
2025.05.16,매도,외화증권매도,엔비디아,5,134,672,672,65,0,0,0,2025.05.16
2025.05.16,매도,외화증권매도,팔란티어 테크놀로지스,5,129,646,646,55,0,0,0,2025.05.16
2025.05.16,매도,외화증권매도,슈왑 미국 배당주 ETF,165,26,4293,4293,-165,0,0,0,2025.05.16
2025.05.16,매도,외화증권매도,테슬라,5,348,1741,1741,20,0,0,0,2025.05.16
2025.05.16,매수,외화증권매수,아처 에비에이션,15,11,165,165,450,0,0,0,2025.05.16
2025.05.16,매수,외화증권매수,슈왑 미국 배당주 ETF,25,26,652,652,-140,0,0,0,2025.05.16
2025.05.16,매수,외화증권매수,슈왑 미국 배당주 ETF,140,26,3655,3655,0,0,0,0,2025.05.16
2025.05.16,매수,외화증권매수,템퍼스 AI,3,66,198,198,84,0,0,0,2025.05.16
2025.05.16,매수,외화증권매수,템퍼스 AI,4,70,283,283,88,0,0,0,2025.05.16
2025.05.16,매수,외화증권매수,템퍼스 AI,5,66,331,331,93,0,0,0,2025.05.16
2025.05.19,매도,외화증권매도,유나이티드헬스 그룹,1,257,257,257,-1,0,0,0,2025.05.19
2025.05.19,매수,외화증권매수,팔란티어 테크놀로지스,5,128,642,642,60,0,0,0,2025.05.19
2025.05.19,매수,외화증권매수,팔란티어 테크놀로지스,10,129,1293,1293,70,0,0,0,2025.05.19
2025.05.19,매수,외화증권매수,팔란티어 테크놀로지스,15,128,1931,1931,85,0,0,0,2025.05.19
2025.05.19,매수,외화증권매수,테슬라,2,340,681,681,22,0,0,0,2025.05.19
2025.05.19,매수,외화증권매수,유나이티드헬스 그룹,1,259,259,259,0,0,0,0,2025.05.19
2025.05.20,매도,외화증권매도,아처 에비에이션,50,13,664,664,400,0,0,0,2025.05.20
2025.05.20,매도,외화증권매도,아처 에비에이션,50,13,671,671,350,0,0,0,2025.05.20
2025.05.20,매도,외화증권매도,아이온큐,20,33,677,677,-20,0,0,0,2025.05.20
2025.05.20,매도,외화증권매도,엔비디아,5,134,674,674,60,0,0,0,2025.05.20
2025.05.20,매도,외화증권매도,엔비디아,10,134,1342,1342,50,0,0,0,2025.05.20
2025.05.20,매도,외화증권매도,팔란티어 테크놀로지스,5,127,638,638,80,0,0,0,2025.05.20
2025.05.20,매도,외화증권매도,팔란티어 테크놀로지스,5,127,639,639,75,0,0,0,2025.05.20
2025.05.20,매도,외화증권매도,팔란티어 테크놀로지스,5,128,643,643,70,0,0,0,2025.05.20
2025.05.20,매도,외화증권매도,팔란티어 테크놀로지스,10,127,1273,1273,60,0,0,0,2025.05.20
2025.05.20,매도,외화증권매도,팔란티어 테크놀로지스,10,127,1275,1275,50,0,0,0,2025.05.20
2025.05.20,매도,외화증권매도,팔란티어 테크놀로지스,10,128,1282,1282,40,0,0,0,2025.05.20
2025.05.20,매도,외화증권매도,리커젼 파마슈티컬스,300,4,1335,1335,-300,0,0,0,2025.05.20
2025.05.20,매도,외화증권매도,템퍼스 AI,3,62,186,186,90,0,0,0,2025.05.20
2025.05.20,매도,외화증권매도,테슬라,2,345,690,690,20,0,0,0,2025.05.20
2025.05.20,매수,외화증권매수,버크셔 해서웨이 Class B,1,512,512,512,1,0,0,0,2025.05.20
2025.05.20,매수,외화증권매수,버크셔 해서웨이 Class B,1,513,513,513,2,0,0,0,2025.05.20
2025.05.20,매수,외화증권매수,버크셔 해서웨이 Class B,13,514,6683,6683,15,0,0,0,2025.05.20
2025.05.20,매수,외화증권매수,아이온큐,20,33,679,679,0,0,0,0,2025.05.20
2025.05.20,매수,외화증권매수,멧세라,30,27,816,816,30,0,0,0,2025.05.20
2025.05.20,매수,외화증권매수,멧세라,50,26,1320,1320,80,0,0,0,2025.05.20
2025.05.20,매수,외화증권매수,멧세라,50,27,1365,1365,130,0,0,0,2025.05.20
2025.05.20,매수,외화증권매수,팔란티어 테크놀로지스,10,127,1272,1272,50,0,0,0,2025.05.20
2025.05.20,매수,외화증권매수,리커젼 파마슈티컬스,300,4,1344,1344,0,0,0,0,2025.05.20
2025.05.20,환전,통합증거금결제금생성(외화),,0,0,102213,73,0,493482,0,0,2025.05.20
2025.05.21,매도,외화증권매도,버크셔 해서웨이 Class B,1,510,510,510,14,0,0,0,2025.05.21
2025.05.21,매도,외화증권매도,버크셔 해서웨이 Class B,4,510,2043,2043,10,0,0,0,2025.05.21
2025.05.21,매도,외화증권매도,버크셔 해서웨이 Class B,5,510,2554,2554,5,0,0,0,2025.05.21
2025.05.21,매도,외화증권매도,버크셔 해서웨이 Class B,5,512,2561,2561,0,0,0,0,2025.05.21
2025.05.21,매수,외화증권매수,아처 에비에이션,30,12,369,369,380,0,0,0,2025.05.21
2025.05.21,매수,외화증권매수,엔비디아,5,130,650,650,55,0,0,0,2025.05.21
2025.05.21,매수,외화증권매수,팔란티어 테크놀로지스,4,122,491,491,54,0,0,0,2025.05.21
2025.05.21,매수,외화증권매수,팔란티어 테크놀로지스,5,122,613,613,59,0,0,0,2025.05.21
2025.05.21,매수,외화증권매수,테슬라,2,332,665,665,22,0,0,0,2025.05.21
2025.05.21,매수,외화증권매수,유나이티드헬스 그룹,2,303,607,607,2,0,0,0,2025.05.21
2025.05.21,매수,외화증권매수,유나이티드헬스 그룹,6,306,1837,1837,8,0,0,0,2025.05.21
2025.05.21,매수,외화증권매수,유나이티드헬스 그룹,9,305,2751,2751,17,0,0,0,2025.05.21
2025.05.21,입금,이체입금,,0,0,300000,300000,0,793482,0,0,2025.05.21
2025.05.21,출금,오픈뱅킹출금이체,,0,0,300000,300000,0,493482,0,0,2025.05.21
2025.05.21,환전,통합증거금결제금생성(외화),,0,0,442251,318,0,51231,0,0,2025.05.21
2025.05.22,매도,외화증권매도,멧세라,10,28,289,289,120,0,0,0,2025.05.22
2025.05.22,매도,외화증권매도,팔란티어 테크놀로지스,9,126,1138,1138,50,0,0,0,2025.05.22
2025.05.22,매도,외화증권매도,테슬라,2,350,700,700,20,0,0,0,2025.05.22
2025.05.22,매도,외화증권매도,유나이티드헬스 그룹,5,322,1613,1613,12,0,0,0,2025.05.22
2025.05.22,매수,외화증권매수,알리바바 그룹 홀딩 ADR,3,124,374,374,3,0,0,0,2025.05.22
2025.05.22,매수,외화증권매수,알리바바 그룹 홀딩 ADR,5,124,623,623,8,0,0,0,2025.05.22
2025.05.22,매수,외화증권매수,알리바바 그룹 홀딩 ADR,9,124,1123,1123,17,0,0,0,2025.05.22
2025.05.22,매수,외화증권매수,알리바바 그룹 홀딩 ADR,13,124,1621,1621,30,0,0,0,2025.05.22
2025.05.22,환전,통합증거금결제금생성(외화),,0,0,302,0,0,50929,0,0,2025.05.22
2025.05.23,매도,외화증권매도,아이셰어즈 0-3개월 미국 국채 ETF,6,100,603,603,-6,0,0,0,2025.05.23
2025.05.23,매도,외화증권매도,유나이티드헬스 그룹,2,305,610,610,10,0,0,0,2025.05.23
2025.05.23,매도,외화증권매도,유나이티드헬스 그룹,12,307,3687,3687,-2,0,0,0,2025.05.23
2025.05.23,매수,외화증권매수,알파벳 Class A,21,172,3614,3614,21,0,0,0,2025.05.23
2025.05.23,매수,외화증권매수,아이셰어즈 0-3개월 미국 국채 ETF,6,100,603,603,0,0,0,0,2025.05.23
2025.05.23,매수,외화증권매수,유나이티드헬스 그룹,2,305,611,611,0,0,0,0,2025.05.23
2025.05.26,매도,외화증권매도,알파벳 Class A,21,172,3621,3621,0,0,0,0,2025.05.26
2025.05.26,매도,외화증권매도,아처 에비에이션,20,10,214,214,360,0,0,0,2025.05.26
2025.05.26,매도,외화증권매도,아처 에비에이션,30,10,321,321,330,0,0,0,2025.05.26
2025.05.26,매도,외화증권매도,아처 에비에이션,30,10,321,321,300,0,0,0,2025.05.26
2025.05.26,매도,외화증권매도,멧세라,20,28,573,573,100,0,0,0,2025.05.26
2025.05.26,매도,외화증권매도,템퍼스 AI,5,60,303,303,85,0,0,0,2025.05.26
2025.05.26,매도,외화증권매도,템퍼스 AI,5,60,303,303,80,0,0,0,2025.05.26
2025.05.26,매도,외화증권매도,템퍼스 AI,10,60,604,604,70,0,0,0,2025.05.26
2025.05.26,매도,외화증권매도,템퍼스 AI,20,60,1212,1212,50,0,0,0,2025.05.26
2025.05.26,매수,외화증권매수,메타,6,638,3828,3828,6,0,0,0,2025.05.26
2025.05.26,매수,외화증권매수,마이크로소프트,1,455,455,455,1,0,0,0,2025.05.26
2025.05.26,매수,외화증권매수,마이크로소프트,1,455,455,455,2,0,0,0,2025.05.26
2025.05.26,매수,외화증권매수,마이크로소프트,1,455,455,455,3,0,0,0,2025.05.26
2025.05.26,매수,외화증권매수,마이크로소프트,1,455,455,455,4,0,0,0,2025.05.26
2025.05.26,매수,외화증권매수,마이크로소프트,4,455,1821,1821,8,0,0,0,2025.05.26
2025.05.26,입금,이체입금,,0,0,200000,200000,0,250929,0,0,2025.05.26
2025.05.27,출금,이체출금,,0,0,200000,200000,0,50929,0,0,2025.05.27
2025.05.27,출금,이체출금,,0,0,50000,50000,0,929,0,0,2025.05.27
2025.05.28,매도,외화증권매도,코어위브,7,104,728,728,-7,0,0,0,2025.05.28
2025.05.28,매도,외화증권매도,코어위브,36,97,3513,3513,-43,0,0,0,2025.05.28
2025.05.28,매도,외화증권매도,멧세라,100,27,2773,2773,0,0,0,0,2025.05.28
2025.05.28,매도,외화증권매도,마이크로소프트,8,454,3632,3632,0,0,0,0,2025.05.28
2025.05.28,매도,외화증권매도,프로셰어즈 QQQ -3배 ETF,84,24,2092,2092,-84,0,0,0,2025.05.28
2025.05.28,매도,외화증권매도,프로셰어즈 QQQ -3배 ETF,160,24,3985,3985,-244,0,0,0,2025.05.28
2025.05.28,매도,외화증권매도,리게티 컴퓨팅,219,14,3134,3134,-219,0,0,0,2025.05.28
2025.05.28,매수,외화증권매수,알리바바 그룹 홀딩 ADR,5,120,603,603,35,0,0,0,2025.05.28
2025.05.28,매수,외화증권매수,코어위브,15,104,1564,1564,-28,0,0,0,2025.05.28
2025.05.28,매수,외화증권매수,코어위브,17,103,1764,1764,-11,0,0,0,2025.05.28
2025.05.28,매수,외화증권매수,코어위브,19,103,1972,1972,8,0,0,0,2025.05.28
2025.05.28,매수,외화증권매수,코어위브,20,103,2068,2068,28,0,0,0,2025.05.28
2025.05.28,매수,외화증권매수,프로셰어즈 QQQ -3배 ETF,114,25,2931,2931,-130,0,0,0,2025.05.28
2025.05.28,매수,외화증권매수,프로셰어즈 QQQ -3배 ETF,130,25,3345,3345,0,0,0,0,2025.05.28
2025.05.28,매수,외화증권매수,리게티 컴퓨팅,50,14,727,727,-169,0,0,0,2025.05.28
2025.05.28,매수,외화증권매수,리게티 컴퓨팅,169,14,2453,2453,0,0,0,0,2025.05.28
2025.05.28,입금,이체입금,,0,0,6000000,6000000,0,6000929,0,0,2025.05.28
2025.05.28,출금,은행이체출금,,0,0,6000000,6000000,0,929,0,0,2025.05.28
2025.05.29,매수,외화증권매수,카메코,40,61,2440,2440,40,0,0,0,2025.05.29
2025.05.30,매도,외화증권매도,카메코,40,61,2442,2442,0,0,0,0,2025.05.30
2025.05.30,매도,외화증권매도,스포티파이 테크놀러지,1,658,658,658,5,0,0,0,2025.05.30
2025.05.30,매도,외화증권매도,알리바바 그룹 홀딩 ADR,5,116,584,584,30,0,0,0,2025.05.30
2025.05.30,매도,외화증권매도,알리바바 그룹 홀딩 ADR,10,117,1170,1170,20,0,0,0,2025.05.30
2025.05.30,매도,외화증권매도,알리바바 그룹 홀딩 ADR,20,116,2337,2337,0,0,0,0,2025.05.30
2025.05.30,매도,외화증권매도,메타,1,646,646,646,5,0,0,0,2025.05.30
2025.05.30,매도,외화증권매도,메타,5,645,3229,3229,0,0,0,0,2025.05.30
2025.05.30,매도,외화증권매도,팔란티어 테크놀로지스,5,124,623,623,45,0,0,0,2025.05.30
2025.05.30,매수,외화증권매수,스포티파이 테크놀러지,2,658,1316,1316,7,0,0,0,2025.05.30
2025.05.30,매수,외화증권매수,아처 에비에이션,12,10,131,131,312,0,0,0,2025.05.30
2025.05.30,매수,외화증권매수,코어위브,1,118,118,118,29,0,0,0,2025.05.30
2025.05.30,매수,외화증권매수,코어위브,6,117,706,706,35,0,0,0,2025.05.30
2025.05.30,매수,외화증권매수,엔비디아,3,136,408,408,58,0,0,0,2025.05.30
2025.05.30,매수,외화증권매수,엔비디아,4,135,543,543,62,0,0,0,2025.05.30
2025.05.30,매수,외화증권매수,엔비디아,4,135,543,543,66,0,0,0,2025.05.30
2025.05.30,매수,외화증권매수,엔비디아,5,135,679,679,71,0,0,0,2025.05.30
2025.05.30,매수,외화증권매수,엔비디아,9,135,1223,1223,80,0,0,0,2025.05.30
2025.05.30,매수,외화증권매수,팔란티어 테크놀로지스,5,124,623,623,50,0,0,0,2025.05.30
2025.05.30,매수,외화증권매수,팔란티어 테크놀로지스,9,125,1126,1126,59,0,0,0,2025.05.30
2025.05.30,매수,외화증권매수,템퍼스 AI,20,53,1078,1078,70,0,0,0,2025.05.30
2025.05.30,매수,외화증권매수,테슬라,9,361,3253,3253,29,0,0,0,2025.05.30
2025.06.04,매도,외화증권매도,엔비디아,10,138,1385,1385,70,0,0,0,2025.06.04
2025.06.04,매도,외화증권매도,테슬라,14,356,4988,4988,15,0,0,0,2025.06.04
2025.06.04,매도,외화증권매도,테슬라,15,354,5319,5319,0,0,0,0,2025.06.04
2025.06.04,매도,외화증권매도,TRADR 테슬라 -2배 ETF,50,17,886,886,-50,0,0,0,2025.06.04
2025.06.04,매도,외화증권매도,TRADR 테슬라 -2배 ETF,50,18,902,902,-100,0,0,0,2025.06.04
2025.06.04,매도,외화증권매도,TRADR 테슬라 -2배 ETF,75,18,1357,1357,-175,0,0,0,2025.06.04
2025.06.04,매도,외화증권매도,엔비디아,5,137,687,687,65,0,0,0,2025.06.04
2025.06.04,매도,외화증권매도,템퍼스 AI,5,64,324,324,65,0,0,0,2025.06.04
2025.06.04,매도,외화증권매도,템퍼스 AI,10,58,583,583,55,0,0,0,2025.06.04
2025.06.04,매수,외화증권매수,TRADR 테슬라 -2배 ETF,225,16,3675,3675,50,0,0,0,2025.06.04
2025.06.04,매수,외화증권매수,TRADR 테슬라 -2배 ETF,250,16,4062,4062,300,0,0,0,2025.06.04
2025.06.04,매수,외화증권매수,아처 에비에이션,18,9,176,176,330,0,0,0,2025.06.04
2025.06.04,매수,외화증권매수,아처 에비에이션,20,9,196,196,350,0,0,0,2025.06.04
2025.06.04,매수,외화증권매수,엔비디아,5,136,682,682,70,0,0,0,2025.06.04
2025.06.04,매수,외화증권매수,테슬라,2,336,672,672,2,0,0,0,2025.06.04
2025.06.04,매수,외화증권매수,테슬라,2,336,672,672,4,0,0,0,2025.06.04
2025.06.04,매수,외화증권매수,유나이티드헬스 그룹,5,304,1520,1520,5,0,0,0,2025.06.04
2025.06.05,매도,외화증권매도,오클로,2,56,112,112,-2,0,0,0,2025.06.05
2025.06.05,매도,외화증권매도,오클로,5,55,278,278,-7,0,0,0,2025.06.05
2025.06.05,매도,외화증권매도,오클로,8,56,448,448,-15,0,0,0,2025.06.05
2025.06.05,매도,외화증권매도,오클로,13,55,721,721,-28,0,0,0,2025.06.05
2025.06.05,매도,외화증권매도,아처 에비에이션,60,9,588,588,290,0,0,0,2025.06.05
2025.06.05,매도,외화증권매도,빅베어 AI 홀딩스,400,3,1584,1584,-400,0,0,0,2025.06.05
2025.06.05,매도,외화증권매도,코어위브,2,131,263,263,33,0,0,0,2025.06.05
2025.06.05,매도,외화증권매도,코어위브,3,131,394,394,30,0,0,0,2025.06.05
2025.06.05,매도,외화증권매도,코어위브,5,124,621,621,25,0,0,0,2025.06.05
2025.06.05,매도,외화증권매도,코어위브,5,126,632,632,20,0,0,0,2025.06.05
2025.06.05,매도,외화증권매도,코어위브,5,131,656,656,15,0,0,0,2025.06.05
2025.06.05,매도,외화증권매도,코어위브,5,132,664,664,10,0,0,0,2025.06.05
2025.06.05,매도,외화증권매도,코어위브,5,140,703,703,5,0,0,0,2025.06.05
2025.06.05,매도,외화증권매도,TRADR 테슬라 -2배 ETF,50,16,849,849,250,0,0,0,2025.06.05
2025.06.05,매도,외화증권매도,TRADR 테슬라 -2배 ETF,50,17,856,856,200,0,0,0,2025.06.05
2025.06.05,매도,외화증권매도,TRADR 테슬라 -2배 ETF,200,16,3264,3264,0,0,0,0,2025.06.05
2025.06.05,매도,외화증권매도,일라이 릴리,2,750,1500,1500,-2,0,0,0,2025.06.05
2025.06.05,매도,외화증권매도,엔비디아,10,141,1417,1417,60,0,0,0,2025.06.05
2025.06.05,매도,외화증권매도,뉴스케일 파워,47,33,1576,1576,-47,0,0,0,2025.06.05
2025.06.05,매도,외화증권매도,리게티 컴퓨팅,125,11,1495,1495,-125,0,0,0,2025.06.05
2025.06.05,매도,외화증권매도,템퍼스 AI,5,62,313,313,50,0,0,0,2025.06.05
2025.06.05,매도,외화증권매도,테슬라,2,351,702,702,2,0,0,0,2025.06.05
2025.06.05,매수,외화증권매수,오클로,28,55,1566,1566,0,0,0,0,2025.06.05
2025.06.05,매수,외화증권매수,아처 에비에이션,10,9,98,98,300,0,0,0,2025.06.05
2025.06.05,매수,외화증권매수,빅베어 AI 홀딩스,200,3,779,779,-200,0,0,0,2025.06.05
2025.06.05,매수,외화증권매수,빅베어 AI 홀딩스,200,3,783,783,0,0,0,0,2025.06.05
2025.06.05,매수,외화증권매수,브로드컴,1,254,254,254,1,0,0,0,2025.06.05
2025.06.05,매수,외화증권매수,브로드컴,5,254,1272,1272,6,0,0,0,2025.06.05
2025.06.05,매수,외화증권매수,코어위브,5,124,622,622,10,0,0,0,2025.06.05
2025.06.05,매수,외화증권매수,메타,2,672,1344,1344,2,0,0,0,2025.06.05
2025.06.05,매수,외화증권매수,힘스 & 허즈,25,57,1441,1441,25,0,0,0,2025.06.05
2025.06.05,매수,외화증권매수,일라이 릴리,2,753,1507,1507,0,0,0,0,2025.06.05
2025.06.05,매수,외화증권매수,마이크로소프트,3,462,1388,1388,3,0,0,0,2025.06.05
2025.06.05,매수,외화증권매수,뉴스케일 파워,47,33,1578,1578,0,0,0,0,2025.06.05
2025.06.05,매수,외화증권매수,리게티 컴퓨팅,125,12,1508,1508,0,0,0,0,2025.06.05
2025.06.05,매수,외화증권매수,테슬라,2,343,687,687,4,0,0,0,2025.06.05
2025.06.05,매수,외화증권매수,테슬라,2,347,694,694,6,0,0,0,2025.06.05
2025.06.05,매수,외화증권매수,테슬라,4,346,1387,1387,10,0,0,0,2025.06.05
2025.06.09,매도,외화증권매도,코어위브,5,149,745,745,5,0,0,0,2025.06.09
2025.06.09,매도,외화증권매도,코어위브,5,159,795,795,0,0,0,0,2025.06.09
2025.06.09,매도,외화증권매도,힘스 & 허즈,25,57,1448,1448,0,0,0,0,2025.06.09
2025.06.09,매도,외화증권매도,아이셰어즈 대한민국 ETF,50,63,3181,3181,-50,0,0,0,2025.06.09
2025.06.09,매도,외화증권매도,리커젼 파마슈티컬스,180,5,901,901,-180,0,0,0,2025.06.09
2025.06.09,매도,외화증권매도,테슬라,2,341,683,683,8,0,0,0,2025.06.09
2025.06.09,매도,외화증권매도,테슬라,3,329,988,988,5,0,0,0,2025.06.09
2025.06.09,매도,외화증권매도,유나이티드헬스 그룹,7,304,2133,2133,-2,0,0,0,2025.06.09
2025.06.09,매도,외화증권매도,테슬라,3,315,947,947,2,0,0,0,2025.06.09
2025.06.09,매수,외화증권매수,브로드컴,3,258,774,774,9,0,0,0,2025.06.09
2025.06.09,매수,외화증권매수,브로드컴,3,261,783,783,12,0,0,0,2025.06.09
2025.06.09,매수,외화증권매수,코인베이스 글로벌,2,257,514,514,2,0,0,0,2025.06.09
2025.06.09,매수,외화증권매수,코인베이스 글로벌,2,257,514,514,4,0,0,0,2025.06.09
2025.06.09,매수,외화증권매수,코인베이스 글로벌,4,256,1027,1027,8,0,0,0,2025.06.09
2025.06.09,매수,외화증권매수,코인베이스 글로벌,6,256,1540,1540,14,0,0,0,2025.06.09
2025.06.09,매수,외화증권매수,아이셰어즈 대한민국 ETF,50,63,3175,3175,0,0,0,0,2025.06.09
2025.06.09,매수,외화증권매수,팔란티어 테크놀로지스,1,126,126,126,60,0,0,0,2025.06.09
2025.06.09,매수,외화증권매수,팔란티어 테크놀로지스,5,126,630,630,65,0,0,0,2025.06.09
2025.06.09,매수,외화증권매수,리커젼 파마슈티컬스,180,4,881,881,0,0,0,0,2025.06.09
2025.06.09,매수,외화증권매수,테슬라,3,333,1000,1000,5,0,0,0,2025.06.09
2025.06.09,매수,외화증권매수,테슬라,3,336,1009,1009,8,0,0,0,2025.06.09
2025.06.09,매수,외화증권매수,유나이티드헬스 그룹,2,304,608,608,0,0,0,0,2025.06.09
2025.06.09,매수,외화증권매수,디렉시온 테슬라 2배 ETF,130,11,1501,1501,130,0,0,0,2025.06.09
2025.06.09,매수,외화증권매수,디렉시온 테슬라 2배 ETF,200,11,2310,2310,330,0,0,0,2025.06.09
2025.06.10,매도,외화증권매도,브로드컴,1,249,249,249,11,0,0,0,2025.06.10
2025.06.10,매도,외화증권매도,브로드컴,1,249,249,249,10,0,0,0,2025.06.10
2025.06.10,매도,외화증권매도,써클 인터넷 그룹,10,97,977,977,-10,0,0,0,2025.06.10
2025.06.10,매도,외화증권매도,메타,2,688,1376,1376,0,0,0,0,2025.06.10
2025.06.10,매도,외화증권매도,마이크로소프트,3,469,1408,1408,0,0,0,0,2025.06.10
2025.06.10,매도,외화증권매도,템퍼스 AI,4,62,250,250,46,0,0,0,2025.06.10
2025.06.10,매수,외화증권매수,브로드컴,1,249,249,249,11,0,0,0,2025.06.10
2025.06.10,매수,외화증권매수,브로드컴,1,250,250,250,12,0,0,0,2025.06.10
2025.06.10,매수,외화증권매수,써클 인터넷 그룹,10,97,976,976,0,0,0,0,2025.06.10
2025.06.10,매수,외화증권매수,테슬라,2,300,600,600,10,0,0,0,2025.06.10
2025.06.11,매도,외화증권매도,아처 에비에이션,30,11,345,345,270,0,0,0,2025.06.11
2025.06.11,매도,외화증권매도,디렉시온 테슬라 2배 ETF,30,10,317,317,300,0,0,0,2025.06.11
2025.06.11,매도,외화증권매도,디렉시온 테슬라 2배 ETF,30,10,318,318,270,0,0,0,2025.06.11
2025.06.11,매도,외화증권매도,아이셰어즈 대한민국 ETF,40,66,2661,2661,-40,0,0,0,2025.06.11
2025.06.11,매수,외화증권매수,브로드컴,1,243,243,243,13,0,0,0,2025.06.11
2025.06.11,매수,외화증권매수,브로드컴,2,243,486,486,15,0,0,0,2025.06.11
2025.06.11,매수,외화증권매수,메타,1,702,702,702,1,0,0,0,2025.06.11
2025.06.11,매수,외화증권매수,아이셰어즈 대한민국 ETF,40,66,2649,2649,0,0,0,0,2025.06.11
2025.06.11,매수,외화증권매수,마이크로소프트,1,470,470,470,1,0,0,0,2025.06.11
2025.06.11,매수,외화증권매수,마이크로소프트,1,470,470,470,2,0,0,0,2025.06.11
2025.06.11,매수,외화증권매수,마이크로소프트,2,470,940,940,4,0,0,0,2025.06.11
2025.06.11,매수,외화증권매수,마이크로소프트,4,470,1881,1881,8,0,0,0,2025.06.11
2025.06.11,매수,외화증권매수,엔비디아,5,142,713,713,65,0,0,0,2025.06.11
2025.06.12,매도,외화증권매도,브로드컴,3,244,732,732,12,0,0,0,2025.06.12
2025.06.12,매도,외화증권매도,코인베이스 글로벌,4,259,1038,1038,10,0,0,0,2025.06.12
2025.06.12,매도,외화증권매도,디렉시온 테슬라 2배 ETF,10,11,119,119,260,0,0,0,2025.06.12
2025.06.12,매도,외화증권매도,디렉시온 테슬라 2배 ETF,20,11,238,238,240,0,0,0,2025.06.12
2025.06.12,매도,외화증권매도,디렉시온 테슬라 2배 ETF,20,11,239,239,220,0,0,0,2025.06.12
2025.06.12,매도,외화증권매도,디렉시온 테슬라 2배 ETF,50,11,596,596,170,0,0,0,2025.06.12
2025.06.12,매도,외화증권매도,디렉시온 테슬라 2배 ETF,170,11,1996,1996,0,0,0,0,2025.06.12
2025.06.12,매도,외화증권매도,메타,1,699,699,699,0,0,0,0,2025.06.12
2025.06.12,매도,외화증권매도,마이크로소프트,1,469,469,469,7,0,0,0,2025.06.12
2025.06.12,매도,외화증권매도,마이크로소프트,1,469,469,469,6,0,0,0,2025.06.12
2025.06.12,매수,외화증권매수,메타,1,695,695,695,1,0,0,0,2025.06.12
2025.06.12,매수,외화증권매수,메타,1,695,695,695,2,0,0,0,2025.06.12
2025.06.12,매수,외화증권매수,메타,1,699,699,699,3,0,0,0,2025.06.12
2025.06.12,매수,외화증권매수,메타,1,699,699,699,4,0,0,0,2025.06.12
2025.06.23,매수,외화증권매수,아처 에비에이션,20,10,202,202,290,0,0,0,2025.06.23
2025.06.25,매도,외화증권매도,메타,4,686,2744,2744,0,0,0,0,2025.06.25
2025.06.25,매수,외화증권매수,마이크로소프트,2,476,952,952,8,0,0,0,2025.06.25
2025.06.25,매수,외화증권매수,마이크로소프트,2,476,952,952,10,0,0,0,2025.06.25
2025.06.25,매수,외화증권매수,엔비디아,5,143,719,719,70,0,0,0,2025.06.25
2025.06.25,매수,외화증권매수,뉴스케일 파워,20,39,785,785,20,0,0,0,2025.06.25
2025.06.26,매도,외화증권매도,코인베이스 글로벌,2,342,684,684,8,0,0,0,2025.06.26
2025.06.26,매수,외화증권매수,써클 인터넷 그룹,3,230,691,691,3,0,0,0,2025.06.26
2025.06.26,매수,외화증권매수,엔비디아,10,145,1454,1454,80,0,0,0,2025.06.26
2025.06.26,매수,외화증권매수,뉴스케일 파워,50,38,1924,1924,70,0,0,0,2025.06.26
2025.06.26,입금,외화배당금입금,메타,0,0,1,1,0,0,0,0,2025.06.26
2025.06.27,매도,외화증권매도,코인베이스 글로벌,2,349,699,699,6,0,0,0,2025.06.27
2025.06.27,매도,외화증권매도,코인베이스 글로벌,2,355,710,710,4,0,0,0,2025.06.27
2025.06.27,매도,외화증권매도,뉴스케일 파워,20,39,789,789,50,0,0,0,2025.06.27
2025.06.27,매도,외화증권매도,뉴스케일 파워,20,41,827,827,30,0,0,0,2025.06.27
2025.06.27,매도,외화증권매도,뉴스케일 파워,30,39,1175,1175,0,0,0,0,2025.06.27
2025.06.27,매도,외화증권매도,테슬라,10,337,3372,3372,0,0,0,0,2025.06.27
2025.06.27,매수,외화증권매수,스포티파이 테크놀러지,1,755,755,755,8,0,0,0,2025.06.27
2025.06.27,매수,외화증권매수,브로드컴,2,269,538,538,14,0,0,0,2025.06.27
2025.06.27,매수,외화증권매수,메타,1,713,713,713,1,0,0,0,2025.06.27
2025.06.27,매수,외화증권매수,메타,2,713,1427,1427,3,0,0,0,2025.06.27
2025.06.27,매수,외화증권매수,마이크로소프트,1,492,492,492,11,0,0,0,2025.06.27
2025.06.27,매수,외화증권매수,마이크로소프트,1,493,493,493,12,0,0,0,2025.06.27
2025.06.27,매수,외화증권매수,엔비디아,5,150,750,750,85,0,0,0,2025.06.27
2025.06.27,매수,외화증권매수,엔비디아,5,150,752,752,90,0,0,0,2025.06.27
2025.06.27,매수,외화증권매수,엔비디아,10,151,1511,1511,100,0,0,0,2025.06.27
2025.06.30,입금,이체입금,,0,0,5000000,5000000,0,5000929,0,0,2025.06.30
2025.06.30,입금,이체입금,,0,0,65325,65325,0,5066254,0,0,2025.06.30
2025.07.01,입고,타사대체입고,아이셰어즈 20+년 미국 국채 ETF,90,87,0,0,90,5066254,0,0,2025.07.01
2025.07.01,입고,타사대체입고,아이셰어즈 7-10년 미국 국채 ETF,1,95,0,0,1,5066254,0,0,2025.07.01
2025.07.01,입고,타사대체입고,아이셰어즈 1-3년 미국 국채 ETF,1,82,0,0,1,5066254,0,0,2025.07.01
2025.07.01,입고,타사대체입고,비트코인 전략 2배 ETF,30,53,0,0,30,5066254,0,0,2025.07.01
2025.07.01,입고,타사대체입고,SPDR 금 미니셰어즈 ETF,30,67,0,0,30,5066254,0,0,2025.07.01
2025.07.01,입금,외화배당금입금,브로드컴,0,0,6,6,0,0,0,0,2025.07.01
2025.07.02,입금,이체입금,,0,0,4000000,4000000,0,9066254,0,0,2025.07.02
2025.07.02,매수,외화증권매수,브로드컴,1,274,274,274,15,0,0,0,2025.07.02
2025.07.02,매수,외화증권매수,써클 인터넷 그룹,1,174,174,174,4,0,0,0,2025.07.02
2025.07.02,매수,외화증권매수,써클 인터넷 그룹,2,172,345,345,6,0,0,0,2025.07.02
2025.07.02,매수,외화증권매수,메타,2,747,1495,1495,5,0,0,0,2025.07.02
2025.07.02,매수,외화증권매수,팔란티어 테크놀로지스,5,137,686,686,70,0,0,0,2025.07.02
2025.07.02,매수,외화증권매수,팔란티어 테크놀로지스,5,137,686,686,75,0,0,0,2025.07.02
2025.07.02,환전,통합증거금결제금생성(외화),,0,0,4755463,3503,0,4310791,0,0,2025.07.02
2025.07.03,매도,외화증권매도,아처 에비에이션,50,9,497,497,240,0,0,0,2025.07.03
2025.07.03,매도,외화증권매도,아처 에비에이션,50,9,498,498,190,0,0,0,2025.07.03
2025.07.03,매도,외화증권매도,아처 에비에이션,200,9,1978,1978,-10,0,0,0,2025.07.03
2025.07.03,매도,외화증권매도,메타,1,732,732,732,4,0,0,0,2025.07.03
2025.07.03,매도,외화증권매도,메타,1,733,733,733,3,0,0,0,2025.07.03
2025.07.03,매도,외화증권매도,메타,1,733,733,733,2,0,0,0,2025.07.03
2025.07.03,매도,외화증권매도,아이셰어즈 7-10년 미국 국채 ETF,1,95,95,95,0,0,0,0,2025.07.03
2025.07.03,매도,외화증권매도,아이셰어즈 1-3년 미국 국채 ETF,1,82,82,82,0,0,0,0,2025.07.03
2025.07.03,매도,외화증권매도,뉴스케일 파워,20,36,730,730,-20,0,0,0,2025.07.03
2025.07.03,매도,외화증권매도,뉴스케일 파워,20,37,745,745,-40,0,0,0,2025.07.03
2025.07.03,매도,외화증권매도,뉴스케일 파워,40,36,1460,1460,-80,0,0,0,2025.07.03
2025.07.03,매도,외화증권매도,팔란티어 테크놀로지스,5,129,649,649,70,0,0,0,2025.07.03
2025.07.03,매도,외화증권매도,템퍼스 AI,50,61,3089,3089,-4,0,0,0,2025.07.03
2025.07.03,매수,외화증권매수,스포티파이 테크놀러지,2,722,1445,1445,10,0,0,0,2025.07.03
2025.07.03,매수,외화증권매수,아처 에비에이션,10,10,103,103,0,0,0,0,2025.07.03
2025.07.03,매수,외화증권매수,브로드컴,1,266,266,266,16,0,0,0,2025.07.03
2025.07.03,매수,외화증권매수,써클 인터넷 그룹,1,172,172,172,7,0,0,0,2025.07.03
2025.07.03,매수,외화증권매수,써클 인터넷 그룹,1,184,184,184,8,0,0,0,2025.07.03
2025.07.03,매수,외화증권매수,코인베이스 글로벌,1,342,342,342,5,0,0,0,2025.07.03
2025.07.03,매수,외화증권매수,아이셰어즈 20+년 미국 국채 ETF,10,87,879,879,100,0,0,0,2025.07.03
2025.07.03,매수,외화증권매수,뉴스케일 파워,20,36,724,724,-60,0,0,0,2025.07.03
2025.07.03,매수,외화증권매수,뉴스케일 파워,20,36,736,736,-40,0,0,0,2025.07.03
2025.07.03,매수,외화증권매수,뉴스케일 파워,20,37,743,743,-20,0,0,0,2025.07.03
2025.07.03,매수,외화증권매수,뉴스케일 파워,20,37,744,744,0,0,0,0,2025.07.03
2025.07.03,매수,외화증권매수,팔란티어 테크놀로지스,5,133,666,666,75,0,0,0,2025.07.03
2025.07.03,매수,외화증권매수,팔란티어 테크놀로지스,5,133,669,669,80,0,0,0,2025.07.03
2025.07.03,매수,외화증권매수,템퍼스 AI,4,62,250,250,0,0,0,0,2025.07.03
2025.07.03,입금,외화배당금입금,엔비디아,0,0,0,0,0,0,0,0,2025.07.03
2025.07.04,매도,외화증권매도,코인베이스 글로벌,1,353,353,353,4,0,0,0,2025.07.04
2025.07.04,매도,외화증권매도,마이크로소프트,2,491,982,982,10,0,0,0,2025.07.04
2025.07.04,매도,외화증권매도,비트코인 전략 2배 ETF,20,55,1114,1114,10,0,0,0,2025.07.04
2025.07.04,매도,외화증권매도,SPDR 금 미니셰어즈 ETF,5,66,332,332,25,0,0,0,2025.07.04
2025.07.04,매도,외화증권매도,SPDR 금 미니셰어즈 ETF,25,66,1663,1663,0,0,0,0,2025.07.04
2025.07.04,매수,외화증권매수,써클 인터넷 그룹,1,180,180,180,9,0,0,0,2025.07.04
2025.07.04,매수,외화증권매수,로빈후드,5,96,481,481,5,0,0,0,2025.07.04
2025.07.07,입금,외화배당금입금,아이셰어즈 1-3년 미국 국채 ETF,0,0,0,0,0,0,0,0,2025.07.07
2025.07.07,입금,외화배당금입금,아이셰어즈 7-10년 미국 국채 ETF,0,0,0,0,0,0,0,0,2025.07.07
2025.07.07,입금,외화배당금입금,아이셰어즈 20+년 미국 국채 ETF,0,0,29,29,0,4304591,0,6200,2025.07.07
2025.07.07,입금,이체입금,,0,0,5000000,5000000,0,9304591,0,0,2025.07.07
2025.07.09,매도,외화증권매도,써클 인터넷 그룹,1,195,195,195,8,0,0,0,2025.07.09
2025.07.09,매수,외화증권매수,메타,1,723,723,723,3,0,0,0,2025.07.09
2025.07.09,매수,외화증권매수,로빈후드,5,93,466,466,10,0,0,0,2025.07.09
2025.07.09,매수,외화증권매수,로빈후드,5,93,466,466,15,0,0,0,2025.07.09
2025.07.09,매수,외화증권매수,비트코인 전략 2배 ETF,10,54,543,543,20,0,0,0,2025.07.09
2025.07.09,매수,외화증권매수,비트코인 전략 2배 ETF,10,54,543,543,30,0,0,0,2025.07.09
2025.07.10,매수,외화증권매수,메타,1,720,720,720,4,0,0,0,2025.07.10
2025.07.10,매수,외화증권매수,비트코인 전략 2배 ETF,5,54,272,272,35,0,0,0,2025.07.10
2025.07.11,입금,이체입금,,0,0,1000000,1000000,0,10304591,0,0,2025.07.11
2025.07.11,매수,외화증권매수,비트코인 전략 2배 ETF,5,55,275,275,40,0,0,0,2025.07.11
2025.07.13,입금,예탁금이용료,,0,0,1890,1610,0,10306201,0,280,2025.07.14
2025.07.14,입금,이체입금,,0,0,5000000,5000000,0,15306201,0,0,2025.07.14
2025.07.14,매도,외화증권매도,스포티파이 테크놀러지,1,709,709,709,9,0,0,0,2025.07.14
2025.07.14,매도,외화증권매도,스포티파이 테크놀러지,1,709,709,709,8,0,0,0,2025.07.14
2025.07.14,매수,외화증권매수,오클로,20,55,1102,1102,20,0,0,0,2025.07.14
2025.07.14,매수,외화증권매수,아처 에비에이션,100,10,1058,1058,100,0,0,0,2025.07.14
2025.07.14,매수,외화증권매수,코인베이스 글로벌,1,375,375,375,5,0,0,0,2025.07.14
2025.07.14,매수,외화증권매수,메타,1,727,727,727,5,0,0,0,2025.07.14
2025.07.14,매수,외화증권매수,메타,1,727,727,727,6,0,0,0,2025.07.14
2025.07.14,매수,외화증권매수,마이크로소프트,2,501,1003,1003,12,0,0,0,2025.07.14
2025.07.14,매수,외화증권매수,뉴스케일 파워,30,36,1080,1080,30,0,0,0,2025.07.14
2025.07.14,매수,외화증권매수,로빈후드,5,94,474,474,20,0,0,0,2025.07.14
2025.07.14,매수,외화증권매수,템퍼스 AI,20,60,1210,1210,20,0,0,0,2025.07.14
2025.07.14,매수,외화증권매수,테슬라,1,310,310,310,1,0,0,0,2025.07.14
2025.07.14,매수,외화증권매수,테슬라,4,310,1241,1241,5,0,0,0,2025.07.14
2025.07.14,매수,외화증권매수,비트코인 전략 2배 ETF,5,57,285,285,45,0,0,0,2025.07.14
2025.07.14,매수,외화증권매수,비트코인 전략 2배 ETF,5,57,286,286,50,0,0,0,2025.07.14
2025.07.14,매수,외화증권매수,비트코인 전략 2배 ETF,10,62,623,623,60,0,0,0,2025.07.14
2025.07.14,환전,통합증거금결제금생성(외화),,0,0,6868693,4988,0,8437508,0,0,2025.07.14
2025.07.14,출금,이체출금,,0,0,175000,175000,0,8262508,0,0,2025.07.14
2025.07.14,출금,이체출금,,0,0,100000,100000,0,8162508,0,0,2025.07.14
2025.07.14,출금,이체출금,,0,0,125000,125000,0,8037508,0,0,2025.07.14
2025.07.15,출금,이체출금,,0,0,130000,130000,0,7907508,0,0,2025.07.15
2025.07.16,매도,외화증권매도,오클로,25,55,1397,1397,-5,0,0,0,2025.07.16
2025.07.16,매도,외화증권매도,써클 인터넷 그룹,10,188,1883,1883,-2,0,0,0,2025.07.16
2025.07.16,매도,외화증권매도,코인베이스 글로벌,1,394,394,394,4,0,0,0,2025.07.16
2025.07.16,매도,외화증권매도,코인베이스 글로벌,1,395,395,395,3,0,0,0,2025.07.16
2025.07.16,매도,외화증권매도,아이셰어즈 20+년 미국 국채 ETF,10,85,855,855,90,0,0,0,2025.07.16
2025.07.16,매도,외화증권매도,아이셰어즈 20+년 미국 국채 ETF,20,85,1707,1707,70,0,0,0,2025.07.16
2025.07.16,매도,외화증권매도,아이셰어즈 20+년 미국 국채 ETF,20,85,1710,1710,50,0,0,0,2025.07.16
2025.07.16,매도,외화증권매도,템퍼스 AI,5,57,289,289,15,0,0,0,2025.07.16
2025.07.16,매도,외화증권매도,템퍼스 AI,5,58,290,290,10,0,0,0,2025.07.16
2025.07.16,매도,외화증권매도,테슬라,5,317,1586,1586,0,0,0,0,2025.07.16
2025.07.16,매도,외화증권매도,비트코인 전략 2배 ETF,10,66,661,661,50,0,0,0,2025.07.16
2025.07.16,매도,외화증권매도,비트코인 전략 2배 ETF,10,68,680,680,40,0,0,0,2025.07.16
2025.07.16,매도,외화증권매도,비트코인 전략 2배 ETF,10,68,681,681,30,0,0,0,2025.07.16
2025.07.16,매도,외화증권매도,비트코인 전략 2배 ETF,10,68,685,685,20,0,0,0,2025.07.16
2025.07.16,매수,외화증권매수,카메코,5,73,369,369,5,0,0,0,2025.07.16
2025.07.16,매수,외화증권매수,오클로,5,56,280,280,0,0,0,0,2025.07.16
2025.07.16,매수,외화증권매수,아처 에비에이션,20,10,210,210,120,0,0,0,2025.07.16
2025.07.16,매수,외화증권매수,써클 인터넷 그룹,2,188,376,376,0,0,0,0,2025.07.16
2025.07.16,매수,외화증권매수,콘스텔레이션 에너지,1,318,318,318,1,0,0,0,2025.07.16
2025.07.16,매수,외화증권매수,콘스텔레이션 에너지,2,316,632,632,3,0,0,0,2025.07.16
2025.07.16,매수,외화증권매수,코어위브,10,129,1293,1293,10,0,0,0,2025.07.16
2025.07.16,매수,외화증권매수,메타,1,725,725,725,7,0,0,0,2025.07.16
2025.07.16,매수,외화증권매수,GE 버노바,1,552,552,552,1,0,0,0,2025.07.16
2025.07.16,매수,외화증권매수,뉴스케일 파워,10,37,375,375,40,0,0,0,2025.07.16
2025.07.16,매수,외화증권매수,뉴스케일 파워,10,38,385,385,50,0,0,0,2025.07.16
2025.07.16,매수,외화증권매수,리게티 컴퓨팅,100,12,1260,1260,100,0,0,0,2025.07.16
2025.07.16,매수,외화증권매수,템퍼스 AI,5,57,285,285,15,0,0,0,2025.07.16
2025.07.16,매수,외화증권매수,템퍼스 AI,5,57,289,289,20,0,0,0,2025.07.16
2025.07.17,매도,외화증권매도,카메코,5,75,378,378,0,0,0,0,2025.07.17
2025.07.17,매도,외화증권매도,카메코,20,75,1514,1514,-20,0,0,0,2025.07.17
2025.07.17,매도,외화증권매도,아처 에비에이션,40,10,430,430,80,0,0,0,2025.07.17
2025.07.17,매도,외화증권매도,아처 에비에이션,70,11,787,787,10,0,0,0,2025.07.17
2025.07.17,매도,외화증권매도,코인베이스 글로벌,1,388,388,388,2,0,0,0,2025.07.17
2025.07.17,매도,외화증권매도,코인베이스 글로벌,2,385,771,771,0,0,0,0,2025.07.17
2025.07.17,매도,외화증권매도,콘스텔레이션 에너지,2,317,634,634,1,0,0,0,2025.07.17
2025.07.17,매도,외화증권매도,콘스텔레이션 에너지,2,317,634,634,-1,0,0,0,2025.07.17
2025.07.17,매도,외화증권매도,코어위브,2,140,280,280,8,0,0,0,2025.07.17
2025.07.17,매도,외화증권매도,코어위브,2,142,284,284,6,0,0,0,2025.07.17
2025.07.17,매도,외화증권매도,크라우드 스트라이크 홀딩스,1,472,472,472,-1,0,0,0,2025.07.17
2025.07.17,매도,외화증권매도,메타,1,719,719,719,6,0,0,0,2025.07.17
2025.07.17,매도,외화증권매도,GE 버노바,2,558,1117,1117,-1,0,0,0,2025.07.17
2025.07.17,매도,외화증권매도,아이셰어즈 20+년 미국 국채 ETF,5,84,424,424,45,0,0,0,2025.07.17
2025.07.17,매도,외화증권매도,아이셰어즈 20+년 미국 국채 ETF,10,84,848,848,35,0,0,0,2025.07.17
2025.07.17,매도,외화증권매도,아이셰어즈 20+년 미국 국채 ETF,10,86,860,860,25,0,0,0,2025.07.17
2025.07.17,매도,외화증권매도,아이셰어즈 20+년 미국 국채 ETF,10,86,860,860,15,0,0,0,2025.07.17
2025.07.17,매도,외화증권매도,아이셰어즈 20+년 미국 국채 ETF,15,84,1272,1272,0,0,0,0,2025.07.17
2025.07.17,매도,외화증권매도,뉴스케일 파워,25,42,1051,1051,25,0,0,0,2025.07.17
2025.07.17,매도,외화증권매도,리게티 컴퓨팅,20,12,256,256,80,0,0,0,2025.07.17
2025.07.17,매도,외화증권매도,리게티 컴퓨팅,80,12,1032,1032,0,0,0,0,2025.07.17
2025.07.17,매도,외화증권매도,로빈후드,10,100,1003,1003,10,0,0,0,2025.07.17
2025.07.17,매도,외화증권매도,로빈후드,20,99,1982,1982,-10,0,0,0,2025.07.17
2025.07.17,매도,외화증권매도,템퍼스 AI,5,58,293,293,15,0,0,0,2025.07.17
2025.07.17,매도,외화증권매도,템퍼스 AI,15,59,891,891,0,0,0,0,2025.07.17
2025.07.17,매수,외화증권매수,카메코,5,76,382,382,-15,0,0,0,2025.07.17
2025.07.17,매수,외화증권매수,카메코,5,76,383,383,-10,0,0,0,2025.07.17
2025.07.17,매수,외화증권매수,카메코,10,75,759,759,0,0,0,0,2025.07.17
2025.07.17,매수,외화증권매수,스포티파이 테크놀러지,2,719,1438,1438,10,0,0,0,2025.07.17
2025.07.17,매수,외화증권매수,아처 에비에이션,30,10,328,328,40,0,0,0,2025.07.17
2025.07.17,매수,외화증권매수,아처 에비에이션,40,10,436,436,80,0,0,0,2025.07.17
2025.07.17,매수,외화증권매수,콘스텔레이션 에너지,1,327,327,327,0,0,0,0,2025.07.17
2025.07.17,매수,외화증권매수,콘스텔레이션 에너지,4,327,1310,1310,4,0,0,0,2025.07.17
2025.07.17,매수,외화증권매수,크라우드 스트라이크 홀딩스,1,472,472,472,0,0,0,0,2025.07.17
2025.07.17,매수,외화증권매수,메타,1,710,710,710,7,0,0,0,2025.07.17
2025.07.17,매수,외화증권매수,메타,1,724,724,724,8,0,0,0,2025.07.17
2025.07.17,매수,외화증권매수,GE 버노바,1,559,559,559,0,0,0,0,2025.07.17
2025.07.17,매수,외화증권매수,GE 버노바,2,561,1122,1122,2,0,0,0,2025.07.17
2025.07.17,매수,외화증권매수,아이셰어즈 20+년 미국 국채 ETF,5,84,424,424,5,0,0,0,2025.07.17
2025.07.17,매수,외화증권매수,마이크로소프트,1,502,502,502,13,0,0,0,2025.07.17
2025.07.17,매수,외화증권매수,마이크로소프트,1,502,502,502,14,0,0,0,2025.07.17
2025.07.17,매수,외화증권매수,마이크로소프트,2,506,1013,1013,16,0,0,0,2025.07.17
2025.07.17,매수,외화증권매수,로빈후드,5,99,495,495,-5,0,0,0,2025.07.17
2025.07.17,매수,외화증권매수,로빈후드,5,99,498,498,0,0,0,0,2025.07.17
2025.07.17,매수,외화증권매수,비트코인 전략 2배 ETF,30,63,1918,1918,50,0,0,0,2025.07.17
2025.07.18,매도,외화증권매도,아처 에비에이션,120,11,1322,1322,-40,0,0,0,2025.07.18
2025.07.18,매도,외화증권매도,코어위브,12,139,1675,1675,-6,0,0,0,2025.07.18
2025.07.18,매도,외화증권매도,GE 버노바,2,554,1108,1108,0,0,0,0,2025.07.18
2025.07.18,매도,외화증권매도,힘스 & 허즈,30,49,1487,1487,-30,0,0,0,2025.07.18
2025.07.18,매도,외화증권매도,템퍼스 AI,25,57,1444,1444,-25,0,0,0,2025.07.18
2025.07.18,매수,외화증권매수,아처 에비에이션,40,11,460,460,0,0,0,0,2025.07.18
2025.07.18,매수,외화증권매수,콘스텔레이션 에너지,2,302,604,604,6,0,0,0,2025.07.18
2025.07.18,매수,외화증권매수,콘스텔레이션 에너지,2,304,609,609,8,0,0,0,2025.07.18
2025.07.18,매수,외화증권매수,콘스텔레이션 에너지,2,306,612,612,10,0,0,0,2025.07.18
2025.07.18,매수,외화증권매수,코어위브,6,143,859,859,0,0,0,0,2025.07.18
2025.07.18,매수,외화증권매수,메타,1,702,702,702,9,0,0,0,2025.07.18
2025.07.18,매수,외화증권매수,메타,1,702,702,702,10,0,0,0,2025.07.18
2025.07.18,매수,외화증권매수,힘스 & 허즈,30,51,1533,1533,0,0,0,0,2025.07.18
2025.07.18,매수,외화증권매수,마이크로소프트,2,503,1007,1007,18,0,0,0,2025.07.18
2025.07.18,매수,외화증권매수,뉴스케일 파워,5,42,211,211,30,0,0,0,2025.07.18
2025.07.18,매수,외화증권매수,템퍼스 AI,25,58,1450,1450,0,0,0,0,2025.07.18
2025.07.18,매수,외화증권매수,SPDR 금 미니셰어즈 ETF,10,66,664,664,10,0,0,0,2025.07.18
2025.07.20,출금,이체출금,,0,0,1000000,1000000,0,6907508,0,0,2025.07.21
2025.07.21,매수,외화증권매수,아처 에비에이션,50,12,607,607,50,0,0,0,2025.07.21
2025.07.21,매수,외화증권매수,템퍼스 AI,10,60,605,605,10,0,0,0,2025.07.21
2025.07.21,매수,외화증권매수,템퍼스 AI,10,61,611,611,20,0,0,0,2025.07.21
2025.07.23,매수,외화증권매수,아처 에비에이션,25,11,295,295,75,0,0,0,2025.07.23
2025.07.23,매수,외화증권매수,MP 머터리얼즈,5,59,296,296,5,0,0,0,2025.07.23
2025.07.23,매수,외화증권매수,MP 머터리얼즈,5,62,310,310,10,0,0,0,2025.07.23
2025.07.23,매수,외화증권매수,뉴스케일 파워,10,45,456,456,40,0,0,0,2025.07.23
2025.07.23,매수,외화증권매수,템퍼스 AI,5,58,292,292,25,0,0,0,2025.07.23
2025.07.24,매도,외화증권매도,스포티파이 테크놀러지,2,697,1395,1395,8,0,0,0,2025.07.24
2025.07.24,매도,외화증권매도,콘스텔레이션 에너지,5,311,1558,1558,5,0,0,0,2025.07.24
2025.07.24,매도,외화증권매도,메타,2,711,1422,1422,8,0,0,0,2025.07.24
2025.07.24,매도,외화증권매도,GE 버노바,1,545,545,545,-1,0,0,0,2025.07.24
2025.07.24,매도,외화증권매도,마이크로소프트,1,510,510,510,17,0,0,0,2025.07.24
2025.07.24,매도,외화증권매도,마이크로소프트,2,510,1021,1021,15,0,0,0,2025.07.24
2025.07.24,매도,외화증권매도,로빈후드,10,101,1013,1013,-10,0,0,0,2025.07.24
2025.07.24,매도,외화증권매도,SPDR 금 미니셰어즈 ETF,10,67,679,679,0,0,0,0,2025.07.24
2025.07.24,매수,외화증권매수,아처 에비에이션,25,10,274,274,100,0,0,0,2025.07.24
2025.07.24,매수,외화증권매수,브로드컴,2,278,557,557,18,0,0,0,2025.07.24
2025.07.24,매수,외화증권매수,브로드컴,2,279,558,558,20,0,0,0,2025.07.24
2025.07.24,매수,외화증권매수,콘스텔레이션 에너지,3,316,948,948,8,0,0,0,2025.07.24
2025.07.24,매수,외화증권매수,GE 버노바,1,539,539,539,0,0,0,0,2025.07.24
2025.07.24,매수,외화증권매수,GE 버노바,1,540,540,540,1,0,0,0,2025.07.24
2025.07.24,매수,외화증권매수,GE 버노바,1,547,547,547,2,0,0,0,2025.07.24
2025.07.24,매수,외화증권매수,GE 버노바,2,540,1080,1080,4,0,0,0,2025.07.24
2025.07.24,매수,외화증권매수,아이셰어즈 20+년 미국 국채 ETF,5,86,431,431,10,0,0,0,2025.07.24
2025.07.24,매수,외화증권매수,MP 머터리얼즈,5,58,292,292,15,0,0,0,2025.07.24
2025.07.24,매수,외화증권매수,로빈후드,5,101,507,507,-5,0,0,0,2025.07.24
2025.07.24,매수,외화증권매수,로빈후드,5,101,509,509,0,0,0,0,2025.07.24
2025.07.24,매수,외화증권매수,로빈후드,10,99,999,999,10,0,0,0,2025.07.24
2025.07.24,매수,외화증권매수,로빈후드,10,100,1006,1006,20,0,0,0,2025.07.24
2025.07.25,매도,외화증권매도,아이셰어즈 20+년 미국 국채 ETF,10,86,861,861,0,0,0,0,2025.07.25
2025.07.25,매도,외화증권매도,뉴스케일 파워,10,46,460,460,30,0,0,0,2025.07.25
2025.07.25,매수,외화증권매수,헤사이 그룹 ADR,40,21,846,846,40,0,0,0,2025.07.25
2025.07.28,매도,외화증권매도,마이크로소프트,3,506,1519,1519,12,0,0,0,2025.07.28
2025.07.28,매수,외화증권매수,비트코인 전략 2배 ETF,10,64,648,648,60,0,0,0,2025.07.28
2025.07.29,매도,외화증권매도,템퍼스 AI,5,63,315,315,20,0,0,0,2025.07.29
2025.07.29,매도,외화증권매도,비트코인 전략 2배 ETF,10,61,619,619,50,0,0,0,2025.07.29
2025.07.29,매도,외화증권매도,비트코인 전략 2배 ETF,20,62,1241,1241,30,0,0,0,2025.07.29
2025.07.29,매수,외화증권매수,이튼,2,393,786,786,2,0,0,0,2025.07.29
2025.07.29,매수,외화증권매수,이튼,2,393,787,787,4,0,0,0,2025.07.29
2025.07.29,매수,외화증권매수,센트러스 에너지,1,244,244,244,1,0,0,0,2025.07.29
2025.07.29,매수,외화증권매수,센트러스 에너지,3,245,735,735,4,0,0,0,2025.07.29
2025.07.29,매수,외화증권매수,MP 머터리얼즈,5,61,306,306,20,0,0,0,2025.07.29
2025.07.29,매수,외화증권매수,비트코인 전략 2배 ETF,10,61,612,612,40,0,0,0,2025.07.29
2025.07.29,매수,외화증권매수,비트코인 전략 2배 ETF,10,61,612,612,50,0,0,0,2025.07.29
2025.07.29,매수,외화증권매수,비트코인 전략 2배 ETF,10,62,622,622,60,0,0,0,2025.07.29
2025.07.30,매도,외화증권매도,비트코인 전략 2배 ETF,10,64,647,647,50,0,0,0,2025.07.30
2025.07.30,매수,외화증권매수,이튼,2,398,796,796,6,0,0,0,2025.07.30
2025.07.30,매수,외화증권매수,아처 에비에이션,50,11,570,570,150,0,0,0,2025.07.30
2025.07.30,매수,외화증권매수,센트러스 에너지,4,245,983,983,8,0,0,0,2025.07.30
2025.07.30,매수,외화증권매수,코인베이스 글로벌,1,395,395,395,1,0,0,0,2025.07.30
2025.07.30,매수,외화증권매수,코인베이스 글로벌,2,395,790,790,3,0,0,0,2025.07.30
2025.07.30,매수,외화증권매수,헤사이 그룹 ADR,20,21,436,436,60,0,0,0,2025.07.30
2025.07.30,매수,외화증권매수,MP 머터리얼즈,5,62,313,313,25,0,0,0,2025.07.30
2025.07.30,환전,통합증거금결제금생성(외화),,0,0,792702,570,0,6114806,0,0,2025.07.30
2025.07.31,입금,이체입금,,0,0,50000,50000,0,6164806,0,0,2025.07.31
2025.07.31,출금,이체출금,,0,0,36385,36385,0,6128421,0,0,2025.07.31
2025.07.31,입금,이체입금,,0,0,1000000,1000000,0,7128421,0,0,2025.07.31
2025.07.31,입금,이체입금,,0,0,100000,100000,0,7228421,0,0,2025.07.31
2025.07.31,출금,이체출금,,0,0,47334,47334,0,7181087,0,0,2025.07.31
2025.07.31,매수,외화증권매수,스포티파이 테크놀러지,1,638,638,638,9,0,0,0,2025.07.31
2025.07.31,매수,외화증권매수,스포티파이 테크놀러지,1,641,641,641,10,0,0,0,2025.07.31
2025.07.31,매수,외화증권매수,스포티파이 테크놀러지,1,649,649,649,11,0,0,0,2025.07.31
2025.07.31,매수,외화증권매수,스포티파이 테크놀러지,1,674,674,674,12,0,0,0,2025.07.31
2025.07.31,매수,외화증권매수,코인베이스 글로벌,1,381,381,381,4,0,0,0,2025.07.31
2025.07.31,매수,외화증권매수,마이크로소프트,2,513,1027,1027,14,0,0,0,2025.07.31
2025.07.31,환전,통합증거금결제금생성(외화),,0,0,5573039,4011,0,1608048,0,0,2025.07.31
2025.07.31,입금,외화배당금입금,비트코인 전략 2배 ETF,0,0,26,26,0,0,0,0,2025.07.31
2025.07.31,입금,이체입금,,0,0,450000,450000,0,2058048,0,0,2025.07.31
2025.08.01,입금,이체입금,,0,0,9500000,9500000,0,11558048,0,0,2025.08.01
2025.08.01,출금,이체출금,,0,0,1000000,1000000,0,10558048,0,0,2025.08.01
2025.08.01,입금,이체입금,,0,0,50000,50000,0,10608048,0,0,2025.08.01
2025.08.01,출금,이체출금,,0,0,50000,50000,0,10558048,0,0,2025.08.01
2025.08.01,매도,외화증권매도,아처 에비에이션,5,10,50,50,145,0,0,0,2025.08.01
2025.08.01,매도,외화증권매도,GE 버노바,4,653,2613,2613,0,0,0,0,2025.08.01
2025.08.01,매도,외화증권매도,MP 머터리얼즈,5,61,309,309,20,0,0,0,2025.08.01
2025.08.01,매도,외화증권매도,뉴스케일 파워,30,49,1470,1470,0,0,0,0,2025.08.01
2025.08.01,매도,외화증권매도,비트코인 전략 2배 ETF,20,62,1253,1253,30,0,0,0,2025.08.01
2025.08.01,매도,외화증권매도,비트코인 전략 2배 ETF,30,62,1880,1880,0,0,0,0,2025.08.01
2025.08.01,매수,외화증권매수,코인베이스 글로벌,2,381,763,763,6,0,0,0,2025.08.01
2025.08.01,매수,외화증권매수,코인베이스 글로벌,2,383,766,766,8,0,0,0,2025.08.01
2025.08.01,매수,외화증권매수,메타,2,705,1410,1410,10,0,0,0,2025.08.01
2025.08.01,매수,외화증권매수,메타,2,705,1411,1411,12,0,0,0,2025.08.01
2025.08.01,매수,외화증권매수,마이크로소프트,1,512,512,512,15,0,0,0,2025.08.01
2025.08.01,매수,외화증권매수,마이크로소프트,5,512,2564,2564,20,0,0,0,2025.08.01
2025.08.01,매수,외화증권매수,로빈후드,10,103,1038,1038,30,0,0,0,2025.08.01
2025.08.01,환전,통합증거금결제금생성(외화),,0,0,1205316,863,0,9352732,0,0,2025.08.01
2025.08.04,매도,외화증권매도,아처 에비에이션,5,9,49,49,140,0,0,0,2025.08.04
2025.08.04,매도,외화증권매도,아처 에비에이션,5,9,49,49,135,0,0,0,2025.08.04
2025.08.04,매도,외화증권매도,MP 머터리얼즈,5,60,302,302,15,0,0,0,2025.08.04
2025.08.04,매수,외화증권매수,이튼,2,384,769,769,8,0,0,0,2025.08.04
2025.08.04,매수,외화증권매수,브로드컴,5,293,1466,1466,25,0,0,0,2025.08.04
2025.08.04,매수,외화증권매수,코인베이스 글로벌,1,387,387,387,9,0,0,0,2025.08.04
2025.08.04,매수,외화증권매수,코인베이스 글로벌,1,388,388,388,10,0,0,0,2025.08.04
2025.08.04,매수,외화증권매수,MP 머터리얼즈,15,60,909,909,30,0,0,0,2025.08.04
2025.08.04,매수,외화증권매수,로빈후드,5,101,507,507,35,0,0,0,2025.08.04
2025.08.04,매수,외화증권매수,로빈후드,5,101,507,507,40,0,0,0,2025.08.04
2025.08.04,매수,외화증권매수,로빈후드,10,101,1015,1015,50,0,0,0,2025.08.04
2025.08.04,환전,통합증거금결제금생성(외화),,0,0,7709087,5549,0,1643645,0,0,2025.08.04
2025.08.05,매도,외화증권매도,MP 머터리얼즈,30,60,1806,1806,0,0,0,0,2025.08.05
2025.08.05,매도,외화증권매도,SPDR 금 미니셰어즈 ETF,12,66,796,796,-12,0,0,0,2025.08.05
2025.08.05,매수,외화증권매수,미국 국채 3개월물 ETF,52,49,2591,2591,52,0,0,0,2025.08.05
2025.08.05,매수,외화증권매수,SPDR 금 미니셰어즈 ETF,12,66,795,795,0,0,0,0,2025.08.05
2025.08.05,환전,통합증거금결제금생성(외화),,0,0,1085028,784,0,558617,0,0,2025.08.05
2025.08.06,매도,외화증권매도,이튼,2,383,766,766,6,0,0,0,2025.08.06
2025.08.06,매도,외화증권매도,이튼,2,383,767,767,4,0,0,0,2025.08.06
2025.08.06,매도,외화증권매도,스포티파이 테크놀러지,2,667,1334,1334,10,0,0,0,2025.08.06
2025.08.06,매도,외화증권매도,아처 에비에이션,5,9,48,48,130,0,0,0,2025.08.06
2025.08.06,매도,외화증권매도,아처 에비에이션,10,10,100,100,120,0,0,0,2025.08.06
2025.08.06,매도,외화증권매도,아처 에비에이션,20,10,202,202,100,0,0,0,2025.08.06
2025.08.06,매도,외화증권매도,센트러스 에너지,2,212,424,424,6,0,0,0,2025.08.06
2025.08.06,매도,외화증권매도,코인베이스 글로벌,2,317,635,635,8,0,0,0,2025.08.06
2025.08.06,매도,외화증권매도,콘스텔레이션 에너지,1,350,350,350,7,0,0,0,2025.08.06
2025.08.06,매도,외화증권매도,콘스텔레이션 에너지,1,351,351,351,6,0,0,0,2025.08.06
2025.08.06,매도,외화증권매도,콘스텔레이션 에너지,1,352,352,352,5,0,0,0,2025.08.06
2025.08.06,매도,외화증권매도,헤사이 그룹 ADR,10,19,195,195,50,0,0,0,2025.08.06
2025.08.06,매도,외화증권매도,헤사이 그룹 ADR,10,20,201,201,40,0,0,0,2025.08.06
2025.08.06,매도,외화증권매도,힘스 & 허즈,1,64,64,64,-1,0,0,0,2025.08.06
2025.08.06,매도,외화증권매도,아이온큐,2,39,78,78,-2,0,0,0,2025.08.06
2025.08.06,매도,외화증권매도,미국 국채 3개월물 ETF,17,49,847,847,35,0,0,0,2025.08.06
2025.08.06,매도,외화증권매도,미국 국채 3개월물 ETF,35,49,1744,1744,0,0,0,0,2025.08.06
2025.08.06,매도,외화증권매도,로빈후드,5,100,504,504,45,0,0,0,2025.08.06
2025.08.06,매도,외화증권매도,로빈후드,5,103,519,519,40,0,0,0,2025.08.06
2025.08.06,매도,외화증권매도,로빈후드,5,104,520,520,35,0,0,0,2025.08.06
2025.08.06,매도,외화증권매도,로빈후드,10,100,1009,1009,25,0,0,0,2025.08.06
2025.08.06,매도,외화증권매도,템퍼스 AI,3,57,172,172,17,0,0,0,2025.08.06
2025.08.06,매도,외화증권매도,템퍼스 AI,5,56,280,280,12,0,0,0,2025.08.06
2025.08.06,매수,외화증권매수,이튼,1,388,388,388,5,0,0,0,2025.08.06
2025.08.06,매수,외화증권매수,이튼,1,388,388,388,6,0,0,0,2025.08.06
2025.08.06,매수,외화증권매수,이튼,2,387,775,775,8,0,0,0,2025.08.06
2025.08.06,매수,외화증권매수,이튼,2,391,782,782,10,0,0,0,2025.08.06
2025.08.06,매수,외화증권매수,센트러스 에너지,4,212,851,851,10,0,0,0,2025.08.06
2025.08.06,매수,외화증권매수,힘스 & 허즈,1,62,62,62,0,0,0,0,2025.08.06
2025.08.06,매수,외화증권매수,아이온큐,1,39,39,39,-1,0,0,0,2025.08.06
2025.08.06,매수,외화증권매수,아이온큐,1,39,39,39,0,0,0,0,2025.08.06
2025.08.06,매수,외화증권매수,MP 머터리얼즈,10,64,642,642,10,0,0,0,2025.08.06
2025.08.06,매수,외화증권매수,MP 머터리얼즈,20,64,1286,1286,30,0,0,0,2025.08.06
2025.08.06,매수,외화증권매수,미국 국채 3개월물 ETF,8,49,398,398,8,0,0,0,2025.08.06
2025.08.06,매수,외화증권매수,미국 국채 3개월물 ETF,13,49,648,648,21,0,0,0,2025.08.06
2025.08.06,매수,외화증권매수,미국 국채 3개월물 ETF,27,49,1345,1345,48,0,0,0,2025.08.06
2025.08.06,매수,외화증권매수,미국 국채 3개월물 ETF,39,49,1944,1944,87,0,0,0,2025.08.06
2025.08.06,매수,외화증권매수,미국 국채 3개월물 ETF,44,49,2193,2193,131,0,0,0,2025.08.06
2025.08.06,환전,통합증거금결제금생성(외화),,0,0,436707,314,0,121910,0,0,2025.08.06
2025.08.07,매도,외화증권매도,이튼,4,359,1438,1438,6,0,0,0,2025.08.07
2025.08.07,매도,외화증권매도,센트러스 에너지,2,233,466,466,8,0,0,0,2025.08.07
2025.08.07,매도,외화증권매도,콘스텔레이션 에너지,5,345,1728,1728,0,0,0,0,2025.08.07
2025.08.07,매도,외화증권매도,MP 머터리얼즈,5,68,342,342,25,0,0,0,2025.08.07
2025.08.07,매도,외화증권매도,미국 국채 3개월물 ETF,11,49,548,548,120,0,0,0,2025.08.07
2025.08.07,매도,외화증권매도,로빈후드,5,104,523,523,20,0,0,0,2025.08.07
2025.08.07,매수,외화증권매수,이튼,2,358,717,717,8,0,0,0,2025.08.07
2025.08.07,매수,외화증권매수,이튼,2,359,718,718,10,0,0,0,2025.08.07
2025.08.07,매수,외화증권매수,이튼,2,360,720,720,12,0,0,0,2025.08.07
2025.08.07,매수,외화증권매수,미국 국채 3개월물 ETF,59,49,2941,2941,179,0,0,0,2025.08.07
2025.08.07,환전,통합증거금결제금생성(외화),,0,0,70565,50,0,51345,0,0,2025.08.07
2025.08.08,매도,외화증권매도,헤사이 그룹 ADR,40,20,834,834,0,0,0,0,2025.08.08
2025.08.08,매도,외화증권매도,미국 국채 3개월물 ETF,10,49,498,498,169,0,0,0,2025.08.08
2025.08.08,매도,외화증권매도,미국 국채 3개월물 ETF,10,49,498,498,159,0,0,0,2025.08.08
2025.08.08,매도,외화증권매도,미국 국채 3개월물 ETF,40,49,1994,1994,119,0,0,0,2025.08.08
2025.08.08,매도,외화증권매도,로빈후드,5,105,525,525,15,0,0,0,2025.08.08
2025.08.08,매수,외화증권매수,아처 에비에이션,30,9,296,296,130,0,0,0,2025.08.08
2025.08.08,매수,외화증권매수,코인베이스 글로벌,1,298,298,298,9,0,0,0,2025.08.08
2025.08.08,매수,외화증권매수,코인베이스 글로벌,2,299,598,598,11,0,0,0,2025.08.08
2025.08.08,매수,외화증권매수,콘스텔레이션 에너지,1,340,340,340,1,0,0,0,2025.08.08
2025.08.08,매수,외화증권매수,콘스텔레이션 에너지,1,340,340,340,2,0,0,0,2025.08.08
2025.08.08,매수,외화증권매수,아이셰어즈 20+년 미국 국채 ETF,22,87,1932,1932,22,0,0,0,2025.08.08
2025.08.08,매수,외화증권매수,미국 국채 3개월물 ETF,11,49,548,548,130,0,0,0,2025.08.08
2025.08.08,환전,통합증거금결제금생성(외화),,0,0,7505,5,0,43840,0,0,2025.08.08
2025.08.11,매도,외화증권매도,미국 국채 3개월물 ETF,10,49,498,498,120,0,0,0,2025.08.11
2025.08.11,매도,외화증권매도,템퍼스 AI,12,59,709,709,0,0,0,0,2025.08.11
2025.08.11,매수,외화증권매수,센트러스 에너지,2,235,471,471,10,0,0,0,2025.08.11
2025.08.11,매수,외화증권매수,콘스텔레이션 에너지,2,335,671,671,4,0,0,0,2025.08.11
2025.08.12,매도,외화증권매도,아이셰어즈 20+년 미국 국채 ETF,1,87,87,87,21,0,0,0,2025.08.12
2025.08.12,매도,외화증권매도,아이셰어즈 20+년 미국 국채 ETF,2,87,174,174,19,0,0,0,2025.08.12
2025.08.12,매수,외화증권매수,콘스텔레이션 에너지,1,340,340,340,5,0,0,0,2025.08.12
2025.08.12,환전,통합증거금결제금생성(외화),,0,0,18593,13,0,25247,0,0,2025.08.12
2025.08.13,매도,외화증권매도,브로드컴,3,304,912,912,22,0,0,0,2025.08.13
2025.08.13,매도,외화증권매도,코인베이스 글로벌,1,318,318,318,10,0,0,0,2025.08.13
2025.08.13,매도,외화증권매도,콘스텔레이션 에너지,5,335,1675,1675,0,0,0,0,2025.08.13
2025.08.13,매도,외화증권매도,메타,1,765,765,765,11,0,0,0,2025.08.13
2025.08.13,매도,외화증권매도,아이셰어즈 20+년 미국 국채 ETF,19,87,1665,1665,0,0,0,0,2025.08.13
2025.08.13,매수,외화증권매수,MP 머터리얼즈,5,74,374,374,30,0,0,0,2025.08.13
2025.08.13,매수,외화증권매수,미국 국채 3개월물 ETF,34,49,1696,1696,154,0,0,0,2025.08.13
2025.08.13,매수,외화증권매수,미국 국채 3개월물 ETF,54,49,2693,2693,208,0,0,0,2025.08.13
2025.08.13,매수,외화증권매수,로빈후드,5,116,581,581,20,0,0,0,2025.08.13
2025.08.13,환전,통합증거금결제금생성(외화),,0,0,11924,8,0,13323,0,0,2025.08.13
2025.08.14,매도,외화증권매도,브로드컴,2,304,609,609,20,0,0,0,2025.08.14
2025.08.14,매도,외화증권매도,메타,1,766,766,766,10,0,0,0,2025.08.14
2025.08.14,매도,외화증권매도,미국 국채 3개월물 ETF,5,49,249,249,203,0,0,0,2025.08.14
2025.08.14,매도,외화증권매도,미국 국채 3개월물 ETF,10,49,498,498,193,0,0,0,2025.08.14
2025.08.14,매수,외화증권매수,MP 머터리얼즈,5,75,375,375,35,0,0,0,2025.08.14
2025.08.14,매수,외화증권매수,미국 국채 3개월물 ETF,27,49,1347,1347,220,0,0,0,2025.08.14
2025.08.14,매수,외화증권매수,로빈후드,3,114,343,343,23,0,0,0,2025.08.14
2025.08.18,매도,외화증권매도,일라이 릴리,1,658,658,658,-1,0,0,0,2025.08.18
2025.08.18,매도,외화증권매도,미국 국채 3개월물 ETF,90,49,4491,4491,130,0,0,0,2025.08.18
2025.08.18,매수,외화증권매수,센트러스 에너지,5,188,941,941,15,0,0,0,2025.08.18
2025.08.18,매수,외화증권매수,일라이 릴리,5,657,3287,3287,4,0,0,0,2025.08.18
2025.08.18,매수,외화증권매수,미국 국채 3개월물 ETF,15,49,748,748,145,0,0,0,2025.08.18
2025.08.18,매수,외화증권매수,로빈후드,2,114,229,229,25,0,0,0,2025.08.18
2025.08.19,매도,외화증권매도,일라이 릴리,4,698,2793,2793,0,0,0,0,2025.08.19
2025.08.19,매도,외화증권매도,미국 국채 3개월물 ETF,11,49,549,549,134,0,0,0,2025.08.19
2025.08.19,매수,외화증권매수,브로드컴,1,302,302,302,21,0,0,0,2025.08.19
2025.08.19,매수,외화증권매수,브로드컴,4,302,1210,1210,25,0,0,0,2025.08.19
2025.08.19,매수,외화증권매수,센트러스 에너지,5,180,902,902,20,0,0,0,2025.08.19
2025.08.19,매수,외화증권매수,MP 머터리얼즈,5,74,372,372,40,0,0,0,2025.08.19
2025.08.19,매수,외화증권매수,로빈후드,5,112,563,563,30,0,0,0,2025.08.19
2025.08.19,환전,통합증거금결제금생성(외화),,0,0,10320,7,0,3003,0,0,2025.08.19
2025.08.20,매도,외화증권매도,메타,1,767,767,767,9,0,0,0,2025.08.20
2025.08.20,매도,외화증권매도,미국 국채 3개월물 ETF,11,49,549,549,123,0,0,0,2025.08.20
2025.08.20,매도,외화증권매도,미국 국채 3개월물 ETF,17,49,848,848,106,0,0,0,2025.08.20
2025.08.20,매도,외화증권매도,로빈후드,5,114,573,573,25,0,0,0,2025.08.20
2025.08.20,매수,외화증권매수,메타,1,766,766,766,10,0,0,0,2025.08.20
2025.08.20,매수,외화증권매수,미국 국채 3개월물 ETF,1,49,49,49,107,0,0,0,2025.08.20
2025.08.20,매수,외화증권매수,미국 국채 3개월물 ETF,27,49,1348,1348,134,0,0,0,2025.08.20
2025.08.20,매수,외화증권매수,로빈후드,5,114,570,570,30,0,0,0,2025.08.20
2025.08.21,매도,외화증권매도,이튼,2,348,697,697,10,0,0,0,2025.08.21
2025.08.21,매도,외화증권매도,스포티파이 테크놀러지,2,725,1450,1450,8,0,0,0,2025.08.21
2025.08.21,매도,외화증권매도,아처 에비에이션,10,9,92,92,120,0,0,0,2025.08.21
2025.08.21,매도,외화증권매도,MP 머터리얼즈,5,68,340,340,35,0,0,0,2025.08.21
2025.08.21,매도,외화증권매도,엔비디아,20,175,3506,3506,80,0,0,0,2025.08.21
2025.08.21,매도,외화증권매도,엔비디아,20,175,3506,3506,60,0,0,0,2025.08.21
2025.08.21,매도,외화증권매도,팔란티어 테크놀로지스,20,154,3095,3095,60,0,0,0,2025.08.21
2025.08.21,매도,외화증권매도,미국 국채 3개월물 ETF,163,49,8138,8138,-29,0,0,0,2025.08.21
2025.08.21,매수,외화증권매수,스포티파이 테크놀러지,2,717,1434,1434,10,0,0,0,2025.08.21
2025.08.21,매수,외화증권매수,브로드컴,5,294,1472,1472,30,0,0,0,2025.08.21
2025.08.21,매수,외화증권매수,메타,2,748,1497,1497,12,0,0,0,2025.08.21
2025.08.21,매수,외화증권매수,MP 머터리얼즈,5,67,339,339,40,0,0,0,2025.08.21
2025.08.21,매수,외화증권매수,MP 머터리얼즈,5,68,339,339,45,0,0,0,2025.08.21
2025.08.21,매수,외화증권매수,엔비디아,20,175,3506,3506,80,0,0,0,2025.08.21
2025.08.21,매수,외화증권매수,엔비디아,20,175,3507,3507,100,0,0,0,2025.08.21
2025.08.21,매수,외화증권매수,팔란티어 테크놀로지스,10,154,1547,1547,70,0,0,0,2025.08.21
2025.08.21,매수,외화증권매수,팔란티어 테크놀로지스,30,154,4642,4642,100,0,0,0,2025.08.21
2025.08.21,매수,외화증권매수,미국 국채 3개월물 ETF,10,49,499,499,-19,0,0,0,2025.08.21
2025.08.21,매수,외화증권매수,미국 국채 3개월물 ETF,19,49,948,948,0,0,0,0,2025.08.21
2025.08.21,매수,외화증권매수,로빈후드,5,106,533,533,35,0,0,0,2025.08.21
2025.08.21,매수,외화증권매수,로빈후드,5,106,533,533,40,0,0,0,2025.08.21
2025.08.22,매도,외화증권매도,이튼,2,339,679,679,8,0,0,0,2025.08.22
2025.08.22,매도,외화증권매도,스포티파이 테크놀러지,2,692,1385,1385,8,0,0,0,2025.08.22
2025.08.22,매도,외화증권매도,아처 에비에이션,10,8,89,89,110,0,0,0,2025.08.22
2025.08.22,매도,외화증권매도,아처 에비에이션,15,8,133,133,95,0,0,0,2025.08.22
2025.08.22,매도,외화증권매도,아처 에비에이션,95,8,848,848,0,0,0,0,2025.08.22
2025.08.22,매도,외화증권매도,센트러스 에너지,1,165,165,165,19,0,0,0,2025.08.22
2025.08.22,매도,외화증권매도,센트러스 에너지,2,165,330,330,17,0,0,0,2025.08.22
2025.08.22,매도,외화증권매도,센트러스 에너지,2,165,331,331,15,0,0,0,2025.08.22
2025.08.22,매도,외화증권매도,센트러스 에너지,5,165,825,825,10,0,0,0,2025.08.22
2025.08.22,매도,외화증권매도,코인베이스 글로벌,2,296,593,593,8,0,0,0,2025.08.22
2025.08.22,매도,외화증권매도,메타,2,735,1470,1470,10,0,0,0,2025.08.22
2025.08.22,매도,외화증권매도,마이크로소프트,1,506,506,506,19,0,0,0,2025.08.22
2025.08.22,매도,외화증권매도,마이크로소프트,2,506,1013,1013,17,0,0,0,2025.08.22
2025.08.22,매도,외화증권매도,마이크로소프트,2,507,1014,1014,15,0,0,0,2025.08.22
2025.08.22,매도,외화증권매도,마이크로소프트,2,507,1014,1014,13,0,0,0,2025.08.22
2025.08.22,매도,외화증권매도,마이크로소프트,2,507,1014,1014,11,0,0,0,2025.08.22
2025.08.22,매도,외화증권매도,마이크로소프트,3,506,1520,1520,8,0,0,0,2025.08.22
2025.08.22,매수,외화증권매수,엔비디아,5,169,846,846,105,0,0,0,2025.08.22
2025.08.22,매수,외화증권매수,엔비디아,5,169,846,846,110,0,0,0,2025.08.22
2025.08.22,매수,외화증권매수,팔란티어 테크놀로지스,10,143,1434,1434,110,0,0,0,2025.08.22
2025.08.22,매수,외화증권매수,팔란티어 테크놀로지스,10,144,1440,1440,120,0,0,0,2025.08.22
2025.08.22,매수,외화증권매수,팔란티어 테크놀로지스,10,144,1447,1447,130,0,0,0,2025.08.22
2025.08.22,매수,외화증권매수,팔란티어 테크놀로지스,10,144,1447,1447,140,0,0,0,2025.08.22
2025.08.22,매수,외화증권매수,팔란티어 테크놀로지스,10,144,1448,1448,150,0,0,0,2025.08.22
2025.08.22,매수,외화증권매수,팔란티어 테크놀로지스,10,145,1451,1451,160,0,0,0,2025.08.22
2025.08.22,매수,외화증권매수,팔란티어 테크놀로지스,10,145,1451,1451,170,0,0,0,2025.08.22
2025.08.22,매수,외화증권매수,미국 국채 3개월물 ETF,2,49,99,99,2,0,0,0,2025.08.22
2025.08.22,매수,외화증권매수,로빈후드,10,101,1015,1015,50,0,0,0,2025.08.22
2025.08.26,입금,이벤트 지원금(원화),,0,0,50000,50000,0,53003,0,0,2025.08.26
2025.08.27,매도,외화증권매도,브로드컴,5,296,1483,1483,25,0,0,0,2025.08.27
2025.08.27,매도,외화증권매도,엔비디아,5,181,905,905,105,0,0,0,2025.08.27
2025.08.27,매도,외화증권매도,엔비디아,5,181,906,906,100,0,0,0,2025.08.27
2025.08.27,매도,외화증권매도,팔란티어 테크놀로지스,10,155,1559,1559,160,0,0,0,2025.08.27
2025.08.27,매도,외화증권매도,팔란티어 테크놀로지스,10,156,1560,1560,150,0,0,0,2025.08.27
2025.08.27,매도,외화증권매도,로빈후드,10,109,1090,1090,40,0,0,0,2025.08.27
2025.08.27,매수,외화증권매수,마이크로소프트,2,506,1013,1013,10,0,0,0,2025.08.27
2025.08.27,매수,외화증권매수,미국 국채 3개월물 ETF,130,49,6496,6496,132,0,0,0,2025.08.27
2025.08.28,매도,외화증권매도,메타,1,749,749,749,9,0,0,0,2025.08.28
2025.08.28,매도,외화증권매도,메타,1,750,750,750,8,0,0,0,2025.08.28
2025.08.28,매도,외화증권매도,MP 머터리얼즈,5,73,366,366,40,0,0,0,2025.08.28
2025.08.28,매도,외화증권매도,팔란티어 테크놀로지스,10,156,1564,1564,140,0,0,0,2025.08.28
2025.08.28,매도,외화증권매도,팔란티어 테크놀로지스,10,161,1619,1619,130,0,0,0,2025.08.28
2025.08.28,매도,외화증권매도,로빈후드,10,106,1067,1067,30,0,0,0,2025.08.28
2025.08.28,매수,외화증권매수,마이크로소프트,2,503,1006,1006,12,0,0,0,2025.08.28
2025.08.28,매수,외화증권매수,미국 국채 3개월물 ETF,91,49,4547,4547,223,0,0,0,2025.08.28
2025.08.28,입금,외화배당금입금,이튼,0,0,9,9,0,0,0,0,2025.08.28
2025.08.29,매도,외화증권매도,엔비디아,10,181,1817,1817,90,0,0,0,2025.08.29
2025.08.29,매도,외화증권매도,엔비디아,10,181,1817,1817,80,0,0,0,2025.08.29
2025.08.29,매도,외화증권매도,팔란티어 테크놀로지스,10,156,1569,1569,120,0,0,0,2025.08.29
2025.08.29,매수,외화증권매수,미국 국채 3개월물 ETF,116,49,5798,5798,339,0,0,0,2025.08.29
2025.09.01,매도,외화증권매도,미국 국채 3개월물 ETF,30,49,1499,1499,309,0,0,0,2025.09.01
2025.09.01,매도,외화증권매도,미국 국채 3개월물 ETF,69,49,3448,3448,240,0,0,0,2025.09.01
2025.09.01,매수,외화증권매수,마이크로소프트,3,508,1526,1526,15,0,0,0,2025.09.01
2025.09.01,매수,외화증권매수,엔비디아,10,180,1807,1807,90,0,0,0,2025.09.01
2025.09.01,매수,외화증권매수,샤오펑 ADR,75,21,1647,1647,75,0,0,0,2025.09.01
2025.09.01,환전,통합증거금결제금생성(외화),,0,0,34583,24,0,18420,0,0,2025.09.01
2025.09.03,매도,외화증권매도,마이크로소프트,2,506,1013,1013,13,0,0,0,2025.09.03
2025.09.03,매도,외화증권매도,마이크로소프트,3,506,1518,1518,10,0,0,0,2025.09.03
2025.09.03,매도,외화증권매도,미국 국채 3개월물 ETF,10,50,500,500,230,0,0,0,2025.09.03
2025.09.03,매수,외화증권매수,제이피모간체이스,3,300,902,902,3,0,0,0,2025.09.03
2025.09.03,매수,외화증권매수,엔비디아,10,174,1747,1747,100,0,0,0,2025.09.03
2025.09.03,매수,외화증권매수,미국 국채 3개월물 ETF,5,50,250,250,235,0,0,0,2025.09.03
2025.09.04,입금,외화배당금입금,미국 국채 3개월물 ETF,0,0,34,34,0,0,0,0,2025.09.04
2025.09.04,매도,외화증권매도,브로드컴,5,294,1470,1470,20,0,0,0,2025.09.04
2025.09.04,매도,외화증권매도,제이피모간체이스,3,299,898,898,0,0,0,0,2025.09.04
2025.09.04,매도,외화증권매도,미국 국채 3개월물 ETF,30,49,1495,1495,205,0,0,0,2025.09.04
2025.09.04,매도,외화증권매도,미국 국채 3개월물 ETF,35,49,1744,1744,170,0,0,0,2025.09.04
2025.09.04,매수,외화증권매수,엔비디아,10,168,1689,1689,110,0,0,0,2025.09.04
2025.09.04,매수,외화증권매수,미국 국채 3개월물 ETF,20,49,997,997,190,0,0,0,2025.09.04
2025.09.04,매수,외화증권매수,비트코인 전략 2배 ETF,28,53,1507,1507,28,0,0,0,2025.09.04
2025.09.04,매수,외화증권매수,비트코인 전략 2배 ETF,29,52,1536,1536,57,0,0,0,2025.09.04
2025.09.08,매도,외화증권매도,브로드컴,5,318,1591,1591,15,0,0,0,2025.09.08
2025.09.08,매수,외화증권매수,미국 국채 3개월물 ETF,15,49,748,748,205,0,0,0,2025.09.08
2025.09.08,매수,외화증권매수,샤오펑 ADR,45,19,893,893,120,0,0,0,2025.09.08
2025.09.08,환전,통합증거금결제금생성(외화),,0,0,8145,5,0,10275,0,0,2025.09.08
2025.09.09,매도,외화증권매도,브로드컴,5,348,1741,1741,10,0,0,0,2025.09.09
2025.09.09,매도,외화증권매도,브로드컴,5,349,1747,1747,5,0,0,0,2025.09.09
2025.09.09,매도,외화증권매도,브로드컴,5,349,1747,1747,0,0,0,0,2025.09.09
2025.09.09,매도,외화증권매도,미국 국채 3개월물 ETF,30,49,1496,1496,175,0,0,0,2025.09.09
2025.09.09,매도,외화증권매도,미국 국채 3개월물 ETF,30,49,1496,1496,145,0,0,0,2025.09.09
2025.09.09,매도,외화증권매도,미국 국채 3개월물 ETF,35,49,1745,1745,110,0,0,0,2025.09.09
2025.09.09,매수,외화증권매수,코인베이스 글로벌,4,307,1229,1229,12,0,0,0,2025.09.09
2025.09.09,매수,외화증권매수,코인베이스 글로벌,8,308,2467,2467,20,0,0,0,2025.09.09
2025.09.09,매수,외화증권매수,엔비디아,10,169,1691,1691,120,0,0,0,2025.09.09
2025.09.09,매수,외화증권매수,미국 국채 3개월물 ETF,20,49,997,997,130,0,0,0,2025.09.09
2025.09.09,매수,외화증권매수,로빈후드,15,98,1470,1470,45,0,0,0,2025.09.09
2025.09.09,매수,외화증권매수,샤오펑 ADR,30,20,600,600,150,0,0,0,2025.09.09
2025.09.10,매도,외화증권매도,미국 국채 3개월물 ETF,20,49,997,997,110,0,0,0,2025.09.10
2025.09.10,매도,외화증권매도,비트코인 전략 2배 ETF,7,54,380,380,50,0,0,0,2025.09.10
2025.09.10,매도,외화증권매도,비트코인 전략 2배 ETF,50,54,2720,2720,0,0,0,0,2025.09.10
2025.09.10,매수,외화증권매수,이튼,2,351,702,702,10,0,0,0,2025.09.10
2025.09.10,매수,외화증권매수,센트러스 에너지,5,209,1049,1049,15,0,0,0,2025.09.10
2025.09.10,매수,외화증권매수,MP 머터리얼즈,10,63,631,631,50,0,0,0,2025.09.10
2025.09.10,매수,외화증권매수,마이크로소프트,2,500,1000,1000,12,0,0,0,2025.09.10
2025.09.10,매수,외화증권매수,미국 국채 3개월물 ETF,30,49,1497,1497,140,0,0,0,2025.09.10
2025.09.10,매수,외화증권매수,TSMC(타이완반도체제조),3,242,728,728,3,0,0,0,2025.09.10
2025.09.11,매도,외화증권매도,미국 국채 3개월물 ETF,15,49,748,748,125,0,0,0,2025.09.11
2025.09.11,매수,외화증권매수,알파벳 Class C,3,237,711,711,3,0,0,0,2025.09.11
2025.09.11,입금,외화배당금입금,마이크로소프트,0,0,5,5,0,0,0,0,2025.09.11
2025.09.12,매도,외화증권매도,미국 국채 3개월물 ETF,125,49,6236,6236,0,0,0,0,2025.09.12
2025.09.12,매수,외화증권매수,이튼,2,351,703,703,12,0,0,0,2025.09.12
2025.09.12,매수,외화증권매수,아처 에비에이션,260,8,2235,2235,260,0,0,0,2025.09.12
2025.09.12,매수,외화증권매수,MP 머터리얼즈,10,63,639,639,60,0,0,0,2025.09.12
2025.09.12,매수,외화증권매수,뉴스케일 파워,30,36,1103,1103,30,0,0,0,2025.09.12
2025.09.12,매수,외화증권매수,뉴스케일 파워,30,36,1104,1104,60,0,0,0,2025.09.12
2025.09.12,매수,외화증권매수,샤오펑 ADR,10,20,204,204,160,0,0,0,2025.09.12
2025.09.12,입금,외화배당금입금,일라이 릴리,0,0,5,5,0,0,0,0,2025.09.12
2025.09.12,입금,이체입금,,0,0,5000000,5000000,0,5010275,0,0,2025.09.12
2025.09.15,매도,외화증권매도,이튼,2,361,723,723,10,0,0,0,2025.09.15
2025.09.15,매도,외화증권매도,아처 에비에이션,80,8,689,689,180,0,0,0,2025.09.15
2025.09.15,매도,외화증권매도,코인베이스 글로벌,5,317,1587,1587,15,0,0,0,2025.09.15
2025.09.15,매도,외화증권매도,마이크로소프트,2,501,1002,1002,10,0,0,0,2025.09.15
2025.09.15,매도,외화증권매도,엔비디아,5,178,890,890,115,0,0,0,2025.09.15
2025.09.15,매도,외화증권매도,엔비디아,5,178,891,891,110,0,0,0,2025.09.15
2025.09.15,매도,외화증권매도,팔란티어 테크놀로지스,10,165,1658,1658,110,0,0,0,2025.09.15
2025.09.15,매도,외화증권매도,로빈후드,5,118,592,592,40,0,0,0,2025.09.15
2025.09.15,매수,외화증권매수,비스탄스 네트웍스,50,16,829,829,50,0,0,0,2025.09.15
2025.09.15,매수,외화증권매수,제이피모간체이스,5,303,1515,1515,5,0,0,0,2025.09.15
2025.09.15,매수,외화증권매수,제이피모간체이스,5,303,1515,1515,10,0,0,0,2025.09.15
2025.09.15,매수,외화증권매수,SPDR 금융 ETF,14,53,751,751,14,0,0,0,2025.09.15
2025.09.15,매수,외화증권매수,SPDR 금융 ETF,15,53,801,801,29,0,0,0,2025.09.15
2025.09.15,매수,외화증권매수,SPDR 금융 ETF,20,53,1066,1066,49,0,0,0,2025.09.15
2025.09.15,매수,외화증권매수,SPDR 금융 ETF,20,53,1067,1067,69,0,0,0,2025.09.15
2025.09.15,매수,외화증권매수,소파이 테크놀로지스,30,25,778,778,30,0,0,0,2025.09.15
2025.09.16,매수,외화증권매수,소파이 테크놀로지스,30,26,783,783,60,0,0,0,2025.09.16
2025.09.16,환전,통합증거금결제금생성(외화),,0,0,1071548,772,0,3938727,0,0,2025.09.16
2025.09.17,매도,외화증권매도,아처 에비에이션,30,9,280,280,150,0,0,0,2025.09.17
2025.09.17,매도,외화증권매도,센트러스 에너지,2,222,444,444,13,0,0,0,2025.09.17
2025.09.17,매도,외화증권매도,센트러스 에너지,3,242,727,727,10,0,0,0,2025.09.17
2025.09.17,매도,외화증권매도,코인베이스 글로벌,3,327,982,982,12,0,0,0,2025.09.17
2025.09.17,매도,외화증권매도,MP 머터리얼즈,5,66,330,330,55,0,0,0,2025.09.17
2025.09.17,매도,외화증권매도,MP 머터리얼즈,15,66,990,990,40,0,0,0,2025.09.17
2025.09.17,매도,외화증권매도,뉴스케일 파워,5,38,191,191,55,0,0,0,2025.09.17
2025.09.17,매도,외화증권매도,뉴스케일 파워,10,37,378,378,45,0,0,0,2025.09.17
2025.09.17,매도,외화증권매도,뉴스케일 파워,10,38,383,383,35,0,0,0,2025.09.17
2025.09.17,매도,외화증권매도,팔란티어 테크놀로지스,10,169,1696,1696,100,0,0,0,2025.09.17
2025.09.17,매도,외화증권매도,팔란티어 테크놀로지스,10,169,1696,1696,90,0,0,0,2025.09.17
2025.09.17,매도,외화증권매도,소파이 테크놀로지스,10,27,270,270,50,0,0,0,2025.09.17
2025.09.17,매도,외화증권매도,샤오펑 ADR,10,21,215,215,150,0,0,0,2025.09.17
2025.09.17,매도,외화증권매도,샤오펑 ADR,30,21,642,642,120,0,0,0,2025.09.17
2025.09.17,매수,외화증권매수,셀레스티카,1,249,249,249,1,0,0,0,2025.09.17
2025.09.17,매수,외화증권매수,크레도 테크놀로지 그룹 홀딩,2,163,327,327,2,0,0,0,2025.09.17
2025.09.17,매수,외화증권매수,조비 에비에이션,25,14,356,356,25,0,0,0,2025.09.17
2025.09.17,매수,외화증권매수,네비우스 그룹,4,90,363,363,4,0,0,0,2025.09.17
2025.09.17,매수,외화증권매수,AST 스페이스모바일,20,40,814,814,20,0,0,0,2025.09.17
2025.09.17,매수,외화증권매수,AMD(어드밴스드 마이크로 디바이시스),2,160,321,321,2,0,0,0,2025.09.17
2025.09.17,매수,외화증권매수,알파벳 Class C,2,252,504,504,5,0,0,0,2025.09.17
2025.09.17,매수,외화증권매수,알파벳 Class C,3,248,745,745,8,0,0,0,2025.09.17
2025.09.17,매수,외화증권매수,비트마인 이머전 테크놀로지스,7,53,373,373,7,0,0,0,2025.09.17
2025.09.17,매수,외화증권매수,브로드컴,2,359,718,718,2,0,0,0,2025.09.17
2025.09.17,매수,외화증권매수,브로드컴,2,364,729,729,4,0,0,0,2025.09.17
2025.09.17,매수,외화증권매수,힘스 & 허즈,6,53,323,323,6,0,0,0,2025.09.17
2025.09.17,매수,외화증권매수,제이피모간체이스,2,307,615,615,12,0,0,0,2025.09.17
2025.09.17,매수,외화증권매수,뉴스케일 파워,5,38,192,192,40,0,0,0,2025.09.17
2025.09.17,매수,외화증권매수,오라클,1,302,302,302,1,0,0,0,2025.09.17
2025.09.17,매수,외화증권매수,SPDR 금융 ETF,11,53,591,591,80,0,0,0,2025.09.17
2025.09.17,매수,외화증권매수,TSMC(타이완반도체제조),2,261,522,522,5,0,0,0,2025.09.17
2025.09.17,매수,외화증권매수,TSMC(타이완반도체제조),3,260,782,782,8,0,0,0,2025.09.17
2025.09.17,매수,외화증권매수,제타 글로벌 홀딩스,15,20,306,306,15,0,0,0,2025.09.17
2025.09.18,매도,외화증권매도,셀레스티카,1,255,255,255,0,0,0,0,2025.09.18
2025.09.18,매도,외화증권매도,조비 에비에이션,25,14,353,353,0,0,0,0,2025.09.18
2025.09.18,매도,외화증권매도,AST 스페이스모바일,20,40,816,816,0,0,0,0,2025.09.18
2025.09.18,매도,외화증권매도,AMD(어드밴스드 마이크로 디바이시스),2,159,319,319,0,0,0,0,2025.09.18
2025.09.18,매도,외화증권매도,앨나일램 파마슈티컬스,1,462,462,462,-1,0,0,0,2025.09.18
2025.09.18,매도,외화증권매도,아처 에비에이션,30,9,273,273,120,0,0,0,2025.09.18
2025.09.18,매도,외화증권매도,아스테라 랩스,1,240,240,240,-1,0,0,0,2025.09.18
2025.09.18,매도,외화증권매도,브로드컴,2,362,725,725,2,0,0,0,2025.09.18
2025.09.18,매도,외화증권매도,코인베이스 글로벌,2,327,655,655,10,0,0,0,2025.09.18
2025.09.18,매도,외화증권매도,코인베이스 글로벌,2,328,657,657,8,0,0,0,2025.09.18
2025.09.18,매도,외화증권매도,코인베이스 글로벌,8,323,2584,2584,0,0,0,0,2025.09.18
2025.09.18,매도,외화증권매도,MP 머터리얼즈,5,66,332,332,35,0,0,0,2025.09.18
2025.09.18,매도,외화증권매도,뉴스케일 파워,10,37,371,371,30,0,0,0,2025.09.18
2025.09.18,매도,외화증권매도,오라클,1,314,314,314,0,0,0,0,2025.09.18
2025.09.18,매도,외화증권매도,로블록스,5,137,688,688,-5,0,0,0,2025.09.18
2025.09.18,매도,외화증권매도,소파이 테크놀로지스,20,26,539,539,30,0,0,0,2025.09.18
2025.09.18,매도,외화증권매도,샤오펑 ADR,20,21,424,424,100,0,0,0,2025.09.18
2025.09.18,매도,외화증권매도,샤오펑 ADR,50,21,1051,1051,50,0,0,0,2025.09.18
2025.09.18,매도,외화증권매도,샤오펑 ADR,50,21,1054,1054,0,0,0,0,2025.09.18
2025.09.18,매도,외화증권매도,제타 글로벌 홀딩스,15,20,300,300,0,0,0,0,2025.09.18
2025.09.18,매수,외화증권매수,크레도 테크놀로지 그룹 홀딩,1,166,166,166,3,0,0,0,2025.09.18
2025.09.18,매수,외화증권매수,크레도 테크놀로지 그룹 홀딩,2,164,329,329,5,0,0,0,2025.09.18
2025.09.18,매수,외화증권매수,네비우스 그룹,4,90,360,360,8,0,0,0,2025.09.18
2025.09.18,매수,외화증권매수,앨나일램 파마슈티컬스,1,466,466,466,0,0,0,0,2025.09.18
2025.09.18,매수,외화증권매수,알파벳 Class C,1,251,251,251,9,0,0,0,2025.09.18
2025.09.18,매수,외화증권매수,아스테라 랩스,1,236,236,236,0,0,0,0,2025.09.18
2025.09.18,매수,외화증권매수,아스테라 랩스,1,238,238,238,1,0,0,0,2025.09.18
2025.09.18,매수,외화증권매수,아스테라 랩스,2,232,465,465,3,0,0,0,2025.09.18
2025.09.18,매수,외화증권매수,비트마인 이머전 테크놀로지스,5,56,283,283,12,0,0,0,2025.09.18
2025.09.18,매수,외화증권매수,비트마인 이머전 테크놀로지스,8,52,422,422,20,0,0,0,2025.09.18
2025.09.18,매수,외화증권매수,브로드컴,1,360,360,360,3,0,0,0,2025.09.18
2025.09.18,매수,외화증권매수,브로드컴,2,361,723,723,5,0,0,0,2025.09.18
2025.09.18,매수,외화증권매수,힘스 & 허즈,1,50,50,50,7,0,0,0,2025.09.18
2025.09.18,매수,외화증권매수,힘스 & 허즈,4,51,207,207,11,0,0,0,2025.09.18
2025.09.18,매수,외화증권매수,힘스 & 허즈,4,52,208,208,15,0,0,0,2025.09.18
2025.09.18,매수,외화증권매수,마이크로소프트,1,516,516,516,11,0,0,0,2025.09.18
2025.09.18,매수,외화증권매수,마이크로소프트,1,516,516,516,12,0,0,0,2025.09.18
2025.09.18,매수,외화증권매수,미국 국채 3개월물 ETF,114,49,5693,5693,114,0,0,0,2025.09.18
2025.09.18,매수,외화증권매수,레딧,3,266,798,798,3,0,0,0,2025.09.18
2025.09.18,매수,외화증권매수,로빈후드,10,115,1150,1150,50,0,0,0,2025.09.18
2025.09.18,매수,외화증권매수,로블록스,5,138,694,694,0,0,0,0,2025.09.18
2025.09.18,매수,외화증권매수,SPDR 금융 ETF,20,53,1074,1074,100,0,0,0,2025.09.18
2025.09.18,환전,통합증거금결제금생성(외화),,0,0,3743028,2704,0,195699,0,0,2025.09.18
2025.09.19,매도,외화증권매도,네비우스 그룹,8,90,726,726,0,0,0,0,2025.09.19
2025.09.19,매도,외화증권매도,아처 에비에이션,20,9,182,182,100,0,0,0,2025.09.19
2025.09.19,매도,외화증권매도,아처 에비에이션,100,8,897,897,0,0,0,0,2025.09.19
2025.09.19,매도,외화증권매도,아스테라 랩스,3,238,714,714,0,0,0,0,2025.09.19
2025.09.19,매도,외화증권매도,비트마인 이머전 테크놀로지스,8,55,445,445,12,0,0,0,2025.09.19
2025.09.19,매도,외화증권매도,비트마인 이머전 테크놀로지스,12,55,669,669,0,0,0,0,2025.09.19
2025.09.19,매도,외화증권매도,센트러스 에너지,1,225,225,225,9,0,0,0,2025.09.19
2025.09.19,매도,외화증권매도,비스탄스 네트웍스,50,16,814,814,0,0,0,0,2025.09.19
2025.09.19,매도,외화증권매도,뉴스케일 파워,5,35,179,179,25,0,0,0,2025.09.19
2025.09.19,매도,외화증권매도,뉴스케일 파워,25,35,884,884,0,0,0,0,2025.09.19
2025.09.19,매도,외화증권매도,미국 국채 3개월물 ETF,44,49,2197,2197,70,0,0,0,2025.09.19
2025.09.19,매도,외화증권매도,소파이 테크놀로지스,30,26,809,809,0,0,0,0,2025.09.19
2025.09.19,매수,외화증권매수,셀레스티카,3,242,728,728,3,0,0,0,2025.09.19
2025.09.19,매수,외화증권매수,알파벳 Class C,1,250,250,250,10,0,0,0,2025.09.19
2025.09.19,매수,외화증권매수,브로드컴,1,346,346,346,6,0,0,0,2025.09.19
2025.09.19,매수,외화증권매수,브로드컴,1,348,348,348,7,0,0,0,2025.09.19
2025.09.19,매수,외화증권매수,센트러스 에너지,2,225,451,451,11,0,0,0,2025.09.19
2025.09.19,매수,외화증권매수,엔비디아,5,169,847,847,115,0,0,0,2025.09.19
2025.09.19,매수,외화증권매수,TSMC(타이완반도체제조),2,263,527,527,10,0,0,0,2025.09.19
2025.09.19,매수,외화증권매수,샤오펑 ADR,100,21,2172,2172,100,0,0,0,2025.09.19
2025.09.22,매도,외화증권매도,미국 국채 3개월물 ETF,70,49,3495,3495,0,0,0,0,2025.09.22
2025.09.22,매도,외화증권매도,SPDR 금융 ETF,2,54,108,108,98,0,0,0,2025.09.22
2025.09.22,매수,외화증권매수,알파벳 Class C,1,252,252,252,11,0,0,0,2025.09.22
2025.09.22,매수,외화증권매수,알파벳 Class C,2,252,505,505,13,0,0,0,2025.09.22
2025.09.22,매수,외화증권매수,알파벳 Class C,3,252,758,758,16,0,0,0,2025.09.22
2025.09.22,매수,외화증권매수,브로드컴,1,350,350,350,8,0,0,0,2025.09.22
2025.09.22,매수,외화증권매수,브로드컴,2,350,701,701,10,0,0,0,2025.09.22
2025.09.22,매수,외화증권매수,브로드컴,2,350,701,701,12,0,0,0,2025.09.22
2025.09.22,매수,외화증권매수,센트러스 에너지,1,236,236,236,12,0,0,0,2025.09.22
2025.09.22,매수,외화증권매수,센트러스 에너지,3,235,707,707,15,0,0,0,2025.09.22
2025.09.22,매수,외화증권매수,MP 머터리얼즈,5,68,342,342,40,0,0,0,2025.09.22
2025.09.22,매수,외화증권매수,MP 머터리얼즈,10,68,686,686,50,0,0,0,2025.09.22
2025.09.22,매수,외화증권매수,TSMC(타이완반도체제조),1,255,255,255,11,0,0,0,2025.09.22
2025.09.22,매수,외화증권매수,TSMC(타이완반도체제조),2,256,513,513,13,0,0,0,2025.09.22
2025.09.22,매수,외화증권매수,TSMC(타이완반도체제조),3,255,767,767,16,0,0,0,2025.09.22
2025.09.22,환전,통합증거금결제금생성(외화),,0,0,140882,100,0,54817,0,0,2025.09.22
2025.09.24,매도,외화증권매도,센트러스 에너지,1,295,295,295,14,0,0,0,2025.09.24
2025.09.24,매도,외화증권매도,센트러스 에너지,2,283,567,567,12,0,0,0,2025.09.24
2025.09.24,매도,외화증권매도,센트러스 에너지,2,297,595,595,10,0,0,0,2025.09.24
2025.09.24,매도,외화증권매도,힘스 & 허즈,3,56,170,170,12,0,0,0,2025.09.24
2025.09.24,매도,외화증권매도,힘스 & 허즈,12,56,680,680,0,0,0,0,2025.09.24
2025.09.24,매도,외화증권매도,마이크로소프트,2,514,1028,1028,10,0,0,0,2025.09.24
2025.09.24,매도,외화증권매도,SPDR 금융 ETF,8,53,430,430,90,0,0,0,2025.09.24
2025.09.24,매수,외화증권매수,알파벳 Class C,4,254,1016,1016,20,0,0,0,2025.09.24
2025.09.24,매수,외화증권매수,미국 국채 3개월물 ETF,25,49,1249,1249,25,0,0,0,2025.09.24
2025.09.24,매수,외화증권매수,TSMC(타이완반도체제조),2,266,532,532,18,0,0,0,2025.09.24
2025.09.24,매수,외화증권매수,샤오펑 ADR,21,21,452,452,121,0,0,0,2025.09.24
2025.09.24,매수,외화증권매수,샤오펑 ADR,25,21,538,538,146,0,0,0,2025.09.24
2025.09.24,환전,통합증거금결제금생성(외화),,0,0,30295,21,0,24522,0,0,2025.09.24
2025.09.25,입금,외화배당금입금,SPDR 금융 ETF,0,0,14,14,0,0,0,0,2025.09.25
2025.09.25,매도,외화증권매도,미국 국채 3개월물 ETF,15,49,749,749,10,0,0,0,2025.09.25
2025.09.25,매수,외화증권매수,레딧,3,240,722,722,6,0,0,0,2025.09.25
2025.09.26,매도,외화증권매도,미국 국채 3개월물 ETF,10,49,499,499,0,0,0,0,2025.09.26
2025.09.26,매수,외화증권매수,크레도 테크놀로지 그룹 홀딩,3,147,443,443,8,0,0,0,2025.09.26
2025.09.29,매도,외화증권매도,MP 머터리얼즈,5,79,397,397,45,0,0,0,2025.09.29
2025.09.29,매도,외화증권매도,SPDR 금융 ETF,2,53,106,106,88,0,0,0,2025.09.29
2025.09.29,매도,외화증권매도,SPDR 금융 ETF,10,53,534,534,78,0,0,0,2025.09.29
2025.09.29,매수,외화증권매수,셀레스티카,2,242,485,485,5,0,0,0,2025.09.29
2025.09.29,매수,외화증권매수,TSMC(타이완반도체제조),2,275,550,550,20,0,0,0,2025.09.29
2025.09.29,매수,외화증권매수,샤오펑 ADR,4,22,90,90,150,0,0,0,2025.09.29
2025.09.29,입금,외화배당금입금,메타,0,0,3,3,0,0,0,0,2025.09.29
2025.09.30,입금,외화배당금입금,브로드컴,0,0,6,6,0,0,0,0,2025.09.30
2025.10.01,매도,외화증권매도,셀레스티카,5,246,1230,1230,0,0,0,0,2025.10.01
2025.10.01,매도,외화증권매도,레딧,2,243,486,486,4,0,0,0,2025.10.01
2025.10.01,매도,외화증권매도,레딧,2,243,487,487,2,0,0,0,2025.10.01
2025.10.01,매도,외화증권매도,레딧,2,243,487,487,0,0,0,0,2025.10.01
2025.10.01,매수,외화증권매수,크레도 테크놀로지 그룹 홀딩,2,147,294,294,10,0,0,0,2025.10.01
2025.10.01,매수,외화증권매수,알리바바 그룹 홀딩 ADR,4,177,710,710,4,0,0,0,2025.10.01
2025.10.01,매수,외화증권매수,브로드컴,3,337,1011,1011,15,0,0,0,2025.10.01
2025.10.02,매수,외화증권매수,MP 머터리얼즈,5,66,334,334,50,0,0,0,2025.10.02
2025.10.03,매도,외화증권매도,크레도 테크놀로지 그룹 홀딩,10,142,1427,1427,0,0,0,0,2025.10.04
2025.10.03,매도,외화증권매도,SPDR 금융 ETF,38,53,2031,2031,40,0,0,0,2025.10.04
2025.10.03,매도,외화증권매도,SPDR 금융 ETF,40,53,2137,2137,0,0,0,0,2025.10.04
2025.10.03,매수,외화증권매수,이튼,5,373,1865,1865,15,0,0,0,2025.10.04
2025.10.03,매수,외화증권매수,디렉시온 메타 2배 ETF,15,40,613,613,15,0,0,0,2025.10.04
2025.10.03,매수,외화증권매수,디렉시온 메타 2배 ETF,35,40,1431,1431,50,0,0,0,2025.10.04
2025.10.03,매수,외화증권매수,MP 머터리얼즈,10,67,677,677,60,0,0,0,2025.10.04
2025.10.03,매수,외화증권매수,MP 머터리얼즈,10,67,677,677,70,0,0,0,2025.10.04
2025.10.03,매수,외화증권매수,MP 머터리얼즈,10,67,677,677,80,0,0,0,2025.10.04
2025.10.03,입금,외화배당금입금,엔비디아,0,0,1,1,0,0,0,0,2025.10.04
2025.10.06,매도,외화증권매도,메타,8,722,5780,5780,0,0,0,0,2025.10.10
2025.10.06,매수,외화증권매수,디렉시온 메타 2배 ETF,140,41,5790,5790,190,0,0,0,2025.10.10
2025.10.08,매도,외화증권매도,알파벳 Class C,10,247,2479,2479,10,0,0,0,2025.10.10
2025.10.08,매도,외화증권매도,브로드컴,2,340,680,680,13,0,0,0,2025.10.10
2025.10.08,매도,외화증권매도,브로드컴,5,340,1703,1703,8,0,0,0,2025.10.10
2025.10.08,매도,외화증권매도,마이크로소프트,5,521,2609,2609,5,0,0,0,2025.10.10
2025.10.08,매도,외화증권매도,엔비디아,35,185,6500,6500,80,0,0,0,2025.10.10
2025.10.08,매수,외화증권매수,디렉시온 브로드컴 2배 ETF,12,55,668,668,12,0,0,0,2025.10.10
2025.10.08,매수,외화증권매수,디렉시온 브로드컴 2배 ETF,30,55,1672,1672,42,0,0,0,2025.10.10
2025.10.08,매수,외화증권매수,디렉시온 엔비디아 2배 ETF,50,129,6482,6482,50,0,0,0,2025.10.10
2025.10.08,매수,외화증권매수,디렉시온 알파벳 A 2배 ETF,38,65,2474,2474,38,0,0,0,2025.10.10
2025.10.08,매수,외화증권매수,디렉시온 마이크로소프트 2배 ETF,50,52,2643,2643,50,0,0,0,2025.10.10
2025.10.12,입금,예탁금이용료,,0,0,3215,2725,0,27247,0,490,2025.10.13
2025.10.13,입금,외화배당금입금,TSMC(타이완반도체제조),0,0,5,5,0,0,0,0,2025.10.13
2025.10.15,입금,이체입금,,0,0,9800000,9800000,0,9827247,0,0,2025.10.15
2025.10.15,입금,이체입금,,0,0,3000000,3000000,0,12827247,0,0,2025.10.15
2025.10.15,매수,외화증권매수,레버리지셰어즈 TSMC 3배 ETP,159,9,1510,1511,159,0,0,0,2025.10.15
2025.10.15,매도,외화증권매도,알파벳 Class C,2,239,479,479,8,0,0,0,2025.10.15
2025.10.15,매도,외화증권매도,브로드컴,1,335,335,335,7,0,0,0,2025.10.15
2025.10.15,매도,외화증권매도,브로드컴,2,336,673,673,5,0,0,0,2025.10.15
2025.10.15,매도,외화증권매도,제이피모간체이스,2,303,607,607,10,0,0,0,2025.10.15
2025.10.15,매도,외화증권매도,알리바바 그룹 홀딩 ADR,12,166,1992,1992,-8,0,0,0,2025.10.15
2025.10.15,매도,외화증권매도,디렉시온 엔비디아 2배 ETF,1,132,132,132,49,0,0,0,2025.10.15
2025.10.15,매도,외화증권매도,디렉시온 엔비디아 2배 ETF,3,132,398,398,46,0,0,0,2025.10.15
2025.10.15,매도,외화증권매도,제이피모간체이스,10,304,3049,3049,0,0,0,0,2025.10.15
2025.10.15,매도,외화증권매도,MP 머터리얼즈,2,85,171,171,78,0,0,0,2025.10.15
2025.10.15,매도,외화증권매도,MP 머터리얼즈,3,85,256,256,75,0,0,0,2025.10.15
2025.10.15,매도,외화증권매도,MP 머터리얼즈,5,84,424,424,70,0,0,0,2025.10.15
2025.10.15,매도,외화증권매도,마이크로소프트,5,517,2586,2586,0,0,0,0,2025.10.15
2025.10.15,매도,외화증권매도,엔비디아,10,189,1892,1892,70,0,0,0,2025.10.15
2025.10.15,매도,외화증권매도,엔비디아,10,189,1892,1892,60,0,0,0,2025.10.15
2025.10.15,매도,외화증권매도,팔란티어 테크놀로지스,10,180,1800,1800,80,0,0,0,2025.10.15
2025.10.15,매도,외화증권매도,팔란티어 테크놀로지스,20,179,3592,3592,60,0,0,0,2025.10.15
2025.10.15,매도,외화증권매도,로빈후드,5,144,721,721,45,0,0,0,2025.10.15
2025.10.15,매도,외화증권매도,서브 로보틱스,75,15,1185,1185,-75,0,0,0,2025.10.15
2025.10.15,매도,외화증권매도,TSMC(타이완반도체제조),5,294,1473,1473,15,0,0,0,2025.10.15
2025.10.15,매도,외화증권매도,테슬라,4,422,1691,1691,-4,0,0,0,2025.10.15
2025.10.15,매도,외화증권매도,샤오펑 ADR,20,21,431,431,130,0,0,0,2025.10.15
2025.10.15,매수,외화증권매수,알리바바 그룹 홀딩 ADR,3,162,488,488,-5,0,0,0,2025.10.15
2025.10.15,매수,외화증권매수,디렉시온 브로드컴 2배 ETF,8,53,430,430,50,0,0,0,2025.10.15
2025.10.15,매수,외화증권매수,디렉시온 브로드컴 2배 ETF,13,54,706,706,63,0,0,0,2025.10.15
2025.10.15,매수,외화증권매수,디렉시온 알파벳 A 2배 ETF,8,60,486,486,46,0,0,0,2025.10.15
2025.10.15,매수,외화증권매수,알리바바 그룹 홀딩 ADR,5,167,835,835,0,0,0,0,2025.10.15
2025.10.15,매수,외화증권매수,알파벳 Class C,2,240,481,481,10,0,0,0,2025.10.15
2025.10.15,매수,외화증권매수,알파벳 Class C,2,241,483,483,12,0,0,0,2025.10.15
2025.10.15,매수,외화증권매수,브로드컴,5,335,1679,1679,10,0,0,0,2025.10.15
2025.10.15,매수,외화증권매수,센트러스 에너지,1,410,410,410,11,0,0,0,2025.10.15
2025.10.15,매수,외화증권매수,센트러스 에너지,1,412,412,412,12,0,0,0,2025.10.15
2025.10.15,매수,외화증권매수,디렉시온 테슬라 2배 ETF,153,18,2877,2877,153,0,0,0,2025.10.15
2025.10.15,매수,외화증권매수,디렉시온 팔란티어 2배 ETF,38,97,3705,3705,38,0,0,0,2025.10.15
2025.10.15,매수,외화증권매수,디렉시온 엔비디아 2배 ETF,14,133,1875,1875,60,0,0,0,2025.10.15
2025.10.15,매수,외화증권매수,디렉시온 마이크로소프트 2배 ETF,49,51,2536,2536,99,0,0,0,2025.10.15
2025.10.15,매수,외화증권매수,그래닛셰어즈 알리바바 데일리 1.75배 ETF,41,48,1981,1981,41,0,0,0,2025.10.15
2025.10.15,매수,외화증권매수,엔비디아,10,189,1893,1893,70,0,0,0,2025.10.15
2025.10.15,매수,외화증권매수,서브 로보틱스,8,16,132,132,-67,0,0,0,2025.10.15
2025.10.15,매수,외화증권매수,서브 로보틱스,27,16,433,433,-40,0,0,0,2025.10.15
2025.10.15,매수,외화증권매수,서브 로보틱스,48,16,768,768,8,0,0,0,2025.10.15
2025.10.15,매수,외화증권매수,테슬라,4,425,1701,1701,0,0,0,0,2025.10.15
2025.10.16,매도,외화증권매도,디렉시온 테슬라 2배 ETF,3,19,57,57,150,0,0,0,2025.10.16
2025.10.16,매도,외화증권매도,디렉시온 팔란티어 2배 ETF,3,97,292,292,35,0,0,0,2025.10.16
2025.10.16,매도,외화증권매도,디렉시온 브로드컴 2배 ETF,3,56,170,170,60,0,0,0,2025.10.16
2025.10.16,매도,외화증권매도,디렉시온 알파벳 A 2배 ETF,6,63,382,382,40,0,0,0,2025.10.16
2025.10.16,매도,외화증권매도,EQT,1,53,53,53,-1,0,0,0,2025.10.16
2025.10.16,매도,외화증권매도,EQT,2,53,107,107,-3,0,0,0,2025.10.16
2025.10.16,매도,외화증권매도,EQT,3,53,159,159,-6,0,0,0,2025.10.16
2025.10.16,매도,외화증권매도,엔비디아,1,181,181,181,69,0,0,0,2025.10.16
2025.10.16,매도,외화증권매도,엔비디아,9,181,1632,1632,60,0,0,0,2025.10.16
2025.10.16,매도,외화증권매도,미국 국채 3개월물 ETF,69,49,3444,3444,-69,0,0,0,2025.10.16
2025.10.16,매도,외화증권매도,로빈후드,45,139,6267,6267,0,0,0,0,2025.10.16
2025.10.16,매도,외화증권매도,TSMC(타이완반도체제조),5,300,1504,1504,10,0,0,0,2025.10.16
2025.10.16,매수,외화증권매수,이튼,5,378,1891,1891,20,0,0,0,2025.10.16
2025.10.16,매수,외화증권매수,스포티파이 테크놀러지,2,687,1375,1375,10,0,0,0,2025.10.16
2025.10.16,매수,외화증권매수,센트러스 에너지,1,401,401,401,13,0,0,0,2025.10.16
2025.10.16,매수,외화증권매수,센트러스 에너지,1,401,401,401,14,0,0,0,2025.10.16
2025.10.16,매수,외화증권매수,센트러스 에너지,1,401,401,401,15,0,0,0,2025.10.16
2025.10.16,매수,외화증권매수,디렉시온 타이완반도체 2배 ETF,28,53,1494,1494,28,0,0,0,2025.10.16
2025.10.16,매수,외화증권매수,디렉시온 엔비디아 2배 ETF,14,123,1722,1722,74,0,0,0,2025.10.16
2025.10.16,매수,외화증권매수,디렉시온 마이크로소프트 2배 ETF,21,50,1069,1069,120,0,0,0,2025.10.16
2025.10.16,매수,외화증권매수,디렉시온 마이크로소프트 2배 ETF,59,50,3006,3006,179,0,0,0,2025.10.16
2025.10.16,매수,외화증권매수,EQT,66,52,3454,3454,60,0,0,0,2025.10.16
2025.10.16,매수,외화증권매수,그래닛셰어즈 알리바바 데일리 1.75배 ETF,19,48,918,918,60,0,0,0,2025.10.16
2025.10.16,매수,외화증권매수,미국 국채 3개월물 ETF,69,49,3444,3444,0,0,0,0,2025.10.16
2025.10.16,매수,외화증권매수,서브 로보틱스,192,16,3086,3086,200,0,0,0,2025.10.16
2025.10.16,환전,통합증거금결제금생성(외화),,0,0,11963832,8415,0,863415,0,0,2025.10.16
2025.10.16,입금,이체입금,,0,0,7000000,7000000,0,7863415,0,0,2025.10.16
2025.10.17,매도,외화증권매도,레버리지셰어즈 TSMC 3배 ETP,159,10,1686,1685,0,0,0,0,2025.10.17
2025.10.17,매도,외화증권매도,엔비디아,5,180,904,904,55,0,0,0,2025.10.17
2025.10.17,매도,외화증권매도,엔비디아,10,185,1850,1850,45,0,0,0,2025.10.17
2025.10.17,매도,외화증권매도,팔란티어 테크놀로지스,10,179,1799,1799,50,0,0,0,2025.10.17
2025.10.17,매수,외화증권매수,디렉시온 팔란티어 2배 ETF,19,97,1853,1853,54,0,0,0,2025.10.17
2025.10.17,매수,외화증권매수,디렉시온 타이완반도체 2배 ETF,22,56,1232,1232,50,0,0,0,2025.10.17
2025.10.17,매수,외화증권매수,디렉시온 메타 2배 ETF,1,39,39,39,191,0,0,0,2025.10.17
2025.10.17,매수,외화증권매수,디렉시온 엔비디아 2배 ETF,7,121,852,852,81,0,0,0,2025.10.17
2025.10.17,매수,외화증권매수,디렉시온 엔비디아 2배 ETF,10,127,1275,1275,91,0,0,0,2025.10.17
2025.10.17,매수,외화증권매수,디렉시온 마이크로소프트 2배 ETF,1,51,51,51,180,0,0,0,2025.10.17
2025.10.17,매수,외화증권매수,서브 로보틱스,50,17,854,854,250,0,0,0,2025.10.17
2025.10.20,매도,외화증권매도,이튼,2,376,753,753,18,0,0,0,2025.10.20
2025.10.20,매도,외화증권매도,알파벳 Class C,12,254,3059,3059,0,0,0,0,2025.10.20
2025.10.20,매도,외화증권매도,디렉시온 팔란티어 2배 ETF,10,97,971,971,44,0,0,0,2025.10.20
2025.10.20,매도,외화증권매도,디렉시온 타이완반도체 2배 ETF,8,53,424,424,42,0,0,0,2025.10.20
2025.10.20,매도,외화증권매도,디렉시온 마이크로소프트 2배 ETF,30,51,1530,1530,150,0,0,0,2025.10.20
2025.10.20,매도,외화증권매도,엔비디아,5,182,910,910,40,0,0,0,2025.10.20
2025.10.20,매도,외화증권매도,엔비디아,40,182,7297,7297,0,0,0,0,2025.10.20
2025.10.20,매도,외화증권매도,팔란티어 테크놀로지스,10,179,1793,1793,40,0,0,0,2025.10.20
2025.10.20,매도,외화증권매도,팔란티어 테크놀로지스,20,182,3642,3642,20,0,0,0,2025.10.20
2025.10.20,매도,외화증권매도,서브 로보틱스,200,16,3366,3366,50,0,0,0,2025.10.20
2025.10.20,매도,외화증권매도,TSMC(타이완반도체제조),2,300,601,601,8,0,0,0,2025.10.20
2025.10.20,매도,외화증권매도,TSMC(타이완반도체제조),3,300,902,902,5,0,0,0,2025.10.20
2025.10.20,매도,외화증권매도,TSMC(타이완반도체제조),5,299,1498,1498,0,0,0,0,2025.10.20
2025.10.20,매도,외화증권매도,샤오펑 ADR,10,21,213,213,120,0,0,0,2025.10.20
2025.10.20,매도,외화증권매도,샤오펑 ADR,10,21,214,214,110,0,0,0,2025.10.20
2025.10.20,매도,외화증권매도,샤오펑 ADR,30,21,639,639,80,0,0,0,2025.10.20
2025.10.20,매도,외화증권매도,샤오펑 ADR,110,21,2349,2349,-30,0,0,0,2025.10.20
2025.10.20,매수,외화증권매수,디렉시온 테슬라 2배 ETF,40,19,793,793,190,0,0,0,2025.10.20
2025.10.20,매수,외화증권매수,디렉시온 팔란티어 2배 ETF,36,99,3598,3598,80,0,0,0,2025.10.20
2025.10.20,매수,외화증권매수,디렉시온 타이완반도체 2배 ETF,1,53,53,53,43,0,0,0,2025.10.20
2025.10.20,매수,외화증권매수,디렉시온 타이완반도체 2배 ETF,11,53,588,588,54,0,0,0,2025.10.20
2025.10.20,매수,외화증권매수,디렉시온 타이완반도체 2배 ETF,16,53,855,855,70,0,0,0,2025.10.20
2025.10.20,매수,외화증권매수,디렉시온 메타 2배 ETF,1,40,40,40,192,0,0,0,2025.10.20
2025.10.20,매수,외화증권매수,디렉시온 엔비디아 2배 ETF,10,123,1231,1231,101,0,0,0,2025.10.20
2025.10.20,매수,외화증권매수,디렉시온 엔비디아 2배 ETF,11,123,1360,1360,112,0,0,0,2025.10.20
2025.10.20,매수,외화증권매수,디렉시온 엔비디아 2배 ETF,12,122,1475,1475,124,0,0,0,2025.10.20
2025.10.20,매수,외화증권매수,디렉시온 엔비디아 2배 ETF,21,122,2582,2582,145,0,0,0,2025.10.20
2025.10.20,매수,외화증권매수,디렉시온 엔비디아 2배 ETF,27,124,3355,3355,172,0,0,0,2025.10.20
2025.10.20,매수,외화증권매수,디렉시온 엔비디아 2배 ETF,59,124,7316,7316,231,0,0,0,2025.10.20
2025.10.20,매수,외화증권매수,디렉시온 알파벳 A 2배 ETF,10,67,675,675,50,0,0,0,2025.10.20
2025.10.20,매수,외화증권매수,디렉시온 알파벳 A 2배 ETF,12,68,823,823,62,0,0,0,2025.10.20
2025.10.20,매수,외화증권매수,디렉시온 알파벳 A 2배 ETF,44,68,3021,3021,106,0,0,0,2025.10.20
2025.10.20,매수,외화증권매수,그래닛셰어즈 알리바바 데일리 1.75배 ETF,4,48,193,193,64,0,0,0,2025.10.20
2025.10.20,매수,외화증권매수,그래닛셰어즈 알리바바 데일리 1.75배 ETF,10,48,485,485,74,0,0,0,2025.10.20
2025.10.20,매수,외화증권매수,서브 로보틱스,150,17,2697,2697,200,0,0,0,2025.10.20
2025.10.20,매수,외화증권매수,테슬라,1,431,431,431,1,0,0,0,2025.10.20
2025.10.20,매수,외화증권매수,테슬라,3,432,1296,1296,4,0,0,0,2025.10.20
2025.10.20,매수,외화증권매수,테슬라,4,431,1724,1724,8,0,0,0,2025.10.20
2025.10.20,매수,외화증권매수,샤오펑 ADR,30,21,640,640,0,0,0,0,2025.10.20
2025.10.20,환전,통합증거금결제금생성(외화),,0,0,7099295,4991,0,764120,0,0,2025.10.20
2025.10.22,매도,외화증권매도,이튼,3,378,1134,1134,15,0,0,0,2025.10.22
2025.10.22,매도,외화증권매도,스포티파이 테크놀러지,3,675,2026,2026,7,0,0,0,2025.10.22
2025.10.22,매도,외화증권매도,스포티파이 테크놀러지,5,674,3370,3370,2,0,0,0,2025.10.22
2025.10.22,매도,외화증권매도,브로드컴,2,349,698,698,8,0,0,0,2025.10.22
2025.10.22,매도,외화증권매도,디렉시온 테슬라 2배 ETF,20,20,412,412,170,0,0,0,2025.10.22
2025.10.22,매도,외화증권매도,디렉시온 테슬라 2배 ETF,30,20,616,616,140,0,0,0,2025.10.22
2025.10.22,매도,외화증권매도,디렉시온 테슬라 2배 ETF,40,20,823,823,100,0,0,0,2025.10.22
2025.10.22,매도,외화증권매도,디렉시온 테슬라 2배 ETF,100,20,2066,2066,0,0,0,0,2025.10.22
2025.10.22,매도,외화증권매도,디렉시온 팔란티어 2배 ETF,10,99,994,994,70,0,0,0,2025.10.22
2025.10.22,매도,외화증권매도,디렉시온 팔란티어 2배 ETF,30,99,2977,2977,40,0,0,0,2025.10.22
2025.10.22,매도,외화증권매도,디렉시온 타이완반도체 2배 ETF,1,53,53,53,69,0,0,0,2025.10.22
2025.10.22,매도,외화증권매도,디렉시온 타이완반도체 2배 ETF,6,53,320,320,63,0,0,0,2025.10.22
2025.10.22,매도,외화증권매도,디렉시온 타이완반도체 2배 ETF,10,53,532,532,53,0,0,0,2025.10.22
2025.10.22,매도,외화증권매도,디렉시온 브로드컴 2배 ETF,30,58,1755,1755,30,0,0,0,2025.10.22
2025.10.22,매도,외화증권매도,디렉시온 브로드컴 2배 ETF,30,59,1786,1786,0,0,0,0,2025.10.22
2025.10.22,매도,외화증권매도,디렉시온 메타 2배 ETF,10,41,416,416,182,0,0,0,2025.10.22
2025.10.22,매도,외화증권매도,디렉시온 메타 2배 ETF,12,41,492,492,170,0,0,0,2025.10.22
2025.10.22,매도,외화증권매도,디렉시온 알파벳 A 2배 ETF,6,68,411,411,100,0,0,0,2025.10.22
2025.10.22,매도,외화증권매도,디렉시온 마이크로소프트 2배 ETF,10,51,515,515,140,0,0,0,2025.10.22
2025.10.22,매도,외화증권매도,EQT,10,55,554,554,50,0,0,0,2025.10.22
2025.10.22,매도,외화증권매도,EQT,50,55,2775,2775,0,0,0,0,2025.10.22
2025.10.22,매도,외화증권매도,그래닛셰어즈 알리바바 데일리 1.75배 ETF,74,48,3559,3559,0,0,0,0,2025.10.22
2025.10.22,매도,외화증권매도,미국 국채 3개월물 ETF,60,49,2996,2996,-60,0,0,0,2025.10.22
2025.10.22,매도,외화증권매도,서브 로보틱스,50,14,736,736,150,0,0,0,2025.10.22
2025.10.22,매도,외화증권매도,테슬라,1,446,446,446,7,0,0,0,2025.10.22
2025.10.22,매도,외화증권매도,테슬라,2,444,888,888,5,0,0,0,2025.10.22
2025.10.22,매도,외화증권매도,SPDR 금 미니셰어즈 ETF,8,85,683,683,-8,0,0,0,2025.10.22
2025.10.22,매도,외화증권매도,SPDR 금 미니셰어즈 ETF,28,86,2409,2409,-36,0,0,0,2025.10.22
2025.10.22,매도,외화증권매도,샤오펑 ADR,20,21,429,429,-20,0,0,0,2025.10.22
2025.10.22,매도,외화증권매도,샤오펑 ADR,198,21,4169,4169,-218,0,0,0,2025.10.22
2025.10.22,매수,외화증권매수,스포티파이 테크놀러지,3,675,2025,2025,5,0,0,0,2025.10.22
2025.10.22,매수,외화증권매수,알리바바 그룹 홀딩 ADR,10,166,1663,1663,10,0,0,0,2025.10.22
2025.10.22,매수,외화증권매수,알리바바 그룹 홀딩 ADR,20,166,3322,3322,30,0,0,0,2025.10.22
2025.10.22,매수,외화증권매수,브로드컴,1,350,350,350,9,0,0,0,2025.10.22
2025.10.22,매수,외화증권매수,브로드컴,4,350,1403,1403,13,0,0,0,2025.10.22
2025.10.22,매수,외화증권매수,브로드컴,5,355,1779,1779,18,0,0,0,2025.10.22
2025.10.22,매수,외화증권매수,EQT,19,56,1080,1080,19,0,0,0,2025.10.22
2025.10.22,매수,외화증권매수,EQT,37,56,2105,2105,56,0,0,0,2025.10.22
2025.10.22,매수,외화증권매수,팔란티어 테크놀로지스,10,181,1815,1815,30,0,0,0,2025.10.22
2025.10.22,매수,외화증권매수,팔란티어 테크놀로지스,10,181,1818,1818,40,0,0,0,2025.10.22
2025.10.22,매수,외화증권매수,미국 국채 3개월물 ETF,60,49,2996,2996,0,0,0,0,2025.10.22
2025.10.22,매수,외화증권매수,서브 로보틱스,30,14,447,447,180,0,0,0,2025.10.22
2025.10.22,매수,외화증권매수,서브 로보틱스,50,14,729,729,230,0,0,0,2025.10.22
2025.10.22,매수,외화증권매수,TSMC(타이완반도체제조),2,300,601,601,2,0,0,0,2025.10.22
2025.10.22,매수,외화증권매수,TSMC(타이완반도체제조),3,301,903,903,5,0,0,0,2025.10.22
2025.10.22,매수,외화증권매수,TSMC(타이완반도체제조),10,300,3009,3009,15,0,0,0,2025.10.22
2025.10.22,매수,외화증권매수,테슬라,1,445,445,445,6,0,0,0,2025.10.22
2025.10.22,매수,외화증권매수,테슬라,1,446,446,446,7,0,0,0,2025.10.22
2025.10.22,매수,외화증권매수,테슬라,1,446,446,446,8,0,0,0,2025.10.22
2025.10.22,매수,외화증권매수,테슬라,2,443,887,887,10,0,0,0,2025.10.22
2025.10.22,매수,외화증권매수,테슬라,2,444,888,888,12,0,0,0,2025.10.22
2025.10.22,매수,외화증권매수,테슬라,2,446,892,892,14,0,0,0,2025.10.22
2025.10.22,매수,외화증권매수,SPDR 금 미니셰어즈 ETF,1,85,85,85,-35,0,0,0,2025.10.22
2025.10.22,매수,외화증권매수,SPDR 금 미니셰어즈 ETF,2,85,170,170,-33,0,0,0,2025.10.22
2025.10.22,매수,외화증권매수,SPDR 금 미니셰어즈 ETF,6,85,512,512,-27,0,0,0,2025.10.22
2025.10.22,매수,외화증권매수,SPDR 금 미니셰어즈 ETF,10,85,852,852,-17,0,0,0,2025.10.22
2025.10.22,매수,외화증권매수,SPDR 금 미니셰어즈 ETF,17,85,1450,1450,0,0,0,0,2025.10.22
2025.10.22,매수,외화증권매수,샤오펑 ADR,19,21,400,400,-199,0,0,0,2025.10.22
2025.10.22,매수,외화증권매수,샤오펑 ADR,20,21,421,421,-179,0,0,0,2025.10.22
2025.10.22,매수,외화증권매수,샤오펑 ADR,56,21,1186,1186,-123,0,0,0,2025.10.22
2025.10.22,매수,외화증권매수,샤오펑 ADR,123,21,2591,2591,0,0,0,0,2025.10.22
2025.10.22,매수,외화증권매수,샤오펑 ADR,180,21,3810,3810,180,0,0,0,2025.10.22
2025.10.22,환전,통합증거금결제금생성(외화),,0,0,697366,486,0,66754,0,0,2025.10.22
2025.10.23,매도,외화증권매도,디렉시온 팔란티어 2배 ETF,40,99,3975,3975,0,0,0,0,2025.10.23
2025.10.23,매도,외화증권매도,디렉시온 메타 2배 ETF,85,41,3547,3547,85,0,0,0,2025.10.23
2025.10.23,매도,외화증권매도,디렉시온 알파벳 A 2배 ETF,50,68,3442,3442,50,0,0,0,2025.10.23
2025.10.23,매도,외화증권매도,디렉시온 마이크로소프트 2배 ETF,70,51,3606,3606,70,0,0,0,2025.10.23
2025.10.23,매도,외화증권매도,미국 국채 3개월물 ETF,13,49,649,649,-13,0,0,0,2025.10.23
2025.10.23,매도,외화증권매도,TSMC(타이완반도체제조),3,294,882,882,12,0,0,0,2025.10.23
2025.10.23,매수,외화증권매수,알파벳 Class A,1,255,255,255,1,0,0,0,2025.10.23
2025.10.23,매수,외화증권매수,알파벳 Class A,1,255,255,255,2,0,0,0,2025.10.23
2025.10.23,매수,외화증권매수,알파벳 Class A,2,255,511,511,4,0,0,0,2025.10.23
2025.10.23,매수,외화증권매수,알파벳 Class A,11,255,2813,2813,15,0,0,0,2025.10.23
2025.10.23,매수,외화증권매수,디렉시온 타이완반도체 2배 ETF,17,51,871,871,70,0,0,0,2025.10.23
2025.10.23,매수,외화증권매수,메타,5,731,3658,3658,5,0,0,0,2025.10.23
2025.10.23,매수,외화증권매수,마이크로소프트,7,517,3619,3619,7,0,0,0,2025.10.23
2025.10.23,매수,외화증권매수,미국 국채 3개월물 ETF,63,49,3147,3147,50,0,0,0,2025.10.23
2025.10.23,매수,외화증권매수,SPDR 금 미니셰어즈 ETF,2,81,163,163,2,0,0,0,2025.10.23
2025.10.23,매수,외화증권매수,SPDR 금 미니셰어즈 ETF,10,81,813,813,12,0,0,0,2025.10.23
2025.10.23,환전,통합증거금결제금생성(외화),,0,0,9878,6,0,56876,0,0,2025.10.23
2025.10.24,매도,외화증권매도,센트러스 에너지,5,315,1577,1577,10,0,0,0,2025.10.24
2025.10.24,매도,외화증권매도,디렉시온 팔란티어 2배 ETF,10,91,916,916,-10,0,0,0,2025.10.24
2025.10.24,매도,외화증권매도,디렉시온 팔란티어 2배 ETF,10,92,920,920,-20,0,0,0,2025.10.24
2025.10.24,매도,외화증권매도,디렉시온 팔란티어 2배 ETF,15,91,1373,1373,-35,0,0,0,2025.10.24
2025.10.24,매도,외화증권매도,디렉시온 팔란티어 2배 ETF,19,89,1704,1704,-54,0,0,0,2025.10.24
2025.10.24,매도,외화증권매도,디렉시온 팔란티어 2배 ETF,40,92,3686,3686,-94,0,0,0,2025.10.24
2025.10.24,매도,외화증권매도,디렉시온 타이완반도체 2배 ETF,20,49,991,991,50,0,0,0,2025.10.24
2025.10.24,매도,외화증권매도,디렉시온 타이완반도체 2배 ETF,50,49,2467,2467,0,0,0,0,2025.10.24
2025.10.24,매도,외화증권매도,디렉시온 메타 2배 ETF,9,41,375,375,76,0,0,0,2025.10.24
2025.10.24,매도,외화증권매도,디렉시온 메타 2배 ETF,76,41,3168,3168,0,0,0,0,2025.10.24
2025.10.24,매도,외화증권매도,디렉시온 알파벳 A 2배 ETF,50,67,3367,3367,0,0,0,0,2025.10.24
2025.10.24,매도,외화증권매도,디렉시온 마이크로소프트 2배 ETF,70,52,3687,3687,0,0,0,0,2025.10.24
2025.10.24,매도,외화증권매도,EQT,56,53,3015,3015,0,0,0,0,2025.10.24
2025.10.24,매도,외화증권매도,MP 머터리얼즈,20,67,1357,1357,50,0,0,0,2025.10.24
2025.10.24,매도,외화증권매도,미국 국채 3개월물 ETF,126,49,6294,6294,-76,0,0,0,2025.10.24
2025.10.24,매도,외화증권매도,미국 국채 3개월물 ETF,150,49,7492,7492,-226,0,0,0,2025.10.24
2025.10.24,매도,외화증권매도,서브 로보틱스,30,12,382,382,200,0,0,0,2025.10.24
2025.10.24,매도,외화증권매도,서브 로보틱스,80,12,1036,1036,120,0,0,0,2025.10.24
2025.10.24,매도,외화증권매도,테슬라,4,441,1766,1766,10,0,0,0,2025.10.24
2025.10.24,매도,외화증권매도,SPDR 금 미니셰어즈 ETF,12,79,955,955,0,0,0,0,2025.10.24
2025.10.24,매도,외화증권매도,샤오펑 ADR,60,21,1285,1285,120,0,0,0,2025.10.24
2025.10.24,매도,외화증권매도,샤오펑 ADR,120,21,2564,2564,0,0,0,0,2025.10.24
2025.10.24,매수,외화증권매수,알파벳 Class A,5,251,1259,1259,20,0,0,0,2025.10.24
2025.10.24,매수,외화증권매수,알파벳 Class A,5,252,1260,1260,25,0,0,0,2025.10.24
2025.10.24,매수,외화증권매수,알파벳 Class A,5,255,1277,1277,30,0,0,0,2025.10.24
2025.10.24,매수,외화증권매수,브로드컴,2,340,680,680,20,0,0,0,2025.10.24
2025.10.24,매수,외화증권매수,센트러스 에너지,3,313,941,941,13,0,0,0,2025.10.24
2025.10.24,매수,외화증권매수,디렉시온 팔란티어 2배 ETF,15,91,1372,1372,-79,0,0,0,2025.10.24
2025.10.24,매수,외화증권매수,디렉시온 팔란티어 2배 ETF,19,92,1750,1750,-60,0,0,0,2025.10.24
2025.10.24,매수,외화증권매수,디렉시온 팔란티어 2배 ETF,20,90,1818,1818,-40,0,0,0,2025.10.24
2025.10.24,매수,외화증권매수,디렉시온 팔란티어 2배 ETF,20,91,1828,1828,-20,0,0,0,2025.10.24
2025.10.24,매수,외화증권매수,디렉시온 팔란티어 2배 ETF,20,91,1832,1832,0,0,0,0,2025.10.24
2025.10.24,매수,외화증권매수,디렉시온 엔비디아 2배 ETF,19,120,2298,2298,250,0,0,0,2025.10.24
2025.10.24,매수,외화증권매수,EQT,58,53,3125,3125,58,0,0,0,2025.10.24
2025.10.24,매수,외화증권매수,메타,2,733,1466,1466,7,0,0,0,2025.10.24
2025.10.24,매수,외화증권매수,메타,3,730,2192,2192,10,0,0,0,2025.10.24
2025.10.24,매수,외화증권매수,MP 머터리얼즈,10,69,697,697,60,0,0,0,2025.10.24
2025.10.24,매수,외화증권매수,마이크로소프트,8,522,4180,4180,15,0,0,0,2025.10.24
2025.10.24,매수,외화증권매수,팔란티어 테크놀로지스,20,175,3503,3503,60,0,0,0,2025.10.24
2025.10.24,매수,외화증권매수,미국 국채 3개월물 ETF,226,49,11290,11290,0,0,0,0,2025.10.24
2025.10.24,매수,외화증권매수,서브 로보틱스,14,12,181,181,134,0,0,0,2025.10.24
2025.10.24,매수,외화증권매수,TSMC(타이완반도체제조),2,291,583,583,14,0,0,0,2025.10.24
2025.10.24,매수,외화증권매수,TSMC(타이완반도체제조),5,288,1443,1443,19,0,0,0,2025.10.24
2025.10.24,매수,외화증권매수,TSMC(타이완반도체제조),6,289,1738,1738,25,0,0,0,2025.10.24
2025.10.24,매수,외화증권매수,테슬라,2,423,846,846,12,0,0,0,2025.10.24
2025.10.24,매수,외화증권매수,샤오펑 ADR,131,21,2798,2798,131,0,0,0,2025.10.24
2025.10.28,매도,외화증권매도,알리바바 그룹 홀딩 ADR,15,173,2605,2605,15,0,0,0,2025.10.28
2025.10.28,매도,외화증권매도,알파벳 Class A,15,255,3836,3836,15,0,0,0,2025.10.28
2025.10.28,매도,외화증권매도,브로드컴,10,353,3536,3536,10,0,0,0,2025.10.28
2025.10.28,매도,외화증권매도,메타,5,739,3697,3697,5,0,0,0,2025.10.28
2025.10.28,매도,외화증권매도,마이크로소프트,7,523,3663,3663,8,0,0,0,2025.10.28
2025.10.28,매도,외화증권매도,팔란티어 테크놀로지스,20,182,3659,3659,40,0,0,0,2025.10.28
2025.10.28,매도,외화증권매도,TSMC(타이완반도체제조),10,294,2942,2942,15,0,0,0,2025.10.28
2025.10.28,매도,외화증권매도,테슬라,4,446,1786,1786,8,0,0,0,2025.10.28
2025.10.28,매수,외화증권매수,디렉시온 테슬라 2배 ETF,87,20,1810,1810,87,0,0,0,2025.10.28
2025.10.28,매수,외화증권매수,디렉시온 팔란티어 2배 ETF,36,100,3617,3617,36,0,0,0,2025.10.28
2025.10.28,매수,외화증권매수,디렉시온 타이완반도체 2배 ETF,58,51,2958,2958,58,0,0,0,2025.10.28
2025.10.28,매수,외화증권매수,디렉시온 브로드컴 2배 ETF,61,58,3592,3592,61,0,0,0,2025.10.28
2025.10.28,매수,외화증권매수,디렉시온 메타 2배 ETF,87,42,3716,3716,87,0,0,0,2025.10.28
2025.10.28,매수,외화증권매수,디렉시온 알파벳 A 2배 ETF,55,69,3808,3808,55,0,0,0,2025.10.28
2025.10.28,매수,외화증권매수,디렉시온 마이크로소프트 2배 ETF,69,52,3652,3652,69,0,0,0,2025.10.28
2025.10.28,매수,외화증권매수,그래닛셰어즈 알리바바 데일리 1.75배 ETF,50,52,2623,2623,50,0,0,0,2025.10.28
2025.10.28,환전,통합증거금결제금생성(외화),,0,0,47229,32,0,9647,0,0,2025.10.28
2025.10.29,매도,외화증권매도,알파벳 Class A,3,266,798,798,12,0,0,0,2025.10.29
2025.10.29,매도,외화증권매도,디렉시온 테슬라 2배 ETF,87,20,1740,1740,0,0,0,0,2025.10.29
2025.10.29,매도,외화증권매도,디렉시온 팔란티어 2배 ETF,16,108,1735,1735,20,0,0,0,2025.10.29
2025.10.29,매도,외화증권매도,디렉시온 팔란티어 2배 ETF,20,109,2181,2181,0,0,0,0,2025.10.29
2025.10.29,매도,외화증권매도,디렉시온 타이완반도체 2배 ETF,58,52,3053,3053,0,0,0,0,2025.10.29
2025.10.29,매도,외화증권매도,디렉시온 브로드컴 2배 ETF,61,61,3746,3746,0,0,0,0,2025.10.29
2025.10.29,매도,외화증권매도,디렉시온 메타 2배 ETF,27,43,1186,1186,60,0,0,0,2025.10.29
2025.10.29,매도,외화증권매도,디렉시온 알파벳 A 2배 ETF,55,74,4081,4081,0,0,0,0,2025.10.29
2025.10.29,매도,외화증권매도,디렉시온 마이크로소프트 2배 ETF,69,54,3741,3741,0,0,0,0,2025.10.29
2025.10.29,매도,외화증권매도,EQT,58,53,3103,3103,0,0,0,0,2025.10.29
2025.10.29,매도,외화증권매도,그래닛셰어즈 알리바바 데일리 1.75배 ETF,50,56,2804,2804,0,0,0,0,2025.10.29
2025.10.29,매도,외화증권매도,마이크로소프트,5,533,2665,2665,3,0,0,0,2025.10.29
2025.10.29,매도,외화증권매도,서브 로보틱스,34,14,481,481,100,0,0,0,2025.10.29
2025.10.29,매도,외화증권매도,서브 로보틱스,100,14,1416,1416,0,0,0,0,2025.10.29
2025.10.29,매수,외화증권매수,알리바바 그룹 홀딩 ADR,1,179,179,179,16,0,0,0,2025.10.29
2025.10.29,매수,외화증권매수,알리바바 그룹 홀딩 ADR,19,179,3418,3418,35,0,0,0,2025.10.29
2025.10.29,매수,외화증권매수,알파벳 Class A,3,265,795,795,15,0,0,0,2025.10.29
2025.10.29,매수,외화증권매수,알파벳 Class A,15,265,3975,3975,30,0,0,0,2025.10.29
2025.10.29,매수,외화증권매수,브로드컴,5,362,1810,1810,15,0,0,0,2025.10.29
2025.10.29,매수,외화증권매수,브로드컴,5,362,1811,1811,20,0,0,0,2025.10.29
2025.10.29,매수,외화증권매수,센트러스 에너지,1,363,363,363,14,0,0,0,2025.10.29
2025.10.29,매수,외화증권매수,디렉시온 마이크로소프트 2배 ETF,49,54,2680,2680,49,0,0,0,2025.10.29
2025.10.29,매수,외화증권매수,메타,1,753,753,753,6,0,0,0,2025.10.29
2025.10.29,매수,외화증권매수,메타,2,750,1500,1500,8,0,0,0,2025.10.29
2025.10.29,매수,외화증권매수,MP 머터리얼즈,5,65,329,329,65,0,0,0,2025.10.29
2025.10.29,매수,외화증권매수,MP 머터리얼즈,10,66,663,663,75,0,0,0,2025.10.29
2025.10.29,매수,외화증권매수,마이크로소프트,7,530,3711,3711,10,0,0,0,2025.10.29
2025.10.29,매수,외화증권매수,팔란티어 테크놀로지스,1,190,190,190,41,0,0,0,2025.10.29
2025.10.29,매수,외화증권매수,팔란티어 테크놀로지스,9,190,1713,1713,50,0,0,0,2025.10.29
2025.10.29,매수,외화증권매수,팔란티어 테크놀로지스,10,190,1909,1909,60,0,0,0,2025.10.29
2025.10.29,매수,외화증권매수,TSMC(타이완반도체제조),15,299,4493,4493,30,0,0,0,2025.10.29
2025.10.29,매수,외화증권매수,테슬라,1,443,443,443,9,0,0,0,2025.10.29
2025.10.29,매수,외화증권매수,테슬라,1,444,444,444,10,0,0,0,2025.10.29
2025.10.29,매수,외화증권매수,샤오펑 ADR,69,22,1521,1521,200,0,0,0,2025.10.29
2025.10.30,매도,외화증권매도,디렉시온 엔비디아 2배 ETF,50,153,7664,7664,200,0,0,0,2025.10.30
2025.10.30,매도,외화증권매도,메타,4,754,3018,3018,4,0,0,0,2025.10.30
2025.10.30,매도,외화증권매도,마이크로소프트,5,544,2723,2723,5,0,0,0,2025.10.30
2025.10.30,매도,외화증권매도,테슬라,2,461,922,922,8,0,0,0,2025.10.30
2025.10.30,매수,외화증권매수,센트러스 에너지,1,376,376,376,15,0,0,0,2025.10.30
2025.10.30,매수,외화증권매수,센트러스 에너지,3,367,1102,1102,18,0,0,0,2025.10.30
2025.10.30,매수,외화증권매수,디렉시온 메타 2배 ETF,69,44,3067,3067,129,0,0,0,2025.10.30
2025.10.30,매수,외화증권매수,디렉시온 마이크로소프트 2배 ETF,1,56,56,56,50,0,0,0,2025.10.30
2025.10.30,매수,외화증권매수,디렉시온 마이크로소프트 2배 ETF,47,57,2683,2683,97,0,0,0,2025.10.30
2025.10.30,매수,외화증권매수,MP 머터리얼즈,2,67,134,134,77,0,0,0,2025.10.30
2025.10.30,매수,외화증권매수,MP 머터리얼즈,5,67,336,336,82,0,0,0,2025.10.30
2025.10.30,매수,외화증권매수,MP 머터리얼즈,38,65,2477,2477,120,0,0,0,2025.10.30
2025.10.30,매수,외화증권매수,엔비디아,20,203,4074,4074,20,0,0,0,2025.10.30
2025.11.03,입금,외화배당금입금,제이피모간체이스,0,0,15,15,0,0,0,0,2025.11.03
2025.11.03,매도,외화증권매도,스포티파이 테크놀러지,1,659,659,659,4,0,0,0,2025.11.03
2025.11.03,매도,외화증권매도,알파벳 Class A,4,294,1179,1179,35,0,0,0,2025.11.03
2025.11.03,매도,외화증권매도,디렉시온 메타 2배 ETF,40,34,1396,1396,278,0,0,0,2025.11.03
2025.11.03,매도,외화증권매도,디렉시온 메타 2배 ETF,50,34,1744,1744,228,0,0,0,2025.11.03
2025.11.03,매도,외화증권매도,디렉시온 엔비디아 2배 ETF,10,154,1542,1542,190,0,0,0,2025.11.03
2025.11.03,매도,외화증권매도,디렉시온 엔비디아 2배 ETF,10,156,1564,1564,180,0,0,0,2025.11.03
2025.11.03,매도,외화증권매도,디렉시온 마이크로소프트 2배 ETF,10,53,530,530,200,0,0,0,2025.11.03
2025.11.03,매도,외화증권매도,테슬라,1,457,457,457,7,0,0,0,2025.11.03
2025.11.03,매도,외화증권매도,테슬라,3,457,1373,1373,4,0,0,0,2025.11.03
2025.11.03,매수,외화증권매수,알파벳 Class A,5,283,1419,1419,40,0,0,0,2025.11.03
2025.11.03,매수,외화증권매수,센트러스 에너지,2,390,780,780,20,0,0,0,2025.11.03
2025.11.03,매수,외화증권매수,디렉시온 메타 2배 ETF,32,36,1152,1152,260,0,0,0,2025.11.03
2025.11.03,매수,외화증권매수,디렉시온 메타 2배 ETF,40,35,1435,1435,300,0,0,0,2025.11.03
2025.11.03,매수,외화증권매수,디렉시온 메타 2배 ETF,50,33,1650,1650,350,0,0,0,2025.11.03
2025.11.03,매수,외화증권매수,디렉시온 메타 2배 ETF,50,36,1801,1801,400,0,0,0,2025.11.03
2025.11.03,매수,외화증권매수,팔란티어 테크놀로지스,10,197,1970,1970,60,0,0,0,2025.11.03
2025.11.04,매도,외화증권매도,스포티파이 테크놀러지,4,663,2653,2653,0,0,0,0,2025.11.04
2025.11.04,매도,외화증권매도,엔비디아,20,206,4135,4135,0,0,0,0,2025.11.04
2025.11.04,매도,외화증권매도,테슬라,4,444,1778,1778,0,0,0,0,2025.11.04
2025.11.04,매수,외화증권매수,아이렌,12,60,725,725,12,0,0,0,2025.11.04
2025.11.04,매수,외화증권매수,알파벳 Class A,10,284,2846,2846,50,0,0,0,2025.11.04
2025.11.04,매수,외화증권매수,앱러빈,1,623,623,623,1,0,0,0,2025.11.04
2025.11.04,매수,외화증권매수,오라클,3,261,785,785,3,0,0,0,2025.11.04
2025.11.04,매수,외화증권매수,팔란티어 테크놀로지스,9,199,1792,1792,69,0,0,0,2025.11.04
2025.11.04,매수,외화증권매수,레딧,3,214,642,642,3,0,0,0,2025.11.04
2025.11.04,매수,외화증권매수,로빈후드,5,141,709,709,5,0,0,0,2025.11.04
2025.11.04,매수,외화증권매수,버티브 홀딩스,3,198,596,596,3,0,0,0,2025.11.04
2025.11.05,매도,외화증권매도,디렉시온 메타 2배 ETF,3,31,93,93,397,0,0,0,2025.11.05
2025.11.05,매도,외화증권매도,디렉시온 메타 2배 ETF,5,32,163,163,392,0,0,0,2025.11.05
2025.11.05,매도,외화증권매도,디렉시온 메타 2배 ETF,35,32,1138,1138,357,0,0,0,2025.11.05
2025.11.05,매도,외화증권매도,디렉시온 메타 2배 ETF,40,33,1320,1320,317,0,0,0,2025.11.05
2025.11.05,매도,외화증권매도,디렉시온 메타 2배 ETF,60,33,1983,1983,257,0,0,0,2025.11.05
2025.11.05,매도,외화증권매도,디렉시온 메타 2배 ETF,77,31,2403,2403,180,0,0,0,2025.11.05
2025.11.05,매도,외화증권매도,디렉시온 마이크로소프트 2배 ETF,5,51,256,256,195,0,0,0,2025.11.05
2025.11.05,매도,외화증권매도,디렉시온 마이크로소프트 2배 ETF,10,51,512,512,185,0,0,0,2025.11.05
2025.11.05,매도,외화증권매도,디렉시온 마이크로소프트 2배 ETF,15,51,768,768,170,0,0,0,2025.11.05
2025.11.05,매도,외화증권매도,디렉시온 마이크로소프트 2배 ETF,40,51,2079,2079,130,0,0,0,2025.11.05
2025.11.05,매도,외화증권매도,팔란티어 테크놀로지스,3,208,625,625,66,0,0,0,2025.11.05
2025.11.05,매도,외화증권매도,샤오펑 ADR,20,23,470,470,180,0,0,0,2025.11.05
2025.11.05,매수,외화증권매수,이튼,1,388,388,388,11,0,0,0,2025.11.05
2025.11.05,매수,외화증권매수,이튼,4,384,1536,1536,15,0,0,0,2025.11.05
2025.11.05,매수,외화증권매수,스포티파이 테크놀러지,4,657,2628,2628,4,0,0,0,2025.11.05
2025.11.05,매수,외화증권매수,알리바바 그룹 홀딩 ADR,2,167,335,335,32,0,0,0,2025.11.05
2025.11.05,매수,외화증권매수,센트러스 에너지,1,333,333,333,21,0,0,0,2025.11.05
2025.11.05,매수,외화증권매수,센트러스 에너지,1,334,334,334,22,0,0,0,2025.11.05
2025.11.05,매수,외화증권매수,센트러스 에너지,1,335,335,335,23,0,0,0,2025.11.05
2025.11.05,매수,외화증권매수,센트러스 에너지,2,334,668,668,25,0,0,0,2025.11.05
2025.11.05,매수,외화증권매수,MP 머터리얼즈,24,56,1367,1367,124,0,0,0,2025.11.05
2025.11.05,매수,외화증권매수,MP 머터리얼즈,25,56,1423,1423,149,0,0,0,2025.11.05
2025.11.05,매수,외화증권매수,팔란티어 테크놀로지스,1,202,202,202,67,0,0,0,2025.11.05
2025.11.05,매수,외화증권매수,TSMC(타이완반도체제조),3,303,909,909,23,0,0,0,2025.11.05
2025.11.05,매수,외화증권매수,TSMC(타이완반도체제조),5,301,1506,1506,28,0,0,0,2025.11.05
2025.11.06,매도,외화증권매도,아이렌,12,64,777,777,0,0,0,0,2025.11.06
2025.11.06,매도,외화증권매도,스포티파이 테크놀러지,1,625,625,625,3,0,0,0,2025.11.06
2025.11.06,매도,외화증권매도,스포티파이 테크놀러지,4,675,2701,2701,-1,0,0,0,2025.11.06
2025.11.06,매도,외화증권매도,알리바바 그룹 홀딩 ADR,7,162,1138,1138,25,0,0,0,2025.11.06
2025.11.06,매도,외화증권매도,알파벳 Class A,10,278,2781,2781,40,0,0,0,2025.11.06
2025.11.06,매도,외화증권매도,알파벳 Class A,10,278,2785,2785,30,0,0,0,2025.11.06
2025.11.06,매도,외화증권매도,앱러빈,1,624,624,624,0,0,0,0,2025.11.06
2025.11.06,매도,외화증권매도,브로드컴,3,356,1069,1069,12,0,0,0,2025.11.06
2025.11.06,매도,외화증권매도,센트러스 에너지,5,314,1572,1572,20,0,0,0,2025.11.06
2025.11.06,매도,외화증권매도,디렉시온 팔란티어 2배 ETF,30,108,3248,3248,-30,0,0,0,2025.11.06
2025.11.06,매도,외화증권매도,디렉시온 팔란티어 2배 ETF,40,104,4164,4164,-70,0,0,0,2025.11.06
2025.11.06,매도,외화증권매도,디렉시온 엔비디아 2배 ETF,10,151,1512,1512,170,0,0,0,2025.11.06
2025.11.06,매도,외화증권매도,디렉시온 엔비디아 2배 ETF,30,151,4544,4544,140,0,0,0,2025.11.06
2025.11.06,매도,외화증권매도,디렉시온 엔비디아 2배 ETF,40,151,6045,6045,100,0,0,0,2025.11.06
2025.11.06,매도,외화증권매도,디렉시온 마이크로소프트 2배 ETF,10,50,503,503,120,0,0,0,2025.11.06
2025.11.06,매도,외화증권매도,MP 머터리얼즈,15,54,822,822,134,0,0,0,2025.11.06
2025.11.06,매도,외화증권매도,MP 머터리얼즈,29,54,1592,1592,105,0,0,0,2025.11.06
2025.11.06,매도,외화증권매도,엔비디아,20,198,3960,3960,-20,0,0,0,2025.11.06
2025.11.06,매도,외화증권매도,오라클,3,251,753,753,0,0,0,0,2025.11.06
2025.11.06,매도,외화증권매도,팔란티어 테크놀로지스,17,190,3241,3241,50,0,0,0,2025.11.06
2025.11.06,매도,외화증권매도,레딧,3,199,597,597,0,0,0,0,2025.11.06
2025.11.06,매도,외화증권매도,로빈후드,5,141,707,707,0,0,0,0,2025.11.06
2025.11.06,매도,외화증권매도,TSMC(타이완반도체제조),3,299,899,899,25,0,0,0,2025.11.06
2025.11.06,매도,외화증권매도,TSMC(타이완반도체제조),10,293,2936,2936,15,0,0,0,2025.11.06
2025.11.06,매도,외화증권매도,버티브 홀딩스,3,182,548,548,0,0,0,0,2025.11.06
2025.11.06,매도,외화증권매도,샤오펑 ADR,6,22,137,137,174,0,0,0,2025.11.06
2025.11.06,매도,외화증권매도,샤오펑 ADR,24,22,548,548,150,0,0,0,2025.11.06
2025.11.06,매도,외화증권매도,샤오펑 ADR,30,22,688,688,120,0,0,0,2025.11.06
2025.11.06,매수,외화증권매수,스포티파이 테크놀러지,2,629,1258,1258,1,0,0,0,2025.11.06
2025.11.06,매수,외화증권매수,스포티파이 테크놀러지,3,627,1883,1883,4,0,0,0,2025.11.06
2025.11.06,매수,외화증권매수,스포티파이 테크놀러지,5,621,3106,3106,9,0,0,0,2025.11.06
2025.11.06,매수,외화증권매수,알리바바 그룹 홀딩 ADR,4,164,658,658,29,0,0,0,2025.11.06
2025.11.06,매수,외화증권매수,알리바바 그룹 홀딩 ADR,5,164,821,821,34,0,0,0,2025.11.06
2025.11.06,매수,외화증권매수,알파벳 Class A,10,278,2788,2788,40,0,0,0,2025.11.06
2025.11.06,매수,외화증권매수,브로드컴,3,361,1085,1085,15,0,0,0,2025.11.06
2025.11.06,매수,외화증권매수,센트러스 에너지,5,324,1624,1624,25,0,0,0,2025.11.06
2025.11.06,매수,외화증권매수,디렉시온 팔란티어 2배 ETF,10,109,1095,1095,-60,0,0,0,2025.11.06
2025.11.06,매수,외화증권매수,디렉시온 팔란티어 2배 ETF,30,107,3231,3231,-30,0,0,0,2025.11.06
2025.11.06,매수,외화증권매수,디렉시온 팔란티어 2배 ETF,30,109,3285,3285,0,0,0,0,2025.11.06
2025.11.06,매수,외화증권매수,디렉시온 타이완반도체 2배 ETF,70,50,3542,3542,70,0,0,0,2025.11.06
2025.11.06,매수,외화증권매수,디렉시온 엔비디아 2배 ETF,25,144,3614,3614,125,0,0,0,2025.11.06
2025.11.06,매수,외화증권매수,디렉시온 알파벳 A 2배 ETF,30,81,2441,2441,30,0,0,0,2025.11.06
2025.11.06,매수,외화증권매수,MP 머터리얼즈,15,56,839,839,120,0,0,0,2025.11.06
2025.11.06,매수,외화증권매수,MP 머터리얼즈,30,55,1679,1679,150,0,0,0,2025.11.06
2025.11.06,매수,외화증권매수,엔비디아,10,202,2024,2024,-10,0,0,0,2025.11.06
2025.11.06,매수,외화증권매수,엔비디아,10,203,2030,2030,0,0,0,0,2025.11.06
2025.11.06,매수,외화증권매수,엔비디아,20,202,4057,4057,20,0,0,0,2025.11.06
2025.11.06,매수,외화증권매수,엔비디아,20,203,4061,4061,40,0,0,0,2025.11.06
2025.11.06,매수,외화증권매수,팔란티어 테크놀로지스,10,189,1896,1896,60,0,0,0,2025.11.06
2025.11.06,매수,외화증권매수,TSMC(타이완반도체제조),5,296,1481,1481,20,0,0,0,2025.11.06
2025.11.06,매수,외화증권매수,TSMC(타이완반도체제조),5,296,1483,1483,25,0,0,0,2025.11.06
2025.11.06,매수,외화증권매수,TSMC(타이완반도체제조),5,299,1495,1495,30,0,0,0,2025.11.06
2025.11.07,매도,외화증권매도,이튼,1,392,392,392,14,0,0,0,2025.11.07
2025.11.07,매도,외화증권매도,스포티파이 테크놀러지,7,638,4472,4472,2,0,0,0,2025.11.07
2025.11.07,매도,외화증권매도,스포티파이 테크놀러지,9,625,5627,5627,-7,0,0,0,2025.11.07
2025.11.07,매도,외화증권매도,알리바바 그룹 홀딩 ADR,8,164,1317,1317,26,0,0,0,2025.11.07
2025.11.07,매도,외화증권매도,알파벳 Class A,1,278,278,278,39,0,0,0,2025.11.07
2025.11.07,매도,외화증권매도,알파벳 Class A,5,277,1389,1389,34,0,0,0,2025.11.07
2025.11.07,매도,외화증권매도,디렉시온 타이완반도체 2배 ETF,28,50,1427,1427,42,0,0,0,2025.11.07
2025.11.07,매도,외화증권매도,디렉시온 엔비디아 2배 ETF,5,149,749,749,120,0,0,0,2025.11.07
2025.11.07,매도,외화증권매도,디렉시온 마이크로소프트 2배 ETF,8,49,397,397,112,0,0,0,2025.11.07
2025.11.07,매도,외화증권매도,엔비디아,10,197,1971,1971,30,0,0,0,2025.11.07
2025.11.07,매도,외화증권매도,엔비디아,10,197,1972,1972,20,0,0,0,2025.11.07
2025.11.07,매도,외화증권매도,엔비디아,10,197,1976,1976,10,0,0,0,2025.11.07
2025.11.07,매도,외화증권매도,엔비디아,10,199,1998,1998,0,0,0,0,2025.11.07
2025.11.07,매도,외화증권매도,팔란티어 테크놀로지스,5,185,925,925,55,0,0,0,2025.11.07
2025.11.07,매도,외화증권매도,팔란티어 테크놀로지스,10,188,1881,1881,45,0,0,0,2025.11.07
2025.11.07,매도,외화증권매도,프로셰어즈 비트코인 ETF,78,16,1269,1269,-78,0,0,0,2025.11.07
2025.11.07,매도,외화증권매도,TSMC(타이완반도체제조),2,293,587,587,28,0,0,0,2025.11.07
2025.11.07,매도,외화증권매도,샤오펑 ADR,64,21,1384,1384,56,0,0,0,2025.11.07
2025.11.07,매수,외화증권매수,크레도 테크놀로지 그룹 홀딩,16,172,2753,2753,16,0,0,0,2025.11.07
2025.11.07,매수,외화증권매수,스포티파이 테크놀러지,1,647,647,647,-6,0,0,0,2025.11.07
2025.11.07,매수,외화증권매수,스포티파이 테크놀러지,6,647,3885,3885,0,0,0,0,2025.11.07
2025.11.07,매수,외화증권매수,오클로,3,120,361,361,3,0,0,0,2025.11.07
2025.11.07,매수,외화증권매수,오클로,4,120,481,481,7,0,0,0,2025.11.07
2025.11.07,매수,외화증권매수,오클로,16,120,1927,1927,23,0,0,0,2025.11.07
2025.11.07,매수,외화증권매수,센트러스 에너지,3,302,908,908,28,0,0,0,2025.11.07
2025.11.07,매수,외화증권매수,디렉시온 팔란티어 2배 ETF,8,104,837,837,8,0,0,0,2025.11.07
2025.11.07,매수,외화증권매수,디렉시온 팔란티어 2배 ETF,18,104,1879,1879,26,0,0,0,2025.11.07
2025.11.07,매수,외화증권매수,디렉시온 타이완반도체 2배 ETF,12,50,608,608,54,0,0,0,2025.11.07
2025.11.07,매수,외화증권매수,디렉시온 엔비디아 2배 ETF,4,146,587,587,124,0,0,0,2025.11.07
2025.11.07,매수,외화증권매수,디렉시온 엔비디아 2배 ETF,7,142,1000,1000,131,0,0,0,2025.11.07
2025.11.07,매수,외화증권매수,디렉시온 엔비디아 2배 ETF,14,143,2002,2002,145,0,0,0,2025.11.07
2025.11.07,매수,외화증권매수,디렉시온 엔비디아 2배 ETF,14,144,2017,2017,159,0,0,0,2025.11.07
2025.11.07,매수,외화증권매수,디렉시온 알파벳 A 2배 ETF,3,81,244,244,33,0,0,0,2025.11.07
2025.11.07,매수,외화증권매수,디렉시온 알파벳 A 2배 ETF,17,81,1382,1382,50,0,0,0,2025.11.07
2025.11.07,매수,외화증권매수,오라클,11,250,2753,2753,11,0,0,0,2025.11.07
2025.11.07,매수,외화증권매수,프로셰어즈 비트코인 ETF,78,16,1271,1271,0,0,0,0,2025.11.07
2025.11.07,매수,외화증권매수,로빈후드,20,139,2798,2798,20,0,0,0,2025.11.07
2025.11.07,매수,외화증권매수,샤오펑 ADR,14,21,305,305,70,0,0,0,2025.11.07
2025.11.07,매수,외화증권매수,샤오펑 ADR,60,21,1310,1310,130,0,0,0,2025.11.07
2025.11.10,매도,외화증권매도,크레도 테크놀로지 그룹 홀딩,16,176,2828,2828,0,0,0,0,2025.11.10
2025.11.10,매도,외화증권매도,알리바바 그룹 홀딩 ADR,1,169,169,169,25,0,0,0,2025.11.10
2025.11.10,매도,외화증권매도,오클로,23,115,2645,2645,0,0,0,0,2025.11.10
2025.11.10,매도,외화증권매도,앱러빈,5,623,3115,3115,-5,0,0,0,2025.11.10
2025.11.10,매도,외화증권매도,센트러스 에너지,10,270,2705,2705,18,0,0,0,2025.11.10
2025.11.10,매도,외화증권매도,디렉시온 팔란티어 2배 ETF,1,90,90,90,25,0,0,0,2025.11.10
2025.11.10,매도,외화증권매도,디렉시온 팔란티어 2배 ETF,8,90,724,724,17,0,0,0,2025.11.10
2025.11.10,매도,외화증권매도,디렉시온 팔란티어 2배 ETF,45,90,4074,4074,-28,0,0,0,2025.11.10
2025.11.10,매도,외화증권매도,디렉시온 타이완반도체 2배 ETF,4,48,195,195,50,0,0,0,2025.11.10
2025.11.10,매도,외화증권매도,디렉시온 타이완반도체 2배 ETF,50,49,2450,2450,0,0,0,0,2025.11.10
2025.11.10,매도,외화증권매도,디렉시온 엔비디아 2배 ETF,1,130,130,130,158,0,0,0,2025.11.10
2025.11.10,매도,외화증권매도,디렉시온 엔비디아 2배 ETF,1,130,130,130,157,0,0,0,2025.11.10
2025.11.10,매도,외화증권매도,디렉시온 엔비디아 2배 ETF,1,131,131,131,156,0,0,0,2025.11.10
2025.11.10,매도,외화증권매도,디렉시온 엔비디아 2배 ETF,2,130,260,260,154,0,0,0,2025.11.10
2025.11.10,매도,외화증권매도,디렉시온 엔비디아 2배 ETF,3,130,391,391,151,0,0,0,2025.11.10
2025.11.10,매도,외화증권매도,디렉시온 엔비디아 2배 ETF,5,130,654,654,146,0,0,0,2025.11.10
2025.11.10,매도,외화증권매도,디렉시온 엔비디아 2배 ETF,15,130,1961,1961,131,0,0,0,2025.11.10
2025.11.10,매도,외화증권매도,디렉시온 알파벳 A 2배 ETF,3,87,262,262,47,0,0,0,2025.11.10
2025.11.10,매도,외화증권매도,디렉시온 알파벳 A 2배 ETF,47,84,3983,3983,0,0,0,0,2025.11.10
2025.11.10,매도,외화증권매도,MP 머터리얼즈,3,56,169,169,147,0,0,0,2025.11.10
2025.11.10,매도,외화증권매도,MP 머터리얼즈,58,47,2778,2778,89,0,0,0,2025.11.10
2025.11.10,매도,외화증권매도,팔란티어 테크놀로지스,1,175,175,175,44,0,0,0,2025.11.10
2025.11.10,매도,외화증권매도,팔란티어 테크놀로지스,1,188,188,188,43,0,0,0,2025.11.10
2025.11.10,매도,외화증권매도,팔란티어 테크놀로지스,14,175,2457,2457,29,0,0,0,2025.11.10
2025.11.10,매도,외화증권매도,샤오펑 ADR,5,24,120,120,125,0,0,0,2025.11.10
2025.11.10,매도,외화증권매도,샤오펑 ADR,10,23,232,232,115,0,0,0,2025.11.10
2025.11.10,매수,외화증권매수,아이렌,40,68,2746,2746,40,0,0,0,2025.11.10
2025.11.10,매수,외화증권매수,이튼,1,378,378,378,15,0,0,0,2025.11.10
2025.11.10,매수,외화증권매수,크레도 테크놀로지 그룹 홀딩,17,163,2787,2787,17,0,0,0,2025.11.10
2025.11.10,매수,외화증권매수,알파벳 Class A,1,285,285,285,35,0,0,0,2025.11.10
2025.11.10,매수,외화증권매수,알파벳 Class A,4,285,1140,1140,39,0,0,0,2025.11.10
2025.11.10,매수,외화증권매수,앱러빈,4,624,2496,2496,-1,0,0,0,2025.11.10
2025.11.10,매수,외화증권매수,앱러빈,5,620,3104,3104,4,0,0,0,2025.11.10
2025.11.10,매수,외화증권매수,센트러스 에너지,1,276,276,276,19,0,0,0,2025.11.10
2025.11.10,매수,외화증권매수,센트러스 에너지,1,290,290,290,20,0,0,0,2025.11.10
2025.11.10,매수,외화증권매수,디렉시온 팔란티어 2배 ETF,28,90,2537,2537,0,0,0,0,2025.11.10
2025.11.10,매수,외화증권매수,디렉시온 메타 2배 ETF,4,29,117,117,184,0,0,0,2025.11.10
2025.11.10,매수,외화증권매수,디렉시온 메타 2배 ETF,5,30,149,149,189,0,0,0,2025.11.10
2025.11.10,매수,외화증권매수,디렉시온 엔비디아 2배 ETF,14,138,1945,1945,145,0,0,0,2025.11.10
2025.11.10,매수,외화증권매수,디렉시온 엔비디아 2배 ETF,24,131,3144,3144,169,0,0,0,2025.11.10
2025.11.10,매수,외화증권매수,디렉시온 마이크로소프트 2배 ETF,2,47,94,94,114,0,0,0,2025.11.10
2025.11.10,매수,외화증권매수,디렉시온 마이크로소프트 2배 ETF,3,48,144,144,117,0,0,0,2025.11.10
2025.11.10,매수,외화증권매수,MP 머터리얼즈,5,54,273,273,94,0,0,0,2025.11.10
2025.11.10,매수,외화증권매수,MP 머터리얼즈,6,48,290,290,100,0,0,0,2025.11.10
2025.11.10,매수,외화증권매수,MP 머터리얼즈,14,48,679,679,114,0,0,0,2025.11.10
2025.11.10,매수,외화증권매수,마이크론 테크놀로지,11,243,2680,2680,11,0,0,0,2025.11.10
2025.11.10,매수,외화증권매수,팔란티어 테크놀로지스,8,175,1406,1406,37,0,0,0,2025.11.10
2025.11.10,매수,외화증권매수,팔란티어 테크놀로지스,10,175,1755,1755,47,0,0,0,2025.11.10
2025.11.10,매수,외화증권매수,로빈후드,1,128,128,128,21,0,0,0,2025.11.10
2025.11.10,매수,외화증권매수,로빈후드,10,128,1282,1282,31,0,0,0,2025.11.10
2025.11.10,매수,외화증권매수,TSMC(타이완반도체제조),1,289,289,289,29,0,0,0,2025.11.10
2025.11.10,매수,외화증권매수,TSMC(타이완반도체제조),9,289,2608,2608,38,0,0,0,2025.11.10
2025.11.11,매도,외화증권매도,이튼,7,369,2584,2584,8,0,0,0,2025.11.11
2025.11.11,매도,외화증권매도,디렉시온 팔란티어 2배 ETF,33,87,2871,2871,-33,0,0,0,2025.11.11
2025.11.11,매도,외화증권매도,팔란티어 테크놀로지스,16,172,2753,2753,31,0,0,0,2025.11.11
2025.11.11,매수,외화증권매수,디렉시온 팔란티어 2배 ETF,33,87,2872,2872,0,0,0,0,2025.11.11
2025.11.11,매수,외화증권매수,디렉시온 엔비디아 2배 ETF,21,122,2575,2575,190,0,0,0,2025.11.11
2025.11.11,매수,외화증권매수,팔란티어 테크놀로지스,16,172,2756,2756,47,0,0,0,2025.11.11
2025.11.13,매도,외화증권매도,셀레스티카,8,343,2748,2748,-8,0,0,0,2025.11.13
2025.11.13,매도,외화증권매도,이튼,1,382,382,382,7,0,0,0,2025.11.13
2025.11.13,매도,외화증권매도,알리바바 그룹 홀딩 ADR,8,168,1349,1349,17,0,0,0,2025.11.13
2025.11.13,매도,외화증권매도,알파벳 Class A,9,284,2562,2562,30,0,0,0,2025.11.13
2025.11.13,매도,외화증권매도,디렉시온 메타 2배 ETF,9,30,275,275,180,0,0,0,2025.11.13
2025.11.13,매도,외화증권매도,디렉시온 엔비디아 2배 ETF,2,144,289,289,188,0,0,0,2025.11.13
2025.11.13,매도,외화증권매도,디렉시온 엔비디아 2배 ETF,3,144,434,434,185,0,0,0,2025.11.13
2025.11.13,매도,외화증권매도,디렉시온 엔비디아 2배 ETF,10,137,1375,1375,175,0,0,0,2025.11.13
2025.11.13,매도,외화증권매도,디렉시온 엔비디아 2배 ETF,20,137,2754,2754,155,0,0,0,2025.11.13
2025.11.13,매도,외화증권매도,디렉시온 마이크로소프트 2배 ETF,2,48,96,96,115,0,0,0,2025.11.13
2025.11.13,매도,외화증권매도,디렉시온 마이크로소프트 2배 ETF,2,48,96,96,113,0,0,0,2025.11.13
2025.11.13,매도,외화증권매도,MP 머터리얼즈,4,60,242,242,110,0,0,0,2025.11.13
2025.11.13,매도,외화증권매도,MP 머터리얼즈,10,60,604,604,100,0,0,0,2025.11.13
2025.11.13,매도,외화증권매도,오라클,11,245,2698,2698,0,0,0,0,2025.11.13
2025.11.13,매도,외화증권매도,팔란티어 테크놀로지스,2,184,368,368,45,0,0,0,2025.11.13
2025.11.13,매도,외화증권매도,프로셰어즈 비트코인 ETF,11,16,183,183,-11,0,0,0,2025.11.13
2025.11.13,매도,외화증권매도,로빈후드,11,135,1494,1494,20,0,0,0,2025.11.13
2025.11.13,매도,외화증권매도,샤오펑 ADR,40,26,1049,1049,75,0,0,0,2025.11.13
2025.11.13,매도,외화증권매도,아이렌,4,59,238,238,36,0,0,0,2025.11.13
2025.11.13,매도,외화증권매도,알파벳 Class A,2,288,577,577,28,0,0,0,2025.11.13
2025.11.13,매도,외화증권매도,MP 머터리얼즈,3,63,191,191,97,0,0,0,2025.11.13
2025.11.13,매도,외화증권매도,팔란티어 테크놀로지스,2,191,382,382,43,0,0,0,2025.11.13
2025.11.13,매도,외화증권매도,SPDR 금 미니셰어즈 ETF,19,81,1554,1554,-19,0,0,0,2025.11.13
2025.11.13,매도,외화증권매도,샤오펑 ADR,7,27,189,189,68,0,0,0,2025.11.13
2025.11.13,매수,외화증권매수,아이렌,10,66,664,664,46,0,0,0,2025.11.13
2025.11.13,매수,외화증권매수,셀레스티카,8,343,2745,2745,0,0,0,0,2025.11.13
2025.11.13,매수,외화증권매수,이튼,4,379,1519,1519,11,0,0,0,2025.11.13
2025.11.13,매수,외화증권매수,이튼,4,380,1522,1522,15,0,0,0,2025.11.13
2025.11.13,매수,외화증권매수,알파벳 Class A,10,284,2846,2846,38,0,0,0,2025.11.13
2025.11.13,매수,외화증권매수,앱러빈,1,636,636,636,5,0,0,0,2025.11.13
2025.11.13,매수,외화증권매수,브로드컴,1,357,357,357,16,0,0,0,2025.11.13
2025.11.13,매수,외화증권매수,브로드컴,4,357,1431,1431,20,0,0,0,2025.11.13
2025.11.13,매수,외화증권매수,프로셰어즈 비트코인 ETF,11,16,183,183,0,0,0,0,2025.11.13
2025.11.13,매수,외화증권매수,프로셰어즈 비트코인 ETF,180,16,2995,2995,180,0,0,0,2025.11.13
2025.11.13,매수,외화증권매수,버티브 홀딩스,15,187,2805,2805,15,0,0,0,2025.11.13
2025.11.13,매수,외화증권매수,샤오펑 ADR,60,23,1418,1418,128,0,0,0,2025.11.13
2025.11.13,매수,외화증권매수,아이렌,24,57,1382,1382,70,0,0,0,2025.11.13
2025.11.13,매수,외화증권매수,SPDR 금 미니셰어즈 ETF,19,81,1557,1557,0,0,0,0,2025.11.13
2025.11.17,매도,외화증권매도,아이렌,10,48,483,483,60,0,0,0,2025.11.17
2025.11.17,매도,외화증권매도,아이렌,10,48,483,483,50,0,0,0,2025.11.17
2025.11.17,매도,외화증권매도,이튼,4,369,1479,1479,11,0,0,0,2025.11.17
2025.11.17,매도,외화증권매도,알파벳 Class A,13,279,3631,3631,25,0,0,0,2025.11.17
2025.11.17,매도,외화증권매도,브로드컴,5,337,1687,1687,15,0,0,0,2025.11.17
2025.11.17,매도,외화증권매도,디렉시온 타이완반도체 2배 ETF,79,46,3662,3662,-79,0,0,0,2025.11.17
2025.11.17,매도,외화증권매도,디렉시온 메타 2배 ETF,35,28,991,991,145,0,0,0,2025.11.17
2025.11.17,매도,외화증권매도,디렉시온 알파벳 A 2배 ETF,1,81,81,81,-1,0,0,0,2025.11.17
2025.11.17,매도,외화증권매도,디렉시온 알파벳 A 2배 ETF,3,81,243,243,-4,0,0,0,2025.11.17
2025.11.17,매도,외화증권매도,디렉시온 알파벳 A 2배 ETF,5,81,405,405,-9,0,0,0,2025.11.17
2025.11.17,매도,외화증권매도,디렉시온 알파벳 A 2배 ETF,5,81,405,405,-14,0,0,0,2025.11.17
2025.11.17,매도,외화증권매도,디렉시온 알파벳 A 2배 ETF,30,81,2433,2433,-44,0,0,0,2025.11.17
2025.11.17,매도,외화증권매도,MP 머터리얼즈,2,57,114,114,95,0,0,0,2025.11.17
2025.11.17,매도,외화증권매도,팔란티어 테크놀로지스,13,174,2271,2271,30,0,0,0,2025.11.17
2025.11.17,매도,외화증권매도,프로셰어즈 비트코인 ETF,80,15,1268,1268,100,0,0,0,2025.11.17
2025.11.17,매도,외화증권매도,프로셰어즈 비트코인 ETF,100,15,1556,1556,0,0,0,0,2025.11.17
2025.11.17,매도,외화증권매도,TSMC(타이완반도체제조),3,282,846,846,35,0,0,0,2025.11.17
2025.11.17,매도,외화증권매도,TSMC(타이완반도체제조),13,281,3656,3656,22,0,0,0,2025.11.17
2025.11.17,매도,외화증권매도,샤오펑 ADR,8,26,211,211,120,0,0,0,2025.11.17
2025.11.17,매도,외화증권매도,샤오펑 ADR,20,26,527,527,100,0,0,0,2025.11.17
2025.11.17,매수,외화증권매수,알파벳 Class A,10,279,2792,2792,35,0,0,0,2025.11.17
2025.11.17,매수,외화증권매수,디렉시온 팔란티어 2배 ETF,26,88,2298,2298,26,0,0,0,2025.11.17
2025.11.17,매수,외화증권매수,디렉시온 타이완반도체 2배 ETF,79,46,3635,3635,0,0,0,0,2025.11.17
2025.11.17,매수,외화증권매수,디렉시온 브로드컴 2배 ETF,33,52,1746,1746,33,0,0,0,2025.11.17
2025.11.17,매수,외화증권매수,디렉시온 엔비디아 2배 ETF,7,127,891,891,162,0,0,0,2025.11.17
2025.11.17,매수,외화증권매수,디렉시온 엔비디아 2배 ETF,7,127,891,891,169,0,0,0,2025.11.17
2025.11.17,매수,외화증권매수,디렉시온 알파벳 A 2배 ETF,44,81,3586,3586,0,0,0,0,2025.11.17
2025.11.17,매수,외화증권매수,아이셰어즈 0-3개월 미국 국채 ETF,16,100,1608,1608,16,0,0,0,2025.11.17
2025.11.17,매수,외화증권매수,샌디스크,5,270,1350,1350,5,0,0,0,2025.11.17
2025.11.17,매수,외화증권매수,TSMC(타이완반도체제조),13,282,3673,3673,35,0,0,0,2025.11.17
2025.11.17,매수,외화증권매수,비트코인 전략 2배 ETF,31,40,1261,1261,31,0,0,0,2025.11.17
2025.11.17,매수,외화증권매수,비트코인 전략 2배 ETF,41,39,1608,1608,72,0,0,0,2025.11.17
2025.11.17,매수,외화증권매수,웨스턴 디지털,8,159,1279,1279,8,0,0,0,2025.11.17
2025.11.18,입금,이체입금,,0,0,10000000,10000000,0,10009647,0,0,2025.11.18
2025.11.18,매도,외화증권매도,아이렌,45,46,2089,2089,5,0,0,0,2025.11.18
2025.11.18,매도,외화증권매도,아이렌,50,43,2185,2185,-45,0,0,0,2025.11.18
2025.11.18,매도,외화증권매도,아이렌,48,47,2259,2259,-93,0,0,0,2025.11.18
2025.11.18,매도,외화증권매도,이튼,6,351,2108,2108,5,0,0,0,2025.11.18
2025.11.18,매도,외화증권매도,이튼,11,346,3811,3811,-6,0,0,0,2025.11.18
2025.11.18,매도,외화증권매도,크레도 테크놀로지 그룹 홀딩,17,133,2262,2262,0,0,0,0,2025.11.18
2025.11.18,매도,외화증권매도,크레도 테크놀로지 그룹 홀딩,17,147,2501,2501,-17,0,0,0,2025.11.18
2025.11.18,매도,외화증권매도,알리바바 그룹 홀딩 ADR,17,156,2665,2665,0,0,0,0,2025.11.18
2025.11.18,매도,외화증권매도,알리바바 그룹 홀딩 ADR,17,157,2682,2682,-17,0,0,0,2025.11.18
2025.11.18,매도,외화증권매도,알파벳 Class A,10,274,2742,2742,25,0,0,0,2025.11.18
2025.11.18,매도,외화증권매도,알파벳 Class A,15,274,4117,4117,10,0,0,0,2025.11.18
2025.11.18,매도,외화증권매도,앱러빈,5,533,2665,2665,0,0,0,0,2025.11.18
2025.11.18,매도,외화증권매도,앱러빈,5,539,2695,2695,-5,0,0,0,2025.11.18
2025.11.18,매도,외화증권매도,브로드컴,5,336,1681,1681,10,0,0,0,2025.11.18
2025.11.18,매도,외화증권매도,브로드컴,15,331,4979,4979,-5,0,0,0,2025.11.18
2025.11.18,매도,외화증권매도,센트러스 에너지,3,250,750,750,17,0,0,0,2025.11.18
2025.11.18,매도,외화증권매도,센트러스 에너지,20,231,4626,4626,-3,0,0,0,2025.11.18
2025.11.18,매도,외화증권매도,디렉시온 테슬라 2배 ETF,69,15,1075,1075,-69,0,0,0,2025.11.18
2025.11.18,매도,외화증권매도,디렉시온 테슬라 2배 ETF,400,15,6204,6204,-469,0,0,0,2025.11.18
2025.11.18,매도,외화증권매도,디렉시온 팔란티어 2배 ETF,1,88,88,88,25,0,0,0,2025.11.18
2025.11.18,매도,외화증권매도,디렉시온 팔란티어 2배 ETF,3,88,265,265,22,0,0,0,2025.11.18
2025.11.18,매도,외화증권매도,디렉시온 팔란티어 2배 ETF,17,88,1500,1500,5,0,0,0,2025.11.18
2025.11.18,매도,외화증권매도,디렉시온 팔란티어 2배 ETF,20,87,1755,1755,-15,0,0,0,2025.11.18
2025.11.18,매도,외화증권매도,디렉시온 팔란티어 2배 ETF,20,88,1770,1770,-35,0,0,0,2025.11.18
2025.11.18,매도,외화증권매도,디렉시온 팔란티어 2배 ETF,26,77,2003,2003,-61,0,0,0,2025.11.18
2025.11.18,매도,외화증권매도,디렉시온 팔란티어 2배 ETF,23,88,2035,2035,-84,0,0,0,2025.11.18
2025.11.18,매도,외화증권매도,디렉시온 팔란티어 2배 ETF,36,88,3175,3175,-120,0,0,0,2025.11.18
2025.11.18,매도,외화증권매도,디렉시온 타이완반도체 2배 ETF,6,47,285,285,-6,0,0,0,2025.11.18
2025.11.18,매도,외화증권매도,디렉시온 타이완반도체 2배 ETF,30,47,1427,1427,-36,0,0,0,2025.11.18
2025.11.18,매도,외화증권매도,디렉시온 브로드컴 2배 ETF,33,50,1674,1674,0,0,0,0,2025.11.18
2025.11.18,매도,외화증권매도,디렉시온 브로드컴 2배 ETF,65,54,3536,3536,-65,0,0,0,2025.11.18
2025.11.18,매도,외화증권매도,디렉시온 메타 2배 ETF,145,27,3961,3961,0,0,0,0,2025.11.18
2025.11.18,매도,외화증권매도,디렉시온 메타 2배 ETF,153,27,4180,4180,-153,0,0,0,2025.11.18
2025.11.18,매도,외화증권매도,디렉시온 엔비디아 2배 ETF,20,129,2597,2597,149,0,0,0,2025.11.18
2025.11.18,매도,외화증권매도,디렉시온 엔비디아 2배 ETF,29,130,3772,3772,120,0,0,0,2025.11.18
2025.11.18,매도,외화증권매도,디렉시온 엔비디아 2배 ETF,40,132,5288,5288,80,0,0,0,2025.11.18
2025.11.18,매도,외화증권매도,디렉시온 엔비디아 2배 ETF,170,119,20256,20256,-90,0,0,0,2025.11.18
2025.11.18,매도,외화증권매도,디렉시온 알파벳 A 2배 ETF,7,85,596,596,-7,0,0,0,2025.11.18
2025.11.18,매도,외화증권매도,디렉시온 알파벳 A 2배 ETF,15,85,1281,1281,-22,0,0,0,2025.11.18
2025.11.18,매도,외화증권매도,디렉시온 마이크로소프트 2배 ETF,50,48,2432,2432,63,0,0,0,2025.11.18
2025.11.18,매도,외화증권매도,디렉시온 마이크로소프트 2배 ETF,63,48,3064,3064,0,0,0,0,2025.11.18
2025.11.18,매도,외화증권매도,디렉시온 마이크로소프트 2배 ETF,113,47,5382,5382,-113,0,0,0,2025.11.18
2025.11.18,매도,외화증권매도,티렉스 로빈후드 타겟 2배 ETF,12,72,870,870,-12,0,0,0,2025.11.18
2025.11.18,매도,외화증권매도,티렉스 로빈후드 타겟 2배 ETF,40,72,2896,2896,-52,0,0,0,2025.11.18
2025.11.18,매도,외화증권매도,아이셰어즈 0-3개월 미국 국채 ETF,16,100,1608,1608,0,0,0,0,2025.11.18
2025.11.18,매도,외화증권매도,MP 머터리얼즈,15,56,847,847,80,0,0,0,2025.11.18
2025.11.18,매도,외화증권매도,MP 머터리얼즈,80,56,4492,4492,0,0,0,0,2025.11.18
2025.11.18,매도,외화증권매도,마이크로소프트,3,510,1530,1530,-3,0,0,0,2025.11.18
2025.11.18,매도,외화증권매도,마이크론 테크놀로지,1,250,250,250,10,0,0,0,2025.11.18
2025.11.18,매도,외화증권매도,마이크론 테크놀로지,11,232,2557,2557,-1,0,0,0,2025.11.18
2025.11.18,매도,외화증권매도,마이크론 테크놀로지,11,239,2638,2638,-12,0,0,0,2025.11.18
2025.11.18,매도,외화증권매도,팔란티어 테크놀로지스,15,167,2505,2505,15,0,0,0,2025.11.18
2025.11.18,매도,외화증권매도,팔란티어 테크놀로지스,15,170,2555,2555,0,0,0,0,2025.11.18
2025.11.18,매도,외화증권매도,팔란티어 테크놀로지스,30,164,4942,4942,-30,0,0,0,2025.11.18
2025.11.18,매도,외화증권매도,로빈후드,20,113,2277,2277,0,0,0,0,2025.11.18
2025.11.18,매도,외화증권매도,로빈후드,30,120,3620,3620,-30,0,0,0,2025.11.18
2025.11.18,매도,외화증권매도,샌디스크,5,237,1185,1185,0,0,0,0,2025.11.18
2025.11.18,매도,외화증권매도,샌디스크,5,245,1229,1229,-5,0,0,0,2025.11.18
2025.11.18,매도,외화증권매도,TSMC(타이완반도체제조),10,281,2811,2811,25,0,0,0,2025.11.18
2025.11.18,매도,외화증권매도,TSMC(타이완반도체제조),15,277,4161,4161,10,0,0,0,2025.11.18
2025.11.18,매도,외화증권매도,TSMC(타이완반도체제조),35,273,9568,9568,-25,0,0,0,2025.11.18
2025.11.18,매도,외화증권매도,버티브 홀딩스,15,156,2340,2340,0,0,0,0,2025.11.18
2025.11.18,매도,외화증권매도,버티브 홀딩스,15,166,2498,2498,-15,0,0,0,2025.11.18
2025.11.18,매도,외화증권매도,비트코인 전략 2배 ETF,72,35,2571,2571,0,0,0,0,2025.11.18
2025.11.18,매도,외화증권매도,비트코인 전략 2배 ETF,72,36,2626,2626,-72,0,0,0,2025.11.18
2025.11.18,매도,외화증권매도,웨스턴 디지털,8,149,1195,1195,0,0,0,0,2025.11.18
2025.11.18,매도,외화증권매도,웨스턴 디지털,8,153,1230,1230,-8,0,0,0,2025.11.18
2025.11.18,매도,외화증권매도,샤오펑 ADR,100,25,2583,2583,0,0,0,0,2025.11.18
2025.11.18,매수,외화증권매수,아이렌,20,47,957,957,-73,0,0,0,2025.11.18
2025.11.18,매수,외화증권매수,아이렌,23,47,1085,1085,-50,0,0,0,2025.11.18
2025.11.18,매수,외화증권매수,아이렌,50,43,2184,2184,0,0,0,0,2025.11.18
2025.11.18,매수,외화증권매수,이튼,4,353,1413,1413,-2,0,0,0,2025.11.18
2025.11.18,매수,외화증권매수,이튼,6,346,2079,2079,4,0,0,0,2025.11.18
2025.11.18,매수,외화증권매수,이튼,8,354,2836,2836,12,0,0,0,2025.11.18
2025.11.18,매수,외화증권매수,크레도 테크놀로지 그룹 홀딩,17,133,2261,2261,0,0,0,0,2025.11.18
2025.11.18,매수,외화증권매수,크레도 테크놀로지 그룹 홀딩,19,144,2744,2744,19,0,0,0,2025.11.18
2025.11.18,매수,외화증권매수,알리바바 그룹 홀딩 ADR,17,156,2665,2665,0,0,0,0,2025.11.18
2025.11.18,매수,외화증권매수,알파벳 Class A,4,286,1145,1145,14,0,0,0,2025.11.18
2025.11.18,매수,외화증권매수,알파벳 Class A,4,286,1145,1145,18,0,0,0,2025.11.18
2025.11.18,매수,외화증권매수,앱러빈,5,533,2665,2665,0,0,0,0,2025.11.18
2025.11.18,매수,외화증권매수,앱러빈,5,554,2774,2774,5,0,0,0,2025.11.18
2025.11.18,매수,외화증권매수,브로드컴,10,343,3431,3431,5,0,0,0,2025.11.18
2025.11.18,매수,외화증권매수,브로드컴,15,331,4979,4979,20,0,0,0,2025.11.18
2025.11.18,매수,외화증권매수,센트러스 에너지,2,246,492,492,-1,0,0,0,2025.11.18
2025.11.18,매수,외화증권매수,센트러스 에너지,2,253,506,506,1,0,0,0,2025.11.18
2025.11.18,매수,외화증권매수,센트러스 에너지,19,231,4394,4394,20,0,0,0,2025.11.18
2025.11.18,매수,외화증권매수,디렉시온 테슬라 2배 ETF,79,15,1221,1221,-390,0,0,0,2025.11.18
2025.11.18,매수,외화증권매수,디렉시온 테슬라 2배 ETF,79,15,1227,1227,-311,0,0,0,2025.11.18
2025.11.18,매수,외화증권매수,디렉시온 테슬라 2배 ETF,139,15,2141,2141,-172,0,0,0,2025.11.18
2025.11.18,매수,외화증권매수,디렉시온 테슬라 2배 ETF,172,15,2677,2677,0,0,0,0,2025.11.18
2025.11.18,매수,외화증권매수,디렉시온 팔란티어 2배 ETF,8,82,662,662,-112,0,0,0,2025.11.18
2025.11.18,매수,외화증권매수,디렉시온 팔란티어 2배 ETF,30,82,2485,2485,-82,0,0,0,2025.11.18
2025.11.18,매수,외화증권매수,디렉시온 팔란티어 2배 ETF,31,80,2504,2504,-51,0,0,0,2025.11.18
2025.11.18,매수,외화증권매수,디렉시온 팔란티어 2배 ETF,30,83,2509,2509,-21,0,0,0,2025.11.18
2025.11.18,매수,외화증권매수,디렉시온 팔란티어 2배 ETF,48,77,3698,3698,27,0,0,0,2025.11.18
2025.11.18,매수,외화증권매수,디렉시온 팔란티어 2배 ETF,53,84,4500,4500,80,0,0,0,2025.11.18
2025.11.18,매수,외화증권매수,디렉시온 타이완반도체 2배 ETF,62,45,2847,2847,26,0,0,0,2025.11.18
2025.11.18,매수,외화증권매수,디렉시온 타이완반도체 2배 ETF,94,44,4198,4198,120,0,0,0,2025.11.18
2025.11.18,매수,외화증권매수,디렉시온 브로드컴 2배 ETF,33,50,1674,1674,-32,0,0,0,2025.11.18
2025.11.18,매수,외화증권매수,디렉시온 브로드컴 2배 ETF,32,52,1674,1674,0,0,0,0,2025.11.18
2025.11.18,매수,외화증권매수,디렉시온 메타 2배 ETF,153,27,4179,4179,0,0,0,0,2025.11.18
2025.11.18,매수,외화증권매수,디렉시온 엔비디아 2배 ETF,1,118,118,118,-89,0,0,0,2025.11.18
2025.11.18,매수,외화증권매수,디렉시온 엔비디아 2배 ETF,9,119,1074,1074,-80,0,0,0,2025.11.18
2025.11.18,매수,외화증권매수,디렉시온 엔비디아 2배 ETF,10,119,1191,1191,-70,0,0,0,2025.11.18
2025.11.18,매수,외화증권매수,디렉시온 엔비디아 2배 ETF,22,123,2706,2706,-48,0,0,0,2025.11.18
2025.11.18,매수,외화증권매수,디렉시온 엔비디아 2배 ETF,28,125,3526,3526,-20,0,0,0,2025.11.18
2025.11.18,매수,외화증권매수,디렉시온 엔비디아 2배 ETF,49,125,6166,6166,29,0,0,0,2025.11.18
2025.11.18,매수,외화증권매수,디렉시온 엔비디아 2배 ETF,171,119,20366,20366,200,0,0,0,2025.11.18
2025.11.18,매수,외화증권매수,디렉시온 알파벳 A 2배 ETF,35,78,2750,2750,13,0,0,0,2025.11.18
2025.11.18,매수,외화증권매수,디렉시온 알파벳 A 2배 ETF,52,78,4095,4095,65,0,0,0,2025.11.18
2025.11.18,매수,외화증권매수,디렉시온 마이크로소프트 2배 ETF,113,47,5382,5382,0,0,0,0,2025.11.18
2025.11.18,매수,외화증권매수,티렉스 로빈후드 타겟 2배 ETF,52,69,3639,3639,0,0,0,0,2025.11.18
2025.11.18,매수,외화증권매수,MP 머터리얼즈,80,56,4493,4493,80,0,0,0,2025.11.18
2025.11.18,매수,외화증권매수,마이크로소프트,2,509,1019,1019,-1,0,0,0,2025.11.18
2025.11.18,매수,외화증권매수,마이크로소프트,3,509,1529,1529,2,0,0,0,2025.11.18
2025.11.18,매수,외화증권매수,마이크로소프트,5,508,2540,2540,7,0,0,0,2025.11.18
2025.11.18,매수,외화증권매수,마이크로소프트,5,510,2550,2550,12,0,0,0,2025.11.18
2025.11.18,매수,외화증권매수,마이크론 테크놀로지,5,249,1246,1246,-7,0,0,0,2025.11.18
2025.11.18,매수,외화증권매수,마이크론 테크놀로지,11,232,2557,2557,4,0,0,0,2025.11.18
2025.11.18,매수,외화증권매수,마이크론 테크놀로지,11,246,2710,2710,15,0,0,0,2025.11.18
2025.11.18,매수,외화증권매수,팔란티어 테크놀로지스,1,175,175,175,-29,0,0,0,2025.11.18
2025.11.18,매수,외화증권매수,팔란티어 테크놀로지스,5,175,875,875,-24,0,0,0,2025.11.18
2025.11.18,매수,외화증권매수,팔란티어 테크놀로지스,10,175,1752,1752,-14,0,0,0,2025.11.18
2025.11.18,매수,외화증권매수,팔란티어 테크놀로지스,30,164,4941,4941,16,0,0,0,2025.11.18
2025.11.18,매수,외화증권매수,로빈후드,1,122,122,122,-29,0,0,0,2025.11.18
2025.11.18,매수,외화증권매수,로빈후드,7,122,860,860,-22,0,0,0,2025.11.18
2025.11.18,매수,외화증권매수,로빈후드,10,118,1184,1184,-12,0,0,0,2025.11.18
2025.11.18,매수,외화증권매수,로빈후드,17,122,2090,2090,5,0,0,0,2025.11.18
2025.11.18,매수,외화증권매수,로빈후드,20,113,2277,2277,25,0,0,0,2025.11.18
2025.11.18,매수,외화증권매수,샌디스크,5,237,1185,1185,0,0,0,0,2025.11.18
2025.11.18,매수,외화증권매수,TSMC(타이완반도체제조),8,286,2290,2290,-17,0,0,0,2025.11.18
2025.11.18,매수,외화증권매수,TSMC(타이완반도체제조),35,273,9567,9567,18,0,0,0,2025.11.18
2025.11.18,매수,외화증권매수,테슬라,4,404,1619,1619,4,0,0,0,2025.11.18
2025.11.18,매수,외화증권매수,테슬라,6,405,2430,2430,10,0,0,0,2025.11.18
2025.11.18,매수,외화증권매수,버티브 홀딩스,2,172,344,344,-13,0,0,0,2025.11.18
2025.11.18,매수,외화증권매수,버티브 홀딩스,13,170,2209,2209,0,0,0,0,2025.11.18
2025.11.18,매수,외화증권매수,버티브 홀딩스,15,156,2340,2340,15,0,0,0,2025.11.18
2025.11.18,매수,외화증권매수,비트코인 전략 2배 ETF,72,35,2571,2571,0,0,0,0,2025.11.18
2025.11.18,매수,외화증권매수,웨스턴 디지털,2,158,317,317,-6,0,0,0,2025.11.18
2025.11.18,매수,외화증권매수,웨스턴 디지털,8,149,1192,1192,2,0,0,0,2025.11.18
2025.11.18,매수,외화증권매수,웨스턴 디지털,13,155,2026,2026,15,0,0,0,2025.11.18
2025.11.18,매수,외화증권매수,샤오펑 ADR,150,25,3754,3754,150,0,0,0,2025.11.18
2025.11.19,매도,외화증권매도,디렉시온 팔란티어 2배 ETF,40,86,3446,3446,40,0,0,0,2025.11.19
2025.11.19,매도,외화증권매도,디렉시온 타이완반도체 2배 ETF,120,46,5531,5531,0,0,0,0,2025.11.19
2025.11.19,매도,외화증권매도,디렉시온 알파벳 A 2배 ETF,65,87,5659,5659,0,0,0,0,2025.11.19
2025.11.19,매도,외화증권매도,테슬라,10,414,4142,4142,0,0,0,0,2025.11.19
2025.11.19,매수,외화증권매수,이튼,3,348,1046,1046,15,0,0,0,2025.11.19
2025.11.19,매수,외화증권매수,알파벳 Class A,22,289,6363,6363,40,0,0,0,2025.11.19
2025.11.19,매수,외화증권매수,마이크로소프트,8,505,4047,4047,20,0,0,0,2025.11.19
2025.11.19,매수,외화증권매수,마이크론 테크놀로지,5,249,1249,1249,20,0,0,0,2025.11.19
2025.11.19,매수,외화증권매수,팔란티어 테크놀로지스,4,172,691,691,20,0,0,0,2025.11.19
2025.11.19,매수,외화증권매수,TSMC(타이완반도체제조),12,281,3381,3381,30,0,0,0,2025.11.19
2025.11.20,매도,외화증권매도,이튼,1,340,340,340,14,0,0,0,2025.11.20
2025.11.20,매도,외화증권매도,이튼,2,339,679,679,12,0,0,0,2025.11.20
2025.11.20,매도,외화증권매도,이튼,2,340,680,680,10,0,0,0,2025.11.20
2025.11.20,매도,외화증권매도,이튼,5,339,1699,1699,5,0,0,0,2025.11.20
2025.11.20,매도,외화증권매도,이튼,5,341,1706,1706,0,0,0,0,2025.11.20
2025.11.20,매도,외화증권매도,크레도 테크놀로지 그룹 홀딩,19,140,2667,2667,0,0,0,0,2025.11.20
2025.11.20,매도,외화증권매도,알파벳 Class A,10,280,2809,2809,30,0,0,0,2025.11.20
2025.11.20,매도,외화증권매도,앱러빈,5,530,2653,2653,0,0,0,0,2025.11.20
2025.11.20,매도,외화증권매도,센트러스 에너지,5,241,1206,1206,15,0,0,0,2025.11.20
2025.11.20,매도,외화증권매도,디렉시온 타이완반도체 2배 ETF,63,44,2802,2802,-63,0,0,0,2025.11.20
2025.11.20,매도,외화증권매도,디렉시온 엔비디아 2배 ETF,20,119,2393,2393,180,0,0,0,2025.11.20
2025.11.20,매도,외화증권매도,아이셰어즈 0-3개월 미국 국채 ETF,12,100,1206,1206,-12,0,0,0,2025.11.20
2025.11.20,매도,외화증권매도,아이셰어즈 0-3개월 미국 국채 ETF,15,100,1508,1508,-27,0,0,0,2025.11.20
2025.11.20,매도,외화증권매도,루멘텀 홀딩스,5,244,1222,1222,-5,0,0,0,2025.11.20
2025.11.20,매도,외화증권매도,MP 머터리얼즈,10,58,581,581,70,0,0,0,2025.11.20
2025.11.20,매도,외화증권매도,마이크로소프트,5,487,2436,2436,15,0,0,0,2025.11.20
2025.11.20,매도,외화증권매도,마이크로소프트,5,489,2447,2447,10,0,0,0,2025.11.20
2025.11.20,매도,외화증권매도,마이크로소프트,5,491,2458,2458,5,0,0,0,2025.11.20
2025.11.20,매도,외화증권매도,마이크로소프트,5,496,2480,2480,0,0,0,0,2025.11.20
2025.11.20,매도,외화증권매도,마이크론 테크놀로지,2,238,477,477,18,0,0,0,2025.11.20
2025.11.20,매도,외화증권매도,마이크론 테크놀로지,7,238,1671,1671,11,0,0,0,2025.11.20
2025.11.20,매도,외화증권매도,마이크론 테크놀로지,11,238,2626,2626,0,0,0,0,2025.11.20
2025.11.20,매도,외화증권매도,마이크론 테크놀로지,20,228,4571,4571,-20,0,0,0,2025.11.20
2025.11.20,매도,외화증권매도,팔란티어 테크놀로지스,9,168,1513,1513,11,0,0,0,2025.11.20
2025.11.20,매도,외화증권매도,팔란티어 테크놀로지스,11,168,1849,1849,0,0,0,0,2025.11.20
2025.11.20,매도,외화증권매도,팔란티어 테크놀로지스,20,168,3361,3361,-20,0,0,0,2025.11.20
2025.11.20,매도,외화증권매도,로빈후드,25,113,2839,2839,0,0,0,0,2025.11.20
2025.11.20,매도,외화증권매도,로빈후드,25,115,2879,2879,-25,0,0,0,2025.11.20
2025.11.20,매도,외화증권매도,TSMC(타이완반도체제조),10,273,2738,2738,20,0,0,0,2025.11.20
2025.11.20,매도,외화증권매도,디파이언스 오클로 2배 ETF,77,36,2779,2779,-77,0,0,0,2025.11.20
2025.11.20,매도,외화증권매도,디파이언스 아이렌 2배 ETF,45,12,540,540,-45,0,0,0,2025.11.20
2025.11.20,매도,외화증권매도,버티브 홀딩스,15,163,2456,2456,0,0,0,0,2025.11.20
2025.11.20,매도,외화증권매도,샤오펑 ADR,150,22,3309,3309,0,0,0,0,2025.11.20
2025.11.20,매수,외화증권매수,디렉시온 테슬라 2배 ETF,148,16,2409,2409,148,0,0,0,2025.11.20
2025.11.20,매수,외화증권매수,디렉시온 테슬라 2배 ETF,150,16,2445,2445,298,0,0,0,2025.11.20
2025.11.20,매수,외화증권매수,디렉시온 팔란티어 2배 ETF,18,83,1497,1497,58,0,0,0,2025.11.20
2025.11.20,매수,외화증권매수,디렉시온 팔란티어 2배 ETF,20,81,1634,1634,78,0,0,0,2025.11.20
2025.11.20,매수,외화증권매수,디렉시온 팔란티어 2배 ETF,29,83,2423,2423,107,0,0,0,2025.11.20
2025.11.20,매수,외화증권매수,디렉시온 팔란티어 2배 ETF,42,81,3419,3419,149,0,0,0,2025.11.20
2025.11.20,매수,외화증권매수,디렉시온 마이크론 테크놀로지 2배 ETF,65,72,4685,4685,65,0,0,0,2025.11.20
2025.11.20,매수,외화증권매수,디렉시온 타이완반도체 2배 ETF,63,43,2749,2749,0,0,0,0,2025.11.20
2025.11.20,매수,외화증권매수,디렉시온 엔비디아 2배 ETF,20,118,2369,2369,200,0,0,0,2025.11.20
2025.11.20,매수,외화증권매수,디렉시온 엔비디아 2배 ETF,20,119,2385,2385,220,0,0,0,2025.11.20
2025.11.20,매수,외화증권매수,디렉시온 알파벳 A 2배 ETF,34,82,2802,2802,34,0,0,0,2025.11.20
2025.11.20,매수,외화증권매수,티렉스 로빈후드 타겟 2배 ETF,46,63,2916,2916,46,0,0,0,2025.11.20
2025.11.20,매수,외화증권매수,그래닛셰어즈 VRT 데일리 2배 ETF,45,53,2417,2417,45,0,0,0,2025.11.20
2025.11.20,매수,외화증권매수,TRADR 앱러빈 2배 ETF,107,24,2657,2657,107,0,0,0,2025.11.20
2025.11.20,매수,외화증권매수,TRADR 2X LONG CRDO DAILY ETF,46,15,711,711,46,0,0,0,2025.11.20
2025.11.20,매수,외화증권매수,TRADR 2X LONG CRDO DAILY ETF,173,15,2686,2686,219,0,0,0,2025.11.20
2025.11.20,매수,외화증권매수,아이셰어즈 0-3개월 미국 국채 ETF,27,100,2714,2714,0,0,0,0,2025.11.20
2025.11.20,매수,외화증권매수,아이셰어즈 0-3개월 미국 국채 ETF,87,100,8747,8747,87,0,0,0,2025.11.20
2025.11.20,매수,외화증권매수,루멘텀 홀딩스,5,246,1230,1230,0,0,0,0,2025.11.20
2025.11.20,매수,외화증권매수,마이크론 테크놀로지,20,238,4775,4775,0,0,0,0,2025.11.20
2025.11.20,매수,외화증권매수,팔란티어 테크놀로지스,20,168,3364,3364,0,0,0,0,2025.11.20
2025.11.20,매수,외화증권매수,로빈후드,25,113,2839,2839,0,0,0,0,2025.11.20
2025.11.20,매수,외화증권매수,디파이언스 오클로 2배 ETF,10,36,364,364,-67,0,0,0,2025.11.20
2025.11.20,매수,외화증권매수,디파이언스 오클로 2배 ETF,18,36,652,652,-49,0,0,0,2025.11.20
2025.11.20,매수,외화증권매수,디파이언스 오클로 2배 ETF,49,36,1779,1779,0,0,0,0,2025.11.20
2025.11.20,매수,외화증권매수,디파이언스 아이렌 2배 ETF,45,12,542,542,0,0,0,0,2025.11.20
2025.11.20,매수,외화증권매수,디파이언스 아이렌 2배 ETF,245,12,2941,2941,245,0,0,0,2025.11.20
2025.11.20,매수,외화증권매수,샤오펑 ADR,150,22,3309,3309,150,0,0,0,2025.11.20
2025.11.20,환전,통합증거금결제금생성(외화),,0,0,5283115,3601,0,4726532,0,0,2025.11.20
2025.11.21,매도,외화증권매도,센트러스 에너지,2,255,510,510,13,0,0,0,2025.11.21
2025.11.21,매도,외화증권매도,디렉시온 테슬라 2배 ETF,298,16,4946,4946,0,0,0,0,2025.11.21
2025.11.21,매도,외화증권매도,디렉시온 팔란티어 2배 ETF,20,85,1703,1703,129,0,0,0,2025.11.21
2025.11.21,매도,외화증권매도,디렉시온 팔란티어 2배 ETF,29,85,2467,2467,100,0,0,0,2025.11.21
2025.11.21,매도,외화증권매도,디렉시온 마이크론 테크놀로지 2배 ETF,10,67,673,673,55,0,0,0,2025.11.21
2025.11.21,매도,외화증권매도,디렉시온 마이크론 테크놀로지 2배 ETF,15,67,1009,1009,40,0,0,0,2025.11.21
2025.11.21,매도,외화증권매도,디렉시온 엔비디아 2배 ETF,10,124,1243,1243,210,0,0,0,2025.11.21
2025.11.21,매도,외화증권매도,디렉시온 알파벳 A 2배 ETF,34,85,2917,2917,0,0,0,0,2025.11.21
2025.11.21,매도,외화증권매도,티렉스 로빈후드 타겟 2배 ETF,46,63,2925,2925,0,0,0,0,2025.11.21
2025.11.21,매도,외화증권매도,그래닛셰어즈 VRT 데일리 2배 ETF,45,59,2657,2657,0,0,0,0,2025.11.21
2025.11.21,매도,외화증권매도,TRADR 앱러빈 2배 ETF,107,24,2632,2632,0,0,0,0,2025.11.21
2025.11.21,매도,외화증권매도,TRADR 2X LONG CRDO DAILY ETF,219,15,3361,3361,0,0,0,0,2025.11.21
2025.11.21,매도,외화증권매도,아이셰어즈 0-3개월 미국 국채 ETF,33,100,3318,3318,54,0,0,0,2025.11.21
2025.11.21,매도,외화증권매도,MP 머터리얼즈,10,63,637,637,60,0,0,0,2025.11.21
2025.11.21,매도,외화증권매도,샌디스크,6,236,1417,1417,-6,0,0,0,2025.11.21
2025.11.21,매도,외화증권매도,테슬라,2,403,806,806,-2,0,0,0,2025.11.21
2025.11.21,매도,외화증권매도,디파이언스 오클로 2배 ETF,60,40,2437,2437,-60,0,0,0,2025.11.21
2025.11.21,매도,외화증권매도,디파이언스 아이렌 2배 ETF,1,10,10,10,244,0,0,0,2025.11.21
2025.11.21,매도,외화증권매도,디파이언스 아이렌 2배 ETF,45,11,499,499,199,0,0,0,2025.11.21
2025.11.21,매도,외화증권매도,디파이언스 아이렌 2배 ETF,49,10,514,514,150,0,0,0,2025.11.21
2025.11.21,매도,외화증권매도,디파이언스 아이렌 2배 ETF,66,12,795,795,84,0,0,0,2025.11.21
2025.11.21,매도,외화증권매도,디파이언스 아이렌 2배 ETF,84,12,1013,1013,0,0,0,0,2025.11.21
2025.11.21,매도,외화증권매도,웨스턴 디지털,15,151,2267,2267,0,0,0,0,2025.11.21
2025.11.21,매수,외화증권매수,아이렌,14,50,709,709,14,0,0,0,2025.11.21
2025.11.21,매수,외화증권매수,아이렌,36,49,1789,1789,50,0,0,0,2025.11.21
2025.11.21,매수,외화증권매수,크레도 테크놀로지 그룹 홀딩,20,139,2797,2797,20,0,0,0,2025.11.21
2025.11.21,매수,외화증권매수,알파벳 Class A,10,287,2871,2871,40,0,0,0,2025.11.21
2025.11.21,매수,외화증권매수,앱러빈,5,529,2647,2647,5,0,0,0,2025.11.21
2025.11.21,매수,외화증권매수,브로드컴,2,348,697,697,22,0,0,0,2025.11.21
2025.11.21,매수,외화증권매수,브로드컴,2,349,698,698,24,0,0,0,2025.11.21
2025.11.21,매수,외화증권매수,디렉시온 마이크론 테크놀로지 2배 ETF,20,64,1292,1292,60,0,0,0,2025.11.21
2025.11.21,매수,외화증권매수,아이셰어즈 0-3개월 미국 국채 ETF,46,100,4625,4625,100,0,0,0,2025.11.21
2025.11.21,매수,외화증권매수,로빈후드,5,122,611,611,5,0,0,0,2025.11.21
2025.11.21,매수,외화증권매수,로빈후드,25,115,2887,2887,30,0,0,0,2025.11.21
2025.11.21,매수,외화증권매수,샌디스크,5,243,1216,1216,-1,0,0,0,2025.11.21
2025.11.21,매수,외화증권매수,샌디스크,5,260,1302,1302,4,0,0,0,2025.11.21
2025.11.21,매수,외화증권매수,샌디스크,6,238,1433,1433,10,0,0,0,2025.11.21
2025.11.21,매수,외화증권매수,TSMC(타이완반도체제조),5,275,1378,1378,25,0,0,0,2025.11.21
2025.11.21,매수,외화증권매수,TSMC(타이완반도체제조),5,275,1378,1378,30,0,0,0,2025.11.21
2025.11.21,매수,외화증권매수,테슬라,10,404,4049,4049,8,0,0,0,2025.11.21
2025.11.21,매수,외화증권매수,디파이언스 오클로 2배 ETF,60,39,2371,2371,0,0,0,0,2025.11.21
2025.11.21,매수,외화증권매수,버티브 홀딩스,16,171,2749,2749,16,0,0,0,2025.11.21
2025.11.21,매수,외화증권매수,웨스턴 디지털,8,151,1214,1214,8,0,0,0,2025.11.21
2025.11.21,매수,외화증권매수,웨스턴 디지털,12,161,1932,1932,20,0,0,0,2025.11.21
2025.11.24,입금,외화배당금입금,이튼,0,0,10,10,0,0,0,0,2025.11.24
2025.11.24,매도,외화증권매도,아이렌,5,49,247,247,45,0,0,0,2025.11.24
2025.11.24,매도,외화증권매도,아이렌,10,49,491,491,35,0,0,0,2025.11.24
2025.11.24,매도,외화증권매도,아이렌,50,47,2386,2386,-15,0,0,0,2025.11.24
2025.11.24,매도,외화증권매도,크레도 테크놀로지 그룹 홀딩,5,150,754,754,15,0,0,0,2025.11.24
2025.11.24,매도,외화증권매도,오클로,5,106,531,531,-5,0,0,0,2025.11.24
2025.11.24,매도,외화증권매도,오클로,5,106,534,534,-10,0,0,0,2025.11.24
2025.11.24,매도,외화증권매도,오클로,30,91,2739,2739,-40,0,0,0,2025.11.24
2025.11.24,매도,외화증권매도,앱러빈,1,556,556,556,4,0,0,0,2025.11.24
2025.11.24,매도,외화증권매도,센트러스 에너지,1,251,251,251,12,0,0,0,2025.11.24
2025.11.24,매도,외화증권매도,센트러스 에너지,2,270,541,541,10,0,0,0,2025.11.24
2025.11.24,매도,외화증권매도,센트러스 에너지,3,283,850,850,7,0,0,0,2025.11.24
2025.11.24,매도,외화증권매도,디렉시온 팔란티어 2배 ETF,1,72,72,72,99,0,0,0,2025.11.24
2025.11.24,매도,외화증권매도,디렉시온 팔란티어 2배 ETF,10,85,852,852,89,0,0,0,2025.11.24
2025.11.24,매도,외화증권매도,디렉시온 팔란티어 2배 ETF,10,86,864,864,79,0,0,0,2025.11.24
2025.11.24,매도,외화증권매도,디렉시온 팔란티어 2배 ETF,30,85,2560,2560,49,0,0,0,2025.11.24
2025.11.24,매도,외화증권매도,디렉시온 팔란티어 2배 ETF,89,71,6407,6407,-40,0,0,0,2025.11.24
2025.11.24,매도,외화증권매도,디렉시온 마이크론 테크놀로지 2배 ETF,10,67,677,677,50,0,0,0,2025.11.24
2025.11.24,매도,외화증권매도,디렉시온 마이크론 테크놀로지 2배 ETF,10,73,737,737,40,0,0,0,2025.11.24
2025.11.24,매도,외화증권매도,디렉시온 마이크론 테크놀로지 2배 ETF,10,76,767,767,30,0,0,0,2025.11.24
2025.11.24,매도,외화증권매도,디렉시온 마이크론 테크놀로지 2배 ETF,60,57,3457,3457,-30,0,0,0,2025.11.24
2025.11.24,매도,외화증권매도,디렉시온 엔비디아 2배 ETF,3,138,416,416,207,0,0,0,2025.11.24
2025.11.24,매도,외화증권매도,디렉시온 엔비디아 2배 ETF,3,138,416,416,204,0,0,0,2025.11.24
2025.11.24,매도,외화증권매도,디렉시온 엔비디아 2배 ETF,7,138,970,970,197,0,0,0,2025.11.24
2025.11.24,매도,외화증권매도,디렉시온 엔비디아 2배 ETF,9,137,1235,1235,188,0,0,0,2025.11.24
2025.11.24,매도,외화증권매도,디렉시온 엔비디아 2배 ETF,10,135,1352,1352,178,0,0,0,2025.11.24
2025.11.24,매도,외화증권매도,디렉시온 엔비디아 2배 ETF,10,138,1384,1384,168,0,0,0,2025.11.24
2025.11.24,매도,외화증권매도,디렉시온 엔비디아 2배 ETF,10,138,1387,1387,158,0,0,0,2025.11.24
2025.11.24,매도,외화증권매도,디렉시온 엔비디아 2배 ETF,10,139,1390,1390,148,0,0,0,2025.11.24
2025.11.24,매도,외화증권매도,디렉시온 엔비디아 2배 ETF,11,137,1509,1509,137,0,0,0,2025.11.24
2025.11.24,매도,외화증권매도,디렉시온 엔비디아 2배 ETF,17,138,2360,2360,120,0,0,0,2025.11.24
2025.11.24,매도,외화증권매도,디렉시온 엔비디아 2배 ETF,20,133,2673,2673,100,0,0,0,2025.11.24
2025.11.24,매도,외화증권매도,아이셰어즈 0-3개월 미국 국채 ETF,64,100,6436,6436,36,0,0,0,2025.11.24
2025.11.24,매도,외화증권매도,루멘텀 홀딩스,3,271,813,813,-3,0,0,0,2025.11.24
2025.11.24,매도,외화증권매도,루멘텀 홀딩스,8,252,2022,2022,-11,0,0,0,2025.11.24
2025.11.24,매도,외화증권매도,MP 머터리얼즈,10,58,588,588,50,0,0,0,2025.11.24
2025.11.24,매도,외화증권매도,엔비디아,1,186,186,186,-1,0,0,0,2025.11.24
2025.11.24,매도,외화증권매도,엔비디아,2,186,372,372,-3,0,0,0,2025.11.24
2025.11.24,매도,외화증권매도,엔비디아,12,185,2228,2228,-15,0,0,0,2025.11.24
2025.11.24,매도,외화증권매도,엔비디아,15,182,2740,2740,-30,0,0,0,2025.11.24
2025.11.24,매도,외화증권매도,엔비디아,15,183,2756,2756,-45,0,0,0,2025.11.24
2025.11.24,매도,외화증권매도,팔란티어 테크놀로지스,10,160,1601,1601,-10,0,0,0,2025.11.24
2025.11.24,매도,외화증권매도,팔란티어 테크놀로지스,10,160,1604,1604,-20,0,0,0,2025.11.24
2025.11.24,매도,외화증권매도,로빈후드,10,119,1193,1193,20,0,0,0,2025.11.24
2025.11.24,매도,외화증권매도,로빈후드,25,108,2718,2718,-5,0,0,0,2025.11.24
2025.11.24,매도,외화증권매도,샌디스크,2,227,454,454,8,0,0,0,2025.11.24
2025.11.24,매도,외화증권매도,샌디스크,2,227,455,455,6,0,0,0,2025.11.24
2025.11.24,매도,외화증권매도,샌디스크,12,209,2513,2513,-6,0,0,0,2025.11.24
2025.11.24,매도,외화증권매도,테슬라,8,407,3263,3263,0,0,0,0,2025.11.24
2025.11.24,매도,외화증권매도,버티브 홀딩스,3,177,532,532,13,0,0,0,2025.11.24
2025.11.24,매도,외화증권매도,버티브 홀딩스,16,165,2644,2644,-3,0,0,0,2025.11.24
2025.11.24,매도,외화증권매도,웨스턴 디지털,5,156,782,782,15,0,0,0,2025.11.24
2025.11.24,매도,외화증권매도,웨스턴 디지털,17,146,2491,2491,-2,0,0,0,2025.11.24
2025.11.24,매도,외화증권매도,샤오펑 ADR,150,20,3063,3063,0,0,0,0,2025.11.24
2025.11.24,매수,외화증권매수,아이렌,5,49,248,248,-10,0,0,0,2025.11.24
2025.11.24,매수,외화증권매수,아이렌,10,50,508,508,0,0,0,0,2025.11.24
2025.11.24,매수,외화증권매수,아이렌,50,47,2386,2386,50,0,0,0,2025.11.24
2025.11.24,매수,외화증권매수,크레도 테크놀로지 그룹 홀딩,2,148,296,296,17,0,0,0,2025.11.24
2025.11.24,매수,외화증권매수,크레도 테크놀로지 그룹 홀딩,3,147,443,443,20,0,0,0,2025.11.24
2025.11.24,매수,외화증권매수,오클로,5,93,466,466,-35,0,0,0,2025.11.24
2025.11.24,매수,외화증권매수,오클로,5,94,470,470,-30,0,0,0,2025.11.24
2025.11.24,매수,외화증권매수,오클로,5,108,542,542,-25,0,0,0,2025.11.24
2025.11.24,매수,외화증권매수,오클로,5,108,542,542,-20,0,0,0,2025.11.24
2025.11.24,매수,외화증권매수,오클로,9,109,984,984,-11,0,0,0,2025.11.24
2025.11.24,매수,외화증권매수,오클로,11,109,1204,1204,0,0,0,0,2025.11.24
2025.11.24,매수,외화증권매수,오클로,30,91,2742,2742,30,0,0,0,2025.11.24
2025.11.24,매수,외화증권매수,앱러빈,1,543,543,543,5,0,0,0,2025.11.24
2025.11.24,매수,외화증권매수,브로드컴,6,364,2185,2185,30,0,0,0,2025.11.24
2025.11.24,매수,외화증권매수,센트러스 에너지,1,256,256,256,8,0,0,0,2025.11.24
2025.11.24,매수,외화증권매수,센트러스 에너지,2,280,561,561,10,0,0,0,2025.11.24
2025.11.24,매수,외화증권매수,디렉시온 팔란티어 2배 ETF,20,73,1467,1467,-20,0,0,0,2025.11.24
2025.11.24,매수,외화증권매수,디렉시온 팔란티어 2배 ETF,20,74,1482,1482,0,0,0,0,2025.11.24
2025.11.24,매수,외화증권매수,디렉시온 팔란티어 2배 ETF,90,71,6475,6475,90,0,0,0,2025.11.24
2025.11.24,매수,외화증권매수,디렉시온 마이크론 테크놀로지 2배 ETF,5,61,307,307,-25,0,0,0,2025.11.24
2025.11.24,매수,외화증권매수,디렉시온 마이크론 테크놀로지 2배 ETF,7,59,418,418,-18,0,0,0,2025.11.24
2025.11.24,매수,외화증권매수,디렉시온 마이크론 테크놀로지 2배 ETF,8,59,477,477,-10,0,0,0,2025.11.24
2025.11.24,매수,외화증권매수,디렉시온 마이크론 테크놀로지 2배 ETF,10,59,595,595,0,0,0,0,2025.11.24
2025.11.24,매수,외화증권매수,디렉시온 마이크론 테크놀로지 2배 ETF,15,58,877,877,15,0,0,0,2025.11.24
2025.11.24,매수,외화증권매수,디렉시온 마이크론 테크놀로지 2배 ETF,60,57,3459,3459,75,0,0,0,2025.11.24
2025.11.24,매수,외화증권매수,디렉시온 엔비디아 2배 ETF,1,123,123,123,101,0,0,0,2025.11.24
2025.11.24,매수,외화증권매수,디렉시온 엔비디아 2배 ETF,19,124,2373,2373,120,0,0,0,2025.11.24
2025.11.24,매수,외화증권매수,디렉시온 엔비디아 2배 ETF,20,122,2448,2448,140,0,0,0,2025.11.24
2025.11.24,매수,외화증권매수,아이셰어즈 0-3개월 미국 국채 ETF,148,100,14884,14884,184,0,0,0,2025.11.24
2025.11.24,매수,외화증권매수,루멘텀 홀딩스,1,254,254,254,-10,0,0,0,2025.11.24
2025.11.24,매수,외화증권매수,루멘텀 홀딩스,1,256,256,256,-9,0,0,0,2025.11.24
2025.11.24,매수,외화증권매수,루멘텀 홀딩스,1,257,257,257,-8,0,0,0,2025.11.24
2025.11.24,매수,외화증권매수,루멘텀 홀딩스,3,287,862,862,-5,0,0,0,2025.11.24
2025.11.24,매수,외화증권매수,루멘텀 홀딩스,5,285,1426,1426,0,0,0,0,2025.11.24
2025.11.24,매수,외화증권매수,루멘텀 홀딩스,8,252,2018,2018,8,0,0,0,2025.11.24
2025.11.24,매수,외화증권매수,엔비디아,10,192,1921,1921,-35,0,0,0,2025.11.24
2025.11.24,매수,외화증권매수,엔비디아,15,182,2739,2739,-20,0,0,0,2025.11.24
2025.11.24,매수,외화증권매수,엔비디아,20,195,3909,3909,0,0,0,0,2025.11.24
2025.11.24,매수,외화증권매수,팔란티어 테크놀로지스,20,173,3465,3465,0,0,0,0,2025.11.24
2025.11.24,매수,외화증권매수,로빈후드,5,112,563,563,0,0,0,0,2025.11.24
2025.11.24,매수,외화증권매수,로빈후드,25,108,2716,2716,25,0,0,0,2025.11.24
2025.11.24,매수,외화증권매수,샌디스크,2,209,419,419,-4,0,0,0,2025.11.24
2025.11.24,매수,외화증권매수,샌디스크,2,215,431,431,-2,0,0,0,2025.11.24
2025.11.24,매수,외화증권매수,샌디스크,2,250,500,500,0,0,0,0,2025.11.24
2025.11.24,매수,외화증권매수,샌디스크,12,209,2511,2511,12,0,0,0,2025.11.24
2025.11.24,매수,외화증권매수,TSMC(타이완반도체제조),10,289,2895,2895,40,0,0,0,2025.11.24
2025.11.24,매수,외화증권매수,버티브 홀딩스,1,168,168,168,-2,0,0,0,2025.11.24
2025.11.24,매수,외화증권매수,버티브 홀딩스,2,180,361,361,0,0,0,0,2025.11.24
2025.11.24,매수,외화증권매수,버티브 홀딩스,16,165,2645,2645,16,0,0,0,2025.11.24
2025.11.24,매수,외화증권매수,웨스턴 디지털,2,148,297,297,0,0,0,0,2025.11.24
2025.11.24,매수,외화증권매수,웨스턴 디지털,17,146,2491,2491,17,0,0,0,2025.11.24
2025.11.24,매수,외화증권매수,샤오펑 ADR,150,20,3059,3059,150,0,0,0,2025.11.24
2025.11.24,환전,통합증거금결제금생성(외화),,0,0,4384341,2980,0,342191,0,0,2025.11.24
2025.11.25,매도,외화증권매도,아이렌,50,42,2118,2118,0,0,0,0,2025.11.25
2025.11.25,매도,외화증권매도,크레도 테크놀로지 그룹 홀딩,1,132,132,132,19,0,0,0,2025.11.25
2025.11.25,매도,외화증권매도,크레도 테크놀로지 그룹 홀딩,4,132,529,529,15,0,0,0,2025.11.25
2025.11.25,매도,외화증권매도,알파벳 Class A,5,295,1475,1475,35,0,0,0,2025.11.25
2025.11.25,매도,외화증권매도,오클로,30,87,2613,2613,0,0,0,0,2025.11.25
2025.11.25,매도,외화증권매도,앱러빈,1,517,517,517,4,0,0,0,2025.11.25
2025.11.25,매도,외화증권매도,브로드컴,5,332,1664,1664,25,0,0,0,2025.11.25
2025.11.25,매도,외화증권매도,센트러스 에너지,2,241,482,482,8,0,0,0,2025.11.25
2025.11.25,매도,외화증권매도,디렉시온 팔란티어 2배 ETF,90,69,6237,6237,0,0,0,0,2025.11.25
2025.11.25,매도,외화증권매도,디렉시온 마이크론 테크놀로지 2배 ETF,25,53,1332,1332,50,0,0,0,2025.11.25
2025.11.25,매도,외화증권매도,디렉시온 마이크론 테크놀로지 2배 ETF,50,53,2667,2667,0,0,0,0,2025.11.25
2025.11.25,매도,외화증권매도,디렉시온 엔비디아 2배 ETF,20,116,2328,2328,120,0,0,0,2025.11.25
2025.11.25,매도,외화증권매도,디렉시온 엔비디아 2배 ETF,40,118,4730,4730,80,0,0,0,2025.11.25
2025.11.25,매도,외화증권매도,디렉시온 엔비디아 2배 ETF,80,117,9420,9420,0,0,0,0,2025.11.25
2025.11.25,매도,외화증권매도,아이셰어즈 0-3개월 미국 국채 ETF,15,100,1508,1508,169,0,0,0,2025.11.25
2025.11.25,매도,외화증권매도,MP 머터리얼즈,15,56,848,848,35,0,0,0,2025.11.25
2025.11.25,매도,외화증권매도,마이크론 테크놀로지,2,195,391,391,-2,0,0,0,2025.11.25
2025.11.25,매도,외화증권매도,엔비디아,10,173,1739,1739,-10,0,0,0,2025.11.25
2025.11.25,매도,외화증권매도,팔란티어 테크놀로지스,5,149,746,746,-5,0,0,0,2025.11.25
2025.11.25,매도,외화증권매도,로빈후드,1,104,104,104,24,0,0,0,2025.11.25
2025.11.25,매도,외화증권매도,로빈후드,4,104,418,418,20,0,0,0,2025.11.25
2025.11.25,매도,외화증권매도,샌디스크,2,190,381,381,10,0,0,0,2025.11.25
2025.11.25,매도,외화증권매도,TSMC(타이완반도체제조),5,268,1340,1340,35,0,0,0,2025.11.25
2025.11.25,매도,외화증권매도,버티브 홀딩스,4,157,630,630,12,0,0,0,2025.11.25
2025.11.25,매도,외화증권매도,웨스턴 디지털,2,140,280,280,15,0,0,0,2025.11.25
2025.11.25,매도,외화증권매도,샤오펑 ADR,20,19,389,389,130,0,0,0,2025.11.25
2025.11.25,매도,외화증권매도,샤오펑 ADR,30,20,608,608,100,0,0,0,2025.11.25
2025.11.25,매수,외화증권매수,아이셰어즈 0-3개월 미국 국채 ETF,9,100,905,905,178,0,0,0,2025.11.25
2025.11.25,매수,외화증권매수,아이셰어즈 0-3개월 미국 국채 ETF,69,100,6941,6941,247,0,0,0,2025.11.25
2025.11.25,매수,외화증권매수,아이셰어즈 0-3개월 미국 국채 ETF,111,100,11166,11166,358,0,0,0,2025.11.25
2025.11.25,매수,외화증권매수,마이크론 테크놀로지,12,198,2382,2382,10,0,0,0,2025.11.25
2025.11.25,매수,외화증권매수,엔비디아,10,180,1806,1806,0,0,0,0,2025.11.25
2025.11.25,매수,외화증권매수,엔비디아,10,180,1807,1807,10,0,0,0,2025.11.25
2025.11.25,매수,외화증권매수,엔비디아,20,179,3586,3586,30,0,0,0,2025.11.25
2025.11.25,매수,외화증권매수,엔비디아,20,180,3608,3608,50,0,0,0,2025.11.25
2025.11.25,매수,외화증권매수,엔비디아,40,180,7221,7221,90,0,0,0,2025.11.25
2025.11.25,매수,외화증권매수,팔란티어 테크놀로지스,40,155,6221,6221,35,0,0,0,2025.11.25
2025.11.25,환전,통합증거금결제금생성(외화),,0,0,13553,9,0,328638,0,0,2025.11.25
2025.11.26,매도,외화증권매도,아이렌,50,43,2162,2162,-50,0,0,0,2025.11.26
2025.11.26,매도,외화증권매도,애플,8,271,2169,2169,-8,0,0,0,2025.11.26
2025.11.26,매도,외화증권매도,앱러빈,4,524,2098,2098,0,0,0,0,2025.11.26
2025.11.26,매도,외화증권매도,브로드컴,10,344,3447,3447,15,0,0,0,2025.11.26
2025.11.26,매도,외화증권매도,센트러스 에너지,4,238,953,953,4,0,0,0,2025.11.26
2025.11.26,매도,외화증권매도,디렉시온 테슬라 2배 ETF,5,15,79,79,-5,0,0,0,2025.11.26
2025.11.26,매도,외화증권매도,디렉시온 테슬라 2배 ETF,25,16,401,401,-30,0,0,0,2025.11.26
2025.11.26,매도,외화증권매도,디렉시온 테슬라 2배 ETF,148,15,2360,2360,-178,0,0,0,2025.11.26
2025.11.26,매도,외화증권매도,디렉시온 테슬라 2배 ETF,188,17,3318,3318,-366,0,0,0,2025.11.26
2025.11.26,매도,외화증권매도,디렉시온 팔란티어 2배 ETF,1,76,76,76,-1,0,0,0,2025.11.26
2025.11.26,매도,외화증권매도,디렉시온 팔란티어 2배 ETF,29,76,2206,2206,-30,0,0,0,2025.11.26
2025.11.26,매도,외화증권매도,디렉시온 타이완반도체 2배 ETF,63,46,2957,2957,-63,0,0,0,2025.11.26
2025.11.26,매도,외화증권매도,디렉시온 브로드컴 2배 ETF,23,62,1435,1435,-23,0,0,0,2025.11.26
2025.11.26,매도,외화증권매도,디렉시온 브로드컴 2배 ETF,40,63,2547,2547,-63,0,0,0,2025.11.26
2025.11.26,매도,외화증권매도,디렉시온 메타 2배 ETF,101,28,2860,2860,-101,0,0,0,2025.11.26
2025.11.26,매도,외화증권매도,티렉스 로빈후드 타겟 2배 ETF,35,63,2208,2208,-35,0,0,0,2025.11.26
2025.11.26,매도,외화증권매도,메타,4,612,2451,2451,-4,0,0,0,2025.11.26
2025.11.26,매도,외화증권매도,메타,8,598,4791,4791,-12,0,0,0,2025.11.26
2025.11.26,매도,외화증권매도,그래닛셰어즈 엔비디아 데일리 2배 ETF,2,82,165,165,-2,0,0,0,2025.11.26
2025.11.26,매도,외화증권매도,그래닛셰어즈 엔비디아 데일리 2배 ETF,9,82,738,738,-11,0,0,0,2025.11.26
2025.11.26,매도,외화증권매도,아이셰어즈 0-3개월 미국 국채 ETF,363,100,36517,36517,-5,0,0,0,2025.11.26
2025.11.26,매도,외화증권매도,루멘텀 홀딩스,2,265,531,531,6,0,0,0,2025.11.26
2025.11.26,매도,외화증권매도,루멘텀 홀딩스,2,265,531,531,4,0,0,0,2025.11.26
2025.11.26,매도,외화증권매도,MP 머터리얼즈,5,57,286,286,30,0,0,0,2025.11.26
2025.11.26,매도,외화증권매도,엔비디아,10,178,1780,1780,80,0,0,0,2025.11.26
2025.11.26,매도,외화증권매도,엔비디아,10,179,1793,1793,70,0,0,0,2025.11.26
2025.11.26,매도,외화증권매도,엔비디아,20,180,3617,3617,50,0,0,0,2025.11.26
2025.11.26,매도,외화증권매도,엔비디아,40,181,7252,7252,10,0,0,0,2025.11.26
2025.11.26,매도,외화증권매도,팔란티어 테크놀로지스,10,158,1583,1583,25,0,0,0,2025.11.26
2025.11.26,매도,외화증권매도,팔란티어 테크놀로지스,20,158,3178,3178,5,0,0,0,2025.11.26
2025.11.26,매도,외화증권매도,로빈후드,18,111,2012,2012,2,0,0,0,2025.11.26
2025.11.26,매도,외화증권매도,로빈후드,20,111,2226,2226,-18,0,0,0,2025.11.26
2025.11.26,매도,외화증권매도,샌디스크,2,244,489,489,8,0,0,0,2025.11.26
2025.11.26,매도,외화증권매도,TSMC(타이완반도체제조),10,274,2741,2741,25,0,0,0,2025.11.26
2025.11.26,매도,외화증권매도,테슬라,1,399,399,399,-1,0,0,0,2025.11.26
2025.11.26,매도,외화증권매도,테슬라,5,399,1998,1998,-6,0,0,0,2025.11.26
2025.11.26,매도,외화증권매도,테슬라,12,398,4777,4777,-18,0,0,0,2025.11.26
2025.11.26,매도,외화증권매도,웨스턴 디지털,5,142,711,711,10,0,0,0,2025.11.26
2025.11.26,매도,외화증권매도,샤오펑 ADR,30,20,624,624,70,0,0,0,2025.11.26
2025.11.26,매수,외화증권매수,아이렌,50,43,2172,2172,0,0,0,0,2025.11.26
2025.11.26,매수,외화증권매수,아이렌,50,43,2186,2186,50,0,0,0,2025.11.26
2025.11.26,매수,외화증권매수,셀레스티카,1,326,326,326,1,0,0,0,2025.11.26
2025.11.26,매수,외화증권매수,셀레스티카,5,325,1625,1625,6,0,0,0,2025.11.26
2025.11.26,매수,외화증권매수,알파벳 Class A,5,307,1539,1539,40,0,0,0,2025.11.26
2025.11.26,매수,외화증권매수,알파벳 Class A,10,309,3096,3096,50,0,0,0,2025.11.26
2025.11.26,매수,외화증권매수,애플,8,271,2169,2169,0,0,0,0,2025.11.26
2025.11.26,매수,외화증권매수,브로드컴,5,344,1721,1721,20,0,0,0,2025.11.26
2025.11.26,매수,외화증권매수,브로드컴,5,373,1868,1868,25,0,0,0,2025.11.26
2025.11.26,매수,외화증권매수,브로드컴,10,344,3448,3448,35,0,0,0,2025.11.26
2025.11.26,매수,외화증권매수,센트러스 에너지,1,245,245,245,5,0,0,0,2025.11.26
2025.11.26,매수,외화증권매수,센트러스 에너지,3,246,738,738,8,0,0,0,2025.11.26
2025.11.26,매수,외화증권매수,센트러스 에너지,4,244,978,978,12,0,0,0,2025.11.26
2025.11.26,매수,외화증권매수,디렉시온 테슬라 2배 ETF,24,16,386,386,-342,0,0,0,2025.11.26
2025.11.26,매수,외화증권매수,디렉시온 테슬라 2배 ETF,44,16,707,707,-298,0,0,0,2025.11.26
2025.11.26,매수,외화증권매수,디렉시온 테슬라 2배 ETF,298,15,4762,4762,0,0,0,0,2025.11.26
2025.11.26,매수,외화증권매수,디렉시온 팔란티어 2배 ETF,1,69,69,69,-29,0,0,0,2025.11.26
2025.11.26,매수,외화증권매수,디렉시온 팔란티어 2배 ETF,3,69,209,209,-26,0,0,0,2025.11.26
2025.11.26,매수,외화증권매수,디렉시온 팔란티어 2배 ETF,7,70,491,491,-19,0,0,0,2025.11.26
2025.11.26,매수,외화증권매수,디렉시온 팔란티어 2배 ETF,12,71,861,861,-7,0,0,0,2025.11.26
2025.11.26,매수,외화증권매수,디렉시온 팔란티어 2배 ETF,22,71,1576,1576,15,0,0,0,2025.11.26
2025.11.26,매수,외화증권매수,디렉시온 팔란티어 2배 ETF,45,72,3252,3252,60,0,0,0,2025.11.26
2025.11.26,매수,외화증권매수,디렉시온 타이완반도체 2배 ETF,63,43,2743,2743,0,0,0,0,2025.11.26
2025.11.26,매수,외화증권매수,디렉시온 브로드컴 2배 ETF,63,54,3458,3458,0,0,0,0,2025.11.26
2025.11.26,매수,외화증권매수,디렉시온 메타 2배 ETF,20,28,573,573,-81,0,0,0,2025.11.26
2025.11.26,매수,외화증권매수,디렉시온 메타 2배 ETF,33,28,938,938,-48,0,0,0,2025.11.26
2025.11.26,매수,외화증권매수,디렉시온 메타 2배 ETF,78,28,2218,2218,30,0,0,0,2025.11.26
2025.11.26,매수,외화증권매수,디렉시온 메타 2배 ETF,90,28,2559,2559,120,0,0,0,2025.11.26
2025.11.26,매수,외화증권매수,티렉스 로빈후드 타겟 2배 ETF,35,58,2053,2053,0,0,0,0,2025.11.26
2025.11.26,매수,외화증권매수,메타,2,612,1225,1225,-10,0,0,0,2025.11.26
2025.11.26,매수,외화증권매수,메타,2,612,1225,1225,-8,0,0,0,2025.11.26
2025.11.26,매수,외화증권매수,메타,8,600,4802,4802,0,0,0,0,2025.11.26
2025.11.26,매수,외화증권매수,그래닛셰어즈 엔비디아 데일리 2배 ETF,8,85,680,680,-3,0,0,0,2025.11.26
2025.11.26,매수,외화증권매수,그래닛셰어즈 엔비디아 데일리 2배 ETF,34,84,2879,2879,31,0,0,0,2025.11.26
2025.11.26,매수,외화증권매수,그래닛셰어즈 엔비디아 데일리 2배 ETF,44,84,3718,3718,75,0,0,0,2025.11.26
2025.11.26,매수,외화증권매수,그래닛셰어즈 엔비디아 데일리 2배 ETF,85,84,7216,7216,160,0,0,0,2025.11.26
2025.11.26,매수,외화증권매수,아이셰어즈 0-3개월 미국 국채 ETF,5,100,503,503,0,0,0,0,2025.11.26
2025.11.26,매수,외화증권매수,루멘텀 홀딩스,4,267,1069,1069,8,0,0,0,2025.11.26
2025.11.26,매수,외화증권매수,MP 머터리얼즈,15,57,857,857,45,0,0,0,2025.11.26
2025.11.26,매수,외화증권매수,MP 머터리얼즈,25,57,1429,1429,70,0,0,0,2025.11.26
2025.11.26,매수,외화증권매수,마이크론 테크놀로지,5,211,1057,1057,15,0,0,0,2025.11.26
2025.11.26,매수,외화증권매수,마이크론 테크놀로지,5,211,1059,1059,20,0,0,0,2025.11.26
2025.11.26,매수,외화증권매수,엔비디아,2,180,360,360,12,0,0,0,2025.11.26
2025.11.26,매수,외화증권매수,엔비디아,8,180,1443,1443,20,0,0,0,2025.11.26
2025.11.26,매수,외화증권매수,엔비디아,20,180,3604,3604,40,0,0,0,2025.11.26
2025.11.26,매수,외화증권매수,팔란티어 테크놀로지스,10,156,1562,1562,15,0,0,0,2025.11.26
2025.11.26,매수,외화증권매수,팔란티어 테크놀로지스,10,158,1584,1584,25,0,0,0,2025.11.26
2025.11.26,매수,외화증권매수,팔란티어 테크놀로지스,10,163,1635,1635,35,0,0,0,2025.11.26
2025.11.26,매수,외화증권매수,팔란티어 테크놀로지스,15,157,2357,2357,50,0,0,0,2025.11.26
2025.11.26,매수,외화증권매수,로빈후드,5,111,558,558,-13,0,0,0,2025.11.26
2025.11.26,매수,외화증권매수,로빈후드,13,111,1454,1454,0,0,0,0,2025.11.26
2025.11.26,매수,외화증권매수,로빈후드,20,116,2328,2328,20,0,0,0,2025.11.26
2025.11.26,매수,외화증권매수,샌디스크,5,204,1021,1021,13,0,0,0,2025.11.26
2025.11.26,매수,외화증권매수,샌디스크,5,204,1024,1024,18,0,0,0,2025.11.26
2025.11.26,매수,외화증권매수,TSMC(타이완반도체제조),2,285,570,570,27,0,0,0,2025.11.26
2025.11.26,매수,외화증권매수,TSMC(타이완반도체제조),5,273,1368,1368,32,0,0,0,2025.11.26
2025.11.26,매수,외화증권매수,TSMC(타이완반도체제조),8,285,2282,2282,40,0,0,0,2025.11.26
2025.11.26,매수,외화증권매수,테슬라,1,398,398,398,-17,0,0,0,2025.11.26
2025.11.26,매수,외화증권매수,테슬라,1,419,419,419,-16,0,0,0,2025.11.26
2025.11.26,매수,외화증권매수,테슬라,7,397,2785,2785,-9,0,0,0,2025.11.26
2025.11.26,매수,외화증권매수,테슬라,7,419,2936,2936,-2,0,0,0,2025.11.26
2025.11.26,매수,외화증권매수,테슬라,10,397,3979,3979,8,0,0,0,2025.11.26
2025.11.26,매수,외화증권매수,버티브 홀딩스,3,169,509,509,15,0,0,0,2025.11.26
2025.11.26,매수,외화증권매수,웨스턴 디지털,5,145,725,725,15,0,0,0,2025.11.26
2025.11.26,매수,외화증권매수,샤오펑 ADR,50,21,1052,1052,120,0,0,0,2025.11.26
2025.11.26,환전,통합증거금결제금생성(외화),,0,0,263079,179,0,65559,0,0,2025.11.26
2025.11.27,매도,외화증권매도,아이렌,10,44,447,447,40,0,0,0,2025.11.27
2025.11.27,매도,외화증권매도,아이렌,10,47,476,476,30,0,0,0,2025.11.27
2025.11.27,매도,외화증권매도,셀레스티카,1,323,323,323,5,0,0,0,2025.11.27
2025.11.27,매도,외화증권매도,셀레스티카,5,323,1615,1615,0,0,0,0,2025.11.27
2025.11.27,매도,외화증권매도,크레도 테크놀로지 그룹 홀딩,3,147,443,443,12,0,0,0,2025.11.27
2025.11.27,매도,외화증권매도,알파벳 Class A,10,322,3221,3221,40,0,0,0,2025.11.27
2025.11.27,매도,외화증권매도,알파벳 Class A,10,329,3292,3292,30,0,0,0,2025.11.27
2025.11.27,매도,외화증권매도,센트러스 에너지,2,235,471,471,10,0,0,0,2025.11.27
2025.11.27,매도,외화증권매도,센트러스 에너지,2,246,493,493,8,0,0,0,2025.11.27
2025.11.27,매도,외화증권매도,디렉시온 팔란티어 2배 ETF,30,73,2200,2200,30,0,0,0,2025.11.27
2025.11.27,매도,외화증권매도,디렉시온 팔란티어 2배 ETF,30,74,2222,2222,0,0,0,0,2025.11.27
2025.11.27,매도,외화증권매도,디렉시온 메타 2배 ETF,30,28,849,849,90,0,0,0,2025.11.27
2025.11.27,매도,외화증권매도,디렉시온 메타 2배 ETF,40,28,1131,1131,50,0,0,0,2025.11.27
2025.11.27,매도,외화증권매도,디렉시온 메타 2배 ETF,68,29,1998,1998,-18,0,0,0,2025.11.27
2025.11.27,매도,외화증권매도,그래닛셰어즈 엔비디아 데일리 2배 ETF,10,79,796,796,150,0,0,0,2025.11.27
2025.11.27,매도,외화증권매도,그래닛셰어즈 엔비디아 데일리 2배 ETF,20,80,1600,1600,130,0,0,0,2025.11.27
2025.11.27,매도,외화증권매도,그래닛셰어즈 엔비디아 데일리 2배 ETF,20,80,1600,1600,110,0,0,0,2025.11.27
2025.11.27,매도,외화증권매도,그래닛셰어즈 엔비디아 데일리 2배 ETF,30,79,2390,2390,80,0,0,0,2025.11.27
2025.11.27,매도,외화증권매도,그래닛셰어즈 엔비디아 데일리 2배 ETF,40,79,3188,3188,40,0,0,0,2025.11.27
2025.11.27,매도,외화증권매도,그래닛셰어즈 엔비디아 데일리 2배 ETF,40,83,3332,3332,0,0,0,0,2025.11.27
2025.11.27,매도,외화증권매도,아이셰어즈 0-3개월 미국 국채 ETF,32,100,3219,3219,-32,0,0,0,2025.11.27
2025.11.27,매도,외화증권매도,아이셰어즈 0-3개월 미국 국채 ETF,47,100,4729,4729,-79,0,0,0,2025.11.27
2025.11.27,매도,외화증권매도,아이셰어즈 0-3개월 미국 국채 ETF,64,100,6439,6439,-143,0,0,0,2025.11.27
2025.11.27,매도,외화증권매도,아이셰어즈 0-3개월 미국 국채 ETF,69,100,6942,6942,-212,0,0,0,2025.11.27
2025.11.27,매도,외화증권매도,루멘텀 홀딩스,2,296,592,592,6,0,0,0,2025.11.27
2025.11.27,매도,외화증권매도,MP 머터리얼즈,10,56,566,566,60,0,0,0,2025.11.27
2025.11.27,매도,외화증권매도,MP 머터리얼즈,10,58,583,583,50,0,0,0,2025.11.27
2025.11.27,매도,외화증권매도,마이크론 테크놀로지,2,220,441,441,18,0,0,0,2025.11.27
2025.11.27,매도,외화증권매도,마이크론 테크놀로지,3,216,648,648,15,0,0,0,2025.11.27
2025.11.27,매도,외화증권매도,마이크론 테크놀로지,3,220,662,662,12,0,0,0,2025.11.27
2025.11.27,매도,외화증권매도,엔비디아,10,172,1720,1720,30,0,0,0,2025.11.27
2025.11.27,매도,외화증권매도,엔비디아,10,172,1726,1726,20,0,0,0,2025.11.27
2025.11.27,매도,외화증권매도,엔비디아,10,176,1769,1769,10,0,0,0,2025.11.27
2025.11.27,매도,외화증권매도,팔란티어 테크놀로지스,10,157,1578,1578,40,0,0,0,2025.11.27
2025.11.27,매도,외화증권매도,로빈후드,4,113,452,452,16,0,0,0,2025.11.27
2025.11.27,매도,외화증권매도,샌디스크,3,214,643,643,15,0,0,0,2025.11.27
2025.11.27,매도,외화증권매도,TSMC(타이완반도체제조),5,274,1373,1373,35,0,0,0,2025.11.27
2025.11.27,매도,외화증권매도,테슬라,1,410,410,410,7,0,0,0,2025.11.27
2025.11.27,매도,외화증권매도,테슬라,2,414,828,828,5,0,0,0,2025.11.27
2025.11.27,매도,외화증권매도,테슬라,5,418,2093,2093,0,0,0,0,2025.11.27
2025.11.27,매도,외화증권매도,버티브 홀딩스,3,166,499,499,12,0,0,0,2025.11.27
2025.11.27,매도,외화증권매도,웨스턴 디지털,3,150,450,450,12,0,0,0,2025.11.27
2025.11.27,매수,외화증권매수,셀레스티카,1,328,328,328,1,0,0,0,2025.11.27
2025.11.27,매수,외화증권매수,셀레스티카,7,326,2284,2284,8,0,0,0,2025.11.27
2025.11.27,매수,외화증권매수,크레도 테크놀로지 그룹 홀딩,3,155,466,466,15,0,0,0,2025.11.27
2025.11.27,매수,외화증권매수,크레도 테크놀로지 그룹 홀딩,3,155,466,466,18,0,0,0,2025.11.27
2025.11.27,매수,외화증권매수,알파벳 Class A,10,329,3291,3291,40,0,0,0,2025.11.27
2025.11.27,매수,외화증권매수,알파벳 Class A,10,331,3312,3312,50,0,0,0,2025.11.27
2025.11.27,매수,외화증권매수,디렉시온 메타 2배 ETF,7,30,213,213,-11,0,0,0,2025.11.27
2025.11.27,매수,외화증권매수,디렉시온 메타 2배 ETF,18,28,510,510,7,0,0,0,2025.11.27
2025.11.27,매수,외화증권매수,디렉시온 메타 2배 ETF,48,30,1464,1464,55,0,0,0,2025.11.27
2025.11.27,매수,외화증권매수,디렉시온 메타 2배 ETF,58,30,1767,1767,113,0,0,0,2025.11.27
2025.11.27,매수,외화증권매수,디렉시온 메타 2배 ETF,70,29,2078,2078,183,0,0,0,2025.11.27
2025.11.27,매수,외화증권매수,아이셰어즈 0-3개월 미국 국채 ETF,31,100,3119,3119,-181,0,0,0,2025.11.27
2025.11.27,매수,외화증권매수,아이셰어즈 0-3개월 미국 국채 ETF,66,100,6641,6641,-115,0,0,0,2025.11.27
2025.11.27,매수,외화증권매수,아이셰어즈 0-3개월 미국 국채 ETF,66,100,6641,6641,-49,0,0,0,2025.11.27
2025.11.27,매수,외화증권매수,아이셰어즈 0-3개월 미국 국채 ETF,169,100,17004,17004,120,0,0,0,2025.11.27
2025.11.27,매수,외화증권매수,루멘텀 홀딩스,1,292,292,292,7,0,0,0,2025.11.27
2025.11.27,매수,외화증권매수,루멘텀 홀딩스,3,287,862,862,10,0,0,0,2025.11.27
2025.11.27,매수,외화증권매수,MP 머터리얼즈,10,58,582,582,60,0,0,0,2025.11.27
2025.11.27,매수,외화증권매수,마이크론 테크놀로지,3,223,671,671,15,0,0,0,2025.11.27
2025.11.27,매수,외화증권매수,엔비디아,5,175,879,879,15,0,0,0,2025.11.27
2025.11.27,매수,외화증권매수,엔비디아,10,177,1772,1772,25,0,0,0,2025.11.27
2025.11.27,매수,외화증권매수,엔비디아,10,177,1774,1774,35,0,0,0,2025.11.27
2025.11.27,매수,외화증권매수,엔비디아,17,176,2993,2993,52,0,0,0,2025.11.27
2025.11.27,매수,외화증권매수,엔비디아,18,175,3166,3166,70,0,0,0,2025.11.27
2025.11.27,매수,외화증권매수,팔란티어 테크놀로지스,2,161,322,322,42,0,0,0,2025.11.27
2025.11.27,매수,외화증권매수,팔란티어 테크놀로지스,8,161,1288,1288,50,0,0,0,2025.11.27
2025.11.27,매수,외화증권매수,팔란티어 테크놀로지스,10,161,1612,1612,60,0,0,0,2025.11.27
2025.11.27,매수,외화증권매수,샌디스크,3,221,665,665,18,0,0,0,2025.11.27
2025.11.27,매수,외화증권매수,TSMC(타이완반도체제조),5,282,1413,1413,40,0,0,0,2025.11.27
2025.11.27,매수,외화증권매수,버티브 홀딩스,1,169,169,169,13,0,0,0,2025.11.27
2025.11.27,매수,외화증권매수,버티브 홀딩스,1,169,169,169,14,0,0,0,2025.11.27
2025.11.27,매수,외화증권매수,버티브 홀딩스,1,169,169,169,15,0,0,0,2025.11.27
2025.11.27,매수,외화증권매수,웨스턴 디지털,6,155,935,935,18,0,0,0,2025.11.27
2025.11.27,매수,외화증권매수,샤오펑 ADR,8,21,173,173,128,0,0,0,2025.11.27
2025.11.27,매수,외화증권매수,샤오펑 ADR,22,21,476,476,150,0,0,0,2025.11.27
2025.12.01,매도,외화증권매도,디렉시온 메타 2배 ETF,50,30,1534,1534,133,0,0,0,2025.12.01
2025.12.01,매도,외화증권매도,디렉시온 메타 2배 ETF,64,30,1963,1963,69,0,0,0,2025.12.01
2025.12.01,매도,외화증권매도,아이셰어즈 0-3개월 미국 국채 ETF,40,100,4025,4025,80,0,0,0,2025.12.01
2025.12.01,매도,외화증권매도,엔비디아,35,180,6315,6315,35,0,0,0,2025.12.01
2025.12.01,매도,외화증권매도,팔란티어 테크놀로지스,30,166,4983,4983,30,0,0,0,2025.12.01
2025.12.01,매수,외화증권매수,아이렌,10,47,473,473,40,0,0,0,2025.12.01
2025.12.01,매수,외화증권매수,아이렌,20,47,958,958,60,0,0,0,2025.12.01
2025.12.01,매수,외화증권매수,센트러스 에너지,2,250,501,501,10,0,0,0,2025.12.01
2025.12.01,매수,외화증권매수,센트러스 에너지,2,254,508,508,12,0,0,0,2025.12.01
2025.12.01,매수,외화증권매수,디렉시온 팔란티어 2배 ETF,64,78,5034,5034,64,0,0,0,2025.12.01
2025.12.01,매수,외화증권매수,디렉시온 메타 2배 ETF,16,30,491,491,85,0,0,0,2025.12.01
2025.12.01,매수,외화증권매수,디렉시온 메타 2배 ETF,65,30,2013,2013,150,0,0,0,2025.12.01
2025.12.01,매수,외화증권매수,그래닛셰어즈 엔비디아 데일리 2배 ETF,75,83,6294,6294,75,0,0,0,2025.12.01
2025.12.01,매수,외화증권매수,아이셰어즈 0-3개월 미국 국채 ETF,20,100,2013,2013,100,0,0,0,2025.12.01
2025.12.01,매수,외화증권매수,로빈후드,4,117,469,469,20,0,0,0,2025.12.01
2025.12.01,매수,외화증권매수,샌디스크,2,216,433,433,20,0,0,0,2025.12.01
2025.12.03,매도,외화증권매도,셀레스티카,2,323,646,646,6,0,0,0,2025.12.03
2025.12.03,매도,외화증권매도,크레도 테크놀로지 그룹 홀딩,3,178,536,536,15,0,0,0,2025.12.03
2025.12.03,매도,외화증권매도,알파벳 Class A,5,317,1587,1587,45,0,0,0,2025.12.03
2025.12.03,매도,외화증권매도,브로드컴,2,400,801,801,33,0,0,0,2025.12.03
2025.12.03,매도,외화증권매도,브로드컴,3,400,1201,1201,30,0,0,0,2025.12.03
2025.12.03,매도,외화증권매도,디렉시온 팔란티어 2배 ETF,64,78,5046,5046,0,0,0,0,2025.12.03
2025.12.03,매도,외화증권매도,아이셰어즈 20+년 미국 국채 ETF,1,88,88,88,-1,0,0,0,2025.12.03
2025.12.03,매수,외화증권매수,알파벳 Class A,5,318,1593,1593,50,0,0,0,2025.12.03
2025.12.03,매수,외화증권매수,아이셰어즈 20+년 미국 국채 ETF,1,89,89,89,0,0,0,0,2025.12.03
2025.12.03,매수,외화증권매수,아이셰어즈 0-3개월 미국 국채 ETF,28,100,2810,2810,128,0,0,0,2025.12.03
2025.12.03,매수,외화증권매수,팔란티어 테크놀로지스,30,166,4995,4995,60,0,0,0,2025.12.03
2025.12.03,매수,외화증권매수,로빈후드,4,124,496,496,24,0,0,0,2025.12.03
2025.12.04,매도,외화증권매도,그래닛셰어즈 엔비디아 데일리 2배 ETF,25,87,2187,2187,50,0,0,0,2025.12.04
2025.12.04,매도,외화증권매도,아이셰어즈 0-3개월 미국 국채 ETF,6,100,602,602,122,0,0,0,2025.12.04
2025.12.04,매수,외화증권매수,엔비디아,5,184,921,921,40,0,0,0,2025.12.04
2025.12.04,매수,외화증권매수,엔비디아,10,184,1845,1845,50,0,0,0,2025.12.04
2025.12.05,입금,외화배당금입금,아이셰어즈 0-3개월 미국 국채 ETF,0,0,31,31,0,58479,0,7080,2025.12.05
2025.12.08,매도,외화증권매도,아이셰어즈 0-3개월 미국 국채 ETF,17,100,1707,1707,105,0,0,0,2025.12.08
2025.12.08,매도,외화증권매도,엔비디아,10,183,1833,1833,40,0,0,0,2025.12.08
2025.12.08,매수,외화증권매수,아이렌,25,46,1154,1154,85,0,0,0,2025.12.08
2025.12.08,매수,외화증권매수,디렉시온 메타 2배 ETF,2,32,65,65,152,0,0,0,2025.12.08
2025.12.08,매수,외화증권매수,디렉시온 메타 2배 ETF,3,32,98,98,155,0,0,0,2025.12.08
2025.12.08,매수,외화증권매수,디렉시온 메타 2배 ETF,18,32,592,592,173,0,0,0,2025.12.08
2025.12.08,매수,외화증권매수,그래닛셰어즈 엔비디아 데일리 2배 ETF,1,86,86,86,51,0,0,0,2025.12.08
2025.12.08,매수,외화증권매수,그래닛셰어즈 엔비디아 데일리 2배 ETF,1,86,86,86,52,0,0,0,2025.12.08
2025.12.08,매수,외화증권매수,그래닛셰어즈 엔비디아 데일리 2배 ETF,4,86,345,345,56,0,0,0,2025.12.08
2025.12.08,매수,외화증권매수,그래닛셰어즈 엔비디아 데일리 2배 ETF,5,86,431,431,61,0,0,0,2025.12.08
2025.12.08,매수,외화증권매수,그래닛셰어즈 엔비디아 데일리 2배 ETF,9,86,776,776,70,0,0,0,2025.12.08
2025.12.08,환전,통합증거금결제금생성(외화),,0,0,7917,5,0,50562,0,0,2025.12.08
2025.12.09,매도,외화증권매도,아이렌,35,45,1602,1602,50,0,0,0,2025.12.09
2025.12.09,매도,외화증권매도,셀레스티카,6,325,1951,1951,0,0,0,0,2025.12.09
2025.12.09,매수,외화증권매수,TRADR 셀레스티카 2배 ETF,86,22,1904,1904,86,0,0,0,2025.12.09
2025.12.09,매수,외화증권매수,디파이언스 아이렌 2배 ETF,172,9,1623,1623,172,0,0,0,2025.12.09
2025.12.10,매도,외화증권매도,아이렌,50,45,2286,2286,0,0,0,0,2025.12.10
2025.12.10,매도,외화증권매도,디렉시온 메타 2배 ETF,3,33,100,100,170,0,0,0,2025.12.10
2025.12.10,매도,외화증권매도,디렉시온 메타 2배 ETF,10,33,338,338,160,0,0,0,2025.12.10
2025.12.10,매도,외화증권매도,그래닛셰어즈 엔비디아 데일리 2배 ETF,8,85,684,684,62,0,0,0,2025.12.10
2025.12.10,매도,외화증권매도,그래닛셰어즈 엔비디아 데일리 2배 ETF,20,91,1836,1836,42,0,0,0,2025.12.10
2025.12.10,매도,외화증권매도,그래닛셰어즈 엔비디아 데일리 2배 ETF,22,85,1882,1882,20,0,0,0,2025.12.10
2025.12.10,매도,외화증권매도,그래닛셰어즈 엔비디아 데일리 2배 ETF,40,85,3423,3423,-20,0,0,0,2025.12.10
2025.12.10,매도,외화증권매도,TRADR 셀레스티카 2배 ETF,6,23,139,139,80,0,0,0,2025.12.10
2025.12.10,매도,외화증권매도,TRADR 셀레스티카 2배 ETF,80,23,1861,1861,0,0,0,0,2025.12.10
2025.12.10,매도,외화증권매도,아이셰어즈 0-3개월 미국 국채 ETF,5,100,502,502,100,0,0,0,2025.12.10
2025.12.10,매도,외화증권매도,루멘텀 홀딩스,2,343,686,686,8,0,0,0,2025.12.10
2025.12.10,매도,외화증권매도,엔비디아,50,182,9144,9144,-10,0,0,0,2025.12.10
2025.12.10,매도,외화증권매도,팔란티어 테크놀로지스,10,181,1816,1816,50,0,0,0,2025.12.10
2025.12.10,매도,외화증권매도,팔란티어 테크놀로지스,10,181,1816,1816,40,0,0,0,2025.12.10
2025.12.10,매도,외화증권매도,디파이언스 아이렌 2배 ETF,10,9,94,94,162,0,0,0,2025.12.10
2025.12.10,매도,외화증권매도,디파이언스 아이렌 2배 ETF,100,9,964,964,62,0,0,0,2025.12.10
2025.12.10,매수,외화증권매수,크레도 테크놀로지 그룹 홀딩,5,178,891,891,20,0,0,0,2025.12.10
2025.12.10,매수,외화증권매수,디렉시온 메타 2배 ETF,3,33,101,101,163,0,0,0,2025.12.10
2025.12.10,매수,외화증권매수,디렉시온 메타 2배 ETF,5,33,169,169,168,0,0,0,2025.12.10
2025.12.10,매수,외화증권매수,디렉시온 메타 2배 ETF,11,33,373,373,179,0,0,0,2025.12.10
2025.12.10,매수,외화증권매수,디렉시온 메타 2배 ETF,30,33,1018,1018,209,0,0,0,2025.12.10
2025.12.10,매수,외화증권매수,디렉시온 메타 2배 ETF,31,33,1050,1050,240,0,0,0,2025.12.10
2025.12.10,매수,외화증권매수,그래닛셰어즈 엔비디아 데일리 2배 ETF,120,85,10299,10299,100,0,0,0,2025.12.10
2025.12.10,매수,외화증권매수,아이셰어즈 0-3개월 미국 국채 ETF,29,100,2913,2913,129,0,0,0,2025.12.10
2025.12.10,매수,외화증권매수,마이크론 테크놀로지,5,243,1215,1215,20,0,0,0,2025.12.10
2025.12.10,매수,외화증권매수,마이크론 테크놀로지,10,242,2422,2422,30,0,0,0,2025.12.10
2025.12.10,매수,외화증권매수,엔비디아,10,182,1826,1826,0,0,0,0,2025.12.10
2025.12.10,매수,외화증권매수,로빈후드,1,134,134,134,25,0,0,0,2025.12.10
2025.12.10,매수,외화증권매수,로빈후드,5,135,675,675,30,0,0,0,2025.12.10
2025.12.10,매수,외화증권매수,디파이언스 아이렌 2배 ETF,238,9,2248,2248,300,0,0,0,2025.12.10
2025.12.10,매수,외화증권매수,버티브 홀딩스,5,186,932,932,20,0,0,0,2025.12.10
2025.12.10,매수,외화증권매수,웨스턴 디지털,2,171,342,342,20,0,0,0,2025.12.10
2025.12.10,매수,외화증권매수,샤오펑 ADR,5,20,100,100,155,0,0,0,2025.12.10
2025.12.10,매수,외화증권매수,샤오펑 ADR,45,20,903,903,200,0,0,0,2025.12.10
2025.12.10,환전,통합증거금결제금생성(외화),,0,0,25510,17,0,25052,0,0,2025.12.10
2025.12.11,매도,외화증권매도,아이렌,1,46,46,46,-1,0,0,0,2025.12.11
2025.12.11,매도,외화증권매도,아이렌,14,46,654,654,-15,0,0,0,2025.12.11
2025.12.11,매도,외화증권매도,크레도 테크놀로지 그룹 홀딩,1,168,168,168,19,0,0,0,2025.12.11
2025.12.11,매도,외화증권매도,크레도 테크놀로지 그룹 홀딩,3,168,505,505,16,0,0,0,2025.12.11
2025.12.11,매도,외화증권매도,알파벳 Class A,2,316,633,633,48,0,0,0,2025.12.11
2025.12.11,매도,외화증권매도,브로드컴,2,405,811,811,28,0,0,0,2025.12.11
2025.12.11,매도,외화증권매도,디렉시온 메타 2배 ETF,40,32,1286,1286,200,0,0,0,2025.12.11
2025.12.11,매도,외화증권매도,그래닛셰어즈 엔비디아 데일리 2배 ETF,1,87,87,87,99,0,0,0,2025.12.11
2025.12.11,매도,외화증권매도,그래닛셰어즈 엔비디아 데일리 2배 ETF,1,87,87,87,98,0,0,0,2025.12.11
2025.12.11,매도,외화증권매도,그래닛셰어즈 엔비디아 데일리 2배 ETF,8,87,699,699,90,0,0,0,2025.12.11
2025.12.11,매도,외화증권매도,그래닛셰어즈 엔비디아 데일리 2배 ETF,10,87,874,874,80,0,0,0,2025.12.11
2025.12.11,매도,외화증권매도,아이셰어즈 0-3개월 미국 국채 ETF,14,100,1406,1406,115,0,0,0,2025.12.11
2025.12.11,매도,외화증권매도,마이크론 테크놀로지,3,252,757,757,27,0,0,0,2025.12.11
2025.12.11,매도,외화증권매도,로빈후드,3,135,407,407,27,0,0,0,2025.12.11
2025.12.11,매도,외화증권매도,TSMC(타이완반도체제조),2,303,607,607,38,0,0,0,2025.12.11
2025.12.11,매도,외화증권매도,디파이언스 아이렌 2배 ETF,300,9,2841,2841,0,0,0,0,2025.12.11
2025.12.11,매도,외화증권매도,웨스턴 디지털,2,169,339,339,18,0,0,0,2025.12.11
2025.12.11,매수,외화증권매수,아이렌,60,45,2754,2754,45,0,0,0,2025.12.11
2025.12.11,매수,외화증권매수,코히런트,5,194,972,972,5,0,0,0,2025.12.11
2025.12.11,매수,외화증권매수,코히런트,5,194,972,972,10,0,0,0,2025.12.11
2025.12.11,매수,외화증권매수,아이셰어즈 0-3개월 미국 국채 ETF,74,100,7434,7434,189,0,0,0,2025.12.11
2025.12.12,매도,외화증권매도,크레도 테크놀로지 그룹 홀딩,4,156,627,627,12,0,0,0,2025.12.12
2025.12.12,매도,외화증권매도,알파벳 Class A,1,317,317,317,47,0,0,0,2025.12.12
2025.12.12,매도,외화증권매도,브로드컴,1,400,400,400,27,0,0,0,2025.12.12
2025.12.12,매도,외화증권매도,디렉시온 메타 2배 ETF,40,31,1271,1271,160,0,0,0,2025.12.12
2025.12.12,매도,외화증권매도,디렉시온 메타 2배 ETF,160,31,5083,5083,0,0,0,0,2025.12.12
2025.12.12,매도,외화증권매도,메타,10,645,6456,6456,-10,0,0,0,2025.12.12
2025.12.12,매도,외화증권매도,그래닛셰어즈 엔비디아 데일리 2배 ETF,20,85,1712,1712,60,0,0,0,2025.12.12
2025.12.12,매도,외화증권매도,아이셰어즈 0-3개월 미국 국채 ETF,91,100,9143,9143,98,0,0,0,2025.12.12
2025.12.12,매도,외화증권매도,루멘텀 홀딩스,1,365,365,365,7,0,0,0,2025.12.12
2025.12.12,매도,외화증권매도,루멘텀 홀딩스,1,365,365,365,6,0,0,0,2025.12.12
2025.12.12,매도,외화증권매도,마이크론 테크놀로지,2,254,508,508,25,0,0,0,2025.12.12
2025.12.12,매도,외화증권매도,팔란티어 테크놀로지스,2,184,368,368,38,0,0,0,2025.12.12
2025.12.12,매도,외화증권매도,팔란티어 테크놀로지스,3,184,552,552,35,0,0,0,2025.12.12
2025.12.12,매도,외화증권매도,TSMC(타이완반도체제조),1,304,304,304,37,0,0,0,2025.12.12
2025.12.12,매수,외화증권매수,아이렌,15,45,685,685,60,0,0,0,2025.12.12
2025.12.12,매수,외화증권매수,크레도 테크놀로지 그룹 홀딩,4,157,630,630,16,0,0,0,2025.12.12
2025.12.12,매수,외화증권매수,크레도 테크놀로지 그룹 홀딩,4,161,647,647,20,0,0,0,2025.12.12
2025.12.12,매수,외화증권매수,디렉시온 메타 2배 ETF,200,31,6234,6234,200,0,0,0,2025.12.12
2025.12.12,매수,외화증권매수,메타,5,652,3261,3261,-5,0,0,0,2025.12.12
2025.12.12,매수,외화증권매수,메타,5,652,3261,3261,0,0,0,0,2025.12.12
2025.12.12,매수,외화증권매수,그래닛셰어즈 엔비디아 데일리 2배 ETF,20,86,1721,1721,80,0,0,0,2025.12.12
2025.12.12,매수,외화증권매수,그래닛셰어즈 엔비디아 데일리 2배 ETF,20,88,1763,1763,100,0,0,0,2025.12.12
2025.12.12,매수,외화증권매수,아이셰어즈 0-3개월 미국 국채 ETF,71,100,7134,7134,169,0,0,0,2025.12.12
2025.12.12,매수,외화증권매수,오라클,10,220,2207,2207,10,0,0,0,2025.12.12
2025.12.15,매도,외화증권매도,아이셰어즈 0-3개월 미국 국채 ETF,10,100,1004,1004,159,0,0,0,2025.12.15
2025.12.15,매도,외화증권매도,팔란티어 테크놀로지스,2,186,373,373,33,0,0,0,2025.12.15
2025.12.15,매도,외화증권매도,웨스턴 디지털,1,186,186,186,17,0,0,0,2025.12.15
2025.12.15,매수,외화증권매수,아이렌,5,43,217,217,65,0,0,0,2025.12.15
2025.12.15,매수,외화증권매수,코히런트,2,196,392,392,12,0,0,0,2025.12.15
2025.12.15,매수,외화증권매수,오라클,5,196,980,980,15,0,0,0,2025.12.15
2025.12.15,환전,통합증거금결제금생성(외화),,0,0,15569,10,0,9483,0,0,2025.12.15
2025.12.15,입금,외화배당금입금,알파벳 Class A,0,0,8,8,0,0,0,0,2025.12.15
2025.12.16,매도,외화증권매도,아이렌,65,42,2771,2771,0,0,0,0,2025.12.16
2025.12.16,매도,외화증권매도,크레도 테크놀로지 그룹 홀딩,10,142,1429,1429,10,0,0,0,2025.12.16
2025.12.16,매도,외화증권매도,크레도 테크놀로지 그룹 홀딩,10,146,1462,1462,0,0,0,0,2025.12.16
2025.12.16,매도,외화증권매도,알파벳 Class A,5,308,1541,1541,42,0,0,0,2025.12.16
2025.12.16,매도,외화증권매도,알파벳 Class A,7,308,2158,2158,35,0,0,0,2025.12.16
2025.12.16,매도,외화증권매도,알파벳 Class A,10,307,3075,3075,25,0,0,0,2025.12.16
2025.12.16,매도,외화증권매도,브로드컴,8,361,2892,2892,19,0,0,0,2025.12.16
2025.12.16,매도,외화증권매도,아이셰어즈 0-3개월 미국 국채 ETF,10,100,1005,1005,149,0,0,0,2025.12.16
2025.12.16,매도,외화증권매도,아이셰어즈 0-3개월 미국 국채 ETF,39,100,3920,3920,110,0,0,0,2025.12.16
2025.12.16,매도,외화증권매도,아이셰어즈 0-3개월 미국 국채 ETF,110,100,11057,11057,0,0,0,0,2025.12.16
2025.12.16,매도,외화증권매도,마이크론 테크놀로지,3,242,728,728,22,0,0,0,2025.12.16
2025.12.16,매도,외화증권매도,마이크론 테크놀로지,4,244,979,979,18,0,0,0,2025.12.16
2025.12.16,매도,외화증권매도,마이크론 테크놀로지,5,243,1217,1217,13,0,0,0,2025.12.16
2025.12.16,매도,외화증권매도,오라클,15,187,2815,2815,0,0,0,0,2025.12.16
2025.12.16,매도,외화증권매도,팔란티어 테크놀로지스,11,179,1972,1972,22,0,0,0,2025.12.16
2025.12.16,매도,외화증권매도,로빈후드,12,120,1448,1448,15,0,0,0,2025.12.16
2025.12.16,매도,외화증권매도,로빈후드,15,118,1779,1779,0,0,0,0,2025.12.16
2025.12.16,매도,외화증권매도,TSMC(타이완반도체제조),2,296,592,592,35,0,0,0,2025.12.16
2025.12.16,매도,외화증권매도,TSMC(타이완반도체제조),7,296,2075,2075,28,0,0,0,2025.12.16
2025.12.16,매도,외화증권매도,TSMC(타이완반도체제조),9,293,2644,2644,19,0,0,0,2025.12.16
2025.12.16,매도,외화증권매도,버티브 홀딩스,10,160,1605,1605,10,0,0,0,2025.12.16
2025.12.16,매도,외화증권매도,버티브 홀딩스,10,165,1651,1651,0,0,0,0,2025.12.16
2025.12.16,매수,외화증권매수,디렉시온 팔란티어 2배 ETF,26,76,1984,1984,26,0,0,0,2025.12.16
2025.12.16,매수,외화증권매수,디렉시온 마이크론 테크놀로지 2배 ETF,10,75,751,751,10,0,0,0,2025.12.16
2025.12.16,매수,외화증권매수,디렉시온 마이크론 테크놀로지 2배 ETF,13,76,992,992,23,0,0,0,2025.12.16
2025.12.16,매수,외화증권매수,디렉시온 마이크론 테크놀로지 2배 ETF,16,75,1208,1208,39,0,0,0,2025.12.16
2025.12.16,매수,외화증권매수,디렉시온 타이완반도체 2배 ETF,13,47,620,620,13,0,0,0,2025.12.16
2025.12.16,매수,외화증권매수,디렉시온 타이완반도체 2배 ETF,43,47,2057,2057,56,0,0,0,2025.12.16
2025.12.16,매수,외화증권매수,디렉시온 타이완반도체 2배 ETF,56,46,2628,2628,112,0,0,0,2025.12.16
2025.12.16,매수,외화증권매수,디렉시온 브로드컴 2배 ETF,20,49,994,994,20,0,0,0,2025.12.16
2025.12.16,매수,외화증권매수,디렉시온 브로드컴 2배 ETF,20,49,996,996,40,0,0,0,2025.12.16
2025.12.16,매수,외화증권매수,디렉시온 브로드컴 2배 ETF,34,55,1888,1888,74,0,0,0,2025.12.16
2025.12.16,매수,외화증권매수,디렉시온 브로드컴 2배 ETF,60,48,2934,2934,134,0,0,0,2025.12.16
2025.12.16,매수,외화증권매수,디렉시온 알파벳 A 2배 ETF,16,95,1522,1522,16,0,0,0,2025.12.16
2025.12.16,매수,외화증권매수,디렉시온 알파벳 A 2배 ETF,23,94,2183,2183,39,0,0,0,2025.12.16
2025.12.16,매수,외화증권매수,디렉시온 알파벳 A 2배 ETF,32,94,3026,3026,71,0,0,0,2025.12.16
2025.12.16,매수,외화증권매수,티렉스 로빈후드 타겟 2배 ETF,22,65,1439,1439,22,0,0,0,2025.12.16
2025.12.16,매수,외화증권매수,티렉스 로빈후드 타겟 2배 ETF,28,63,1769,1769,50,0,0,0,2025.12.16
2025.12.16,매수,외화증권매수,그래닛셰어즈 VRT 데일리 2배 ETF,31,53,1643,1643,31,0,0,0,2025.12.16
2025.12.16,매수,외화증권매수,그래닛셰어즈 VRT 데일리 2배 ETF,34,49,1691,1691,65,0,0,0,2025.12.16
2025.12.16,매수,외화증권매수,그래닛셰어즈 엔비디아 데일리 2배 ETF,24,83,2014,2014,124,0,0,0,2025.12.16
2025.12.16,매수,외화증권매수,그래닛셰어즈 엔비디아 데일리 2배 ETF,109,79,8632,8632,233,0,0,0,2025.12.16
2025.12.16,매수,외화증권매수,TRADR 2X LONG CRDO DAILY ETF,94,15,1421,1421,94,0,0,0,2025.12.16
2025.12.16,매수,외화증권매수,TRADR 2X LONG CRDO DAILY ETF,92,15,1461,1461,186,0,0,0,2025.12.16
2025.12.16,매수,외화증권매수,루멘텀 홀딩스,4,329,1319,1319,10,0,0,0,2025.12.16
2025.12.16,매수,외화증권매수,디파이언스 오라클 2배 ETF,173,16,2818,2818,173,0,0,0,2025.12.16
2025.12.16,매수,외화증권매수,디파이언스 아이렌 2배 ETF,345,8,2794,2794,345,0,0,0,2025.12.16
2025.12.17,매도,외화증권매도,알파벳 Class A,25,308,7710,7710,0,0,0,0,2025.12.17
2025.12.17,매도,외화증권매도,브로드컴,4,352,1409,1409,15,0,0,0,2025.12.17
2025.12.17,매도,외화증권매도,브로드컴,5,352,1761,1761,10,0,0,0,2025.12.17
2025.12.17,매도,외화증권매도,브로드컴,10,352,3522,3522,0,0,0,0,2025.12.17
2025.12.17,매도,외화증권매도,디렉시온 팔란티어 2배 ETF,26,82,2145,2145,0,0,0,0,2025.12.17
2025.12.17,매도,외화증권매도,디렉시온 메타 2배 ETF,25,31,781,781,175,0,0,0,2025.12.17
2025.12.17,매도,외화증권매도,디렉시온 메타 2배 ETF,25,31,781,781,150,0,0,0,2025.12.17
2025.12.17,매도,외화증권매도,디렉시온 메타 2배 ETF,150,31,4671,4671,0,0,0,0,2025.12.17
2025.12.17,매도,외화증권매도,마이크론 테크놀로지,13,244,3183,3183,0,0,0,0,2025.12.17
2025.12.17,매수,외화증권매수,코히런트,1,186,186,186,13,0,0,0,2025.12.17
2025.12.17,매수,외화증권매수,코히런트,2,185,371,371,15,0,0,0,2025.12.17
2025.12.17,매수,외화증권매수,디렉시온 마이크론 테크놀로지 2배 ETF,51,76,3889,3889,90,0,0,0,2025.12.17
2025.12.17,매수,외화증권매수,디렉시온 타이완반도체 2배 ETF,8,46,369,369,120,0,0,0,2025.12.17
2025.12.17,매수,외화증권매수,디렉시온 브로드컴 2배 ETF,31,46,1434,1434,165,0,0,0,2025.12.17
2025.12.17,매수,외화증권매수,디렉시온 브로드컴 2배 ETF,85,46,3929,3929,250,0,0,0,2025.12.17
2025.12.17,매수,외화증권매수,디렉시온 알파벳 A 2배 ETF,81,95,7703,7703,152,0,0,0,2025.12.17
2025.12.17,매수,외화증권매수,티렉스 로빈후드 타겟 2배 ETF,20,60,1214,1214,70,0,0,0,2025.12.17
2025.12.17,매수,외화증권매수,TRADR 2X LONG CRDO DAILY ETF,14,15,217,217,200,0,0,0,2025.12.17
2025.12.17,매수,외화증권매수,루멘텀 홀딩스,10,343,3431,3431,20,0,0,0,2025.12.17
2025.12.17,매수,외화증권매수,팔란티어 테크놀로지스,10,187,1873,1873,32,0,0,0,2025.12.17
2025.12.17,매수,외화증권매수,TSMC(타이완반도체제조),1,291,291,291,20,0,0,0,2025.12.17
2025.12.17,매수,외화증권매수,디파이언스 오라클 2배 ETF,27,15,418,418,200,0,0,0,2025.12.17
2025.12.17,매수,외화증권매수,디파이언스 아이렌 2배 ETF,5,6,30,30,350,0,0,0,2025.12.17
2025.12.17,매수,외화증권매수,디파이언스 아이렌 2배 ETF,100,6,608,608,450,0,0,0,2025.12.17
2025.12.18,입금,외화배당금입금,디렉시온 메타 2배 ETF,0,0,21,21,0,4513,0,4970,2025.12.18
2025.12.18,매도,외화증권매도,티렉스 로빈후드 타겟 2배 ETF,70,63,4452,4452,0,0,0,0,2025.12.18
2025.12.18,매도,외화증권매도,아이셰어즈 0-3개월 미국 국채 ETF,1,100,100,100,-1,0,0,0,2025.12.18
2025.12.18,매도,외화증권매도,아이셰어즈 0-3개월 미국 국채 ETF,24,100,2413,2413,-25,0,0,0,2025.12.18
2025.12.18,매도,외화증권매도,루멘텀 홀딩스,10,312,3124,3124,10,0,0,0,2025.12.18
2025.12.18,매도,외화증권매도,루멘텀 홀딩스,10,318,3189,3189,0,0,0,0,2025.12.18
2025.12.18,매도,외화증권매도,팔란티어 테크놀로지스,2,184,369,369,30,0,0,0,2025.12.18
2025.12.18,매도,외화증권매도,팔란티어 테크놀로지스,10,185,1858,1858,20,0,0,0,2025.12.18
2025.12.18,매도,외화증권매도,팔란티어 테크놀로지스,20,185,3712,3712,0,0,0,0,2025.12.18
2025.12.18,매도,외화증권매도,로빈후드,20,119,2388,2388,-20,0,0,0,2025.12.18
2025.12.18,매도,외화증권매도,TSMC(타이완반도체제조),10,284,2848,2848,10,0,0,0,2025.12.18
2025.12.18,매도,외화증권매도,TSMC(타이완반도체제조),10,285,2852,2852,0,0,0,0,2025.12.18
2025.12.18,매도,외화증권매도,디파이언스 오라클 2배 ETF,200,16,3212,3212,0,0,0,0,2025.12.18
2025.12.18,매도,외화증권매도,웨스턴 디지털,15,172,2580,2580,2,0,0,0,2025.12.18
2025.12.18,매도,외화증권매도,웨스턴 디지털,15,172,2584,2584,-13,0,0,0,2025.12.18
2025.12.18,매수,외화증권매수,코히런트,5,174,871,871,20,0,0,0,2025.12.18
2025.12.18,매수,외화증권매수,디렉시온 마이크론 테크놀로지 2배 ETF,1,69,69,69,91,0,0,0,2025.12.18
2025.12.18,매수,외화증권매수,디렉시온 마이크론 테크놀로지 2배 ETF,10,70,700,700,101,0,0,0,2025.12.18
2025.12.18,매수,외화증권매수,디렉시온 마이크론 테크놀로지 2배 ETF,20,69,1380,1380,121,0,0,0,2025.12.18
2025.12.18,매수,외화증권매수,디렉시온 마이크론 테크놀로지 2배 ETF,29,69,2005,2005,150,0,0,0,2025.12.18
2025.12.18,매수,외화증권매수,디렉시온 타이완반도체 2배 ETF,15,44,662,662,135,0,0,0,2025.12.18
2025.12.18,매수,외화증권매수,디렉시온 타이완반도체 2배 ETF,35,44,1540,1540,170,0,0,0,2025.12.18
2025.12.18,매수,외화증권매수,디렉시온 타이완반도체 2배 ETF,60,43,2637,2637,230,0,0,0,2025.12.18
2025.12.18,매수,외화증권매수,디렉시온 타이완반도체 2배 ETF,70,44,3082,3082,300,0,0,0,2025.12.18
2025.12.18,매수,외화증권매수,디렉시온 브로드컴 2배 ETF,40,43,1723,1723,290,0,0,0,2025.12.18
2025.12.18,매수,외화증권매수,디렉시온 브로드컴 2배 ETF,50,43,2150,2150,340,0,0,0,2025.12.18
2025.12.18,매수,외화증권매수,디렉시온 브로드컴 2배 ETF,60,43,2583,2583,400,0,0,0,2025.12.18
2025.12.18,매수,외화증권매수,디렉시온 알파벳 A 2배 ETF,8,94,754,754,160,0,0,0,2025.12.18
2025.12.18,매수,외화증권매수,그래닛셰어즈 VRT 데일리 2배 ETF,5,48,243,243,70,0,0,0,2025.12.18
2025.12.18,매수,외화증권매수,그래닛셰어즈 엔비디아 데일리 2배 ETF,5,79,396,396,238,0,0,0,2025.12.18
2025.12.18,매수,외화증권매수,그래닛셰어즈 엔비디아 데일리 2배 ETF,17,79,1358,1358,255,0,0,0,2025.12.18
2025.12.18,매수,외화증권매수,그래닛셰어즈 엔비디아 데일리 2배 ETF,45,79,3574,3574,300,0,0,0,2025.12.18
2025.12.18,매수,외화증권매수,아이셰어즈 0-3개월 미국 국채 ETF,1,100,100,100,-24,0,0,0,2025.12.18
2025.12.18,매수,외화증권매수,아이셰어즈 0-3개월 미국 국채 ETF,3,100,301,301,-21,0,0,0,2025.12.18
2025.12.18,매수,외화증권매수,아이셰어즈 0-3개월 미국 국채 ETF,22,100,2212,2212,1,0,0,0,2025.12.18
2025.12.18,매수,외화증권매수,로빈후드,20,118,2378,2378,0,0,0,0,2025.12.18
2025.12.18,매수,외화증권매수,디파이언스 아이렌 2배 ETF,74,5,370,370,524,0,0,0,2025.12.18
2025.12.18,매수,외화증권매수,디파이언스 아이렌 2배 ETF,476,5,2387,2387,1000,0,0,0,2025.12.18
2025.12.18,매수,외화증권매수,웨스턴 디지털,13,171,2235,2235,0,0,0,0,2025.12.18
2025.12.19,입금,외화배당금입금,버티브 홀딩스,0,0,0,0,0,0,0,0,2025.12.19
2025.12.19,입금,외화배당금입금,웨스턴 디지털,0,0,1,1,0,0,0,0,2025.12.19
2025.12.19,매도,외화증권매도,센트러스 에너지,12,230,2770,2770,0,0,0,0,2025.12.19
2025.12.19,매도,외화증권매도,코히런트,20,172,3459,3459,0,0,0,0,2025.12.19
2025.12.19,매도,외화증권매도,디렉시온 마이크론 테크놀로지 2배 ETF,38,74,2845,2845,112,0,0,0,2025.12.19
2025.12.19,매도,외화증권매도,TRADR 2X LONG CRDO DAILY ETF,200,13,2777,2777,0,0,0,0,2025.12.19
2025.12.19,매도,외화증권매도,아이셰어즈 0-3개월 미국 국채 ETF,1,100,100,100,0,0,0,0,2025.12.19
2025.12.19,매도,외화증권매도,MP 머터리얼즈,60,53,3181,3181,0,0,0,0,2025.12.19
2025.12.19,매도,외화증권매도,샌디스크,20,210,4200,4200,0,0,0,0,2025.12.19
2025.12.19,매도,외화증권매도,샤오펑 ADR,200,18,3688,3688,0,0,0,0,2025.12.19
2025.12.19,매수,외화증권매수,디렉시온 마이크론 테크놀로지 2배 ETF,8,65,526,526,120,0,0,0,2025.12.19
2025.12.19,매수,외화증권매수,디렉시온 마이크론 테크놀로지 2배 ETF,10,65,656,656,130,0,0,0,2025.12.19
2025.12.19,매수,외화증권매수,디렉시온 마이크론 테크놀로지 2배 ETF,38,75,2863,2863,168,0,0,0,2025.12.19
2025.12.19,매수,외화증권매수,디렉시온 브로드컴 2배 ETF,71,38,2765,2765,471,0,0,0,2025.12.19
2025.12.19,매수,외화증권매수,디렉시온 브로드컴 2배 ETF,90,39,3543,3543,561,0,0,0,2025.12.19
2025.12.19,매수,외화증권매수,디렉시온 브로드컴 2배 ETF,100,39,3928,3928,661,0,0,0,2025.12.19
2025.12.19,매수,외화증권매수,디렉시온 브로드컴 2배 ETF,100,39,3932,3932,761,0,0,0,2025.12.19
2025.12.19,매수,외화증권매수,디렉시온 알파벳 A 2배 ETF,10,88,882,882,170,0,0,0,2025.12.19
2025.12.19,매수,외화증권매수,디렉시온 알파벳 A 2배 ETF,10,88,885,885,180,0,0,0,2025.12.19
2025.12.19,매수,외화증권매수,그래닛셰어즈 엔비디아 데일리 2배 ETF,40,75,3030,3030,340,0,0,0,2025.12.19
2025.12.22,매도,외화증권매도,디렉시온 타이완반도체 2배 ETF,300,43,13044,13044,0,0,0,0,2025.12.22
2025.12.22,매도,외화증권매도,디렉시온 브로드컴 2배 ETF,261,39,10205,10205,500,0,0,0,2025.12.22
2025.12.22,매도,외화증권매도,디렉시온 브로드컴 2배 ETF,261,39,10218,10218,239,0,0,0,2025.12.22
2025.12.22,매도,외화증권매도,디렉시온 브로드컴 2배 ETF,361,39,14169,14169,-122,0,0,0,2025.12.22
2025.12.22,매도,외화증권매도,디렉시온 브로드컴 2배 ETF,364,39,14276,14276,-486,0,0,0,2025.12.22
2025.12.22,매도,외화증권매도,디렉시온 알파벳 A 2배 ETF,180,89,16191,16191,0,0,0,0,2025.12.22
2025.12.22,매도,외화증권매도,그래닛셰어즈 VRT 데일리 2배 ETF,70,44,3101,3101,0,0,0,0,2025.12.22
2025.12.22,매도,외화증권매도,그래닛셰어즈 엔비디아 데일리 2배 ETF,137,77,10642,10642,203,0,0,0,2025.12.22
2025.12.22,매도,외화증권매도,그래닛셰어즈 엔비디아 데일리 2배 ETF,339,76,25804,25804,-136,0,0,0,2025.12.22
2025.12.22,매도,외화증권매도,그래닛셰어즈 엔비디아 데일리 2배 ETF,340,77,26197,26197,-476,0,0,0,2025.12.22
2025.12.22,매도,외화증권매도,디파이언스 아이렌 2배 ETF,1000,5,5370,5370,0,0,0,0,2025.12.22
2025.12.22,매수,외화증권매수,디렉시온 타이완반도체 2배 ETF,300,43,13044,13044,300,0,0,0,2025.12.22
2025.12.22,매수,외화증권매수,디렉시온 브로드컴 2배 ETF,261,39,10205,10205,-225,0,0,0,2025.12.22
2025.12.22,매수,외화증권매수,디렉시온 브로드컴 2배 ETF,261,39,10218,10218,36,0,0,0,2025.12.22
2025.12.22,매수,외화증권매수,디렉시온 브로드컴 2배 ETF,362,39,14262,14262,398,0,0,0,2025.12.22
2025.12.22,매수,외화증권매수,디렉시온 브로드컴 2배 ETF,364,39,14277,14277,762,0,0,0,2025.12.22
2025.12.22,매수,외화증권매수,디렉시온 알파벳 A 2배 ETF,180,89,16189,16189,180,0,0,0,2025.12.22
2025.12.22,매수,외화증권매수,그래닛셰어즈 VRT 데일리 2배 ETF,70,44,3095,3095,70,0,0,0,2025.12.22
2025.12.22,매수,외화증권매수,그래닛셰어즈 엔비디아 데일리 2배 ETF,337,76,25696,25696,-139,0,0,0,2025.12.22
2025.12.22,매수,외화증권매수,그래닛셰어즈 엔비디아 데일리 2배 ETF,339,77,26225,26225,200,0,0,0,2025.12.22
2025.12.22,매수,외화증권매수,디파이언스 오라클 2배 ETF,661,16,10661,10661,661,0,0,0,2025.12.22
2025.12.22,매수,외화증권매수,디파이언스 아이렌 2배 ETF,440,5,2362,2362,440,0,0,0,2025.12.22
2025.12.22,매수,외화증권매수,디파이언스 아이렌 2배 ETF,558,5,2999,2999,998,0,0,0,2025.12.22
2025.12.23,매도,외화증권매도,디렉시온 마이크론 테크놀로지 2배 ETF,68,88,6036,6036,100,0,0,0,2025.12.23
2025.12.23,매도,외화증권매도,아이셰어즈 0-3개월 미국 국채 ETF,61,100,6116,6116,-61,0,0,0,2025.12.23
2025.12.23,매도,외화증권매도,디파이언스 오라클 2배 ETF,5,16,80,80,656,0,0,0,2025.12.23
2025.12.23,매수,외화증권매수,디렉시온 알파벳 A 2배 ETF,52,91,4758,4758,232,0,0,0,2025.12.23
2025.12.23,매수,외화증권매수,아이셰어즈 0-3개월 미국 국채 ETF,61,100,6116,6116,0,0,0,0,2025.12.23
2025.12.23,매수,외화증권매수,디파이언스 아이렌 2배 ETF,208,6,1285,1285,1206,0,0,0,2025.12.23
2025.12.24,매도,외화증권매도,디렉시온 마이크론 테크놀로지 2배 ETF,20,94,1886,1886,80,0,0,0,2025.12.24
2025.12.24,매도,외화증권매도,그래닛셰어즈 VRT 데일리 2배 ETF,35,51,1797,1797,35,0,0,0,2025.12.24
2025.12.24,매도,외화증권매도,그래닛셰어즈 VRT 데일리 2배 ETF,35,51,1819,1819,0,0,0,0,2025.12.24
2025.12.24,매도,외화증권매도,디파이언스 오라클 2배 ETF,256,17,4522,4522,400,0,0,0,2025.12.24
2025.12.24,매도,외화증권매도,디파이언스 오라클 2배 ETF,400,17,7045,7045,0,0,0,0,2025.12.24
2025.12.24,매도,외화증권매도,디파이언스 아이렌 2배 ETF,100,7,772,772,1106,0,0,0,2025.12.24
2025.12.24,매도,외화증권매도,디파이언스 아이렌 2배 ETF,100,7,775,775,1006,0,0,0,2025.12.24
2025.12.24,매도,외화증권매도,디파이언스 아이렌 2배 ETF,100,7,777,777,906,0,0,0,2025.12.24
2025.12.24,매도,외화증권매도,디파이언스 아이렌 2배 ETF,100,7,779,779,806,0,0,0,2025.12.24
2025.12.24,매도,외화증권매도,디파이언스 아이렌 2배 ETF,100,7,788,788,706,0,0,0,2025.12.24
2025.12.24,매도,외화증권매도,디파이언스 아이렌 2배 ETF,200,7,1510,1510,506,0,0,0,2025.12.24
2025.12.24,매도,외화증권매도,디파이언스 아이렌 2배 ETF,206,7,1551,1551,300,0,0,0,2025.12.24
2025.12.24,매도,외화증권매도,디파이언스 아이렌 2배 ETF,300,7,2319,2319,0,0,0,0,2025.12.24
2025.12.24,매수,외화증권매수,크레도 테크놀로지 그룹 홀딩,9,154,1388,1388,9,0,0,0,2025.12.24
2025.12.24,매수,외화증권매수,센트러스 에너지,5,270,1351,1351,5,0,0,0,2025.12.24
2025.12.24,매수,외화증권매수,코히런트,7,191,1341,1341,7,0,0,0,2025.12.24
2025.12.24,매수,외화증권매수,디렉시온 메타 2배 ETF,200,32,6556,6556,200,0,0,0,2025.12.24
2025.12.24,매수,외화증권매수,디렉시온 메타 2배 ETF,230,32,7532,7532,430,0,0,0,2025.12.24
2025.12.24,매수,외화증권매수,MP 머터리얼즈,25,54,1363,1363,25,0,0,0,2025.12.24
2025.12.24,매수,외화증권매수,로빈후드,11,122,1344,1344,11,0,0,0,2025.12.24
2025.12.24,매수,외화증권매수,샌디스크,6,235,1411,1411,6,0,0,0,2025.12.24
2025.12.24,매수,외화증권매수,버티브 홀딩스,8,165,1322,1322,8,0,0,0,2025.12.24
2025.12.24,매수,외화증권매수,웨스턴 디지털,8,177,1417,1417,8,0,0,0,2025.12.24
2025.12.24,매수,외화증권매수,샤오펑 ADR,70,19,1392,1392,70,0,0,0,2025.12.24
2025.12.25,매도,외화증권매도,디렉시온 마이크론 테크놀로지 2배 ETF,20,94,1895,1895,60,0,0,0,2025.12.26
2025.12.25,매도,외화증권매도,디렉시온 브로드컴 2배 ETF,9,44,404,404,753,0,0,0,2025.12.26
2025.12.25,매도,외화증권매도,디렉시온 브로드컴 2배 ETF,53,44,2381,2381,700,0,0,0,2025.12.26
2025.12.25,매도,외화증권매도,디렉시온 메타 2배 ETF,30,32,980,980,400,0,0,0,2025.12.26
2025.12.25,매도,외화증권매도,디렉시온 알파벳 A 2배 ETF,2,98,196,196,230,0,0,0,2025.12.26
2025.12.25,매도,외화증권매도,디렉시온 알파벳 A 2배 ETF,7,98,688,688,223,0,0,0,2025.12.26
2025.12.25,매수,외화증권매수,크레도 테크놀로지 그룹 홀딩,1,147,147,147,10,0,0,0,2025.12.26
2025.12.25,매수,외화증권매수,크레도 테크놀로지 그룹 홀딩,4,147,591,591,14,0,0,0,2025.12.26
2025.12.25,매수,외화증권매수,센트러스 에너지,3,259,779,779,8,0,0,0,2025.12.26
2025.12.25,매수,외화증권매수,코히런트,1,192,192,192,8,0,0,0,2025.12.26
2025.12.25,매수,외화증권매수,코히런트,3,192,576,576,11,0,0,0,2025.12.26
2025.12.25,매수,외화증권매수,MP 머터리얼즈,15,54,811,811,40,0,0,0,2025.12.26
2025.12.25,매수,외화증권매수,로빈후드,6,120,722,722,17,0,0,0,2025.12.26
2025.12.25,매수,외화증권매수,샌디스크,3,244,734,734,9,0,0,0,2025.12.26
2025.12.25,매수,외화증권매수,버티브 홀딩스,4,166,666,666,12,0,0,0,2025.12.26
2025.12.25,매수,외화증권매수,웨스턴 디지털,4,178,713,713,12,0,0,0,2025.12.26
2025.12.25,매수,외화증권매수,샤오펑 ADR,30,19,590,590,100,0,0,0,2025.12.26
2025.12.26,입금,외화배당금입금,엔비디아,0,0,0,0,0,0,0,0,2025.12.26
2025.12.29,매도,외화증권매도,디렉시온 마이크론 테크놀로지 2배 ETF,10,99,998,998,50,0,0,0,2025.12.29
2025.12.29,매도,외화증권매도,디렉시온 마이크론 테크놀로지 2배 ETF,10,100,1006,1006,40,0,0,0,2025.12.29
2025.12.30,매도,외화증권매도,샤오펑 ADR,10,21,210,210,90,0,0,0,2025.12.30
2025.12.30,매도,외화증권매도,샤오펑 ADR,40,21,842,842,50,0,0,0,2025.12.30
2025.12.31,입금,외화배당금입금,디렉시온 브로드컴 2배 ETF,0,0,102,102,0,0,0,0,2025.12.31
2025.12.31,입금,외화배당금입금,디렉시온 알파벳 A 2배 ETF,0,0,67,67,0,0,0,0,2025.12.31
2025.12.31,매수,외화증권매수,테슬라,4,458,1832,1832,4,0,0,0,2025.12.31
2025.12.31,매수,외화증권매수,샤오펑 ADR,50,20,1021,1021,100,0,0,0,2025.12.31
2025.12.31,입금,외화배당금입금,디렉시온 마이크론 테크놀로지 2배 ETF,0,0,25,25,0,0,0,0,2025.12.31
2025.12.31,입금,외화배당금입금,디렉시온 타이완반도체 2배 ETF,0,0,66,66,0,0,0,0,2025.12.31
2025.12.31,입금,외화배당금입금,디렉시온 메타 2배 ETF,0,0,76,76,0,0,0,0,2025.12.31
2026.01.01,매도,외화증권매도,디렉시온 마이크론 테크놀로지 2배 ETF,5,107,536,536,35,0,0,0,2026.01.02
2026.01.01,매도,외화증권매도,디렉시온 마이크론 테크놀로지 2배 ETF,5,109,547,547,30,0,0,0,2026.01.02
2026.01.01,매도,외화증권매도,디렉시온 마이크론 테크놀로지 2배 ETF,6,107,644,644,24,0,0,0,2026.01.02
2026.01.01,매수,외화증권매수,샤오펑 ADR,30,21,646,646,130,0,0,0,2026.01.02
2026.01.01,매수,외화증권매수,샤오펑 ADR,30,21,649,649,160,0,0,0,2026.01.02
2026.01.01,매수,외화증권매수,샤오펑 ADR,30,21,650,650,190,0,0,0,2026.01.02
2026.01.06,매도,외화증권매도,디렉시온 마이크론 테크놀로지 2배 ETF,4,115,462,462,20,0,0,0,2026.01.06
2026.01.06,매도,외화증권매도,디렉시온 타이완반도체 2배 ETF,50,53,2661,2661,250,0,0,0,2026.01.06
2026.01.06,매도,외화증권매도,디렉시온 타이완반도체 2배 ETF,50,53,2695,2695,200,0,0,0,2026.01.06
2026.01.06,매도,외화증권매도,디렉시온 브로드컴 2배 ETF,50,44,2219,2219,650,0,0,0,2026.01.06
2026.01.06,매도,외화증권매도,디렉시온 브로드컴 2배 ETF,50,44,2222,2222,600,0,0,0,2026.01.06
2026.01.06,매도,외화증권매도,디렉시온 알파벳 A 2배 ETF,23,97,2236,2236,200,0,0,0,2026.01.06
2026.01.06,매수,외화증권매수,크레도 테크놀로지 그룹 홀딩,5,142,714,714,19,0,0,0,2026.01.06
2026.01.06,매수,외화증권매수,오클로,30,76,2284,2284,30,0,0,0,2026.01.06
2026.01.06,매수,외화증권매수,앱러빈,1,624,624,624,1,0,0,0,2026.01.06
2026.01.06,매수,외화증권매수,앱러빈,3,625,1877,1877,4,0,0,0,2026.01.06
2026.01.06,매수,외화증권매수,센트러스 에너지,2,266,533,533,10,0,0,0,2026.01.06
2026.01.06,매수,외화증권매수,MP 머터리얼즈,13,54,709,709,53,0,0,0,2026.01.06
2026.01.06,매수,외화증권매수,오라클,13,196,2552,2552,13,0,0,0,2026.01.06
2026.01.06,매수,외화증권매수,팔란티어 테크놀로지스,5,168,843,843,5,0,0,0,2026.01.06
2026.01.06,매수,외화증권매수,로빈후드,6,113,682,682,23,0,0,0,2026.01.06
2026.01.06,매수,외화증권매수,테슬라,4,441,1766,1766,8,0,0,0,2026.01.06
2026.01.07,매도,외화증권매도,오클로,30,80,2416,2416,0,0,0,0,2026.01.07
2026.01.07,매도,외화증권매도,앱러빈,4,619,2478,2478,0,0,0,0,2026.01.07
2026.01.07,매도,외화증권매도,오라클,13,196,2559,2559,0,0,0,0,2026.01.07
2026.01.07,매수,외화증권매수,크레도 테크놀로지 그룹 홀딩,1,146,146,146,20,0,0,0,2026.01.07
2026.01.07,매수,외화증권매수,센트러스 에너지,1,276,276,276,11,0,0,0,2026.01.07
2026.01.07,매수,외화증권매수,센트러스 에너지,2,276,553,553,13,0,0,0,2026.01.07
2026.01.07,매수,외화증권매수,센트러스 에너지,2,280,560,560,15,0,0,0,2026.01.07
2026.01.07,매수,외화증권매수,MP 머터리얼즈,1,56,56,56,54,0,0,0,2026.01.07
2026.01.07,매수,외화증권매수,MP 머터리얼즈,2,56,113,113,56,0,0,0,2026.01.07
2026.01.07,매수,외화증권매수,MP 머터리얼즈,10,56,569,569,66,0,0,0,2026.01.07
2026.01.07,매수,외화증권매수,MP 머터리얼즈,12,56,676,676,78,0,0,0,2026.01.07
2026.01.07,매수,외화증권매수,팔란티어 테크놀로지스,2,174,349,349,7,0,0,0,2026.01.07
2026.01.07,매수,외화증권매수,팔란티어 테크놀로지스,6,174,1046,1046,13,0,0,0,2026.01.07
2026.01.07,매수,외화증권매수,팔란티어 테크놀로지스,13,174,2267,2267,26,0,0,0,2026.01.07
2026.01.07,매수,외화증권매수,테슬라,2,445,890,890,10,0,0,0,2026.01.07
2026.01.07,매수,외화증권매수,샤오펑 ADR,10,19,198,198,200,0,0,0,2026.01.07
2026.01.08,매도,외화증권매도,센트러스 에너지,3,305,917,917,12,0,0,0,2026.01.08
2026.01.08,매도,외화증권매도,디렉시온 마이크론 테크놀로지 2배 ETF,5,134,670,670,15,0,0,0,2026.01.08
2026.01.08,매도,외화증권매도,디렉시온 브로드컴 2배 ETF,60,43,2604,2604,540,0,0,0,2026.01.08
2026.01.08,매도,외화증권매도,MP 머터리얼즈,18,59,1067,1067,60,0,0,0,2026.01.08
2026.01.08,매도,외화증권매도,샌디스크,3,325,975,975,6,0,0,0,2026.01.08
2026.01.08,매도,외화증권매도,웨스턴 디지털,2,202,405,405,10,0,0,0,2026.01.08
2026.01.08,매수,외화증권매수,크레도 테크놀로지 그룹 홀딩,5,134,671,671,25,0,0,0,2026.01.08
2026.01.08,매수,외화증권매수,크레도 테크놀로지 그룹 홀딩,10,136,1367,1367,35,0,0,0,2026.01.08
2026.01.08,매수,외화증권매수,코히런트,2,188,376,376,13,0,0,0,2026.01.08
2026.01.08,매수,외화증권매수,코히런트,2,189,378,378,15,0,0,0,2026.01.08
2026.01.08,매수,외화증권매수,코히런트,5,190,950,950,20,0,0,0,2026.01.08
2026.01.08,매수,외화증권매수,로빈후드,2,122,244,244,25,0,0,0,2026.01.08
2026.01.08,매수,외화증권매수,로빈후드,3,121,365,365,28,0,0,0,2026.01.08
2026.01.08,매수,외화증권매수,버티브 홀딩스,2,170,341,341,14,0,0,0,2026.01.08
2026.01.08,매수,외화증권매수,버티브 홀딩스,5,171,856,856,19,0,0,0,2026.01.08
2026.01.08,매수,외화증권매수,버티브 홀딩스,6,170,1021,1021,25,0,0,0,2026.01.08
2026.01.09,입금,외화배당금입금,TSMC(타이완반도체제조),0,0,23,23,0,0,0,0,2026.01.09
2026.01.09,매도,외화증권매도,센트러스 에너지,1,320,320,320,11,0,0,0,2026.01.09
2026.01.09,매도,외화증권매도,센트러스 에너지,1,322,322,322,10,0,0,0,2026.01.09
2026.01.09,매도,외화증권매도,코히런트,4,191,764,764,16,0,0,0,2026.01.09
2026.01.09,매도,외화증권매도,MP 머터리얼즈,5,62,310,310,55,0,0,0,2026.01.09
2026.01.09,매도,외화증권매도,샌디스크,2,345,691,691,4,0,0,0,2026.01.09
2026.01.09,매도,외화증권매도,버티브 홀딩스,5,171,859,859,20,0,0,0,2026.01.09
2026.01.09,매수,외화증권매수,로빈후드,2,117,234,234,30,0,0,0,2026.01.09
2026.01.11,입금,예탁금이용료,,0,0,2387,2027,0,6540,0,360,2026.01.12
2026.01.12,매도,외화증권매도,아이렌,50,44,2222,2222,-50,0,0,0,2026.01.12
2026.01.12,매도,외화증권매도,온 홀딩,50,49,2481,2481,-50,0,0,0,2026.01.12
2026.01.12,매도,외화증권매도,디렉시온 마이크론 테크놀로지 2배 ETF,15,135,2034,2034,0,0,0,0,2026.01.12
2026.01.12,매도,외화증권매도,디렉시온 브로드컴 2배 ETF,20,40,808,808,520,0,0,0,2026.01.12
2026.01.12,매도,외화증권매도,디렉시온 브로드컴 2배 ETF,20,40,808,808,500,0,0,0,2026.01.12
2026.01.12,매도,외화증권매도,디렉시온 알파벳 A 2배 ETF,20,105,2102,2102,180,0,0,0,2026.01.12
2026.01.12,매도,외화증권매도,샌디스크,4,346,1384,1384,0,0,0,0,2026.01.12
2026.01.12,매도,외화증권매도,웨스턴 디지털,10,192,1926,1926,0,0,0,0,2026.01.12
2026.01.12,매수,외화증권매수,아이렌,20,44,890,890,-30,0,0,0,2026.01.12
2026.01.12,매수,외화증권매수,아이렌,30,44,1327,1327,0,0,0,0,2026.01.12
2026.01.12,매수,외화증권매수,온 홀딩,5,49,246,246,-45,0,0,0,2026.01.12
2026.01.12,매수,외화증권매수,온 홀딩,45,49,2225,2225,0,0,0,0,2026.01.12
2026.01.12,매수,외화증권매수,센트러스 에너지,2,296,593,593,12,0,0,0,2026.01.12
2026.01.12,매수,외화증권매수,코히런트,4,176,704,704,20,0,0,0,2026.01.12
2026.01.12,매수,외화증권매수,마이크로소프트,1,477,477,477,1,0,0,0,2026.01.12
2026.01.12,매수,외화증권매수,마이크로소프트,1,477,477,477,2,0,0,0,2026.01.12
2026.01.12,매수,외화증권매수,마이크로소프트,4,477,1910,1910,6,0,0,0,2026.01.12
2026.01.12,매수,외화증권매수,마이크로소프트,6,478,2871,2871,12,0,0,0,2026.01.12
2026.01.12,매수,외화증권매수,팔란티어 테크놀로지스,4,181,724,724,30,0,0,0,2026.01.12
2026.01.12,매수,외화증권매수,팔란티어 테크놀로지스,5,181,906,906,35,0,0,0,2026.01.12
2026.01.12,매수,외화증권매수,로빈후드,5,114,573,573,35,0,0,0,2026.01.12
2026.01.12,매수,외화증권매수,테슬라,2,430,861,861,12,0,0,0,2026.01.12
2026.01.12,매수,외화증권매수,테슬라,3,433,1299,1299,15,0,0,0,2026.01.12
2026.01.12,매수,외화증권매수,버티브 홀딩스,2,161,323,323,22,0,0,0,2026.01.12
2026.01.13,매도,외화증권매도,크레도 테크놀로지 그룹 홀딩,5,155,776,776,30,0,0,0,2026.01.13
2026.01.14,매도,외화증권매도,크레도 테크놀로지 그룹 홀딩,1,156,156,156,29,0,0,0,2026.01.14
2026.01.14,매도,외화증권매도,크레도 테크놀로지 그룹 홀딩,2,150,301,301,27,0,0,0,2026.01.14
2026.01.14,매도,외화증권매도,크레도 테크놀로지 그룹 홀딩,5,147,736,736,22,0,0,0,2026.01.14
2026.01.14,매도,외화증권매도,센트러스 에너지,1,310,310,310,11,0,0,0,2026.01.14
2026.01.14,매도,외화증권매도,코히런트,2,184,368,368,18,0,0,0,2026.01.14
2026.01.14,매도,외화증권매도,디렉시온 브로드컴 2배 ETF,10,44,440,440,490,0,0,0,2026.01.14
2026.01.14,매도,외화증권매도,디렉시온 브로드컴 2배 ETF,10,44,449,449,480,0,0,0,2026.01.14
2026.01.14,매도,외화증권매도,디렉시온 브로드컴 2배 ETF,20,41,839,839,460,0,0,0,2026.01.14
2026.01.14,매도,외화증권매도,디렉시온 브로드컴 2배 ETF,20,44,886,886,440,0,0,0,2026.01.14
2026.01.14,매도,외화증권매도,디렉시온 브로드컴 2배 ETF,20,44,898,898,420,0,0,0,2026.01.14
2026.01.14,매도,외화증권매도,디렉시온 브로드컴 2배 ETF,20,44,899,899,400,0,0,0,2026.01.14
2026.01.14,매도,외화증권매도,디렉시온 브로드컴 2배 ETF,30,44,1344,1344,370,0,0,0,2026.01.14
2026.01.14,매도,외화증권매도,디렉시온 브로드컴 2배 ETF,50,44,2223,2223,320,0,0,0,2026.01.14
2026.01.14,매도,외화증권매도,디렉시온 알파벳 A 2배 ETF,10,104,1046,1046,170,0,0,0,2026.01.14
2026.01.14,매도,외화증권매도,디렉시온 알파벳 A 2배 ETF,10,104,1047,1047,160,0,0,0,2026.01.14
2026.01.14,매도,외화증권매도,디렉시온 알파벳 A 2배 ETF,10,107,1078,1078,150,0,0,0,2026.01.14
2026.01.14,매도,외화증권매도,디렉시온 알파벳 A 2배 ETF,10,108,1083,1083,140,0,0,0,2026.01.14
2026.01.14,매도,외화증권매도,디렉시온 알파벳 A 2배 ETF,10,108,1083,1083,130,0,0,0,2026.01.14
2026.01.14,매도,외화증권매도,그래닛셰어즈 엔비디아 데일리 2배 ETF,10,85,853,853,190,0,0,0,2026.01.14
2026.01.14,매도,외화증권매도,그래닛셰어즈 엔비디아 데일리 2배 ETF,10,85,853,853,180,0,0,0,2026.01.14
2026.01.14,매도,외화증권매도,그래닛셰어즈 엔비디아 데일리 2배 ETF,20,85,1708,1708,160,0,0,0,2026.01.14
2026.01.14,매도,외화증권매도,MP 머터리얼즈,5,66,331,331,50,0,0,0,2026.01.14
2026.01.14,매도,외화증권매도,마이크로소프트,12,474,5694,5694,0,0,0,0,2026.01.14
2026.01.14,매도,외화증권매도,팔란티어 테크놀로지스,5,174,870,870,30,0,0,0,2026.01.14
2026.01.14,매도,외화증권매도,팔란티어 테크놀로지스,5,174,873,873,25,0,0,0,2026.01.14
2026.01.14,매도,외화증권매도,팔란티어 테크놀로지스,5,174,873,873,20,0,0,0,2026.01.14
2026.01.14,매도,외화증권매도,로빈후드,5,117,588,588,30,0,0,0,2026.01.14
2026.01.14,매도,외화증권매도,로블록스,5,74,373,373,-5,0,0,0,2026.01.14
2026.01.14,매도,외화증권매도,테슬라,2,441,882,882,13,0,0,0,2026.01.14
2026.01.14,매도,외화증권매도,테슬라,2,441,883,883,11,0,0,0,2026.01.14
2026.01.14,매도,외화증권매도,테슬라,3,441,1323,1323,8,0,0,0,2026.01.14
2026.01.14,매도,외화증권매도,버티브 홀딩스,2,168,336,336,20,0,0,0,2026.01.14
2026.01.14,매도,외화증권매도,샤오펑 ADR,50,20,1026,1026,150,0,0,0,2026.01.14
2026.01.14,매수,외화증권매수,알파벳 Class A,3,330,992,992,3,0,0,0,2026.01.14
2026.01.14,매수,외화증권매수,알파벳 Class A,3,331,993,993,6,0,0,0,2026.01.14
2026.01.14,매수,외화증권매수,알파벳 Class A,4,331,1326,1326,10,0,0,0,2026.01.14
2026.01.14,매수,외화증권매수,알파벳 Class A,10,325,3258,3258,20,0,0,0,2026.01.14
2026.01.14,매수,외화증권매수,브로드컴,1,350,350,350,1,0,0,0,2026.01.14
2026.01.14,매수,외화증권매수,브로드컴,2,350,701,701,3,0,0,0,2026.01.14
2026.01.14,매수,외화증권매수,브로드컴,2,350,701,701,5,0,0,0,2026.01.14
2026.01.14,매수,외화증권매수,브로드컴,5,350,1754,1754,10,0,0,0,2026.01.14
2026.01.14,매수,외화증권매수,브로드컴,10,338,3387,3387,20,0,0,0,2026.01.14
2026.01.14,매수,외화증권매수,엔비디아,10,183,1839,1839,10,0,0,0,2026.01.14
2026.01.14,매수,외화증권매수,엔비디아,10,184,1840,1840,20,0,0,0,2026.01.14
2026.01.14,매수,외화증권매수,엔비디아,20,182,3653,3653,40,0,0,0,2026.01.14
2026.01.14,매수,외화증권매수,로블록스,50,72,3633,3633,45,0,0,0,2026.01.14
2026.01.14,매수,외화증권매수,TSMC(타이완반도체제조),1,323,323,323,1,0,0,0,2026.01.14
2026.01.14,매수,외화증권매수,TSMC(타이완반도체제조),2,323,646,646,3,0,0,0,2026.01.14
2026.01.14,매수,외화증권매수,TSMC(타이완반도체제조),2,323,646,646,5,0,0,0,2026.01.14
2026.01.14,매수,외화증권매수,TSMC(타이완반도체제조),3,323,969,969,8,0,0,0,2026.01.14
2026.01.14,매수,외화증권매수,TSMC(타이완반도체제조),7,323,2266,2266,15,0,0,0,2026.01.14
2026.01.14,매수,외화증권매수,TSMC(타이완반도체제조),10,321,3212,3212,25,0,0,0,2026.01.14
2026.01.15,매도,외화증권매도,디렉시온 타이완반도체 2배 ETF,5,58,294,294,195,0,0,0,2026.01.15
2026.01.15,매도,외화증권매도,디렉시온 타이완반도체 2배 ETF,20,58,1177,1177,175,0,0,0,2026.01.15
2026.01.15,매도,외화증권매도,디렉시온 브로드컴 2배 ETF,20,45,911,911,300,0,0,0,2026.01.15
2026.01.15,매도,외화증권매도,디렉시온 알파벳 A 2배 ETF,5,112,562,562,125,0,0,0,2026.01.15
2026.01.15,매도,외화증권매도,디렉시온 알파벳 A 2배 ETF,10,112,1121,1121,115,0,0,0,2026.01.15
2026.01.15,매도,외화증권매도,디렉시온 알파벳 A 2배 ETF,20,112,2240,2240,95,0,0,0,2026.01.15
2026.01.15,매수,외화증권매수,알파벳 Class A,5,336,1681,1681,25,0,0,0,2026.01.15
2026.01.15,매수,외화증권매수,알파벳 Class A,5,336,1681,1681,30,0,0,0,2026.01.15
2026.01.15,매수,외화증권매수,TSMC(타이완반도체제조),5,333,1668,1668,30,0,0,0,2026.01.15
2026.01.16,매도,외화증권매도,크레도 테크놀로지 그룹 홀딩,2,150,301,301,20,0,0,0,2026.01.16
2026.01.16,매도,외화증권매도,크레도 테크놀로지 그룹 홀딩,2,159,319,319,18,0,0,0,2026.01.16
2026.01.16,매도,외화증권매도,알파벳 Class A,2,331,662,662,28,0,0,0,2026.01.16
2026.01.16,매도,외화증권매도,알파벳 Class A,2,331,663,663,26,0,0,0,2026.01.16
2026.01.16,매도,외화증권매도,브로드컴,2,339,679,679,18,0,0,0,2026.01.16
2026.01.16,매도,외화증권매도,브로드컴,2,341,683,683,16,0,0,0,2026.01.16
2026.01.16,매도,외화증권매도,센트러스 에너지,1,289,289,289,10,0,0,0,2026.01.16
2026.01.16,매도,외화증권매도,코히런트,3,188,566,566,15,0,0,0,2026.01.16
2026.01.16,매도,외화증권매도,디렉시온 타이완반도체 2배 ETF,5,57,286,286,170,0,0,0,2026.01.16
2026.01.16,매도,외화증권매도,디렉시온 타이완반도체 2배 ETF,10,57,572,572,160,0,0,0,2026.01.16
2026.01.16,매도,외화증권매도,디렉시온 타이완반도체 2배 ETF,10,57,572,572,150,0,0,0,2026.01.16
2026.01.16,매도,외화증권매도,디렉시온 브로드컴 2배 ETF,20,44,898,898,280,0,0,0,2026.01.16
2026.01.16,매도,외화증권매도,디렉시온 알파벳 A 2배 ETF,5,110,550,550,90,0,0,0,2026.01.16
2026.01.16,매도,외화증권매도,디렉시온 알파벳 A 2배 ETF,10,110,1101,1101,80,0,0,0,2026.01.16
2026.01.16,매도,외화증권매도,그래닛셰어즈 엔비디아 데일리 2배 ETF,10,85,857,857,150,0,0,0,2026.01.16
2026.01.16,매도,외화증권매도,그래닛셰어즈 엔비디아 데일리 2배 ETF,10,85,858,858,140,0,0,0,2026.01.16
2026.01.16,매도,외화증권매도,MP 머터리얼즈,10,64,649,649,40,0,0,0,2026.01.16
2026.01.16,매도,외화증권매도,엔비디아,5,181,905,905,35,0,0,0,2026.01.16
2026.01.16,매도,외화증권매도,엔비디아,5,181,907,907,30,0,0,0,2026.01.16
2026.01.16,매도,외화증권매도,팔란티어 테크놀로지스,4,174,698,698,16,0,0,0,2026.01.16
2026.01.16,매도,외화증권매도,로빈후드,2,118,237,237,28,0,0,0,2026.01.16
2026.01.16,매도,외화증권매도,로빈후드,5,117,587,587,23,0,0,0,2026.01.16
2026.01.16,매도,외화증권매도,로블록스,3,84,252,252,42,0,0,0,2026.01.16
2026.01.16,매도,외화증권매도,로블록스,5,84,421,421,37,0,0,0,2026.01.16
2026.01.16,매도,외화증권매도,로블록스,5,84,422,422,32,0,0,0,2026.01.16
2026.01.16,매도,외화증권매도,TSMC(타이완반도체제조),2,328,656,656,28,0,0,0,2026.01.16
2026.01.16,매도,외화증권매도,TSMC(타이완반도체제조),2,328,656,656,26,0,0,0,2026.01.16
2026.01.16,매도,외화증권매도,테슬라,2,438,876,876,6,0,0,0,2026.01.16
2026.01.16,매도,외화증권매도,테슬라,6,436,2621,2621,0,0,0,0,2026.01.16
2026.01.16,매도,외화증권매도,버티브 홀딩스,4,171,685,685,16,0,0,0,2026.01.16
2026.01.16,매도,외화증권매도,샤오펑 ADR,20,20,413,413,130,0,0,0,2026.01.16
2026.01.16,매수,외화증권매수,앱러빈,4,620,2482,2482,4,0,0,0,2026.01.16
2026.01.16,매수,외화증권매수,블룸 에너지,5,135,675,675,5,0,0,0,2026.01.16
2026.01.16,매수,외화증권매수,블룸 에너지,15,134,2024,2024,20,0,0,0,2026.01.16
2026.01.16,매수,외화증권매수,디렉시온 브로드컴 2배 ETF,20,42,850,850,300,0,0,0,2026.01.16
2026.01.16,매수,외화증권매수,그래닛셰어즈 엔비디아 데일리 2배 ETF,10,83,834,834,150,0,0,0,2026.01.16
2026.01.16,매수,외화증권매수,헌팅턴 잉걸스 인더스트리즈,1,420,420,420,1,0,0,0,2026.01.16
2026.01.16,매수,외화증권매수,헌팅턴 잉걸스 인더스트리즈,2,420,841,841,3,0,0,0,2026.01.16
2026.01.16,매수,외화증권매수,헌팅턴 잉걸스 인더스트리즈,4,420,1681,1681,7,0,0,0,2026.01.16
2026.01.19,매도,외화증권매도,앱러빈,4,618,2472,2472,0,0,0,0,2026.01.19
2026.01.19,매도,외화증권매도,디렉시온 타이완반도체 2배 ETF,10,61,613,613,140,0,0,0,2026.01.19
2026.01.19,매도,외화증권매도,디렉시온 타이완반도체 2배 ETF,20,60,1210,1210,120,0,0,0,2026.01.19
2026.01.19,매도,외화증권매도,디렉시온 타이완반도체 2배 ETF,20,64,1291,1291,100,0,0,0,2026.01.19
2026.01.19,매도,외화증권매도,디렉시온 브로드컴 2배 ETF,20,43,875,875,280,0,0,0,2026.01.19
2026.01.19,매도,외화증권매도,디렉시온 브로드컴 2배 ETF,30,43,1302,1302,250,0,0,0,2026.01.19
2026.01.19,매도,외화증권매도,디렉시온 알파벳 A 2배 ETF,10,110,1108,1108,70,0,0,0,2026.01.19
2026.01.19,매도,외화증권매도,그래닛셰어즈 엔비디아 데일리 2배 ETF,10,88,880,880,140,0,0,0,2026.01.19
2026.01.19,매도,외화증권매도,샤오펑 ADR,130,20,2671,2671,0,0,0,0,2026.01.19
2026.01.19,매수,외화증권매수,알파벳 Class A,4,334,1338,1338,30,0,0,0,2026.01.19
2026.01.19,매수,외화증권매수,알파벳 Class A,4,335,1340,1340,34,0,0,0,2026.01.19
2026.01.19,매수,외화증권매수,알파벳 Class A,4,335,1341,1341,38,0,0,0,2026.01.19
2026.01.19,매수,외화증권매수,브로드컴,1,346,346,346,17,0,0,0,2026.01.19
2026.01.19,매수,외화증권매수,브로드컴,3,345,1037,1037,20,0,0,0,2026.01.19
2026.01.19,매수,외화증권매수,브로드컴,4,345,1383,1383,24,0,0,0,2026.01.19
2026.01.19,매수,외화증권매수,브로드컴,4,346,1384,1384,28,0,0,0,2026.01.19
2026.01.19,매수,외화증권매수,디렉시온 메타 2배 ETF,50,28,1402,1402,450,0,0,0,2026.01.19
2026.01.19,매수,외화증권매수,엔비디아,4,187,749,749,34,0,0,0,2026.01.19
2026.01.19,매수,외화증권매수,엔비디아,5,186,934,934,39,0,0,0,2026.01.19
2026.01.19,매수,외화증권매수,엔비디아,5,187,936,936,44,0,0,0,2026.01.19
2026.01.19,매수,외화증권매수,TSMC(타이완반도체제조),2,350,699,699,28,0,0,0,2026.01.19
2026.01.19,매수,외화증권매수,TSMC(타이완반도체제조),4,338,1354,1354,32,0,0,0,2026.01.19
2026.01.19,매수,외화증권매수,TSMC(타이완반도체제조),4,341,1365,1365,36,0,0,0,2026.01.19
2026.01.19,매수,외화증권매수,TSMC(타이완반도체제조),4,341,1366,1366,40,0,0,0,2026.01.19
2026.01.20,환전,외화매도,,0,0,10036460,6800,0,10043000,0,0,2026.01.20
2026.01.20,출금,이체출금,,0,0,10000000,10000000,0,43000,0,0,2026.01.20
2026.01.21,환전,외화매도,,0,0,2981072,2016,0,3024072,0,0,2026.01.21
2026.01.21,출금,이체출금,,0,0,3000000,3000000,0,24072,0,0,2026.01.21
2026.01.21,매도,외화증권매도,디렉시온 타이완반도체 2배 ETF,20,62,1239,1239,80,0,0,0,2026.01.21
2026.01.21,매도,외화증권매도,그래닛셰어즈 엔비디아 데일리 2배 ETF,20,88,1778,1778,120,0,0,0,2026.01.21
2026.01.21,매수,외화증권매수,엔비디아,9,188,1692,1692,53,0,0,0,2026.01.21
2026.01.21,매수,외화증권매수,TSMC(타이완반도체제조),5,342,1712,1712,45,0,0,0,2026.01.21
2026.01.22,매도,외화증권매도,크레도 테크놀로지 그룹 홀딩,18,140,2521,2521,0,0,0,0,2026.01.22
2026.01.22,매도,외화증권매도,알파벳 Class A,6,324,1946,1946,32,0,0,0,2026.01.22
2026.01.22,매도,외화증권매도,블룸 에너지,20,139,2792,2792,0,0,0,0,2026.01.22
2026.01.22,매도,외화증권매도,브로드컴,8,341,2731,2731,20,0,0,0,2026.01.22
2026.01.22,매도,외화증권매도,코히런트,1,185,185,185,14,0,0,0,2026.01.22
2026.01.22,매도,외화증권매도,코히런트,14,179,2509,2509,0,0,0,0,2026.01.22
2026.01.22,매도,외화증권매도,디렉시온 메타 2배 ETF,250,26,6607,6607,200,0,0,0,2026.01.22
2026.01.22,매도,외화증권매도,에머슨 일렉트릭,20,147,2940,2940,-20,0,0,0,2026.01.22
2026.01.22,매도,외화증권매도,헌팅턴 잉걸스 인더스트리즈,7,422,2958,2958,0,0,0,0,2026.01.22
2026.01.22,매도,외화증권매도,엔비디아,15,180,2707,2707,38,0,0,0,2026.01.22
2026.01.22,매도,외화증권매도,팔란티어 테크놀로지스,16,167,2676,2676,0,0,0,0,2026.01.22
2026.01.22,매도,외화증권매도,로빈후드,23,102,2366,2366,0,0,0,0,2026.01.22
2026.01.22,매도,외화증권매도,로블록스,32,85,2740,2740,0,0,0,0,2026.01.22
2026.01.22,매도,외화증권매도,TSMC(타이완반도체제조),14,333,4668,4668,31,0,0,0,2026.01.22
2026.01.22,매도,외화증권매도,버티브 홀딩스,16,165,2652,2652,0,0,0,0,2026.01.22
2026.01.22,매수,외화증권매수,디렉시온 타이완반도체 2배 ETF,14,58,820,820,94,0,0,0,2026.01.22
2026.01.22,매수,외화증권매수,디렉시온 타이완반도체 2배 ETF,80,58,4703,4703,174,0,0,0,2026.01.22
2026.01.22,매수,외화증권매수,디렉시온 브로드컴 2배 ETF,7,42,296,296,257,0,0,0,2026.01.22
2026.01.22,매수,외화증권매수,디렉시온 브로드컴 2배 ETF,64,42,2713,2713,321,0,0,0,2026.01.22
2026.01.22,매수,외화증권매수,디렉시온 메타 2배 ETF,200,27,5431,5431,400,0,0,0,2026.01.22
2026.01.22,매수,외화증권매수,디렉시온 알파벳 A 2배 ETF,30,103,3101,3101,100,0,0,0,2026.01.22
2026.01.22,매수,외화증권매수,에머슨 일렉트릭,20,149,2993,2993,0,0,0,0,2026.01.22
2026.01.22,매수,외화증권매수,그래닛셰어즈 엔비디아 데일리 2배 ETF,46,81,3764,3764,166,0,0,0,2026.01.22
2026.01.23,환전,외화매도,,0,0,27018918,18450,0,27042990,0,0,2026.01.23
2026.01.23,출금,은행이체출금,,0,0,27000000,27000000,0,42990,0,0,2026.01.23
2026.01.23,매도,외화증권매도,센트러스 에너지,10,318,3180,3180,0,0,0,0,2026.01.23
2026.01.23,매도,외화증권매도,디렉시온 메타 2배 ETF,192,26,5162,5162,208,0,0,0,2026.01.23
2026.01.23,매도,외화증권매도,디렉시온 메타 2배 ETF,208,26,5591,5591,0,0,0,0,2026.01.23
2026.01.23,매도,외화증권매도,MP 머터리얼즈,40,68,2748,2748,0,0,0,0,2026.01.23
2026.01.23,매수,외화증권매수,AST 스페이스모바일,32,105,3391,3391,32,0,0,0,2026.01.23
2026.01.23,매수,외화증권매수,센트러스 에너지,10,307,3076,3076,10,0,0,0,2026.01.23
2026.01.23,매수,외화증권매수,헌팅턴 잉걸스 인더스트리즈,8,426,3412,3412,8,0,0,0,2026.01.23
2026.01.23,매수,외화증권매수,MP 머터리얼즈,50,64,3243,3243,50,0,0,0,2026.01.23
2026.01.26,매수,외화증권매수,센트러스 에너지,1,304,304,304,11,0,0,0,2026.01.26
2026.01.28,매도,외화증권매도,아이렌,10,53,536,536,-10,0,0,0,2026.01.28
2026.01.28,매도,외화증권매도,AST 스페이스모바일,8,105,846,846,24,0,0,0,2026.01.28
2026.01.28,매도,외화증권매도,AST 스페이스모바일,24,106,2553,2553,0,0,0,0,2026.01.28
2026.01.28,매도,외화증권매도,블룸 에너지,2,142,285,285,-2,0,0,0,2026.01.28
2026.01.28,매도,외화증권매도,블룸 에너지,10,142,1426,1426,-12,0,0,0,2026.01.28
2026.01.28,매도,외화증권매도,브로드컴,10,318,3180,3180,10,0,0,0,2026.01.28
2026.01.28,매도,외화증권매도,브로드컴,10,318,3180,3180,0,0,0,0,2026.01.28
2026.01.28,매도,외화증권매도,디렉시온 타이완반도체 2배 ETF,54,57,3118,3118,120,0,0,0,2026.01.28
2026.01.28,매도,외화증권매도,디렉시온 타이완반도체 2배 ETF,60,57,3468,3468,60,0,0,0,2026.01.28
2026.01.28,매도,외화증권매도,디렉시온 타이완반도체 2배 ETF,60,57,3469,3469,0,0,0,0,2026.01.28
2026.01.28,매도,외화증권매도,디렉시온 브로드컴 2배 ETF,40,38,1524,1524,281,0,0,0,2026.01.28
2026.01.28,매도,외화증권매도,디렉시온 브로드컴 2배 ETF,53,38,2050,2050,228,0,0,0,2026.01.28
2026.01.28,매도,외화증권매도,디렉시온 알파벳 A 2배 ETF,31,104,3241,3241,69,0,0,0,2026.01.28
2026.01.28,매도,외화증권매도,디렉시온 알파벳 A 2배 ETF,33,104,3432,3432,36,0,0,0,2026.01.28
2026.01.28,매도,외화증권매도,디렉시온 알파벳 A 2배 ETF,36,104,3766,3766,0,0,0,0,2026.01.28
2026.01.28,매도,외화증권매도,에머슨 일렉트릭,2,148,297,297,-2,0,0,0,2026.01.28
2026.01.28,매도,외화증권매도,에머슨 일렉트릭,4,148,595,595,-6,0,0,0,2026.01.28
2026.01.28,매도,외화증권매도,그래닛셰어즈 엔비디아 데일리 2배 ETF,16,86,1384,1384,150,0,0,0,2026.01.28
2026.01.28,매도,외화증권매도,그래닛셰어즈 엔비디아 데일리 2배 ETF,30,86,2597,2597,120,0,0,0,2026.01.28
2026.01.28,매도,외화증권매도,그래닛셰어즈 엔비디아 데일리 2배 ETF,30,86,2602,2602,90,0,0,0,2026.01.28
2026.01.28,매도,외화증권매도,그래닛셰어즈 엔비디아 데일리 2배 ETF,40,86,3462,3462,50,0,0,0,2026.01.28
2026.01.28,매도,외화증권매도,그래닛셰어즈 엔비디아 데일리 2배 ETF,50,86,4337,4337,0,0,0,0,2026.01.28
2026.01.28,매도,외화증권매도,L3 해리스 테크놀러지스,2,353,706,706,-2,0,0,0,2026.01.28
2026.01.28,매도,외화증권매도,L3 해리스 테크놀러지스,8,353,2828,2828,-10,0,0,0,2026.01.28
2026.01.28,매도,외화증권매도,TSMC(타이완반도체제조),1,331,331,331,30,0,0,0,2026.01.28
2026.01.28,매수,외화증권매수,아이렌,30,52,1589,1589,20,0,0,0,2026.01.28
2026.01.28,매수,외화증권매수,아이렌,60,55,3316,3316,80,0,0,0,2026.01.28
2026.01.28,매수,외화증권매수,알파벳 Class A,8,326,2613,2613,40,0,0,0,2026.01.28
2026.01.28,매수,외화증권매수,블룸 에너지,24,143,3445,3445,12,0,0,0,2026.01.28
2026.01.28,매수,외화증권매수,블룸 에너지,26,143,3730,3730,38,0,0,0,2026.01.28
2026.01.28,매수,외화증권매수,센트러스 에너지,1,287,287,287,12,0,0,0,2026.01.28
2026.01.28,매수,외화증권매수,센트러스 에너지,2,287,574,574,14,0,0,0,2026.01.28
2026.01.28,매수,외화증권매수,센트러스 에너지,5,287,1437,1437,19,0,0,0,2026.01.28
2026.01.28,매수,외화증권매수,센트러스 에너지,5,288,1440,1440,24,0,0,0,2026.01.28
2026.01.28,매수,외화증권매수,센트러스 에너지,11,304,3353,3353,35,0,0,0,2026.01.28
2026.01.28,매수,외화증권매수,디렉시온 브로드컴 2배 ETF,32,36,1172,1172,260,0,0,0,2026.01.28
2026.01.28,매수,외화증권매수,디렉시온 브로드컴 2배 ETF,100,36,3666,3666,360,0,0,0,2026.01.28
2026.01.28,매수,외화증권매수,에머슨 일렉트릭,9,148,1339,1339,3,0,0,0,2026.01.28
2026.01.28,매수,외화증권매수,에머슨 일렉트릭,24,148,3561,3561,27,0,0,0,2026.01.28
2026.01.28,매수,외화증권매수,헌팅턴 잉걸스 인더스트리즈,6,408,2449,2449,14,0,0,0,2026.01.28
2026.01.28,매수,외화증권매수,헌팅턴 잉걸스 인더스트리즈,8,418,3344,3344,22,0,0,0,2026.01.28
2026.01.28,매수,외화증권매수,L3 해리스 테크놀러지스,10,356,3560,3560,0,0,0,0,2026.01.28
2026.01.28,매수,외화증권매수,MP 머터리얼즈,20,64,1283,1283,70,0,0,0,2026.01.28
2026.01.28,매수,외화증권매수,MP 머터리얼즈,30,64,1926,1926,100,0,0,0,2026.01.28
2026.01.28,매수,외화증권매수,MP 머터리얼즈,50,71,3593,3593,150,0,0,0,2026.01.28
2026.01.28,매수,외화증권매수,엔비디아,14,186,2607,2607,52,0,0,0,2026.01.28
2026.01.28,매수,외화증권매수,엔비디아,22,186,4092,4092,74,0,0,0,2026.01.28
2026.01.28,매수,외화증권매수,TSMC(타이완반도체제조),10,331,3317,3317,40,0,0,0,2026.01.28
2026.01.29,매도,외화증권매도,AST 스페이스모바일,5,107,535,535,-5,0,0,0,2026.01.29
2026.01.29,매도,외화증권매도,센트러스 에너지,1,310,310,310,34,0,0,0,2026.01.29
2026.01.29,매도,외화증권매도,센트러스 에너지,3,304,913,913,31,0,0,0,2026.01.29
2026.01.29,매도,외화증권매도,센트러스 에너지,4,309,1237,1237,27,0,0,0,2026.01.29
2026.01.29,매도,외화증권매도,센트러스 에너지,5,304,1523,1523,22,0,0,0,2026.01.29
2026.01.29,매도,외화증권매도,디렉시온 브로드컴 2배 ETF,10,39,398,398,350,0,0,0,2026.01.29
2026.01.29,매도,외화증권매도,디렉시온 브로드컴 2배 ETF,10,40,403,403,340,0,0,0,2026.01.29
2026.01.29,매도,외화증권매도,디렉시온 브로드컴 2배 ETF,20,39,794,794,320,0,0,0,2026.01.29
2026.01.29,매도,외화증권매도,디렉시온 브로드컴 2배 ETF,20,39,794,794,300,0,0,0,2026.01.29
2026.01.29,매도,외화증권매도,디렉시온 브로드컴 2배 ETF,20,39,796,796,280,0,0,0,2026.01.29
2026.01.29,매도,외화증권매도,디렉시온 브로드컴 2배 ETF,20,39,798,798,260,0,0,0,2026.01.29
2026.01.29,매도,외화증권매도,에머슨 일렉트릭,27,147,3995,3995,0,0,0,0,2026.01.29
2026.01.29,매도,외화증권매도,헌팅턴 잉걸스 인더스트리즈,2,420,841,841,20,0,0,0,2026.01.29
2026.01.29,매도,외화증권매도,헌팅턴 잉걸스 인더스트리즈,3,420,1262,1262,17,0,0,0,2026.01.29
2026.01.29,매도,외화증권매도,헌팅턴 잉걸스 인더스트리즈,7,420,2943,2943,10,0,0,0,2026.01.29
2026.01.29,매도,외화증권매도,MP 머터리얼즈,20,67,1355,1355,130,0,0,0,2026.01.29
2026.01.29,매도,외화증권매도,MP 머터리얼즈,30,67,2029,2029,100,0,0,0,2026.01.29
2026.01.29,매수,외화증권매수,아이렌,20,56,1125,1125,100,0,0,0,2026.01.29
2026.01.29,매수,외화증권매수,퍼스트 머제스틱 실버,10,25,250,250,10,0,0,0,2026.01.29
2026.01.29,매수,외화증권매수,퍼스트 머제스틱 실버,75,24,1873,1873,85,0,0,0,2026.01.29
2026.01.29,매수,외화증권매수,퍼스트 머제스틱 실버,75,25,1884,1884,160,0,0,0,2026.01.29
2026.01.29,매수,외화증권매수,허드베이 미네랄,20,25,519,519,20,0,0,0,2026.01.29
2026.01.29,매수,외화증권매수,허드베이 미네랄,60,25,1556,1556,80,0,0,0,2026.01.29
2026.01.29,매수,외화증권매수,허드베이 미네랄,80,25,2068,2068,160,0,0,0,2026.01.29
2026.01.29,매수,외화증권매수,AST 스페이스모바일,2,107,214,214,-3,0,0,0,2026.01.29
2026.01.29,매수,외화증권매수,AST 스페이스모바일,7,107,751,751,4,0,0,0,2026.01.29
2026.01.29,매수,외화증권매수,AST 스페이스모바일,7,107,752,752,11,0,0,0,2026.01.29
2026.01.29,매수,외화증권매수,AST 스페이스모바일,10,107,1075,1075,21,0,0,0,2026.01.29
2026.01.29,매수,외화증권매수,AST 스페이스모바일,14,107,1505,1505,35,0,0,0,2026.01.29
2026.01.29,매수,외화증권매수,L3 해리스 테크놀러지스,2,360,720,720,2,0,0,0,2026.01.29
2026.01.29,매수,외화증권매수,L3 해리스 테크놀러지스,2,360,720,720,4,0,0,0,2026.01.29
2026.01.29,매수,외화증권매수,L3 해리스 테크놀러지스,8,360,2881,2881,12,0,0,0,2026.01.29
2026.01.29,매수,외화증권매수,엔비디아,6,189,1136,1136,80,0,0,0,2026.01.29
2026.01.29,매수,외화증권매수,로켓 랩,5,85,427,427,5,0,0,0,2026.01.29
2026.01.29,매수,외화증권매수,로켓 랩,5,85,428,428,10,0,0,0,2026.01.29
2026.01.29,매수,외화증권매수,로켓 랩,10,85,854,854,20,0,0,0,2026.01.29
2026.01.29,매수,외화증권매수,로켓 랩,20,85,1711,1711,40,0,0,0,2026.01.29
2026.01.29,환전,통합증거금결제금생성(외화),,0,0,26016,18,0,16974,0,0,2026.01.29
2026.01.30,매도,외화증권매도,아이렌,10,62,627,627,90,0,0,0,2026.01.30
2026.01.30,매도,외화증권매도,AST 스페이스모바일,5,121,608,608,30,0,0,0,2026.01.30
2026.01.30,매도,외화증권매도,블룸 에너지,4,166,664,664,34,0,0,0,2026.01.30
2026.01.30,매도,외화증권매도,센트러스 에너지,2,327,654,654,20,0,0,0,2026.01.30
2026.01.30,매도,외화증권매도,디렉시온 브로드컴 2배 ETF,100,40,4041,4041,160,0,0,0,2026.01.30
2026.01.30,매도,외화증권매도,디렉시온 브로드컴 2배 ETF,160,40,6431,6431,0,0,0,0,2026.01.30
2026.01.30,매도,외화증권매도,테슬라,4,432,1729,1729,-4,0,0,0,2026.01.30
2026.01.30,매수,외화증권매수,MP 머터리얼즈,9,62,559,559,109,0,0,0,2026.01.30
2026.01.30,매수,외화증권매수,MP 머터리얼즈,10,61,610,610,119,0,0,0,2026.01.30
2026.01.30,매수,외화증권매수,MP 머터리얼즈,15,60,906,906,134,0,0,0,2026.01.30
2026.01.30,매수,외화증권매수,MP 머터리얼즈,15,60,913,913,149,0,0,0,2026.01.30
2026.01.30,매수,외화증권매수,MP 머터리얼즈,20,61,1238,1238,169,0,0,0,2026.01.30
2026.01.30,매수,외화증권매수,테슬라,4,436,1746,1746,0,0,0,0,2026.01.30
2026.01.30,매수,외화증권매수,테슬라,9,436,3926,3926,9,0,0,0,2026.01.30
2026.01.30,매수,외화증권매수,테슬라,11,437,4807,4807,20,0,0,0,2026.01.30
2026.02.02,매도,외화증권매도,MP 머터리얼즈,35,64,2253,2253,134,0,0,0,2026.02.02
2026.02.02,매수,외화증권매수,테슬라,5,439,2199,2199,25,0,0,0,2026.02.02
2026.02.03,매도,외화증권매도,AST 스페이스모바일,10,128,1281,1281,20,0,0,0,2026.02.03
2026.02.03,매도,외화증권매도,MP 머터리얼즈,34,63,2155,2155,100,0,0,0,2026.02.03
2026.02.03,매도,외화증권매도,엔비디아,8,192,1541,1541,72,0,0,0,2026.02.03
2026.02.03,매수,외화증권매수,아이렌,10,57,575,575,100,0,0,0,2026.02.03
2026.02.03,매수,외화증권매수,퍼스트 머제스틱 실버,30,22,688,688,190,0,0,0,2026.02.03
2026.02.03,매수,외화증권매수,퍼스트 머제스틱 실버,40,22,918,918,230,0,0,0,2026.02.03
2026.02.03,매수,외화증권매수,허드베이 미네랄,10,25,250,250,170,0,0,0,2026.02.03
2026.02.03,매수,외화증권매수,허드베이 미네랄,10,25,251,251,180,0,0,0,2026.02.03
2026.02.03,매수,외화증권매수,허드베이 미네랄,40,25,1003,1003,220,0,0,0,2026.02.03
2026.02.03,매수,외화증권매수,로켓 랩,15,87,1318,1318,55,0,0,0,2026.02.03
2026.02.04,매도,외화증권매도,아이렌,100,52,5271,5271,0,0,0,0,2026.02.04
2026.02.04,매도,외화증권매도,퍼스트 머제스틱 실버,270,20,5638,5638,-40,0,0,0,2026.02.04
2026.02.04,매도,외화증권매도,허드베이 미네랄,220,23,5182,5182,0,0,0,0,2026.02.04
2026.02.04,매도,외화증권매도,알파벳 Class A,2,335,670,670,38,0,0,0,2026.02.04
2026.02.04,매도,외화증권매도,디렉시온 팔란티어 2배 ETF,142,56,7972,7972,-142,0,0,0,2026.02.04
2026.02.04,매도,외화증권매도,디렉시온 팔란티어 2배 ETF,150,53,8053,8053,-292,0,0,0,2026.02.04
2026.02.04,매도,외화증권매도,L3 해리스 테크놀러지스,12,341,4092,4092,0,0,0,0,2026.02.04
2026.02.04,매도,외화증권매도,엔비디아,4,187,751,751,68,0,0,0,2026.02.04
2026.02.04,매도,외화증권매도,로켓 랩,15,78,1179,1179,40,0,0,0,2026.02.04
2026.02.04,매도,외화증권매도,로켓 랩,40,79,3195,3195,0,0,0,0,2026.02.04
2026.02.04,매도,외화증권매도,샌디스크,2,675,1350,1350,-2,0,0,0,2026.02.04
2026.02.04,매도,외화증권매도,테슬라,4,424,1696,1696,21,0,0,0,2026.02.04
2026.02.04,매도,외화증권매도,테슬라,4,424,1696,1696,17,0,0,0,2026.02.04
2026.02.04,매도,외화증권매도,테슬라,5,422,2112,2112,12,0,0,0,2026.02.04
2026.02.04,매도,외화증권매도,테슬라,12,424,5088,5088,0,0,0,0,2026.02.04
2026.02.04,매도,외화증권매도,테슬라,20,422,8452,8452,-20,0,0,0,2026.02.04
2026.02.04,매수,외화증권매수,퍼스트 머제스틱 실버,40,20,837,837,0,0,0,0,2026.02.04
2026.02.04,매수,외화증권매수,온 홀딩,150,45,6890,6890,150,0,0,0,2026.02.04
2026.02.04,매수,외화증권매수,AST 스페이스모바일,10,105,1050,1050,30,0,0,0,2026.02.04
2026.02.04,매수,외화증권매수,AST 스페이스모바일,10,110,1106,1106,40,0,0,0,2026.02.04
2026.02.04,매수,외화증권매수,AST 스페이스모바일,30,113,3401,3401,70,0,0,0,2026.02.04
2026.02.04,매수,외화증권매수,블룸 에너지,16,150,2415,2415,50,0,0,0,2026.02.04
2026.02.04,매수,외화증권매수,센트러스 에너지,1,268,268,268,21,0,0,0,2026.02.04
2026.02.04,매수,외화증권매수,센트러스 에너지,2,269,538,538,23,0,0,0,2026.02.04
2026.02.04,매수,외화증권매수,센트러스 에너지,2,276,553,553,25,0,0,0,2026.02.04
2026.02.04,매수,외화증권매수,센트러스 에너지,3,276,828,828,28,0,0,0,2026.02.04
2026.02.04,매수,외화증권매수,디렉시온 팔란티어 2배 ETF,16,50,807,807,-276,0,0,0,2026.02.04
2026.02.04,매수,외화증권매수,디렉시온 팔란티어 2배 ETF,124,50,6294,6294,-152,0,0,0,2026.02.04
2026.02.04,매수,외화증권매수,디렉시온 팔란티어 2배 ETF,152,50,7667,7667,0,0,0,0,2026.02.04
2026.02.04,매수,외화증권매수,헌팅턴 잉걸스 인더스트리즈,10,427,4278,4278,20,0,0,0,2026.02.04
2026.02.04,매수,외화증권매수,MP 머터리얼즈,20,61,1225,1225,120,0,0,0,2026.02.04
2026.02.04,매수,외화증권매수,엔비디아,7,185,1295,1295,75,0,0,0,2026.02.04
2026.02.04,매수,외화증권매수,샌디스크,5,597,2986,2986,3,0,0,0,2026.02.04
2026.02.04,매수,외화증권매수,샌디스크,7,597,4181,4181,10,0,0,0,2026.02.04
2026.02.04,매수,외화증권매수,테슬라,1,423,423,423,-19,0,0,0,2026.02.04
2026.02.04,매수,외화증권매수,테슬라,19,423,8052,8052,0,0,0,0,2026.02.04
2026.02.05,매도,외화증권매도,온 홀딩,20,45,900,900,130,0,0,0,2026.02.05
2026.02.05,매도,외화증권매도,AST 스페이스모바일,6,107,642,642,64,0,0,0,2026.02.05
2026.02.05,매도,외화증권매도,AST 스페이스모바일,9,114,1026,1026,55,0,0,0,2026.02.05
2026.02.05,매도,외화증권매도,알파벳 Class A,3,341,1024,1024,35,0,0,0,2026.02.05
2026.02.05,매도,외화증권매도,블룸 에너지,3,160,480,480,47,0,0,0,2026.02.05
2026.02.05,매도,외화증권매도,블룸 에너지,4,168,674,674,43,0,0,0,2026.02.05
2026.02.05,매도,외화증권매도,블룸 에너지,5,159,798,798,38,0,0,0,2026.02.05
2026.02.05,매도,외화증권매도,센트러스 에너지,3,273,819,819,25,0,0,0,2026.02.05
2026.02.05,매도,외화증권매도,센트러스 에너지,3,282,848,848,22,0,0,0,2026.02.05
2026.02.05,매도,외화증권매도,헌팅턴 잉걸스 인더스트리즈,1,429,429,429,19,0,0,0,2026.02.05
2026.02.05,매도,외화증권매도,헌팅턴 잉걸스 인더스트리즈,4,420,1682,1682,15,0,0,0,2026.02.05
2026.02.05,매도,외화증권매도,MP 머터리얼즈,10,61,614,614,110,0,0,0,2026.02.05
2026.02.05,매도,외화증권매도,MP 머터리얼즈,10,63,630,630,100,0,0,0,2026.02.05
2026.02.05,매수,외화증권매수,엔비디아,5,180,900,900,80,0,0,0,2026.02.05
2026.02.05,매수,외화증권매수,엔비디아,5,180,901,901,85,0,0,0,2026.02.05
2026.02.05,매수,외화증권매수,엔비디아,25,186,4667,4667,110,0,0,0,2026.02.05
2026.02.05,매수,외화증권매수,샌디스크,2,684,1369,1369,12,0,0,0,2026.02.05
2026.02.06,매도,외화증권매도,샌디스크,2,620,1240,1240,10,0,0,0,2026.02.06
2026.02.06,매수,외화증권매수,AST 스페이스모바일,5,103,519,519,60,0,0,0,2026.02.06
2026.02.06,매수,외화증권매수,알파벳 Class A,5,329,1648,1648,40,0,0,0,2026.02.06
2026.02.06,매수,외화증권매수,블룸 에너지,2,151,303,303,40,0,0,0,2026.02.06
2026.02.06,매수,외화증권매수,블룸 에너지,2,152,305,305,42,0,0,0,2026.02.06
2026.02.06,매수,외화증권매수,센트러스 에너지,2,253,506,506,24,0,0,0,2026.02.06
2026.02.06,매수,외화증권매수,센트러스 에너지,3,256,768,768,27,0,0,0,2026.02.06
2026.02.06,매수,외화증권매수,MP 머터리얼즈,10,60,603,603,110,0,0,0,2026.02.06
2026.02.06,매수,외화증권매수,엔비디아,1,177,177,177,111,0,0,0,2026.02.06
2026.02.06,매수,외화증권매수,엔비디아,4,177,710,710,115,0,0,0,2026.02.06
2026.02.06,매수,외화증권매수,엔비디아,5,177,888,888,120,0,0,0,2026.02.06
2026.02.06,매수,외화증권매수,엔비디아,10,178,1781,1781,130,0,0,0,2026.02.06
2026.02.06,매수,외화증권매수,샌디스크,1,613,613,613,11,0,0,0,2026.02.06
2026.02.06,매수,외화증권매수,샌디스크,2,611,1222,1222,13,0,0,0,2026.02.06
2026.02.06,매수,외화증권매수,샌디스크,2,617,1235,1235,15,0,0,0,2026.02.06
2026.02.09,매도,외화증권매도,알파벳 Class A,5,319,1598,1598,35,0,0,0,2026.02.09
2026.02.09,매도,외화증권매도,알파벳 Class A,5,320,1600,1600,30,0,0,0,2026.02.09
2026.02.09,매도,외화증권매도,블룸 에너지,10,150,1506,1506,32,0,0,0,2026.02.09
2026.02.09,매도,외화증권매도,블룸 에너지,12,152,1824,1824,20,0,0,0,2026.02.09
2026.02.09,매도,외화증권매도,디렉시온 알파벳 A 2배 ETF,32,103,3319,3319,-32,0,0,0,2026.02.09
2026.02.09,매도,외화증권매도,엔비디아,2,171,343,343,128,0,0,0,2026.02.09
2026.02.09,매도,외화증권매도,엔비디아,8,171,1373,1373,120,0,0,0,2026.02.09
2026.02.09,매도,외화증권매도,엔비디아,10,172,1728,1728,110,0,0,0,2026.02.09
2026.02.09,매도,외화증권매도,엔비디아,10,173,1737,1737,100,0,0,0,2026.02.09
2026.02.09,매수,외화증권매수,알파벳 Class A,10,326,3265,3265,40,0,0,0,2026.02.09
2026.02.09,매수,외화증권매수,디렉시온 알파벳 A 2배 ETF,16,99,1593,1593,-16,0,0,0,2026.02.09
2026.02.09,매수,외화증권매수,디렉시온 알파벳 A 2배 ETF,16,99,1599,1599,0,0,0,0,2026.02.09
2026.02.09,매수,외화증권매수,그래닛셰어즈 엔비디아 데일리 2배 ETF,23,74,1707,1707,23,0,0,0,2026.02.09
2026.02.09,매수,외화증권매수,그래닛셰어즈 엔비디아 데일리 2배 ETF,24,74,1799,1799,47,0,0,0,2026.02.09
2026.02.09,매수,외화증권매수,그래닛셰어즈 엔비디아 데일리 2배 ETF,31,73,2275,2275,78,0,0,0,2026.02.09
2026.02.09,매수,외화증권매수,헌팅턴 잉걸스 인더스트리즈,3,366,1100,1100,18,0,0,0,2026.02.09
2026.02.09,매수,외화증권매수,샌디스크,1,558,558,558,16,0,0,0,2026.02.09
2026.02.09,매수,외화증권매수,샌디스크,1,558,558,558,17,0,0,0,2026.02.09
2026.02.09,매수,외화증권매수,샌디스크,1,559,559,559,18,0,0,0,2026.02.09
2026.02.09,입금,외화예탁금이용료,,0,0,1,1,0,0,0,310,2026.02.09
2026.02.10,매도,외화증권매도,AST 스페이스모바일,5,101,506,506,55,0,0,0,2026.02.10
2026.02.10,매도,외화증권매도,AST 스페이스모바일,10,102,1023,1023,45,0,0,0,2026.02.10
2026.02.10,매도,외화증권매도,블룸 에너지,1,145,145,145,19,0,0,0,2026.02.10
2026.02.10,매도,외화증권매도,블룸 에너지,9,145,1308,1308,10,0,0,0,2026.02.10
2026.02.10,매도,외화증권매도,센트러스 에너지,2,265,530,530,25,0,0,0,2026.02.10
2026.02.10,매도,외화증권매도,센트러스 에너지,3,263,789,789,22,0,0,0,2026.02.10
2026.02.10,매도,외화증권매도,센트러스 에너지,3,266,798,798,19,0,0,0,2026.02.10
2026.02.10,매도,외화증권매도,그래닛셰어즈 엔비디아 데일리 2배 ETF,38,73,2795,2795,40,0,0,0,2026.02.10
2026.02.10,매도,외화증권매도,그래닛셰어즈 엔비디아 데일리 2배 ETF,40,77,3080,3080,0,0,0,0,2026.02.10
2026.02.10,매도,외화증권매도,헌팅턴 잉걸스 인더스트리즈,1,394,394,394,17,0,0,0,2026.02.10
2026.02.10,매도,외화증권매도,헌팅턴 잉걸스 인더스트리즈,4,394,1576,1576,13,0,0,0,2026.02.10
2026.02.10,매도,외화증권매도,MP 머터리얼즈,10,60,605,605,100,0,0,0,2026.02.10
2026.02.10,매도,외화증권매도,MP 머터리얼즈,10,60,606,606,90,0,0,0,2026.02.10
2026.02.10,매도,외화증권매도,엔비디아,10,183,1837,1837,90,0,0,0,2026.02.10
2026.02.10,매도,외화증권매도,엔비디아,10,184,1842,1842,80,0,0,0,2026.02.10
2026.02.10,매도,외화증권매도,샌디스크,3,607,1821,1821,15,0,0,0,2026.02.10
2026.02.10,매도,외화증권매도,샌디스크,3,607,1821,1821,12,0,0,0,2026.02.10
2026.02.10,매수,외화증권매수,온 홀딩,20,43,866,866,150,0,0,0,2026.02.10
2026.02.10,매수,외화증권매수,AST 스페이스모바일,10,89,899,899,55,0,0,0,2026.02.10
2026.02.10,매수,외화증권매수,알파벳 Class A,5,322,1613,1613,45,0,0,0,2026.02.10
2026.02.10,매수,외화증권매수,알파벳 Class A,5,328,1644,1644,50,0,0,0,2026.02.10
2026.02.10,매수,외화증권매수,블룸 에너지,5,141,705,705,15,0,0,0,2026.02.10
2026.02.10,매수,외화증권매수,블룸 에너지,10,138,1382,1382,25,0,0,0,2026.02.10
2026.02.10,매수,외화증권매수,블룸 에너지,15,153,2306,2306,40,0,0,0,2026.02.10
2026.02.10,매수,외화증권매수,센트러스 에너지,3,247,741,741,22,0,0,0,2026.02.10
2026.02.10,매수,외화증권매수,헌팅턴 잉걸스 인더스트리즈,2,374,749,749,15,0,0,0,2026.02.10
2026.02.10,매수,외화증권매수,MP 머터리얼즈,5,58,292,292,95,0,0,0,2026.02.10
2026.02.10,매수,외화증권매수,MP 머터리얼즈,5,58,292,292,100,0,0,0,2026.02.10
2026.02.10,매수,외화증권매수,샌디스크,1,596,596,596,13,0,0,0,2026.02.10
2026.02.10,매수,외화증권매수,샌디스크,1,596,596,596,14,0,0,0,2026.02.10
2026.02.10,매수,외화증권매수,샌디스크,1,596,596,596,15,0,0,0,2026.02.10
2026.02.10,매수,외화증권매수,샌디스크,1,602,602,602,16,0,0,0,2026.02.10
2026.02.10,매수,외화증권매수,샌디스크,1,605,605,605,17,0,0,0,2026.02.10
2026.02.10,매수,외화증권매수,샌디스크,2,594,1188,1188,19,0,0,0,2026.02.10
2026.02.10,매수,외화증권매수,샌디스크,3,602,1806,1806,22,0,0,0,2026.02.10
2026.02.10,매수,외화증권매수,샌디스크,3,605,1815,1815,25,0,0,0,2026.02.10
2026.02.11,매도,외화증권매도,온 홀딩,30,44,1336,1336,120,0,0,0,2026.02.11
2026.02.11,매도,외화증권매도,알파벳 Class A,3,324,974,974,47,0,0,0,2026.02.11
2026.02.11,매도,외화증권매도,블룸 에너지,2,146,293,293,38,0,0,0,2026.02.11
2026.02.11,매도,외화증권매도,블룸 에너지,2,152,305,305,36,0,0,0,2026.02.11
2026.02.11,매도,외화증권매도,센트러스 에너지,1,270,270,270,21,0,0,0,2026.02.11
2026.02.11,매도,외화증권매도,센트러스 에너지,1,271,271,271,20,0,0,0,2026.02.11
2026.02.11,매도,외화증권매도,에머슨 일렉트릭,17,160,2726,2726,-17,0,0,0,2026.02.11
2026.02.11,매도,외화증권매도,헌팅턴 잉걸스 인더스트리즈,1,409,409,409,14,0,0,0,2026.02.11
2026.02.11,매도,외화증권매도,헌팅턴 잉걸스 인더스트리즈,1,413,413,413,13,0,0,0,2026.02.11
2026.02.11,매도,외화증권매도,MP 머터리얼즈,10,62,629,629,90,0,0,0,2026.02.11
2026.02.11,매도,외화증권매도,엔비디아,5,184,923,923,75,0,0,0,2026.02.11
2026.02.11,매도,외화증권매도,샌디스크,1,597,597,597,24,0,0,0,2026.02.11
2026.02.11,매도,외화증권매도,샌디스크,1,598,598,598,23,0,0,0,2026.02.11
2026.02.11,매도,외화증권매도,TSMC(타이완반도체제조),1,349,349,349,39,0,0,0,2026.02.11
2026.02.11,매수,외화증권매수,에머슨 일렉트릭,17,160,2727,2727,0,0,0,0,2026.02.11
2026.02.11,매수,외화증권매수,루멘텀 홀딩스,1,593,593,593,1,0,0,0,2026.02.11
2026.02.11,매수,외화증권매수,루멘텀 홀딩스,4,592,2371,2371,5,0,0,0,2026.02.11
2026.02.11,매수,외화증권매수,테라다인,1,314,314,314,1,0,0,0,2026.02.11
2026.02.11,매수,외화증권매수,테라다인,8,314,2514,2514,9,0,0,0,2026.02.11
2026.02.12,매도,외화증권매도,온 홀딩,1,45,45,45,119,0,0,0,2026.02.12
2026.02.12,매도,외화증권매도,온 홀딩,10,45,459,459,109,0,0,0,2026.02.12
2026.02.12,매도,외화증권매도,온 홀딩,10,46,461,461,99,0,0,0,2026.02.12
2026.02.12,매도,외화증권매도,온 홀딩,49,45,2210,2210,50,0,0,0,2026.02.12
2026.02.12,매도,외화증권매도,온 홀딩,50,45,2252,2252,0,0,0,0,2026.02.12
2026.02.12,매도,외화증권매도,AST 스페이스모바일,7,100,702,702,48,0,0,0,2026.02.12
2026.02.12,매도,외화증권매도,블룸 에너지,2,149,299,299,34,0,0,0,2026.02.12
2026.02.12,매도,외화증권매도,블룸 에너지,2,150,300,300,32,0,0,0,2026.02.12
2026.02.12,매도,외화증권매도,센트러스 에너지,2,267,534,534,18,0,0,0,2026.02.12
2026.02.12,매도,외화증권매도,데이터도그,20,129,2595,2595,-20,0,0,0,2026.02.12
2026.02.12,매도,외화증권매도,헌팅턴 잉걸스 인더스트리즈,1,396,396,396,12,0,0,0,2026.02.12
2026.02.12,매도,외화증권매도,MP 머터리얼즈,5,63,316,316,85,0,0,0,2026.02.12
2026.02.12,매도,외화증권매도,MP 머터리얼즈,5,63,316,316,80,0,0,0,2026.02.12
2026.02.12,매도,외화증권매도,MP 머터리얼즈,5,63,318,318,75,0,0,0,2026.02.12
2026.02.12,매도,외화증권매도,엔비디아,2,189,379,379,73,0,0,0,2026.02.12
2026.02.12,매도,외화증권매도,TSMC(타이완반도체제조),1,360,360,360,38,0,0,0,2026.02.12
2026.02.12,매수,외화증권매수,앱러빈,5,472,2362,2362,5,0,0,0,2026.02.12
2026.02.12,매수,외화증권매수,앱러빈,6,472,2835,2835,11,0,0,0,2026.02.12
2026.02.12,매수,외화증권매수,센트러스 에너지,2,242,484,484,20,0,0,0,2026.02.12
2026.02.12,매수,외화증권매수,센트러스 에너지,2,242,484,484,22,0,0,0,2026.02.12
2026.02.12,매수,외화증권매수,센트러스 에너지,3,242,726,726,25,0,0,0,2026.02.12
2026.02.12,매수,외화증권매수,클라우드플레어,14,205,2880,2880,14,0,0,0,2026.02.12
2026.02.12,매수,외화증권매수,데이터도그,20,115,2317,2317,0,0,0,0,2026.02.12
2026.02.12,매수,외화증권매수,루멘텀 홀딩스,1,562,562,562,6,0,0,0,2026.02.12
2026.02.12,매수,외화증권매수,샌디스크,1,539,539,539,24,0,0,0,2026.02.12
2026.02.12,매수,외화증권매수,샌디스크,1,556,556,556,25,0,0,0,2026.02.12
2026.02.12,매수,외화증권매수,샌디스크,1,556,556,556,26,0,0,0,2026.02.12
2026.02.12,매수,외화증권매수,샌디스크,1,557,557,557,27,0,0,0,2026.02.12
2026.02.12,매수,외화증권매수,테라다인,1,302,302,302,10,0,0,0,2026.02.12
2026.02.12,매수,외화증권매수,테라다인,1,302,302,302,11,0,0,0,2026.02.12
2026.02.13,매도,외화증권매도,알파벳 Class A,3,319,958,958,44,0,0,0,2026.02.13
2026.02.13,매도,외화증권매도,센트러스 에너지,5,242,1210,1210,20,0,0,0,2026.02.13
2026.02.13,매도,외화증권매도,클라우드플레어,14,208,2920,2920,0,0,0,0,2026.02.13
2026.02.13,매도,외화증권매도,루멘텀 홀딩스,1,596,596,596,5,0,0,0,2026.02.13
2026.02.13,매도,외화증권매도,엔비디아,1,190,190,190,72,0,0,0,2026.02.13
2026.02.13,매도,외화증권매도,샌디스크,1,592,592,592,26,0,0,0,2026.02.13
2026.02.13,매도,외화증권매도,샌디스크,1,593,593,593,25,0,0,0,2026.02.13
2026.02.13,매도,외화증권매도,샌디스크,2,598,1196,1196,23,0,0,0,2026.02.13
2026.02.13,매도,외화증권매도,TSMC(타이완반도체제조),1,374,374,374,37,0,0,0,2026.02.13
2026.02.13,매도,외화증권매도,TSMC(타이완반도체제조),1,377,377,377,36,0,0,0,2026.02.13
2026.02.13,매도,외화증권매도,테라다인,2,317,635,635,9,0,0,0,2026.02.13
2026.02.13,매수,외화증권매수,AST 스페이스모바일,5,87,435,435,53,0,0,0,2026.02.13
2026.02.13,매수,외화증권매수,AST 스페이스모바일,7,87,611,611,60,0,0,0,2026.02.13
2026.02.13,매수,외화증권매수,앱러빈,11,474,5224,5224,22,0,0,0,2026.02.13
2026.02.13,매수,외화증권매수,센트러스 에너지,1,209,209,209,21,0,0,0,2026.02.13
2026.02.13,매수,외화증권매수,센트러스 에너지,4,219,878,878,25,0,0,0,2026.02.13
2026.02.13,매수,외화증권매수,센트러스 에너지,5,209,1049,1049,30,0,0,0,2026.02.13
2026.02.13,매수,외화증권매수,루멘텀 홀딩스,1,577,577,577,6,0,0,0,2026.02.13
2026.02.13,매수,외화증권매수,MP 머터리얼즈,5,59,297,297,80,0,0,0,2026.02.13
2026.02.13,매수,외화증권매수,테라다인,2,318,636,636,11,0,0,0,2026.02.13
2026.02.16,매도,외화증권매도,블룸 에너지,4,146,585,585,28,0,0,0,2026.02.19
2026.02.16,매도,외화증권매도,센트러스 에너지,10,186,1866,1866,20,0,0,0,2026.02.19
2026.02.16,매도,외화증권매도,디렉시온 알파벳 A 2배 ETF,15,94,1419,1419,-15,0,0,0,2026.02.19
2026.02.16,매도,외화증권매도,헌팅턴 잉걸스 인더스트리즈,2,402,804,804,10,0,0,0,2026.02.19
2026.02.16,매도,외화증권매도,TRADR AST 스페이스모바일 2배 ETF,60,43,2628,2628,-60,0,0,0,2026.02.19
2026.02.16,매도,외화증권매도,루멘텀 홀딩스,6,589,3535,3535,0,0,0,0,2026.02.19
2026.02.16,매도,외화증권매도,MP 머터리얼즈,8,57,462,462,72,0,0,0,2026.02.19
2026.02.16,매도,외화증권매도,샌디스크,2,652,1304,1304,21,0,0,0,2026.02.19
2026.02.16,매도,외화증권매도,테라다인,11,321,3539,3539,0,0,0,0,2026.02.19
2026.02.16,매수,외화증권매수,AST 스페이스모바일,10,84,841,841,70,0,0,0,2026.02.19
2026.02.16,매수,외화증권매수,AST 스페이스모바일,10,84,843,843,80,0,0,0,2026.02.19
2026.02.16,매수,외화증권매수,알파벳 Class A,6,310,1863,1863,50,0,0,0,2026.02.19
2026.02.16,매수,외화증권매수,센트러스 에너지,5,195,979,979,25,0,0,0,2026.02.19
2026.02.16,매수,외화증권매수,센트러스 에너지,5,197,987,987,30,0,0,0,2026.02.19
2026.02.16,매수,외화증권매수,디렉시온 알파벳 A 2배 ETF,15,94,1423,1423,0,0,0,0,2026.02.19
2026.02.16,매수,외화증권매수,TRADR 앱러빈 2배 ETF,100,8,878,878,100,0,0,0,2026.02.19
2026.02.16,매수,외화증권매수,TRADR 앱러빈 2배 ETF,100,8,881,881,200,0,0,0,2026.02.19
2026.02.16,매수,외화증권매수,TRADR 앱러빈 2배 ETF,300,9,2976,2976,500,0,0,0,2026.02.19
2026.02.16,매수,외화증권매수,TRADR AST 스페이스모바일 2배 ETF,30,43,1305,1305,-30,0,0,0,2026.02.19
2026.02.16,매수,외화증권매수,TRADR AST 스페이스모바일 2배 ETF,30,43,1319,1319,0,0,0,0,2026.02.19
2026.02.18,매도,외화증권매도,알파벳 Class A,5,305,1528,1528,45,0,0,0,2026.02.19
2026.02.18,매도,외화증권매도,헌팅턴 잉걸스 인더스트리즈,10,408,4087,4087,0,0,0,0,2026.02.19
2026.02.18,매도,외화증권매도,TRADR 앱러빈 2배 ETF,200,9,1816,1816,300,0,0,0,2026.02.19
2026.02.18,매도,외화증권매도,TRADR 앱러빈 2배 ETF,200,9,1823,1823,100,0,0,0,2026.02.19
2026.02.18,매도,외화증권매도,TRADR 앱러빈 2배 ETF,400,9,3644,3644,-300,0,0,0,2026.02.19
2026.02.18,매도,외화증권매도,샌디스크,1,597,597,597,20,0,0,0,2026.02.19
2026.02.18,매도,외화증권매도,샌디스크,2,599,1198,1198,18,0,0,0,2026.02.19
2026.02.18,매도,외화증권매도,샌디스크,3,588,1764,1764,15,0,0,0,2026.02.19
2026.02.18,매도,외화증권매도,샌디스크,15,595,8928,8928,0,0,0,0,2026.02.19
2026.02.18,매수,외화증권매수,AST 스페이스모바일,20,81,1638,1638,100,0,0,0,2026.02.19
2026.02.18,매수,외화증권매수,AST 스페이스모바일,20,81,1638,1638,120,0,0,0,2026.02.19
2026.02.18,매수,외화증권매수,블룸 에너지,4,137,550,550,32,0,0,0,2026.02.19
2026.02.18,매수,외화증권매수,센트러스 에너지,20,186,3739,3739,50,0,0,0,2026.02.19
2026.02.18,매수,외화증권매수,TRADR 앱러빈 2배 ETF,100,8,859,859,-200,0,0,0,2026.02.19
2026.02.18,매수,외화증권매수,TRADR 앱러빈 2배 ETF,200,8,1738,1738,0,0,0,0,2026.02.19
2026.02.18,매수,외화증권매수,TRADR 샌디스크 2배 ETF,20,36,732,732,20,0,0,0,2026.02.19
2026.02.18,매수,외화증권매수,TRADR 샌디스크 2배 ETF,60,36,2197,2197,80,0,0,0,2026.02.19
2026.02.18,매수,외화증권매수,TRADR 샌디스크 2배 ETF,75,36,2745,2745,155,0,0,0,2026.02.19
2026.02.18,매수,외화증권매수,TRADR 샌디스크 2배 ETF,100,36,3662,3662,255,0,0,0,2026.02.19
2026.02.18,매수,외화증권매수,루멘텀 홀딩스,6,589,3536,3536,6,0,0,0,2026.02.19
2026.02.18,매수,외화증권매수,MP 머터리얼즈,8,57,460,460,80,0,0,0,2026.02.19
2026.02.18,매수,외화증권매수,테라다인,12,312,3754,3754,12,0,0,0,2026.02.19
2026.02.19,매도,외화증권매도,AST 스페이스모바일,120,80,9614,9614,0,0,0,0,2026.02.19
2026.02.19,매도,외화증권매도,알파벳 Class A,45,301,13571,13571,0,0,0,0,2026.02.19
2026.02.19,매도,외화증권매도,앱러빈,22,382,8418,8418,0,0,0,0,2026.02.19
2026.02.19,매도,외화증권매도,블룸 에너지,32,139,4461,4461,0,0,0,0,2026.02.19
2026.02.19,매도,외화증권매도,센트러스 에너지,50,192,9648,9648,0,0,0,0,2026.02.19
2026.02.19,매도,외화증권매도,루멘텀 홀딩스,6,590,3544,3544,0,0,0,0,2026.02.19
2026.02.19,매도,외화증권매도,MP 머터리얼즈,80,56,4484,4484,0,0,0,0,2026.02.19
2026.02.19,매도,외화증권매도,엔비디아,72,184,13278,13278,0,0,0,0,2026.02.19
2026.02.19,매도,외화증권매도,테라다인,12,305,3660,3660,0,0,0,0,2026.02.19
2026.02.19,매수,외화증권매수,디렉시온 알파벳 A 2배 ETF,153,88,13537,13537,153,0,0,0,2026.02.19
2026.02.19,매수,외화증권매수,그래닛셰어즈 엔비디아 데일리 2배 ETF,159,83,13306,13306,159,0,0,0,2026.02.19
2026.02.19,매수,외화증권매수,TRADR 샌디스크 2배 ETF,15,38,580,580,270,0,0,0,2026.02.19
2026.02.19,매수,외화증권매수,TRADR 샌디스크 2배 ETF,94,38,3592,3592,364,0,0,0,2026.02.19
2026.02.19,매수,외화증권매수,TRADR 샌디스크 2배 ETF,95,38,3667,3667,459,0,0,0,2026.02.19
2026.02.19,매수,외화증권매수,TRADR 샌디스크 2배 ETF,100,38,3866,3866,559,0,0,0,2026.02.19
2026.02.19,매수,외화증권매수,TRADR 샌디스크 2배 ETF,114,39,4508,4508,673,0,0,0,2026.02.19
2026.02.19,매수,외화증권매수,TRADR 샌디스크 2배 ETF,214,39,8399,8399,887,0,0,0,2026.02.19
2026.02.19,매수,외화증권매수,TRADR 샌디스크 2배 ETF,241,39,9593,9593,1128,0,0,0,2026.02.19
2026.02.19,매수,외화증권매수,TRADR 샌디스크 2배 ETF,245,39,9614,9614,1373,0,0,0,2026.02.19
2026.02.20,매도,외화증권매도,디렉시온 알파벳 A 2배 ETF,20,88,1770,1770,133,0,0,0,2026.02.20
2026.02.20,매도,외화증권매도,디렉시온 알파벳 A 2배 ETF,20,88,1770,1770,113,0,0,0,2026.02.20
2026.02.20,매도,외화증권매도,디렉시온 알파벳 A 2배 ETF,33,88,2920,2920,80,0,0,0,2026.02.20
2026.02.20,매도,외화증권매도,디렉시온 알파벳 A 2배 ETF,80,89,7131,7131,0,0,0,0,2026.02.20
2026.02.20,매도,외화증권매도,그래닛셰어즈 엔비디아 데일리 2배 ETF,159,86,13769,13769,0,0,0,0,2026.02.20
2026.02.20,매도,외화증권매도,TRADR 샌디스크 2배 ETF,8,38,306,306,1365,0,0,0,2026.02.20
2026.02.20,매도,외화증권매도,TRADR 샌디스크 2배 ETF,49,37,1821,1821,1316,0,0,0,2026.02.20
2026.02.20,매도,외화증권매도,TRADR 샌디스크 2배 ETF,301,37,11191,11191,1015,0,0,0,2026.02.20
2026.02.20,매수,외화증권매수,알파벳 Class A,1,303,303,303,1,0,0,0,2026.02.20
2026.02.20,매수,외화증권매수,알파벳 Class A,1,304,304,304,2,0,0,0,2026.02.20
2026.02.20,매수,외화증권매수,알파벳 Class A,39,303,11847,11847,41,0,0,0,2026.02.20
2026.02.20,매수,외화증권매수,TRADR 샌디스크 2배 ETF,15,33,505,505,1030,0,0,0,2026.02.20
2026.02.20,매수,외화증권매수,TRADR 샌디스크 2배 ETF,52,33,1752,1752,1082,0,0,0,2026.02.20
2026.02.20,매수,외화증권매수,TRADR 샌디스크 2배 ETF,53,33,1788,1788,1135,0,0,0,2026.02.20
2026.02.20,매수,외화증권매수,TRADR 샌디스크 2배 ETF,72,33,2426,2426,1207,0,0,0,2026.02.20
2026.02.20,매수,외화증권매수,TRADR 샌디스크 2배 ETF,193,36,7126,7126,1400,0,0,0,2026.02.20
2026.02.20,매수,외화증권매수,엔비디아,72,187,13522,13522,72,0,0,0,2026.02.20
2026.02.20,매수,외화증권매수,TSMC(타이완반도체제조),3,363,1089,1089,39,0,0,0,2026.02.20
2026.02.23,매도,외화증권매도,알파벳 Class A,1,303,303,303,40,0,0,0,2026.02.23
2026.02.23,매도,외화증권매도,TRADR 샌디스크 2배 ETF,49,39,1918,1918,1351,0,0,0,2026.02.23
2026.02.23,매도,외화증권매도,TRADR 샌디스크 2배 ETF,400,38,15308,15308,951,0,0,0,2026.02.23
2026.02.23,매수,외화증권매수,AST 스페이스모바일,5,86,431,431,5,0,0,0,2026.02.23
2026.02.23,매수,외화증권매수,AST 스페이스모바일,40,84,3364,3364,45,0,0,0,2026.02.23
2026.02.23,매수,외화증권매수,블룸 에너지,4,158,634,634,4,0,0,0,2026.02.23
2026.02.23,매수,외화증권매수,블룸 에너지,20,157,3146,3146,24,0,0,0,2026.02.23
2026.02.23,매수,외화증권매수,TRADR 샌디스크 2배 ETF,49,38,1861,1861,1000,0,0,0,2026.02.23
2026.02.23,매수,외화증권매수,TRADR 샌디스크 2배 ETF,100,37,3799,3799,1100,0,0,0,2026.02.23
2026.02.23,매수,외화증권매수,TSMC(타이완반도체제조),1,360,360,360,40,0,0,0,2026.02.23
2026.02.23,매수,외화증권매수,테라다인,2,317,635,635,2,0,0,0,2026.02.23
2026.02.23,매수,외화증권매수,테라다인,10,316,3163,3163,12,0,0,0,2026.02.23
2026.02.24,매도,외화증권매도,AST 스페이스모바일,15,86,1296,1296,30,0,0,0,2026.02.24
2026.02.24,매도,외화증권매도,알파벳 Class A,10,306,3063,3063,30,0,0,0,2026.02.24
2026.02.24,매도,외화증권매도,블룸 에너지,8,156,1252,1252,16,0,0,0,2026.02.24
2026.02.24,매도,외화증권매도,TRADR 샌디스크 2배 ETF,100,38,3860,3860,1000,0,0,0,2026.02.24
2026.02.24,매도,외화증권매도,루멘텀 홀딩스,1,670,670,670,-1,0,0,0,2026.02.24
2026.02.24,매도,외화증권매도,루멘텀 홀딩스,1,670,670,670,-2,0,0,0,2026.02.24
2026.02.24,매도,외화증권매도,엔비디아,18,187,3366,3366,54,0,0,0,2026.02.24
2026.02.24,매도,외화증권매도,TSMC(타이완반도체제조),10,360,3602,3602,30,0,0,0,2026.02.24
2026.02.24,매도,외화증권매도,테라다인,4,315,1261,1261,8,0,0,0,2026.02.24
2026.02.24,매수,외화증권매수,AST 스페이스모바일,5,81,405,405,35,0,0,0,2026.02.24
2026.02.24,매수,외화증권매수,AST 스페이스모바일,15,85,1282,1282,50,0,0,0,2026.02.24
2026.02.24,매수,외화증권매수,알파벳 Class A,10,307,3072,3072,40,0,0,0,2026.02.24
2026.02.24,매수,외화증권매수,블룸 에너지,3,150,451,451,19,0,0,0,2026.02.24
2026.02.24,매수,외화증권매수,블룸 에너지,8,155,1241,1241,27,0,0,0,2026.02.24
2026.02.24,매수,외화증권매수,루멘텀 홀딩스,6,671,4027,4027,4,0,0,0,2026.02.24
2026.02.24,매수,외화증권매수,엔비디아,18,187,3372,3372,72,0,0,0,2026.02.24
2026.02.24,매수,외화증권매수,TSMC(타이완반도체제조),10,361,3616,3616,40,0,0,0,2026.02.24
2026.02.24,매수,외화증권매수,테라다인,4,318,1275,1275,12,0,0,0,2026.02.24
2026.02.25,매도,외화증권매도,TRADR 샌디스크 2배 ETF,200,45,9098,9098,800,0,0,0,2026.02.25
2026.02.25,매도,외화증권매도,엔비디아,1,188,188,188,71,0,0,0,2026.02.25
2026.02.25,매도,외화증권매도,엔비디아,4,191,766,766,67,0,0,0,2026.02.25
2026.02.25,매도,외화증권매도,엔비디아,8,188,1505,1505,59,0,0,0,2026.02.25
2026.02.25,매도,외화증권매도,엔비디아,18,191,3448,3448,41,0,0,0,2026.02.25
2026.02.25,매도,외화증권매도,엔비디아,23,188,4329,4329,18,0,0,0,2026.02.25
2026.02.25,매수,외화증권매수,AST 스페이스모바일,30,84,2523,2523,80,0,0,0,2026.02.25
2026.02.25,매수,외화증권매수,블룸 에너지,6,159,957,957,33,0,0,0,2026.02.25
2026.02.25,매수,외화증권매수,그래닛셰어즈 엔비디아 데일리 2배 ETF,6,90,541,541,6,0,0,0,2026.02.25
2026.02.25,매수,외화증권매수,그래닛셰어즈 엔비디아 데일리 2배 ETF,24,87,2089,2089,30,0,0,0,2026.02.25
2026.02.25,매수,외화증권매수,그래닛셰어즈 엔비디아 데일리 2배 ETF,40,90,3605,3605,70,0,0,0,2026.02.25
2026.02.25,매수,외화증권매수,그래닛셰어즈 엔비디아 데일리 2배 ETF,50,86,4349,4349,120,0,0,0,2026.02.25
2026.02.25,매수,외화증권매수,루멘텀 홀딩스,1,674,674,674,5,0,0,0,2026.02.25
2026.02.25,매수,외화증권매수,노스롭 그루만,5,733,3665,3665,5,0,0,0,2026.02.25
2026.02.25,매수,외화증권매수,테라다인,2,319,639,639,14,0,0,0,2026.02.25
2026.02.25,매수,외화증권매수,테라다인,2,319,639,639,16,0,0,0,2026.02.25
2026.02.26,매도,외화증권매도,AST 스페이스모바일,10,84,846,846,70,0,0,0,2026.02.26
2026.02.26,매도,외화증권매도,AST 스페이스모바일,10,84,846,846,60,0,0,0,2026.02.26
2026.02.26,매도,외화증권매도,블룸 에너지,3,168,504,504,30,0,0,0,2026.02.26
2026.02.26,매도,외화증권매도,TRADR 샌디스크 2배 ETF,100,41,4191,4191,700,0,0,0,2026.02.26
2026.02.26,매도,외화증권매도,루멘텀 홀딩스,1,681,681,681,4,0,0,0,2026.02.26
2026.02.26,매도,외화증권매도,노스롭 그루만,5,729,3648,3648,0,0,0,0,2026.02.26
2026.02.26,매수,외화증권매수,AST 스페이스모바일,20,84,1681,1681,80,0,0,0,2026.02.26
2026.02.26,매수,외화증권매수,TRADR 샌디스크 2배 ETF,50,41,2089,2089,750,0,0,0,2026.02.26
2026.02.26,매수,외화증권매수,TRADR 샌디스크 2배 ETF,50,41,2096,2096,800,0,0,0,2026.02.26
2026.02.27,매도,외화증권매도,TRADR 샌디스크 2배 ETF,100,39,3900,3900,700,0,0,0,2026.02.27
2026.02.27,매도,외화증권매도,엔비디아,18,196,3537,3537,0,0,0,0,2026.02.27
2026.02.27,매수,외화증권매수,그래닛셰어즈 엔비디아 데일리 2배 ETF,40,94,3792,3792,160,0,0,0,2026.02.27
2026.02.27,매수,외화증권매수,TRADR 샌디스크 2배 ETF,100,41,4150,4150,800,0,0,0,2026.02.27
2026.03.02,매도,외화증권매도,AST 스페이스모바일,10,83,837,837,70,0,0,0,2026.03.03
2026.03.02,매도,외화증권매도,AST 스페이스모바일,10,84,846,846,60,0,0,0,2026.03.03
2026.03.02,매도,외화증권매도,AST 스페이스모바일,60,82,4977,4977,0,0,0,0,2026.03.03
2026.03.02,매도,외화증권매도,알파벳 Class A,20,302,6057,6057,20,0,0,0,2026.03.03
2026.03.02,매도,외화증권매도,알파벳 Class A,20,304,6085,6085,0,0,0,0,2026.03.03
2026.03.02,매도,외화증권매도,블룸 에너지,15,160,2403,2403,15,0,0,0,2026.03.03
2026.03.02,매도,외화증권매도,TRADR AST 스페이스모바일 2배 ETF,100,42,4270,4270,-100,0,0,0,2026.03.03
2026.03.02,매도,외화증권매도,TRADR 루멘텀 홀딩스 2배 ETF,40,95,3820,3820,-40,0,0,0,2026.03.03
2026.03.02,매도,외화증권매도,루멘텀 홀딩스,4,666,2665,2665,0,0,0,0,2026.03.03
2026.03.02,매도,외화증권매도,TSMC(타이완반도체제조),2,373,746,746,38,0,0,0,2026.03.03
2026.03.02,매도,외화증권매도,TSMC(타이완반도체제조),5,372,1864,1864,33,0,0,0,2026.03.03
2026.03.02,매도,외화증권매도,TSMC(타이완반도체제조),5,374,1873,1873,28,0,0,0,2026.03.03
2026.03.02,매도,외화증권매도,TSMC(타이완반도체제조),8,373,2987,2987,20,0,0,0,2026.03.03
2026.03.02,매도,외화증권매도,TSMC(타이완반도체제조),20,371,7437,7437,0,0,0,0,2026.03.03
2026.03.02,매도,외화증권매도,테라다인,8,329,2634,2634,8,0,0,0,2026.03.03
2026.03.02,매도,외화증권매도,레버리지셰어즈 테라다인 2배 ETF,50,50,2525,2525,-50,0,0,0,2026.03.03
2026.03.02,매도,외화증권매도,레버리지셰어즈 블룸에너지 2배 ETF,62,41,2545,2545,-62,0,0,0,2026.03.03
2026.03.02,매수,외화증권매수,AST 스페이스모바일,50,84,4225,4225,50,0,0,0,2026.03.03
2026.03.02,매수,외화증권매수,블룸 에너지,10,167,1675,1675,25,0,0,0,2026.03.03
2026.03.02,매수,외화증권매수,디렉시온 타이완반도체 2배 ETF,20,71,1437,1437,20,0,0,0,2026.03.03
2026.03.02,매수,외화증권매수,디렉시온 타이완반도체 2배 ETF,80,71,5695,5695,100,0,0,0,2026.03.03
2026.03.02,매수,외화증권매수,디렉시온 알파벳 A 2배 ETF,3,90,271,271,3,0,0,0,2026.03.03
2026.03.02,매수,외화증권매수,디렉시온 알파벳 A 2배 ETF,8,90,723,723,11,0,0,0,2026.03.03
2026.03.02,매수,외화증권매수,디렉시온 알파벳 A 2배 ETF,69,88,6125,6125,80,0,0,0,2026.03.03
2026.03.02,매수,외화증권매수,그래닛셰어즈 엔비디아 데일리 2배 ETF,10,85,852,852,170,0,0,0,2026.03.03
2026.03.02,매수,외화증권매수,그래닛셰어즈 엔비디아 데일리 2배 ETF,15,85,1288,1288,185,0,0,0,2026.03.03
2026.03.02,매수,외화증권매수,그래닛셰어즈 엔비디아 데일리 2배 ETF,15,86,1290,1290,200,0,0,0,2026.03.03
2026.03.02,매수,외화증권매수,그래닛셰어즈 엔비디아 데일리 2배 ETF,16,83,1336,1336,216,0,0,0,2026.03.03
2026.03.02,매수,외화증권매수,그래닛셰어즈 엔비디아 데일리 2배 ETF,20,85,1700,1700,236,0,0,0,2026.03.03
2026.03.02,매수,외화증권매수,그래닛셰어즈 엔비디아 데일리 2배 ETF,24,86,2064,2064,260,0,0,0,2026.03.03
2026.03.02,매수,외화증권매수,그래닛셰어즈 엔비디아 데일리 2배 ETF,40,95,3815,3815,300,0,0,0,2026.03.03
2026.03.02,매수,외화증권매수,TRADR AST 스페이스모바일 2배 ETF,100,41,4187,4187,0,0,0,0,2026.03.03
2026.03.02,매수,외화증권매수,TRADR 루멘텀 홀딩스 2배 ETF,40,92,3712,3712,0,0,0,0,2026.03.03
2026.03.02,매수,외화증권매수,TRADR 샌디스크 2배 ETF,50,39,1954,1954,850,0,0,0,2026.03.03
2026.03.02,매수,외화증권매수,TRADR 샌디스크 2배 ETF,150,38,5833,5833,1000,0,0,0,2026.03.03
2026.03.02,매수,외화증권매수,루멘텀 홀딩스,6,675,4050,4050,6,0,0,0,2026.03.03
2026.03.02,매수,외화증권매수,테라다인,4,335,1343,1343,12,0,0,0,2026.03.03
2026.03.02,매수,외화증권매수,레버리지셰어즈 테라다인 2배 ETF,50,50,2515,2515,0,0,0,0,2026.03.03
2026.03.02,매수,외화증권매수,레버리지셰어즈 블룸에너지 2배 ETF,62,38,2386,2386,0,0,0,0,2026.03.03
2026.03.03,매도,외화증권매도,그래닛셰어즈 엔비디아 데일리 2배 ETF,40,81,3279,3279,260,0,0,0,2026.03.03
2026.03.03,매수,외화증권매수,그래닛셰어즈 엔비디아 데일리 2배 ETF,40,79,3179,3179,300,0,0,0,2026.03.03
2026.03.04,매도,외화증권매도,AST 스페이스모바일,5,82,414,414,45,0,0,0,2026.03.04
2026.03.04,매도,외화증권매도,디렉시온 타이완반도체 2배 ETF,12,68,823,823,88,0,0,0,2026.03.04
2026.03.04,매도,외화증권매도,디렉시온 타이완반도체 2배 ETF,13,68,891,891,75,0,0,0,2026.03.04
2026.03.04,매도,외화증권매도,디렉시온 타이완반도체 2배 ETF,15,69,1039,1039,60,0,0,0,2026.03.04
2026.03.04,매도,외화증권매도,디렉시온 알파벳 A 2배 ETF,5,90,452,452,75,0,0,0,2026.03.04
2026.03.04,매도,외화증권매도,디렉시온 알파벳 A 2배 ETF,10,89,890,890,65,0,0,0,2026.03.04
2026.03.04,매도,외화증권매도,디렉시온 알파벳 A 2배 ETF,10,89,891,891,55,0,0,0,2026.03.04
2026.03.04,매도,외화증권매도,디렉시온 알파벳 A 2배 ETF,10,89,896,896,45,0,0,0,2026.03.04
2026.03.04,매도,외화증권매도,TRADR 샌디스크 2배 ETF,50,38,1904,1904,950,0,0,0,2026.03.04
2026.03.04,매도,외화증권매도,TRADR 샌디스크 2배 ETF,100,37,3745,3745,850,0,0,0,2026.03.04
2026.03.04,매도,외화증권매도,루멘텀 홀딩스,1,684,684,684,5,0,0,0,2026.03.04
2026.03.04,매수,외화증권매수,그래닛셰어즈 엔비디아 데일리 2배 ETF,15,74,1114,1114,315,0,0,0,2026.03.04
2026.03.04,매수,외화증권매수,그래닛셰어즈 엔비디아 데일리 2배 ETF,16,79,1278,1278,331,0,0,0,2026.03.04
2026.03.04,매수,외화증권매수,그래닛셰어즈 엔비디아 데일리 2배 ETF,20,80,1603,1603,351,0,0,0,2026.03.04
2026.03.04,매수,외화증권매수,그래닛셰어즈 엔비디아 데일리 2배 ETF,24,74,1791,1791,375,0,0,0,2026.03.04
2026.03.04,매수,외화증권매수,그래닛셰어즈 엔비디아 데일리 2배 ETF,25,74,1862,1862,400,0,0,0,2026.03.04
2026.03.04,매수,외화증권매수,TRADR 샌디스크 2배 ETF,50,36,1819,1819,900,0,0,0,2026.03.04
2026.03.04,매수,외화증권매수,TRADR 샌디스크 2배 ETF,100,37,3798,3798,1000,0,0,0,2026.03.04
2026.03.06,매수,코스피매수,삼성전자,20,172900,3458000,3458120,20,-3441146,120,0,2026.03.06
2026.03.06,입금,통합증거금현금미수상환,,0,0,3441146,3441146,0,0,0,0,2026.03.06
2026.03.06,출금,통합증거금결제금생성(원화),,0,0,3441146,3441146,0,-3441146,0,0,2026.03.06
2026.03.06,매도,외화증권매도,AST 스페이스모바일,10,91,911,911,35,0,0,0,2026.03.06
2026.03.06,매도,외화증권매도,블룸 에너지,5,148,741,741,20,0,0,0,2026.03.06
2026.03.06,매도,외화증권매도,루멘텀 홀딩스,1,672,672,672,4,0,0,0,2026.03.06
2026.03.06,매도,외화증권매도,테라다인,2,297,595,595,10,0,0,0,2026.03.06
2026.03.06,환전,통합증거금외화상환,,0,0,5782,3,0,-3435364,0,0,2026.03.06
2026.03.09,매도,코스피매도,삼성전자,20,193100,3862000,3854136,0,416937,140,7724,2026.03.09
2026.03.09,매수,외화증권매수,디렉시온 타이완반도체 2배 ETF,20,65,1313,1313,80,0,0,0,2026.03.09
2026.03.09,매수,외화증권매수,디렉시온 알파벳 A 2배 ETF,15,88,1326,1326,60,0,0,0,2026.03.09
2026.03.09,매수,외화증권매수,테라다인,1,307,307,307,11,0,0,0,2026.03.09
2026.03.09,입금,이체입금,,0,0,400000,400000,0,816937,0,0,2026.03.09
2026.03.09,출금,이체출금,,0,0,400000,400000,0,416937,0,0,2026.03.09
2026.03.10,매도,외화증권매도,그래닛셰어즈 엔비디아 데일리 2배 ETF,50,79,3973,3973,350,0,0,0,2026.03.10
2026.03.10,매도,외화증권매도,그래닛셰어즈 엔비디아 데일리 2배 ETF,50,79,3973,3973,300,0,0,0,2026.03.10
2026.03.10,매도,외화증권매도,루멘텀 홀딩스,4,603,2414,2414,0,0,0,0,2026.03.10
2026.03.10,매도,외화증권매도,테라다인,11,283,3118,3118,0,0,0,0,2026.03.10
2026.03.10,매수,외화증권매수,블룸 에너지,1,148,148,148,21,0,0,0,2026.03.10
2026.03.10,매수,외화증권매수,디렉시온 타이완반도체 2배 ETF,69,60,4201,4201,149,0,0,0,2026.03.10
2026.03.10,매수,외화증권매수,TRADR 2X LONG CRDO DAILY ETF,100,7,795,795,100,0,0,0,2026.03.10
2026.03.10,매수,외화증권매수,TRADR 2X LONG CRDO DAILY ETF,300,8,2408,2408,400,0,0,0,2026.03.10
2026.03.10,매수,외화증권매수,TRADR 샌디스크 2배 ETF,70,30,2149,2149,1070,0,0,0,2026.03.10
2026.03.10,매수,외화증권매수,TRADR 샌디스크 2배 ETF,130,30,3985,3985,1200,0,0,0,2026.03.10
2026.03.10,환전,통합증거금결제금생성(외화),,0,0,309429,210,0,107508,0,0,2026.03.10
2026.03.10,출고,외화주식액면병합출고,TRADR 2X LONG CRDO DAILY ETF,400,8,0,0,0,0,0,0,2026.03.10
2026.03.10,입고,외화주식액면병합입고,TRADR 크레도 테크놀로지 2배 ETF,133,24,0,0,133,0,0,0,2026.03.10
2026.03.11,매도,외화증권매도,AST 스페이스모바일,35,86,3038,3038,0,0,0,0,2026.03.11
2026.03.11,매도,외화증권매도,디렉시온 알파벳 A 2배 ETF,60,81,4902,4902,0,0,0,0,2026.03.11
2026.03.11,매도,외화증권매도,TRADR 크레도 테크놀로지 2배 ETF,133,24,3200,3200,0,0,0,0,2026.03.11
2026.03.11,매도,외화증권매도,TRADR 샌디스크 2배 ETF,50,28,1422,1422,1150,0,0,0,2026.03.11
2026.03.11,매도,외화증권매도,TRADR 샌디스크 2배 ETF,59,28,1671,1671,1091,0,0,0,2026.03.11
2026.03.11,매도,외화증권매도,TRADR 샌디스크 2배 ETF,100,30,3050,3050,991,0,0,0,2026.03.11
2026.03.11,매도,외화증권매도,TRADR 샌디스크 2배 ETF,100,30,3051,3051,891,0,0,0,2026.03.11
2026.03.11,매도,외화증권매도,TRADR 샌디스크 2배 ETF,100,30,3062,3062,791,0,0,0,2026.03.11
2026.03.11,매도,외화증권매도,TRADR 샌디스크 2배 ETF,100,30,3072,3072,691,0,0,0,2026.03.11
2026.03.11,매도,외화증권매도,TRADR 샌디스크 2배 ETF,100,33,3327,3327,591,0,0,0,2026.03.11
2026.03.11,매수,외화증권매수,AST 스페이스모바일,3,89,268,268,3,0,0,0,2026.03.11
2026.03.11,매수,외화증권매수,AST 스페이스모바일,16,89,1431,1431,19,0,0,0,2026.03.11
2026.03.11,매수,외화증권매수,AST 스페이스모바일,18,89,1609,1609,37,0,0,0,2026.03.11
2026.03.11,매수,외화증권매수,센트러스 에너지,15,195,2925,2925,15,0,0,0,2026.03.11
2026.03.11,매수,외화증권매수,코히런트,12,243,2921,2921,12,0,0,0,2026.03.11
2026.03.11,매수,외화증권매수,디렉시온 타이완반도체 2배 ETF,1,63,63,63,150,0,0,0,2026.03.11
2026.03.11,매수,외화증권매수,디렉시온 알파벳 A 2배 ETF,29,89,2607,2607,29,0,0,0,2026.03.11
2026.03.11,매수,외화증권매수,디렉시온 알파벳 A 2배 ETF,35,86,3021,3021,64,0,0,0,2026.03.11
2026.03.11,매수,외화증권매수,디렉시온 알파벳 A 2배 ETF,36,85,3092,3092,100,0,0,0,2026.03.11
2026.03.11,매수,외화증권매수,그래닛셰어즈 엔비디아 데일리 2배 ETF,8,79,638,638,308,0,0,0,2026.03.11
2026.03.11,매수,외화증권매수,그래닛셰어즈 엔비디아 데일리 2배 ETF,42,77,3268,3268,350,0,0,0,2026.03.11
2026.03.11,매수,외화증권매수,TRADR 샌디스크 2배 ETF,119,25,3076,3076,710,0,0,0,2026.03.11
2026.03.11,매수,외화증권매수,TRADR 샌디스크 2배 ETF,190,25,4900,4900,900,0,0,0,2026.03.11
2026.03.11,환전,통합증거금결제금생성(외화),,0,0,38908,26,0,68600,0,0,2026.03.11
2026.03.12,매도,외화증권매도,센트러스 에너지,20,200,4007,4007,-5,0,0,0,2026.03.12
2026.03.12,매도,외화증권매도,센트러스 에너지,20,200,4009,4009,-25,0,0,0,2026.03.12
2026.03.12,매도,외화증권매도,디렉시온 타이완반도체 2배 ETF,30,61,1844,1844,120,0,0,0,2026.03.12
2026.03.12,매도,외화증권매도,디렉시온 알파벳 A 2배 ETF,100,89,8962,8962,0,0,0,0,2026.03.12
2026.03.12,매도,외화증권매도,그래닛셰어즈 엔비디아 데일리 2배 ETF,20,80,1600,1600,330,0,0,0,2026.03.12
2026.03.12,매도,외화증권매도,그래닛셰어즈 엔비디아 데일리 2배 ETF,30,80,2400,2400,300,0,0,0,2026.03.12
2026.03.12,매도,외화증권매도,TRADR 샌디스크 2배 ETF,100,33,3389,3389,800,0,0,0,2026.03.12
2026.03.12,매수,외화증권매수,AST 스페이스모바일,3,88,266,266,40,0,0,0,2026.03.12
2026.03.12,매수,외화증권매수,AST 스페이스모바일,10,89,891,891,50,0,0,0,2026.03.12
2026.03.12,매수,외화증권매수,알파벳 Class A,6,307,1844,1844,6,0,0,0,2026.03.12
2026.03.12,매수,외화증권매수,알파벳 Class A,24,305,7322,7322,30,0,0,0,2026.03.12
2026.03.12,매수,외화증권매수,블룸 에너지,1,155,155,155,22,0,0,0,2026.03.12
2026.03.12,매수,외화증권매수,블룸 에너지,3,153,459,459,25,0,0,0,2026.03.12
2026.03.12,매수,외화증권매수,센트러스 에너지,5,198,990,990,-20,0,0,0,2026.03.12
2026.03.12,매수,외화증권매수,센트러스 에너지,10,198,1980,1980,-10,0,0,0,2026.03.12
2026.03.12,매수,외화증권매수,센트러스 에너지,10,198,1986,1986,0,0,0,0,2026.03.12
2026.03.12,매수,외화증권매수,디렉시온 타이완반도체 2배 ETF,30,61,1845,1845,150,0,0,0,2026.03.12
2026.03.12,매수,외화증권매수,오라클,25,161,4047,4047,25,0,0,0,2026.03.12
2026.03.13,매도,외화증권매도,디렉시온 타이완반도체 2배 ETF,30,65,1959,1959,120,0,0,0,2026.03.13
2026.03.13,매도,외화증권매도,그래닛셰어즈 엔비디아 데일리 2배 ETF,30,83,2516,2516,270,0,0,0,2026.03.13
2026.03.13,매도,외화증권매도,TRADR 샌디스크 2배 ETF,20,39,790,790,780,0,0,0,2026.03.13
2026.03.13,매도,외화증권매도,TRADR 샌디스크 2배 ETF,80,38,3092,3092,700,0,0,0,2026.03.13
2026.03.13,매수,외화증권매수,AST 스페이스모바일,5,88,443,443,55,0,0,0,2026.03.13
2026.03.13,매수,외화증권매수,AST 스페이스모바일,5,88,443,443,60,0,0,0,2026.03.13
2026.03.13,매수,외화증권매수,블룸 에너지,5,157,788,788,30,0,0,0,2026.03.13
2026.03.13,매수,외화증권매수,코히런트,3,254,763,763,15,0,0,0,2026.03.13
2026.03.13,매수,외화증권매수,오라클,5,166,834,834,30,0,0,0,2026.03.13
2026.03.16,환전,외화매도,,0,0,10011609,6700,0,10080209,0,0,2026.03.16
2026.03.16,출금,이체출금,,0,0,10000000,10000000,0,80209,0,0,2026.03.16
2026.03.16,매도,외화증권매도,알파벳 Class A,1,307,307,307,29,0,0,0,2026.03.16
2026.03.16,매도,외화증권매도,알파벳 Class A,5,304,1523,1523,24,0,0,0,2026.03.16
2026.03.16,매도,외화증권매도,알파벳 Class A,9,307,2766,2766,15,0,0,0,2026.03.16
2026.03.16,매도,외화증권매도,알파벳 Class A,15,307,4608,4608,0,0,0,0,2026.03.16
2026.03.16,매도,외화증권매도,블룸 에너지,6,158,952,952,24,0,0,0,2026.03.16
2026.03.16,매도,외화증권매도,코히런트,3,247,741,741,12,0,0,0,2026.03.16
2026.03.16,매도,외화증권매도,코히런트,12,252,3030,3030,0,0,0,0,2026.03.16
2026.03.16,매도,외화증권매도,디렉시온 타이완반도체 2배 ETF,20,62,1245,1245,100,0,0,0,2026.03.16
2026.03.16,매도,외화증권매도,그래닛셰어즈 엔비디아 데일리 2배 ETF,20,81,1634,1634,250,0,0,0,2026.03.16
2026.03.16,매도,외화증권매도,TRADR 샌디스크 2배 ETF,1,39,39,39,699,0,0,0,2026.03.16
2026.03.16,매도,외화증권매도,TRADR 샌디스크 2배 ETF,99,39,3954,3954,600,0,0,0,2026.03.16
2026.03.16,매수,외화증권매수,브로드컴,10,339,3396,3396,10,0,0,0,2026.03.16
2026.03.16,매수,외화증권매수,사우스웨스트 에어라인스,80,41,3297,3297,80,0,0,0,2026.03.16
2026.03.17,매도,외화증권매도,AST 스페이스모바일,10,88,884,884,50,0,0,0,2026.03.17
2026.03.17,매도,외화증권매도,그래닛셰어즈 엔비디아 데일리 2배 ETF,25,81,2035,2035,225,0,0,0,2026.03.17
2026.03.17,매도,외화증권매도,그래닛셰어즈 엔비디아 데일리 2배 ETF,25,82,2066,2066,200,0,0,0,2026.03.17
2026.03.17,매도,외화증권매도,TRADR 샌디스크 2배 ETF,40,38,1524,1524,560,0,0,0,2026.03.17
2026.03.17,매도,외화증권매도,TRADR 샌디스크 2배 ETF,40,42,1702,1702,520,0,0,0,2026.03.17
2026.03.17,매도,외화증권매도,TRADR 샌디스크 2배 ETF,50,41,2069,2069,470,0,0,0,2026.03.17
2026.03.17,매도,외화증권매도,TRADR 샌디스크 2배 ETF,50,41,2077,2077,420,0,0,0,2026.03.17
2026.03.17,매도,외화증권매도,TRADR 샌디스크 2배 ETF,60,36,2203,2203,360,0,0,0,2026.03.17
2026.03.17,매수,외화증권매수,브로드컴,1,323,323,323,11,0,0,0,2026.03.17
2026.03.17,매수,외화증권매수,브로드컴,2,324,648,648,13,0,0,0,2026.03.17
2026.03.17,매수,외화증권매수,브로드컴,2,338,677,677,15,0,0,0,2026.03.17
2026.03.17,매수,외화증권매수,디렉시온 타이완반도체 2배 ETF,10,58,582,582,110,0,0,0,2026.03.17
2026.03.17,매수,외화증권매수,디렉시온 타이완반도체 2배 ETF,10,58,583,583,120,0,0,0,2026.03.17
2026.03.17,매수,외화증권매수,디렉시온 타이완반도체 2배 ETF,20,58,1165,1165,140,0,0,0,2026.03.17
2026.03.17,매수,외화증권매수,디렉시온 타이완반도체 2배 ETF,20,59,1187,1187,160,0,0,0,2026.03.17
2026.03.17,매수,외화증권매수,그래닛셰어즈 엔비디아 데일리 2배 ETF,25,79,1981,1981,225,0,0,0,2026.03.17
2026.03.17,매수,외화증권매수,그래닛셰어즈 엔비디아 데일리 2배 ETF,25,79,1983,1983,250,0,0,0,2026.03.17
2026.03.17,매수,외화증권매수,오라클,5,160,803,803,35,0,0,0,2026.03.17
2026.03.17,매수,외화증권매수,사우스웨스트 에어라인스,20,39,782,782,100,0,0,0,2026.03.17
2026.03.18,매수,외화증권매수,AST 스페이스모바일,10,87,874,874,60,0,0,0,2026.03.18
2026.03.18,매수,외화증권매수,AST 스페이스모바일,10,88,887,887,70,0,0,0,2026.03.18
2026.03.18,매수,외화증권매수,블룸 에너지,5,158,794,794,29,0,0,0,2026.03.18
2026.03.18,매수,외화증권매수,블룸 에너지,6,157,943,943,35,0,0,0,2026.03.18
2026.03.18,매수,외화증권매수,브로드컴,5,325,1628,1628,20,0,0,0,2026.03.18
2026.03.18,매수,외화증권매수,디렉시온 타이완반도체 2배 ETF,10,59,594,594,170,0,0,0,2026.03.18
2026.03.18,매수,외화증권매수,디렉시온 타이완반도체 2배 ETF,40,59,2363,2363,210,0,0,0,2026.03.18
2026.03.18,매수,외화증권매수,그래닛셰어즈 엔비디아 데일리 2배 ETF,10,80,808,808,260,0,0,0,2026.03.18
2026.03.18,매수,외화증권매수,그래닛셰어즈 엔비디아 데일리 2배 ETF,20,81,1631,1631,280,0,0,0,2026.03.18
2026.03.18,매수,외화증권매수,그래닛셰어즈 엔비디아 데일리 2배 ETF,20,81,1634,1634,300,0,0,0,2026.03.18
2026.03.18,매수,외화증권매수,오라클,5,157,786,786,40,0,0,0,2026.03.18
2026.03.18,매수,외화증권매수,사우스웨스트 에어라인스,10,39,391,391,110,0,0,0,2026.03.18
2026.03.18,매수,외화증권매수,사우스웨스트 에어라인스,20,39,787,787,130,0,0,0,2026.03.18
2026.03.19,매도,외화증권매도,브로드컴,4,320,1281,1281,16,0,0,0,2026.03.19
2026.03.19,매도,외화증권매도,오라클,8,154,1237,1237,32,0,0,0,2026.03.19
2026.03.19,매수,외화증권매수,그래닛셰어즈 엔비디아 데일리 2배 ETF,30,80,2409,2409,330,0,0,0,2026.03.19
2026.03.19,환전,외화매도,,0,0,10032714,6700,0,10112923,0,0,2026.03.19
2026.03.19,출금,이체출금,,0,0,10000000,10000000,0,112923,0,0,2026.03.19
2026.03.20,매도,외화증권매도,AST 스페이스모바일,10,94,940,940,60,0,0,0,2026.03.20
2026.03.20,매도,외화증권매도,블룸 에너지,5,160,801,801,30,0,0,0,2026.03.20
2026.03.20,매도,외화증권매도,브로드컴,16,323,5177,5177,0,0,0,0,2026.03.20
2026.03.20,매도,외화증권매도,디렉시온 타이완반도체 2배 ETF,10,61,611,611,200,0,0,0,2026.03.20
2026.03.20,매도,외화증권매도,디렉시온 타이완반도체 2배 ETF,20,59,1199,1199,180,0,0,0,2026.03.20
2026.03.20,매도,외화증권매도,그래닛셰어즈 엔비디아 데일리 2배 ETF,16,79,1278,1278,314,0,0,0,2026.03.20
2026.03.20,매도,외화증권매도,그래닛셰어즈 엔비디아 데일리 2배 ETF,30,80,2414,2414,284,0,0,0,2026.03.20
2026.03.20,매도,외화증권매도,그래닛셰어즈 엔비디아 데일리 2배 ETF,34,79,2715,2715,250,0,0,0,2026.03.20
2026.03.20,매도,외화증권매도,TRADR 샌디스크 2배 ETF,10,51,511,511,350,0,0,0,2026.03.20
2026.03.20,매도,외화증권매도,TRADR 샌디스크 2배 ETF,30,53,1598,1598,320,0,0,0,2026.03.20
2026.03.20,매도,외화증권매도,TRADR 샌디스크 2배 ETF,50,50,2502,2502,270,0,0,0,2026.03.20
2026.03.20,매도,외화증권매도,오라클,2,154,308,308,30,0,0,0,2026.03.20
2026.03.20,매도,외화증권매도,사우스웨스트 에어라인스,10,41,411,411,120,0,0,0,2026.03.20
2026.03.20,매도,외화증권매도,테라다인,4,302,1208,1208,-4,0,0,0,2026.03.20
2026.03.20,매수,외화증권매수,테라다인,16,309,4946,4946,12,0,0,0,2026.03.20
2026.03.24,매도,외화증권매도,TRADR 샌디스크 2배 ETF,4,56,224,224,266,0,0,0,2026.03.24
2026.03.24,매도,외화증권매도,TRADR 샌디스크 2배 ETF,16,56,899,899,250,0,0,0,2026.03.24
2026.03.25,매수,외화증권매수,디렉시온 타이완반도체 2배 ETF,100,56,5632,5632,280,0,0,0,2026.03.25
2026.03.25,매수,외화증권매수,그래닛셰어즈 엔비디아 데일리 2배 ETF,64,75,4839,4839,314,0,0,0,2026.03.25
2026.03.25,매수,외화증권매수,그래닛셰어즈 엔비디아 데일리 2배 ETF,100,74,7477,7477,414,0,0,0,2026.03.25
2026.03.25,환전,통합증거금결제금생성(외화),,0,0,73116,48,0,39807,0,0,2026.03.25
2026.03.26,매도,외화증권매도,AST 스페이스모바일,10,88,880,880,50,0,0,0,2026.03.26
2026.03.26,매도,외화증권매도,디렉시온 타이완반도체 2배 ETF,80,57,4580,4580,200,0,0,0,2026.03.26
2026.03.26,매도,외화증권매도,그래닛셰어즈 엔비디아 데일리 2배 ETF,14,74,1040,1040,400,0,0,0,2026.03.26
2026.03.26,매도,외화증권매도,그래닛셰어즈 엔비디아 데일리 2배 ETF,100,74,7434,7434,300,0,0,0,2026.03.26
2026.03.26,매도,외화증권매도,오라클,5,154,773,773,25,0,0,0,2026.03.26
2026.03.26,매도,외화증권매도,사우스웨스트 에어라인스,20,40,801,801,100,0,0,0,2026.03.26
2026.03.26,매수,외화증권매수,샌디스크,5,698,3492,3492,5,0,0,0,2026.03.26
2026.03.26,매수,외화증권매수,샌디스크,5,699,3495,3495,10,0,0,0,2026.03.26
2026.03.27,매도,외화증권매도,그래닛셰어즈 엔비디아 데일리 2배 ETF,50,75,3778,3778,250,0,0,0,2026.03.27
2026.03.27,매도,외화증권매도,TRADR 샌디스크 2배 ETF,100,41,4168,4168,150,0,0,0,2026.03.27
2026.03.27,매도,외화증권매도,오라클,25,149,3740,3740,0,0,0,0,2026.03.27
2026.03.27,매도,외화증권매도,샌디스크,10,706,7060,7060,0,0,0,0,2026.03.27
2026.03.27,매수,외화증권매수,암 홀딩스 ADR,5,158,790,790,5,0,0,0,2026.03.27
2026.03.27,매수,외화증권매수,암 홀딩스 ADR,15,157,2369,2369,20,0,0,0,2026.03.27
2026.03.27,매수,외화증권매수,암 홀딩스 ADR,15,158,2370,2370,35,0,0,0,2026.03.27
2026.03.27,매수,외화증권매수,GE 버노바,3,922,2768,2768,3,0,0,0,2026.03.27
2026.03.27,매수,외화증권매수,그래닛셰어즈 엔비디아 데일리 2배 ETF,10,75,758,758,260,0,0,0,2026.03.27
2026.03.27,매수,외화증권매수,그래닛셰어즈 엔비디아 데일리 2배 ETF,40,75,3035,3035,300,0,0,0,2026.03.27
2026.03.27,매수,외화증권매수,TRADR 샌디스크 2배 ETF,100,40,4003,4003,250,0,0,0,2026.03.27
2026.03.27,매수,외화증권매수,TRADR 샌디스크 2배 ETF,100,40,4079,4079,350,0,0,0,2026.03.27
2026.03.27,매수,외화증권매수,TRADR 샌디스크 2배 ETF,150,46,7038,7038,500,0,0,0,2026.03.27
2026.03.30,매도,외화증권매도,AST 스페이스모바일,10,94,940,940,40,0,0,0,2026.03.30
2026.03.30,매도,외화증권매도,암 홀딩스 ADR,15,160,2410,2410,20,0,0,0,2026.03.30
2026.03.30,매도,외화증권매도,테라다인,12,302,3632,3632,0,0,0,0,2026.03.30
2026.03.30,매수,외화증권매수,암 홀딩스 ADR,20,159,3180,3180,40,0,0,0,2026.03.30
2026.03.30,매수,외화증권매수,블룸 에너지,10,135,1357,1357,40,0,0,0,2026.03.30
2026.03.30,매수,외화증권매수,TRADR 샌디스크 2배 ETF,50,36,1848,1848,550,0,0,0,2026.03.30
2026.04.01,입금,외화배당금입금,디렉시온 타이완반도체 2배 ETF,0,0,57,57,0,0,0,0,2026.04.01
2026.04.02,매도,외화증권매도,사우스웨스트 에어라인스,100,37,3735,3735,0,0,0,0,2026.04.02
2026.04.02,매수,외화증권매수,블룸 에너지,5,121,606,606,45,0,0,0,2026.04.02
2026.04.02,매수,외화증권매수,루멘텀 홀딩스,2,692,1384,1384,2,0,0,0,2026.04.02
2026.04.02,매수,외화증권매수,루멘텀 홀딩스,3,692,2077,2077,5,0,0,0,2026.04.02
2026.04.03,매도,외화증권매도,암 홀딩스 ADR,5,156,782,782,35,0,0,0,2026.04.03
2026.04.03,매도,외화증권매도,암 홀딩스 ADR,5,156,784,784,30,0,0,0,2026.04.03
2026.04.03,매도,외화증권매도,블룸 에너지,5,133,669,669,40,0,0,0,2026.04.03
2026.04.03,매도,외화증권매도,TRADR 샌디스크 2배 ETF,50,41,2064,2064,500,0,0,0,2026.04.03
2026.04.03,매수,외화증권매수,AST 스페이스모바일,5,85,428,428,45,0,0,0,2026.04.03
2026.04.03,매수,외화증권매수,AST 스페이스모바일,10,85,859,859,55,0,0,0,2026.04.03
2026.04.03,매수,외화증권매수,디렉시온 타이완반도체 2배 ETF,20,59,1191,1191,220,0,0,0,2026.04.03
2026.04.03,매수,외화증권매수,그래닛셰어즈 엔비디아 데일리 2배 ETF,30,73,2217,2217,330,0,0,0,2026.04.03
2026.04.03,환전,통합증거금결제금생성(외화),,0,0,29926,19,0,9881,0,0,2026.04.03
2026.04.08,매도,외화증권매도,TRADR 샌디스크 2배 ETF,50,47,2357,2357,450,0,0,0,2026.04.08
2026.04.08,매도,외화증권매도,루멘텀 홀딩스,1,842,842,842,4,0,0,0,2026.04.08
2026.04.08,매수,외화증권매수,AST 스페이스모바일,1,94,94,94,56,0,0,0,2026.04.08
2026.04.08,매수,외화증권매수,AST 스페이스모바일,4,93,375,375,60,0,0,0,2026.04.08
2026.04.08,매수,외화증권매수,AST 스페이스모바일,5,93,469,469,65,0,0,0,2026.04.08
2026.04.08,매수,외화증권매수,암 홀딩스 ADR,5,150,751,751,35,0,0,0,2026.04.08
2026.04.08,매수,외화증권매수,블룸 에너지,5,137,689,689,45,0,0,0,2026.04.08
2026.04.08,매수,외화증권매수,블룸 에너지,5,138,693,693,50,0,0,0,2026.04.08
2026.04.09,매도,외화증권매도,AST 스페이스모바일,10,96,967,967,55,0,0,0,2026.04.09
2026.04.09,매도,외화증권매도,암 홀딩스 ADR,10,147,1478,1478,25,0,0,0,2026.04.09
2026.04.09,매도,외화증권매도,암 홀딩스 ADR,10,148,1480,1480,15,0,0,0,2026.04.09
2026.04.09,매도,외화증권매도,암 홀딩스 ADR,40,149,5960,5960,-25,0,0,0,2026.04.09
2026.04.09,매도,외화증권매도,블룸 에너지,8,142,1140,1140,42,0,0,0,2026.04.09
2026.04.09,매도,외화증권매도,GE 버노바,3,886,2659,2659,0,0,0,0,2026.04.09
2026.04.09,매도,외화증권매도,그래닛셰어즈 엔비디아 데일리 2배 ETF,80,78,6264,6264,250,0,0,0,2026.04.09
2026.04.09,매도,외화증권매도,TRADR 샌디스크 2배 ETF,10,48,483,483,440,0,0,0,2026.04.09
2026.04.09,매도,외화증권매도,TRADR 샌디스크 2배 ETF,40,48,1933,1933,400,0,0,0,2026.04.09
2026.04.09,매도,외화증권매도,루멘텀 홀딩스,4,781,3126,3126,0,0,0,0,2026.04.09
2026.04.09,매수,외화증권매수,AST 스페이스모바일,5,90,454,454,60,0,0,0,2026.04.09
2026.04.09,매수,외화증권매수,AST 스페이스모바일,10,91,911,911,70,0,0,0,2026.04.09
2026.04.09,매수,외화증권매수,암 홀딩스 ADR,5,138,692,692,-20,0,0,0,2026.04.09
2026.04.09,매수,외화증권매수,암 홀딩스 ADR,10,139,1391,1391,-10,0,0,0,2026.04.09
2026.04.09,매수,외화증권매수,암 홀딩스 ADR,10,139,1396,1396,0,0,0,0,2026.04.09
2026.04.09,매수,외화증권매수,블룸 에너지,3,133,399,399,45,0,0,0,2026.04.09
2026.04.09,매수,외화증권매수,블룸 에너지,5,132,660,660,50,0,0,0,2026.04.09
2026.04.09,매수,외화증권매수,디렉시온 브로드컴 2배 ETF,20,39,794,794,20,0,0,0,2026.04.09
2026.04.09,매수,외화증권매수,디렉시온 브로드컴 2배 ETF,150,39,5935,5935,170,0,0,0,2026.04.09
2026.04.09,매수,외화증권매수,그래닛셰어즈 인텔 데일리 2배 ETF,19,77,1468,1468,19,0,0,0,2026.04.09
2026.04.09,매수,외화증권매수,그래닛셰어즈 인텔 데일리 2배 ETF,21,77,1622,1622,40,0,0,0,2026.04.09
2026.04.09,매수,외화증권매수,그래닛셰어즈 인텔 데일리 2배 ETF,50,77,3864,3864,90,0,0,0,2026.04.09
2026.04.09,매수,외화증권매수,레버리지셰어즈 ARM 2배 ETF,640,9,6016,6016,640,0,0,0,2026.04.09
2026.04.12,입금,예탁금이용료,,0,0,71,71,0,9952,0,0,2026.04.13
2026.04.13,매도,외화증권매도,디렉시온 타이완반도체 2배 ETF,20,66,1328,1328,200,0,0,0,2026.04.13
2026.04.13,매도,외화증권매도,디렉시온 브로드컴 2배 ETF,20,42,852,852,150,0,0,0,2026.04.13
2026.04.13,매도,외화증권매도,그래닛셰어즈 인텔 데일리 2배 ETF,10,94,947,947,80,0,0,0,2026.04.13
2026.04.13,매도,외화증권매도,그래닛셰어즈 엔비디아 데일리 2배 ETF,10,78,783,783,240,0,0,0,2026.04.13
2026.04.13,매도,외화증권매도,TRADR 샌디스크 2배 ETF,30,58,1755,1755,370,0,0,0,2026.04.13
2026.04.13,매도,외화증권매도,TRADR 샌디스크 2배 ETF,30,58,1761,1761,340,0,0,0,2026.04.13
2026.04.13,매도,외화증권매도,TRADR 샌디스크 2배 ETF,40,59,2384,2384,300,0,0,0,2026.04.13
2026.04.13,매도,외화증권매도,레버리지셰어즈 ARM 2배 ETF,240,9,2244,2244,400,0,0,0,2026.04.13
2026.04.13,매도,외화증권매도,레버리지셰어즈 ARM 2배 ETF,400,9,3760,3760,0,0,0,0,2026.04.13
2026.04.13,매수,외화증권매수,AST 스페이스모바일,10,94,947,947,80,0,0,0,2026.04.13
2026.04.13,매수,외화증권매수,어플라이드 옵토일렉트로닉스,10,135,1352,1352,10,0,0,0,2026.04.13
2026.04.13,매수,외화증권매수,어플라이드 옵토일렉트로닉스,20,135,2701,2701,30,0,0,0,2026.04.13
2026.04.13,매수,외화증권매수,어플라이드 옵토일렉트로닉스,40,134,5398,5398,70,0,0,0,2026.04.13
2026.04.13,매수,외화증권매수,그래닛셰어즈 엔비디아 데일리 2배 ETF,60,79,4796,4796,300,0,0,0,2026.04.13
2026.04.13,입금,이체입금,,0,0,10000000,10000000,0,10009952,0,0,2026.04.13
2026.04.14,매도,외화증권매도,AST 스페이스모바일,10,93,937,937,70,0,0,0,2026.04.14
2026.04.14,매도,외화증권매도,어플라이드 옵토일렉트로닉스,10,136,1363,1363,60,0,0,0,2026.04.14
2026.04.14,매도,외화증권매도,어플라이드 옵토일렉트로닉스,10,136,1365,1365,50,0,0,0,2026.04.14
2026.04.14,매도,외화증권매도,어플라이드 옵토일렉트로닉스,10,137,1371,1371,40,0,0,0,2026.04.14
2026.04.14,매도,외화증권매도,어플라이드 옵토일렉트로닉스,10,137,1371,1371,30,0,0,0,2026.04.14
2026.04.14,매도,외화증권매도,어플라이드 옵토일렉트로닉스,10,140,1401,1401,20,0,0,0,2026.04.14
2026.04.14,매도,외화증권매도,어플라이드 옵토일렉트로닉스,20,136,2736,2736,0,0,0,0,2026.04.14
2026.04.14,매도,외화증권매도,블룸 에너지,5,159,799,799,45,0,0,0,2026.04.14
2026.04.14,매도,외화증권매도,블룸 에너지,5,162,811,811,40,0,0,0,2026.04.14
2026.04.14,매도,외화증권매도,디렉시온 타이완반도체 2배 ETF,10,68,682,682,190,0,0,0,2026.04.14
2026.04.14,매도,외화증권매도,디렉시온 타이완반도체 2배 ETF,20,67,1352,1352,170,0,0,0,2026.04.14
2026.04.14,매도,외화증권매도,디렉시온 타이완반도체 2배 ETF,20,69,1387,1387,150,0,0,0,2026.04.14
2026.04.14,매도,외화증권매도,디렉시온 브로드컴 2배 ETF,30,45,1377,1377,120,0,0,0,2026.04.14
2026.04.14,매도,외화증권매도,그래닛셰어즈 인텔 데일리 2배 ETF,10,100,1005,1005,70,0,0,0,2026.04.14
2026.04.14,매도,외화증권매도,그래닛셰어즈 인텔 데일리 2배 ETF,10,101,1016,1016,60,0,0,0,2026.04.14
2026.04.14,매도,외화증권매도,그래닛셰어즈 엔비디아 데일리 2배 ETF,100,84,8476,8476,200,0,0,0,2026.04.14
2026.04.14,매도,외화증권매도,TRADR 샌디스크 2배 ETF,10,65,650,650,290,0,0,0,2026.04.14
2026.04.14,매도,외화증권매도,TRADR 샌디스크 2배 ETF,20,63,1276,1276,270,0,0,0,2026.04.14
2026.04.14,매도,외화증권매도,TRADR 샌디스크 2배 ETF,20,65,1307,1307,250,0,0,0,2026.04.14
2026.04.14,매도,외화증권매도,TRADR 샌디스크 2배 ETF,30,66,1982,1982,220,0,0,0,2026.04.14
2026.04.14,매수,외화증권매수,AST 스페이스모바일,10,94,948,948,80,0,0,0,2026.04.14
2026.04.14,매수,외화증권매수,AST 스페이스모바일,10,96,966,966,90,0,0,0,2026.04.14
2026.04.14,매수,외화증권매수,디렉시온 팔란티어 2배 ETF,10,33,334,334,10,0,0,0,2026.04.14
2026.04.14,매수,외화증권매수,디렉시온 팔란티어 2배 ETF,10,33,335,335,20,0,0,0,2026.04.14
2026.04.14,매수,외화증권매수,디렉시온 팔란티어 2배 ETF,40,33,1343,1343,60,0,0,0,2026.04.14
2026.04.14,매수,외화증권매수,디렉시온 팔란티어 2배 ETF,40,33,1349,1349,100,0,0,0,2026.04.14
2026.04.14,매수,외화증권매수,디렉시온 팔란티어 2배 ETF,50,33,1687,1687,150,0,0,0,2026.04.14
2026.04.14,매수,외화증권매수,디렉시온 팔란티어 2배 ETF,50,33,1688,1688,200,0,0,0,2026.04.14
2026.04.14,매수,외화증권매수,디렉시온 팔란티어 2배 ETF,100,33,3396,3396,300,0,0,0,2026.04.14
2026.04.14,매수,외화증권매수,디렉시온 팔란티어 2배 ETF,100,34,3400,3400,400,0,0,0,2026.04.14
2026.04.14,매수,외화증권매수,그래닛셰어즈 엔비디아 데일리 2배 ETF,100,83,8362,8362,300,0,0,0,2026.04.14
2026.04.15,매수,외화증권매수,AST 스페이스모바일,10,93,936,936,100,0,0,0,2026.04.15
2026.04.15,매수,외화증권매수,디렉시온 타이완반도체 2배 ETF,50,67,3366,3366,200,0,0,0,2026.04.15
2026.04.15,매수,외화증권매수,디렉시온 브로드컴 2배 ETF,30,46,1388,1388,150,0,0,0,2026.04.15
2026.04.15,매수,외화증권매수,그래닛셰어즈 인텔 데일리 2배 ETF,20,100,2014,2014,80,0,0,0,2026.04.15
2026.04.15,매수,외화증권매수,그래닛셰어즈 인텔 데일리 2배 ETF,20,101,2027,2027,100,0,0,0,2026.04.15
2026.04.15,환전,통합증거금결제금생성(외화),,0,0,352790,239,0,9657162,0,0,2026.04.15
2026.04.16,매도,외화증권매도,AST 스페이스모바일,120,91,11034,11034,-20,0,0,0,2026.04.16
2026.04.16,매도,외화증권매도,블룸 에너지,5,210,1051,1051,35,0,0,0,2026.04.16
2026.04.16,매도,외화증권매도,블룸 에너지,5,210,1053,1053,30,0,0,0,2026.04.16
2026.04.16,매도,외화증권매도,디렉시온 팔란티어 2배 ETF,50,37,1877,1877,350,0,0,0,2026.04.16
2026.04.16,매도,외화증권매도,디렉시온 팔란티어 2배 ETF,50,37,1877,1877,300,0,0,0,2026.04.16
2026.04.16,매도,외화증권매도,디렉시온 팔란티어 2배 ETF,50,37,1893,1893,250,0,0,0,2026.04.16
2026.04.16,매도,외화증권매도,디렉시온 팔란티어 2배 ETF,50,38,1920,1920,200,0,0,0,2026.04.16
2026.04.16,매도,외화증권매도,그래닛셰어즈 엔비디아 데일리 2배 ETF,20,87,1758,1758,280,0,0,0,2026.04.16
2026.04.16,매도,외화증권매도,그래닛셰어즈 엔비디아 데일리 2배 ETF,30,87,2635,2635,250,0,0,0,2026.04.16
2026.04.16,매도,외화증권매도,TRADR AAOI 2배 ETF,30,51,1542,1542,-30,0,0,0,2026.04.16
2026.04.16,매도,외화증권매도,TRADR 샌디스크 2배 ETF,20,76,1535,1535,200,0,0,0,2026.04.16
2026.04.16,매수,외화증권매수,AST 스페이스모바일,20,91,1824,1824,0,0,0,0,2026.04.16
2026.04.16,매수,외화증권매수,그래닛셰어즈 인텔 데일리 2배 ETF,20,103,2070,2070,120,0,0,0,2026.04.16
2026.04.16,매수,외화증권매수,그래닛셰어즈 인텔 데일리 2배 ETF,30,103,3100,3100,150,0,0,0,2026.04.16
2026.04.16,매수,외화증권매수,TRADR AST 스페이스모바일 2배 ETF,7,43,306,306,7,0,0,0,2026.04.16
2026.04.16,매수,외화증권매수,TRADR AST 스페이스모바일 2배 ETF,16,44,704,704,23,0,0,0,2026.04.16
2026.04.16,매수,외화증권매수,TRADR AST 스페이스모바일 2배 ETF,36,43,1579,1579,59,0,0,0,2026.04.16
2026.04.16,매수,외화증권매수,TRADR AST 스페이스모바일 2배 ETF,96,43,4167,4167,155,0,0,0,2026.04.16
2026.04.16,매수,외화증권매수,TRADR AST 스페이스모바일 2배 ETF,104,43,4530,4530,259,0,0,0,2026.04.16
2026.04.16,매수,외화증권매수,TRADR AAOI 2배 ETF,20,50,1018,1018,-10,0,0,0,2026.04.16
2026.04.16,매수,외화증권매수,TRADR AAOI 2배 ETF,30,50,1527,1527,20,0,0,0,2026.04.16
2026.04.16,매수,외화증권매수,TRADR AAOI 2배 ETF,60,51,3094,3094,80,0,0,0,2026.04.16
2026.04.16,매수,외화증권매수,TRADR AAOI 2배 ETF,70,50,3568,3568,150,0,0,0,2026.04.16
2026.04.16,매수,외화증권매수,로빈후드,2,82,165,165,2,0,0,0,2026.04.16
2026.04.16,매수,외화증권매수,로빈후드,18,82,1493,1493,20,0,0,0,2026.04.16
2026.04.16,매수,외화증권매수,로빈후드,60,82,4971,4971,80,0,0,0,2026.04.16
2026.04.16,환전,통합증거금결제금생성(외화),,0,0,8761982,5940,0,895180,0,0,2026.04.16
2026.04.17,매도,외화증권매도,블룸 에너지,10,212,2126,2126,20,0,0,0,2026.04.17
2026.04.17,매도,외화증권매도,디렉시온 팔란티어 2배 ETF,50,41,2060,2060,150,0,0,0,2026.04.17
2026.04.17,매도,외화증권매도,디렉시온 브로드컴 2배 ETF,30,52,1581,1581,120,0,0,0,2026.04.17
2026.04.17,매도,외화증권매도,그래닛셰어즈 엔비디아 데일리 2배 ETF,10,93,931,931,240,0,0,0,2026.04.17
2026.04.17,매도,외화증권매도,그래닛셰어즈 엔비디아 데일리 2배 ETF,40,93,3728,3728,200,0,0,0,2026.04.17
2026.04.17,매수,외화증권매수,그래닛셰어즈 인텔 데일리 2배 ETF,50,107,5391,5391,200,0,0,0,2026.04.17
2026.04.17,매수,외화증권매수,TRADR AST 스페이스모바일 2배 ETF,41,38,1573,1573,300,0,0,0,2026.04.17
2026.04.17,매수,외화증권매수,TRADR AAOI 2배 ETF,30,46,1401,1401,180,0,0,0,2026.04.17
2026.04.17,매수,외화증권매수,TRADR AAOI 2배 ETF,50,46,2343,2343,230,0,0,0,2026.04.17
2026.04.17,환전,통합증거금결제금생성(외화),,0,0,416292,280,0,478888,0,0,2026.04.17
2026.04.20,매도,외화증권매도,블룸 에너지,5,213,1067,1067,15,0,0,0,2026.04.20
2026.04.20,매도,외화증권매도,블룸 에너지,15,213,3197,3197,0,0,0,0,2026.04.20
2026.04.20,매도,외화증권매도,디렉시온 팔란티어 2배 ETF,50,42,2110,2110,100,0,0,0,2026.04.20
2026.04.20,매도,외화증권매도,디렉시온 팔란티어 2배 ETF,50,42,2110,2110,50,0,0,0,2026.04.20
2026.04.20,매도,외화증권매도,디렉시온 팔란티어 2배 ETF,50,42,2115,2115,0,0,0,0,2026.04.20
2026.04.20,매수,외화증권매수,티렉스 로빈후드 타겟 2배 ETF,150,27,4165,4165,150,0,0,0,2026.04.20
2026.04.20,매수,외화증권매수,티렉스 로빈후드 타겟 2배 ETF,150,27,4182,4182,300,0,0,0,2026.04.20
2026.04.20,매수,외화증권매수,TRADR AAOI 2배 ETF,3,46,138,138,233,0,0,0,2026.04.20
2026.04.20,매수,외화증권매수,TRADR AAOI 2배 ETF,6,46,277,277,239,0,0,0,2026.04.20
2026.04.20,매수,외화증권매수,TRADR AAOI 2배 ETF,7,46,326,326,246,0,0,0,2026.04.20
2026.04.20,매수,외화증권매수,로빈후드,20,89,1795,1795,100,0,0,0,2026.04.20
2026.04.20,환전,통합증거금결제금생성(외화),,0,0,421276,285,0,57612,0,0,2026.04.20
2026.04.21,매도,외화증권매도,디렉시온 타이완반도체 2배 ETF,10,68,684,684,190,0,0,0,2026.04.21
2026.04.21,매도,외화증권매도,디렉시온 타이완반도체 2배 ETF,10,68,685,685,180,0,0,0,2026.04.21
2026.04.21,매도,외화증권매도,티렉스 로빈후드 타겟 2배 ETF,50,28,1406,1406,250,0,0,0,2026.04.21
2026.04.21,매도,외화증권매도,그래닛셰어즈 인텔 데일리 2배 ETF,10,122,1222,1222,190,0,0,0,2026.04.21
2026.04.21,매도,외화증권매도,그래닛셰어즈 인텔 데일리 2배 ETF,10,122,1223,1223,180,0,0,0,2026.04.21
2026.04.21,매도,외화증권매도,그래닛셰어즈 엔비디아 데일리 2배 ETF,10,94,947,947,190,0,0,0,2026.04.21
2026.04.21,매도,외화증권매도,그래닛셰어즈 엔비디아 데일리 2배 ETF,10,94,948,948,180,0,0,0,2026.04.21
2026.04.21,매도,외화증권매도,TRADR AAOI 2배 ETF,21,56,1193,1193,225,0,0,0,2026.04.21
2026.04.21,매도,외화증권매도,TRADR AAOI 2배 ETF,25,57,1448,1448,200,0,0,0,2026.04.21
2026.04.21,매도,외화증권매도,TRADR 샌디스크 2배 ETF,10,71,716,716,190,0,0,0,2026.04.21
2026.04.21,매도,외화증권매도,TRADR 샌디스크 2배 ETF,10,73,733,733,180,0,0,0,2026.04.21
2026.04.21,매도,외화증권매도,로빈후드,20,91,1836,1836,80,0,0,0,2026.04.21
2026.04.22,매도,외화증권매도,그래닛셰어즈 인텔 데일리 2배 ETF,20,110,2219,2219,160,0,0,0,2026.04.22
2026.04.22,매도,외화증권매도,TRADR AST 스페이스모바일 2배 ETF,100,31,3145,3145,200,0,0,0,2026.04.22
2026.04.22,매도,외화증권매도,TRADR AST 스페이스모바일 2배 ETF,100,33,3349,3349,100,0,0,0,2026.04.22
2026.04.22,매도,외화증권매도,TRADR AST 스페이스모바일 2배 ETF,100,33,3354,3354,0,0,0,0,2026.04.22
2026.04.22,매도,외화증권매도,TRADR AAOI 2배 ETF,20,56,1133,1133,180,0,0,0,2026.04.22
2026.04.22,매도,외화증권매도,로빈후드,80,88,7090,7090,0,0,0,0,2026.04.22
2026.04.22,매수,외화증권매수,디렉시온 브로드컴 2배 ETF,30,53,1609,1609,150,0,0,0,2026.04.22
2026.04.22,매수,외화증권매수,디렉시온 브로드컴 2배 ETF,30,54,1626,1626,180,0,0,0,2026.04.22
2026.04.22,매수,외화증권매수,티렉스 로빈후드 타겟 2배 ETF,50,27,1364,1364,300,0,0,0,2026.04.22
2026.04.22,매수,외화증권매수,티렉스 로빈후드 타겟 2배 ETF,60,27,1645,1645,360,0,0,0,2026.04.22
2026.04.22,매수,외화증권매수,그래닛셰어즈 인텔 데일리 2배 ETF,20,109,2198,2198,180,0,0,0,2026.04.22
2026.04.22,매수,외화증권매수,TRADR AST 스페이스모바일 2배 ETF,140,26,3680,3680,140,0,0,0,2026.04.22
2026.04.22,매수,외화증권매수,TRADR AST 스페이스모바일 2배 ETF,160,26,4200,4200,300,0,0,0,2026.04.22
2026.04.23,매도,외화증권매도,티렉스 로빈후드 타겟 2배 ETF,40,26,1072,1072,320,0,0,0,2026.04.23
2026.04.23,매도,외화증권매도,그래닛셰어즈 인텔 데일리 2배 ETF,20,114,2280,2280,160,0,0,0,2026.04.23
2026.04.23,매도,외화증권매도,TRADR AST 스페이스모바일 2배 ETF,30,34,1026,1026,270,0,0,0,2026.04.23
2026.04.23,매수,외화증권매수,티렉스 로빈후드 타겟 2배 ETF,40,26,1055,1055,360,0,0,0,2026.04.23
2026.04.23,매수,외화증권매수,TRADR AST 스페이스모바일 2배 ETF,30,33,995,995,300,0,0,0,2026.04.23
2026.04.23,매수,외화증권매수,TRADR AAOI 2배 ETF,20,55,1107,1107,200,0,0,0,2026.04.23
2026.04.23,매수,외화증권매수,TRADR AAOI 2배 ETF,20,55,1110,1110,220,0,0,0,2026.04.23
2026.04.24,매도,외화증권매도,센트러스 에너지,30,210,6307,6307,-30,0,0,0,2026.04.24
2026.04.24,매도,외화증권매도,티렉스 로빈후드 타겟 2배 ETF,60,27,1650,1650,300,0,0,0,2026.04.24
2026.04.24,매도,외화증권매도,그래닛셰어즈 인텔 데일리 2배 ETF,10,116,1165,1165,150,0,0,0,2026.04.24
2026.04.24,매도,외화증권매도,그래닛셰어즈 인텔 데일리 2배 ETF,20,116,2329,2329,130,0,0,0,2026.04.24
2026.04.24,매도,외화증권매도,TRADR AST 스페이스모바일 2배 ETF,50,37,1860,1860,250,0,0,0,2026.04.24
2026.04.24,매도,외화증권매도,TRADR AAOI 2배 ETF,40,54,2180,2180,180,0,0,0,2026.04.24
2026.04.24,매도,외화증권매도,TRADR AAOI 2배 ETF,50,49,2471,2471,130,0,0,0,2026.04.24
2026.04.24,매도,외화증권매도,TRADR AAOI 2배 ETF,100,49,4941,4941,30,0,0,0,2026.04.24
2026.04.24,매도,외화증권매도,벤처 글로벌,500,12,6205,6205,-500,0,0,0,2026.04.24
2026.04.24,매수,외화증권매수,센트러스 에너지,30,210,6307,6307,0,0,0,0,2026.04.24
2026.04.24,매수,외화증권매수,디렉시온 타이완반도체 2배 ETF,20,67,1355,1355,200,0,0,0,2026.04.24
2026.04.24,매수,외화증권매수,티렉스 로빈후드 타겟 2배 ETF,50,26,1328,1328,350,0,0,0,2026.04.24
2026.04.24,매수,외화증권매수,티렉스 로빈후드 타겟 2배 ETF,50,26,1331,1331,400,0,0,0,2026.04.24
2026.04.24,매수,외화증권매수,그래닛셰어즈 인텔 데일리 2배 ETF,10,111,1115,1115,140,0,0,0,2026.04.24
2026.04.24,매수,외화증권매수,그래닛셰어즈 인텔 데일리 2배 ETF,40,111,4464,4464,180,0,0,0,2026.04.24
2026.04.24,매수,외화증권매수,TRADR AST 스페이스모바일 2배 ETF,50,35,1753,1753,300,0,0,0,2026.04.24
2026.04.24,매수,외화증권매수,TRADR AAOI 2배 ETF,1,47,47,47,31,0,0,0,2026.04.24
2026.04.24,매수,외화증권매수,TRADR AAOI 2배 ETF,20,46,936,936,51,0,0,0,2026.04.24
2026.04.24,매수,외화증권매수,TRADR AAOI 2배 ETF,20,47,949,949,71,0,0,0,2026.04.24
2026.04.24,매수,외화증권매수,TRADR AAOI 2배 ETF,29,47,1367,1367,100,0,0,0,2026.04.24
2026.04.24,매수,외화증권매수,TRADR AAOI 2배 ETF,50,46,2310,2310,150,0,0,0,2026.04.24
2026.04.24,매수,외화증권매수,TRADR AAOI 2배 ETF,50,47,2365,2365,200,0,0,0,2026.04.24
2026.04.24,매수,외화증권매수,TRADR AAOI 2배 ETF,50,47,2385,2385,250,0,0,0,2026.04.24
2026.04.24,매수,외화증권매수,벤처 글로벌,500,12,6207,6207,0,0,0,0,2026.04.24
2026.04.27,매도,외화증권매도,디렉시온 타이완반도체 2배 ETF,20,71,1424,1424,180,0,0,0,2026.04.27
2026.04.27,매도,외화증권매도,티렉스 로빈후드 타겟 2배 ETF,50,24,1220,1220,350,0,0,0,2026.04.27
2026.04.27,매도,외화증권매도,티렉스 로빈후드 타겟 2배 ETF,50,26,1312,1312,300,0,0,0,2026.04.27
2026.04.27,매도,외화증권매도,그래닛셰어즈 인텔 데일리 2배 ETF,10,113,1133,1133,170,0,0,0,2026.04.27
2026.04.27,매도,외화증권매도,그래닛셰어즈 인텔 데일리 2배 ETF,10,113,1135,1135,160,0,0,0,2026.04.27
2026.04.27,매도,외화증권매도,그래닛셰어즈 인텔 데일리 2배 ETF,10,156,1565,1565,150,0,0,0,2026.04.27
2026.04.27,매도,외화증권매도,그래닛셰어즈 인텔 데일리 2배 ETF,10,156,1566,1566,140,0,0,0,2026.04.27
2026.04.27,매도,외화증권매도,TRADR AST 스페이스모바일 2배 ETF,50,31,1591,1591,250,0,0,0,2026.04.27
2026.04.27,매도,외화증권매도,TRADR AST 스페이스모바일 2배 ETF,50,34,1734,1734,200,0,0,0,2026.04.27
2026.04.27,매도,외화증권매도,TRADR AAOI 2배 ETF,40,48,1949,1949,210,0,0,0,2026.04.27
2026.04.27,매도,외화증권매도,TRADR AAOI 2배 ETF,50,44,2237,2237,160,0,0,0,2026.04.27
2026.04.27,매도,외화증권매도,TRADR AAOI 2배 ETF,50,48,2410,2410,110,0,0,0,2026.04.27
2026.04.27,매도,외화증권매도,TRADR 샌디스크 2배 ETF,10,79,797,797,170,0,0,0,2026.04.27
2026.04.27,매도,외화증권매도,TRADR 샌디스크 2배 ETF,10,79,797,797,160,0,0,0,2026.04.27
2026.04.27,매도,외화증권매도,벤처 글로벌,200,12,2584,2584,-200,0,0,0,2026.04.27
2026.04.27,매수,외화증권매수,티렉스 로빈후드 타겟 2배 ETF,50,23,1182,1182,350,0,0,0,2026.04.27
2026.04.27,매수,외화증권매수,티렉스 로빈후드 타겟 2배 ETF,50,23,1188,1188,400,0,0,0,2026.04.27
2026.04.27,매수,외화증권매수,TRADR AST 스페이스모바일 2배 ETF,50,30,1547,1547,250,0,0,0,2026.04.27
2026.04.27,매수,외화증권매수,TRADR AST 스페이스모바일 2배 ETF,50,30,1549,1549,300,0,0,0,2026.04.27
2026.04.27,매수,외화증권매수,TRADR AAOI 2배 ETF,20,42,841,841,130,0,0,0,2026.04.27
2026.04.27,매수,외화증권매수,TRADR AAOI 2배 ETF,30,42,1262,1262,160,0,0,0,2026.04.27
2026.04.27,매수,외화증권매수,TRADR AAOI 2배 ETF,40,41,1659,1659,200,0,0,0,2026.04.27
2026.04.27,매수,외화증권매수,벤처 글로벌,1000,12,12460,12460,800,0,0,0,2026.04.27
2026.04.28,매도,외화증권매도,디렉시온 타이완반도체 2배 ETF,10,81,810,810,170,0,0,0,2026.04.28
2026.04.28,매도,외화증권매도,디렉시온 타이완반도체 2배 ETF,20,77,1553,1553,150,0,0,0,2026.04.28
2026.04.28,매도,외화증권매도,디렉시온 알파벳 A 2배 ETF,50,110,5515,5515,-50,0,0,0,2026.04.28
2026.04.28,매도,외화증권매도,디렉시온 아마존 2배 ETF,150,42,6300,6300,-150,0,0,0,2026.04.28
2026.04.28,매도,외화증권매도,그래닛셰어즈 인텔 데일리 2배 ETF,10,166,1662,1662,130,0,0,0,2026.04.28
2026.04.28,매도,외화증권매도,그래닛셰어즈 인텔 데일리 2배 ETF,10,166,1665,1665,120,0,0,0,2026.04.28
2026.04.28,매도,외화증권매도,그래닛셰어즈 인텔 데일리 2배 ETF,10,173,1736,1736,110,0,0,0,2026.04.28
2026.04.28,매도,외화증권매도,그래닛셰어즈 인텔 데일리 2배 ETF,10,174,1739,1739,100,0,0,0,2026.04.28
2026.04.28,매도,외화증권매도,그래닛셰어즈 엔비디아 데일리 2배 ETF,10,102,1029,1029,170,0,0,0,2026.04.28
2026.04.28,매도,외화증권매도,그래닛셰어즈 엔비디아 데일리 2배 ETF,10,103,1030,1030,160,0,0,0,2026.04.28
2026.04.28,매도,외화증권매도,TRADR AAOI 2배 ETF,10,52,522,522,190,0,0,0,2026.04.28
2026.04.28,매도,외화증권매도,TRADR AAOI 2배 ETF,10,52,523,523,180,0,0,0,2026.04.28
2026.04.28,매도,외화증권매도,TRADR AAOI 2배 ETF,10,56,565,565,170,0,0,0,2026.04.28
2026.04.28,매도,외화증권매도,TRADR AAOI 2배 ETF,10,56,568,568,160,0,0,0,2026.04.28
2026.04.28,매도,외화증권매도,TRADR AAOI 2배 ETF,20,51,1037,1037,140,0,0,0,2026.04.28
2026.04.28,매도,외화증권매도,TRADR 샌디스크 2배 ETF,10,83,833,833,150,0,0,0,2026.04.28
2026.04.28,매도,외화증권매도,벤처 글로벌,100,12,1236,1236,700,0,0,0,2026.04.28
2026.04.28,매도,외화증권매도,벤처 글로벌,100,12,1239,1239,600,0,0,0,2026.04.28
2026.04.28,매수,외화증권매수,디렉시온 알파벳 A 2배 ETF,50,109,5498,5498,0,0,0,0,2026.04.28
2026.04.28,매수,외화증권매수,디렉시온 아마존 2배 ETF,150,42,6321,6321,0,0,0,0,2026.04.28
2026.04.28,매수,외화증권매수,티렉스 로빈후드 타겟 2배 ETF,50,23,1192,1192,450,0,0,0,2026.04.28
2026.04.28,매수,외화증권매수,티렉스 로빈후드 타겟 2배 ETF,50,23,1195,1195,500,0,0,0,2026.04.28
2026.04.28,매수,외화증권매수,TRADR AST 스페이스모바일 2배 ETF,50,29,1493,1493,350,0,0,0,2026.04.28
2026.04.28,매수,외화증권매수,TRADR AST 스페이스모바일 2배 ETF,50,29,1493,1493,400,0,0,0,2026.04.28
2026.04.28,매수,외화증권매수,벤처 글로벌,100,12,1218,1218,700,0,0,0,2026.04.28
2026.04.28,매수,외화증권매수,벤처 글로벌,100,12,1219,1219,800,0,0,0,2026.04.28
2026.04.29,매도,외화증권매도,디렉시온 브로드컴 2배 ETF,20,58,1161,1161,160,0,0,0,2026.04.29
2026.04.29,매도,외화증권매도,디렉시온 브로드컴 2배 ETF,20,58,1161,1161,140,0,0,0,2026.04.29
2026.04.29,매도,외화증권매도,디렉시온 브로드컴 2배 ETF,60,60,3627,3627,80,0,0,0,2026.04.29
2026.04.29,매도,외화증권매도,디렉시온 브로드컴 2배 ETF,80,57,4630,4630,0,0,0,0,2026.04.29
2026.04.29,매도,외화증권매도,그래닛셰어즈 인텔 데일리 2배 ETF,10,174,1740,1740,90,0,0,0,2026.04.29
2026.04.29,매도,외화증권매도,그래닛셰어즈 인텔 데일리 2배 ETF,10,175,1757,1757,80,0,0,0,2026.04.29
2026.04.29,매도,외화증권매도,그래닛셰어즈 엔비디아 데일리 2배 ETF,10,105,1052,1052,150,0,0,0,2026.04.29
2026.04.29,매도,외화증권매도,TRADR AAOI 2배 ETF,50,46,2315,2315,90,0,0,0,2026.04.29
2026.04.29,매도,외화증권매도,TRADR 샌디스크 2배 ETF,10,87,878,878,140,0,0,0,2026.04.29
2026.04.29,매도,외화증권매도,TRADR 샌디스크 2배 ETF,10,91,918,918,130,0,0,0,2026.04.29
2026.04.29,매도,외화증권매도,벤처 글로벌,100,12,1232,1232,700,0,0,0,2026.04.29
2026.04.29,매도,외화증권매도,벤처 글로벌,100,12,1240,1240,600,0,0,0,2026.04.29
2026.04.29,매도,외화증권매도,벤처 글로벌,100,12,1240,1240,500,0,0,0,2026.04.29
2026.04.29,매도,외화증권매도,벤처 글로벌,500,12,6157,6157,0,0,0,0,2026.04.29
2026.04.29,매수,외화증권매수,GE 버노바,1,1105,1105,1105,1,0,0,0,2026.04.29
2026.04.29,매수,외화증권매수,GE 버노바,5,1113,5567,5567,6,0,0,0,2026.04.29
2026.04.29,매수,외화증권매수,그래닛셰어즈 MRVL 데일리 2배 ETF,20,61,1227,1227,20,0,0,0,2026.04.29
2026.04.29,매수,외화증권매수,그래닛셰어즈 MRVL 데일리 2배 ETF,30,60,1827,1827,50,0,0,0,2026.04.29
2026.04.29,매수,외화증권매수,그래닛셰어즈 MRVL 데일리 2배 ETF,100,66,6660,6660,150,0,0,0,2026.04.29
2026.04.29,매수,외화증권매수,TRADR AAOI 2배 ETF,50,47,2357,2357,140,0,0,0,2026.04.29
2026.04.29,매수,외화증권매수,TRADR AAOI 2배 ETF,60,46,2793,2793,200,0,0,0,2026.04.29
2026.04.29,매수,외화증권매수,루멘텀 홀딩스,8,838,6707,6707,8,0,0,0,2026.04.29
2026.04.30,매도,외화증권매도,티렉스 로빈후드 타겟 2배 ETF,200,20,4194,4194,300,0,0,0,2026.04.30
2026.04.30,매도,외화증권매도,GE 버노바,1,1084,1084,1084,5,0,0,0,2026.04.30
2026.04.30,매도,외화증권매도,그래닛셰어즈 엔비디아 데일리 2배 ETF,5,106,531,531,145,0,0,0,2026.04.30
2026.04.30,매도,외화증권매도,그래닛셰어즈 엔비디아 데일리 2배 ETF,5,106,531,531,140,0,0,0,2026.04.30
2026.04.30,매도,외화증권매도,그래닛셰어즈 엔비디아 데일리 2배 ETF,10,106,1061,1061,130,0,0,0,2026.04.30
2026.04.30,매도,외화증권매도,TRADR 샌디스크 2배 ETF,10,91,916,916,120,0,0,0,2026.04.30
2026.04.30,매도,외화증권매도,루멘텀 홀딩스,2,814,1628,1628,6,0,0,0,2026.04.30
2026.04.30,매수,외화증권매수,디렉시온 타이완반도체 2배 ETF,10,73,735,735,160,0,0,0,2026.04.30
2026.04.30,매수,외화증권매수,티렉스 로빈후드 타겟 2배 ETF,50,23,1151,1151,350,0,0,0,2026.04.30
2026.04.30,매수,외화증권매수,티렉스 로빈후드 타겟 2배 ETF,150,18,2824,2824,500,0,0,0,2026.04.30
2026.04.30,매수,외화증권매수,GE 버노바,2,1062,2124,2124,7,0,0,0,2026.04.30
2026.04.30,매수,외화증권매수,그래닛셰어즈 MRVL 데일리 2배 ETF,2,58,116,116,152,0,0,0,2026.04.30
2026.04.30,매수,외화증권매수,그래닛셰어즈 MRVL 데일리 2배 ETF,20,58,1163,1163,172,0,0,0,2026.04.30
2026.04.30,매수,외화증권매수,그래닛셰어즈 MRVL 데일리 2배 ETF,48,58,2799,2799,220,0,0,0,2026.04.30
2026.04.30,매수,외화증권매수,그래닛셰어즈 인텔 데일리 2배 ETF,10,164,1643,1643,90,0,0,0,2026.04.30
2026.04.30,매수,외화증권매수,TRADR AST 스페이스모바일 2배 ETF,50,27,1363,1363,450,0,0,0,2026.04.30
2026.04.30,매수,외화증권매수,TRADR AAOI 2배 ETF,25,41,1041,1041,225,0,0,0,2026.04.30
2026.04.30,매수,외화증권매수,TRADR AAOI 2배 ETF,25,41,1044,1044,250,0,0,0,2026.04.30
2026.04.30,매수,외화증권매수,TRADR 샌디스크 2배 ETF,10,83,838,838,130,0,0,0,2026.04.30
2026.04.30,매수,외화증권매수,루멘텀 홀딩스,4,802,3210,3210,10,0,0,0,2026.04.30
2026.05.01,매도,외화증권매도,GE 버노바,1,1097,1097,1097,6,0,0,0,2026.05.02
2026.05.01,매도,외화증권매도,그래닛셰어즈 MRVL 데일리 2배 ETF,20,61,1239,1239,200,0,0,0,2026.05.02
2026.05.01,매도,외화증권매도,그래닛셰어즈 인텔 데일리 2배 ETF,10,182,1824,1824,80,0,0,0,2026.05.02
2026.05.01,매도,외화증권매도,그래닛셰어즈 인텔 데일리 2배 ETF,10,189,1892,1892,70,0,0,0,2026.05.02
2026.05.01,매도,외화증권매도,TRADR AST 스페이스모바일 2배 ETF,50,26,1300,1300,400,0,0,0,2026.05.02
2026.05.01,매도,외화증권매도,TRADR AAOI 2배 ETF,20,44,891,891,230,0,0,0,2026.05.02
2026.05.01,매도,외화증권매도,TRADR AAOI 2배 ETF,30,45,1360,1360,200,0,0,0,2026.05.02
2026.05.01,매도,외화증권매도,TRADR AAOI 2배 ETF,100,44,4455,4455,100,0,0,0,2026.05.02
2026.05.01,매도,외화증권매도,TRADR AAOI 2배 ETF,150,45,6752,6752,-50,0,0,0,2026.05.02
2026.05.01,매도,외화증권매도,TRADR 샌디스크 2배 ETF,10,99,996,996,120,0,0,0,2026.05.02
2026.05.01,매도,외화증권매도,루멘텀 홀딩스,1,817,817,817,9,0,0,0,2026.05.02
2026.05.01,매도,외화증권매도,루멘텀 홀딩스,1,817,817,817,8,0,0,0,2026.05.02
2026.05.01,매수,외화증권매수,어플라이드 옵토일렉트로닉스,50,144,7217,7217,50,0,0,0,2026.05.02
2026.05.01,매수,외화증권매수,티렉스 로빈후드 타겟 2배 ETF,100,16,1679,1679,600,0,0,0,2026.05.02
2026.05.01,매수,외화증권매수,티렉스 로빈후드 타겟 2배 ETF,100,16,1694,1694,700,0,0,0,2026.05.02
2026.05.01,매수,외화증권매수,TRADR AST 스페이스모바일 2배 ETF,50,26,1314,1314,450,0,0,0,2026.05.02
2026.05.01,매수,외화증권매수,TRADR AST 스페이스모바일 2배 ETF,150,22,3435,3435,600,0,0,0,2026.05.02
2026.05.01,매수,외화증권매수,TRADR AAOI 2배 ETF,50,42,2110,2110,0,0,0,0,2026.05.02
2026.05.04,매도,외화증권매도,어플라이드 옵토일렉트로닉스,50,155,7750,7750,0,0,0,0,2026.05.04
2026.05.04,매도,외화증권매도,그래닛셰어즈 MRVL 데일리 2배 ETF,1,64,64,64,199,0,0,0,2026.05.04
2026.05.04,매도,외화증권매도,그래닛셰어즈 MRVL 데일리 2배 ETF,6,64,384,384,193,0,0,0,2026.05.04
2026.05.04,매도,외화증권매도,그래닛셰어즈 MRVL 데일리 2배 ETF,19,64,1225,1225,174,0,0,0,2026.05.04
2026.05.04,매도,외화증권매도,그래닛셰어즈 MRVL 데일리 2배 ETF,24,64,1538,1538,150,0,0,0,2026.05.04
2026.05.04,매도,외화증권매도,그래닛셰어즈 MRVL 데일리 2배 ETF,30,63,1905,1905,120,0,0,0,2026.05.04
2026.05.04,매도,외화증권매도,그래닛셰어즈 인텔 데일리 2배 ETF,5,208,1040,1040,65,0,0,0,2026.05.04
2026.05.04,매도,외화증권매도,그래닛셰어즈 인텔 데일리 2배 ETF,10,229,2290,2290,55,0,0,0,2026.05.04
2026.05.04,매도,외화증권매도,그래닛셰어즈 엔비디아 데일리 2배 ETF,10,101,1015,1015,120,0,0,0,2026.05.04
2026.05.04,매도,외화증권매도,TRADR AST 스페이스모바일 2배 ETF,100,26,2662,2662,500,0,0,0,2026.05.04
2026.05.04,매도,외화증권매도,TRADR 샌디스크 2배 ETF,10,101,1012,1012,110,0,0,0,2026.05.04
2026.05.04,매도,외화증권매도,루멘텀 홀딩스,1,885,885,885,7,0,0,0,2026.05.04
2026.05.04,매도,외화증권매도,루멘텀 홀딩스,7,885,6196,6196,0,0,0,0,2026.05.04
2026.05.04,매수,외화증권매수,그래닛셰어즈 엔비디아 데일리 2배 ETF,20,93,1879,1879,140,0,0,0,2026.05.04
2026.05.04,매수,외화증권매수,TRADR 샌디스크 2배 ETF,10,85,859,859,120,0,0,0,2026.05.04
2026.05.04,매수,외화증권매수,TRADR 샌디스크 2배 ETF,10,86,860,860,130,0,0,0,2026.05.04
2026.05.04,매수,외화증권매수,TRADR 샌디스크 2배 ETF,10,86,863,863,140,0,0,0,2026.05.04
2026.05.04,매수,외화증권매수,일라이 릴리,6,879,5276,5276,6,0,0,0,2026.05.04
2026.05.04,매수,외화증권매수,일라이 릴리,10,883,8830,8830,16,0,0,0,2026.05.04
2026.05.04,매수,외화증권매수,일라이 릴리,14,879,12313,12313,30,0,0,0,2026.05.04
2026.05.04,매수,외화증권매수,발레로 에너지,5,254,1270,1270,5,0,0,0,2026.05.04
2026.05.04,매수,외화증권매수,발레로 에너지,20,254,5090,5090,25,0,0,0,2026.05.04
2026.05.05,매도,외화증권매도,티렉스 로빈후드 타겟 2배 ETF,100,18,1872,1872,600,0,0,0,2026.05.06
2026.05.05,매도,외화증권매도,TRADR AST 스페이스모바일 2배 ETF,50,27,1357,1357,450,0,0,0,2026.05.06
2026.05.06,매도,외화증권매도,티렉스 로빈후드 타겟 2배 ETF,50,18,915,915,550,0,0,0,2026.05.06
2026.05.06,매도,외화증권매도,티렉스 로빈후드 타겟 2배 ETF,50,18,937,937,500,0,0,0,2026.05.06
2026.05.06,매도,외화증권매도,TRADR AST 스페이스모바일 2배 ETF,20,24,496,496,430,0,0,0,2026.05.06
2026.05.06,매도,외화증권매도,TRADR AST 스페이스모바일 2배 ETF,50,25,1250,1250,380,0,0,0,2026.05.06
2026.05.07,매도,외화증권매도,티렉스 로빈후드 타겟 2배 ETF,50,19,990,990,450,0,0,0,2026.05.07
2026.05.07,매도,외화증권매도,티렉스 로빈후드 타겟 2배 ETF,50,19,991,991,400,0,0,0,2026.05.07
2026.05.07,매도,외화증권매도,일라이 릴리,5,986,4933,4933,25,0,0,0,2026.05.07
2026.05.07,매도,외화증권매도,일라이 릴리,5,986,4934,4934,20,0,0,0,2026.05.07
2026.05.07,매도,외화증권매도,발레로 에너지,25,251,6290,6290,0,0,0,0,2026.05.07
2026.05.07,매수,외화증권매수,알파벳 Class A,20,395,7910,7910,20,0,0,0,2026.05.07
2026.05.07,매수,외화증권매수,GE 버노바,4,1101,4407,4407,10,0,0,0,2026.05.07
2026.05.07,매수,외화증권매수,GE 버노바,5,1101,5509,5509,15,0,0,0,2026.05.07
2026.05.07,매수,외화증권매수,TRADR AST 스페이스모바일 2배 ETF,120,19,2390,2390,500,0,0,0,2026.05.07
2026.05.08,매도,외화증권매도,TRADR AST 스페이스모바일 2배 ETF,100,23,2336,2336,400,0,0,0,2026.05.08
2026.05.08,매도,외화증권매도,일라이 릴리,2,984,1968,1968,18,0,0,0,2026.05.08
2026.05.08,매도,외화증권매도,일라이 릴리,3,984,2952,2952,15,0,0,0,2026.05.08
2026.05.08,매도,외화증권매도,일라이 릴리,15,985,14781,14781,0,0,0,0,2026.05.08
2026.05.08,매수,외화증권매수,알파벳 Class A,10,394,3949,3949,30,0,0,0,2026.05.08
2026.05.08,매수,외화증권매수,아마존닷컴,9,273,2457,2457,9,0,0,0,2026.05.08
2026.05.08,매수,외화증권매수,아마존닷컴,10,272,2729,2729,19,0,0,0,2026.05.08
2026.05.08,매수,외화증권매수,아마존닷컴,21,272,5727,5727,40,0,0,0,2026.05.08
2026.05.11,매도,외화증권매도,TRADR AST 스페이스모바일 2배 ETF,50,25,1289,1289,350,0,0,0,2026.05.11
2026.05.11,매수,외화증권매수,알몬티 인더스트리스,400,21,8494,8494,400,0,0,0,2026.05.11
2026.05.11,매수,외화증권매수,그래닛셰어즈 MRVL 데일리 2배 ETF,30,63,1915,1915,150,0,0,0,2026.05.11
2026.05.11,입금,외화예탁금이용료,,0,0,5,5,0,0,0,1400,2026.05.11
2026.05.12,매수,외화증권매수,알몬티 인더스트리스,50,20,1000,1000,450,0,0,0,2026.05.12
2026.05.12,매수,외화증권매수,어플라이드 옵토일렉트로닉스,30,151,4545,4545,30,0,0,0,2026.05.12
2026.05.12,매수,외화증권매수,암 홀딩스 ADR,10,214,2145,2145,10,0,0,0,2026.05.12
2026.05.12,매수,외화증권매수,암 홀딩스 ADR,20,214,4290,4290,30,0,0,0,2026.05.12
2026.05.12,매수,외화증권매수,그래닛셰어즈 MRVL 데일리 2배 ETF,10,65,650,650,160,0,0,0,2026.05.12
2026.05.12,매수,외화증권매수,TRADR AST 스페이스모바일 2배 ETF,50,21,1074,1074,400,0,0,0,2026.05.12
2026.05.13,매도,외화증권매도,어플라이드 옵토일렉트로닉스,30,155,4665,4665,0,0,0,0,2026.05.13
2026.05.13,매도,외화증권매도,암 홀딩스 ADR,30,211,6331,6331,0,0,0,0,2026.05.13
2026.05.13,매도,외화증권매도,디렉시온 타이완반도체 2배 ETF,5,78,393,393,155,0,0,0,2026.05.13
2026.05.13,매도,외화증권매도,디렉시온 타이완반도체 2배 ETF,10,78,785,785,145,0,0,0,2026.05.13
2026.05.13,매도,외화증권매도,그래닛셰어즈 인텔 데일리 2배 ETF,3,403,1209,1209,52,0,0,0,2026.05.13
2026.05.13,매도,외화증권매도,그래닛셰어즈 인텔 데일리 2배 ETF,5,403,2016,2016,47,0,0,0,2026.05.13
2026.05.13,매도,외화증권매도,그래닛셰어즈 인텔 데일리 2배 ETF,5,403,2016,2016,42,0,0,0,2026.05.13
2026.05.13,매도,외화증권매도,그래닛셰어즈 인텔 데일리 2배 ETF,15,405,6076,6076,27,0,0,0,2026.05.13
2026.05.13,매도,외화증권매도,그래닛셰어즈 엔비디아 데일리 2배 ETF,10,110,1106,1106,130,0,0,0,2026.05.13
2026.05.13,매도,외화증권매도,그래닛셰어즈 엔비디아 데일리 2배 ETF,10,111,1112,1112,120,0,0,0,2026.05.13
2026.05.13,매도,외화증권매도,그래닛셰어즈 엔비디아 데일리 2배 ETF,20,111,2220,2220,100,0,0,0,2026.05.13
2026.05.13,매도,외화증권매도,TRADR AST 스페이스모바일 2배 ETF,9,30,274,274,391,0,0,0,2026.05.13
2026.05.13,매도,외화증권매도,TRADR AST 스페이스모바일 2배 ETF,41,30,1250,1250,350,0,0,0,2026.05.13
2026.05.13,매도,외화증권매도,TRADR AST 스페이스모바일 2배 ETF,50,29,1493,1493,300,0,0,0,2026.05.13
2026.05.13,매도,외화증권매도,TRADR AST 스페이스모바일 2배 ETF,50,31,1596,1596,250,0,0,0,2026.05.13
2026.05.13,매도,외화증권매도,TRADR 샌디스크 2배 ETF,5,195,975,975,135,0,0,0,2026.05.13
2026.05.13,매도,외화증권매도,TRADR 샌디스크 2배 ETF,5,196,981,981,130,0,0,0,2026.05.13
2026.05.13,매도,외화증권매도,TRADR 샌디스크 2배 ETF,10,195,1954,1954,120,0,0,0,2026.05.13
2026.05.13,매도,외화증권매도,TRADR 샌디스크 2배 ETF,10,196,1960,1960,110,0,0,0,2026.05.13
2026.05.13,매도,외화증권매도,TRADR 샌디스크 2배 ETF,10,198,1980,1980,100,0,0,0,2026.05.13
2026.05.13,매도,외화증권매도,TRADR 샌디스크 2배 ETF,40,200,8022,8022,60,0,0,0,2026.05.13
2026.05.13,매수,외화증권매수,알몬티 인더스트리스,100,20,2094,2094,550,0,0,0,2026.05.13
2026.05.13,매수,외화증권매수,알몬티 인더스트리스,200,20,4186,4186,750,0,0,0,2026.05.13
2026.05.13,매수,외화증권매수,알파벳 Class A,3,394,1184,1184,33,0,0,0,2026.05.13
2026.05.13,매수,외화증권매수,아마존닷컴,4,272,1089,1089,44,0,0,0,2026.05.13
2026.05.13,매수,외화증권매수,아마존닷컴,4,272,1091,1091,48,0,0,0,2026.05.13
2026.05.13,매수,외화증권매수,티렉스 로빈후드 타겟 2배 ETF,34,19,678,678,434,0,0,0,2026.05.13
2026.05.13,매수,외화증권매수,티렉스 로빈후드 타겟 2배 ETF,59,20,1187,1187,493,0,0,0,2026.05.13
2026.05.13,매수,외화증권매수,티렉스 로빈후드 타겟 2배 ETF,77,20,1593,1593,570,0,0,0,2026.05.13
2026.05.13,매수,외화증권매수,그래닛셰어즈 인텔 데일리 2배 ETF,3,385,1156,1156,30,0,0,0,2026.05.13
2026.05.13,매수,외화증권매수,인텔,4,127,511,511,4,0,0,0,2026.05.13
2026.05.13,매수,외화증권매수,인텔,10,131,1315,1315,14,0,0,0,2026.05.13
2026.05.13,매수,외화증권매수,인텔,15,131,1975,1975,29,0,0,0,2026.05.13
2026.05.13,매수,외화증권매수,인텔,16,131,2107,2107,45,0,0,0,2026.05.13
2026.05.13,매수,외화증권매수,인텔,45,132,5940,5940,90,0,0,0,2026.05.13
2026.05.13,매수,외화증권매수,마벨 테크놀로지 그룹,5,167,837,837,5,0,0,0,2026.05.13
2026.05.13,매수,외화증권매수,마벨 테크놀로지 그룹,5,167,838,838,10,0,0,0,2026.05.13
2026.05.13,매수,외화증권매수,마벨 테크놀로지 그룹,20,167,3341,3341,30,0,0,0,2026.05.13
2026.05.13,매수,외화증권매수,마벨 테크놀로지 그룹,30,165,4976,4976,60,0,0,0,2026.05.13
2026.05.13,매수,외화증권매수,샌디스크,1,1566,1566,1566,1,0,0,0,2026.05.13
2026.05.13,매수,외화증권매수,샌디스크,2,1569,3139,3139,3,0,0,0,2026.05.13
2026.05.13,매수,외화증권매수,샌디스크,5,1585,7928,7928,8,0,0,0,2026.05.13
2026.05.13,환전,통합증거금결제금생성(외화),,0,0,30885,20,0,26727,0,0,2026.05.13
2026.05.14,매도,외화증권매도,알몬티 인더스트리스,20,20,413,413,730,0,0,0,2026.05.14
2026.05.14,매도,외화증권매도,알몬티 인더스트리스,50,20,1030,1030,680,0,0,0,2026.05.14
2026.05.14,매도,외화증권매도,알몬티 인더스트리스,80,20,1655,1655,600,0,0,0,2026.05.14
2026.05.14,매도,외화증권매도,알몬티 인더스트리스,100,20,2068,2068,500,0,0,0,2026.05.14
2026.05.14,매도,외화증권매도,알몬티 인더스트리스,500,20,10230,10230,0,0,0,0,2026.05.14
2026.05.14,매도,외화증권매도,디렉시온 타이완반도체 2배 ETF,145,77,11182,11182,0,0,0,0,2026.05.14
2026.05.14,매도,외화증권매도,티렉스 로빈후드 타겟 2배 ETF,170,20,3527,3527,400,0,0,0,2026.05.14
2026.05.14,매도,외화증권매도,티렉스 로빈후드 타겟 2배 ETF,400,20,8100,8100,0,0,0,0,2026.05.14
2026.05.14,매도,외화증권매도,GE 버노바,1,1058,1058,1058,14,0,0,0,2026.05.14
2026.05.14,매도,외화증권매도,GE 버노바,2,1056,2113,2113,12,0,0,0,2026.05.14
2026.05.14,매도,외화증권매도,그래닛셰어즈 MRVL 데일리 2배 ETF,10,69,696,696,150,0,0,0,2026.05.14
2026.05.14,매도,외화증권매도,그래닛셰어즈 엔비디아 데일리 2배 ETF,100,110,11001,11001,0,0,0,0,2026.05.14
2026.05.14,매수,외화증권매수,알파벳 Class A,2,385,771,771,35,0,0,0,2026.05.14
2026.05.14,매수,외화증권매수,아마존닷컴,2,267,534,534,50,0,0,0,2026.05.14
2026.05.14,매수,외화증권매수,그래닛셰어즈 MRVL 데일리 2배 ETF,8,67,540,540,158,0,0,0,2026.05.14
2026.05.14,매수,외화증권매수,그래닛셰어즈 MRVL 데일리 2배 ETF,12,66,802,802,170,0,0,0,2026.05.14
2026.05.14,매수,외화증권매수,그래닛셰어즈 MRVL 데일리 2배 ETF,12,67,805,805,182,0,0,0,2026.05.14
2026.05.14,매수,외화증권매수,그래닛셰어즈 MRVL 데일리 2배 ETF,20,66,1332,1332,202,0,0,0,2026.05.14
2026.05.14,매수,외화증권매수,그래닛셰어즈 인텔 데일리 2배 ETF,1,340,340,340,31,0,0,0,2026.05.14
2026.05.14,매수,외화증권매수,그래닛셰어즈 인텔 데일리 2배 ETF,10,336,3362,3362,41,0,0,0,2026.05.14
2026.05.14,매수,외화증권매수,인텔,10,120,1200,1200,100,0,0,0,2026.05.14
2026.05.14,매수,외화증권매수,인텔,20,119,2394,2394,120,0,0,0,2026.05.14
2026.05.14,매수,외화증권매수,TRADR AST 스페이스모바일 2배 ETF,145,25,3654,3654,395,0,0,0,2026.05.14
2026.05.14,매수,외화증권매수,TRADR 샌디스크 2배 ETF,4,163,653,653,64,0,0,0,2026.05.14
2026.05.14,매수,외화증권매수,TRADR 샌디스크 2배 ETF,20,162,3250,3250,84,0,0,0,2026.05.14
2026.05.14,매수,외화증권매수,마벨 테크놀로지 그룹,1,163,163,163,61,0,0,0,2026.05.14
2026.05.14,매수,외화증권매수,마벨 테크놀로지 그룹,5,164,821,821,66,0,0,0,2026.05.14
2026.05.14,매수,외화증권매수,마벨 테크놀로지 그룹,8,164,1316,1316,74,0,0,0,2026.05.14
2026.05.14,매수,외화증권매수,마벨 테크놀로지 그룹,9,163,1474,1474,83,0,0,0,2026.05.14
2026.05.14,매수,외화증권매수,엔비디아,3,217,652,652,3,0,0,0,2026.05.14
2026.05.14,매수,외화증권매수,엔비디아,25,217,5437,5437,28,0,0,0,2026.05.14
2026.05.14,매수,외화증권매수,엔비디아,32,217,6959,6959,60,0,0,0,2026.05.14
2026.05.14,매수,외화증권매수,샌디스크,2,1426,2853,2853,10,0,0,0,2026.05.14
2026.05.14,매수,외화증권매수,TSMC(타이완반도체제조),5,399,1995,1995,5,0,0,0,2026.05.14
2026.05.14,매수,외화증권매수,TSMC(타이완반도체제조),29,399,11576,11576,34,0,0,0,2026.05.14
2026.05.15,매도,외화증권매도,알파벳 Class A,1,389,389,389,34,0,0,0,2026.05.15
2026.05.15,매도,외화증권매도,알파벳 Class A,1,402,402,402,33,0,0,0,2026.05.15
2026.05.15,매도,외화증권매도,그래닛셰어즈 MRVL 데일리 2배 ETF,102,75,7716,7716,100,0,0,0,2026.05.15
2026.05.15,매도,외화증권매도,TRADR AST 스페이스모바일 2배 ETF,95,26,2495,2495,300,0,0,0,2026.05.15
2026.05.15,매도,외화증권매도,TRADR 샌디스크 2배 ETF,2,165,330,330,82,0,0,0,2026.05.15
2026.05.15,매수,외화증권매수,TRADR 샌디스크 2배 ETF,3,162,488,488,85,0,0,0,2026.05.15
2026.05.15,매수,외화증권매수,마벨 테크놀로지 그룹,17,174,2973,2973,100,0,0,0,2026.05.15
2026.05.15,매수,외화증권매수,마벨 테크놀로지 그룹,20,174,3499,3499,120,0,0,0,2026.05.15
2026.05.18,매도,외화증권매도,그래닛셰어즈 MRVL 데일리 2배 ETF,7,80,563,563,93,0,0,0,2026.05.18
2026.05.18,매도,외화증권매도,그래닛셰어즈 MRVL 데일리 2배 ETF,93,80,7468,7468,0,0,0,0,2026.05.18
2026.05.18,매도,외화증권매도,인텔,10,115,1150,1150,110,0,0,0,2026.05.18
2026.05.18,매도,외화증권매도,인텔,11,116,1286,1286,99,0,0,0,2026.05.18
2026.05.18,매도,외화증권매도,TRADR AST 스페이스모바일 2배 ETF,400,25,10290,10290,-100,0,0,0,2026.05.18
2026.05.18,매도,외화증권매도,마벨 테크놀로지 그룹,10,184,1847,1847,110,0,0,0,2026.05.18
2026.05.18,매도,외화증권매도,엔비디아,2,230,460,460,58,0,0,0,2026.05.18
2026.05.18,매도,외화증권매도,샌디스크,1,1400,1400,1400,9,0,0,0,2026.05.18
2026.05.18,매도,외화증권매도,샌디스크,1,1403,1403,1403,8,0,0,0,2026.05.18
2026.05.18,매도,외화증권매도,TSMC(타이완반도체제조),1,405,405,405,33,0,0,0,2026.05.18
2026.05.18,매수,외화증권매수,알몬티 인더스트리스,20,19,397,397,20,0,0,0,2026.05.18
2026.05.18,매수,외화증권매수,알몬티 인더스트리스,95,19,1884,1884,115,0,0,0,2026.05.18
2026.05.18,매수,외화증권매수,알몬티 인더스트리스,110,19,2179,2179,225,0,0,0,2026.05.18
2026.05.18,매수,외화증권매수,알몬티 인더스트리스,125,19,2477,2477,350,0,0,0,2026.05.18
2026.05.18,매수,외화증권매수,알몬티 인더스트리스,150,20,3000,3000,500,0,0,0,2026.05.18
2026.05.18,매수,외화증권매수,블룸 에너지,34,288,9805,9805,34,0,0,0,2026.05.18
2026.05.18,매수,외화증권매수,GE 버노바,1,1056,1056,1056,13,0,0,0,2026.05.18
2026.05.18,매수,외화증권매수,그래닛셰어즈 인텔 데일리 2배 ETF,1,311,311,311,42,0,0,0,2026.05.18
2026.05.18,매수,외화증권매수,그래닛셰어즈 인텔 데일리 2배 ETF,1,311,311,311,43,0,0,0,2026.05.18
2026.05.18,매수,외화증권매수,그래닛셰어즈 인텔 데일리 2배 ETF,1,322,322,322,44,0,0,0,2026.05.18
2026.05.18,매수,외화증권매수,그래닛셰어즈 인텔 데일리 2배 ETF,1,322,322,322,45,0,0,0,2026.05.18
2026.05.18,매수,외화증권매수,그래닛셰어즈 인텔 데일리 2배 ETF,4,306,1226,1226,49,0,0,0,2026.05.18
2026.05.18,매수,외화증권매수,그래닛셰어즈 인텔 데일리 2배 ETF,4,317,1269,1269,53,0,0,0,2026.05.18
2026.05.18,매수,외화증권매수,인텔,1,115,115,115,100,0,0,0,2026.05.18
2026.05.18,매수,외화증권매수,TRADR AST 스페이스모바일 2배 ETF,100,25,2586,2586,0,0,0,0,2026.05.18
2026.05.18,매수,외화증권매수,TRADR 샌디스크 2배 ETF,1,154,154,154,86,0,0,0,2026.05.18
2026.05.18,매수,외화증권매수,TRADR 샌디스크 2배 ETF,3,155,465,465,89,0,0,0,2026.05.18
2026.05.18,매수,외화증권매수,TRADR 샌디스크 2배 ETF,9,155,1400,1400,98,0,0,0,2026.05.18
2026.05.18,매수,외화증권매수,TRADR 샌디스크 2배 ETF,9,156,1407,1407,107,0,0,0,2026.05.18
2026.05.19,매도,외화증권매도,아마존닷컴,5,261,1307,1307,45,0,0,0,2026.05.19
2026.05.19,매도,외화증권매도,블룸 에너지,5,280,1400,1400,29,0,0,0,2026.05.19
2026.05.19,매도,외화증권매도,블룸 에너지,7,286,2007,2007,22,0,0,0,2026.05.19
2026.05.19,매도,외화증권매도,GE 버노바,3,1050,3152,3152,10,0,0,0,2026.05.19
2026.05.19,매도,외화증권매도,인텔,1,107,107,107,99,0,0,0,2026.05.19
2026.05.19,매도,외화증권매도,인텔,2,107,215,215,97,0,0,0,2026.05.19
2026.05.19,매도,외화증권매도,인텔,5,108,541,541,92,0,0,0,2026.05.19
2026.05.19,매도,외화증권매도,인텔,5,108,543,543,87,0,0,0,2026.05.19
2026.05.19,매도,외화증권매도,인텔,10,107,1075,1075,77,0,0,0,2026.05.19
2026.05.19,매도,외화증권매도,인텔,12,110,1330,1330,65,0,0,0,2026.05.19
2026.05.19,매도,외화증권매도,마벨 테크놀로지 그룹,20,171,3428,3428,90,0,0,0,2026.05.19
2026.05.19,매도,외화증권매도,엔비디아,8,226,1811,1811,50,0,0,0,2026.05.19
2026.05.19,매도,외화증권매도,샌디스크,1,1327,1327,1327,7,0,0,0,2026.05.19
2026.05.19,매도,외화증권매도,TSMC(타이완반도체제조),5,404,2023,2023,28,0,0,0,2026.05.19
2026.05.19,매수,외화증권매수,디렉시온 타이완반도체 2배 ETF,5,79,395,395,5,0,0,0,2026.05.19
2026.05.19,매수,외화증권매수,디렉시온 타이완반도체 2배 ETF,10,79,791,791,15,0,0,0,2026.05.19
2026.05.19,매수,외화증권매수,디렉시온 타이완반도체 2배 ETF,10,79,791,791,25,0,0,0,2026.05.19
2026.05.19,매수,외화증권매수,디렉시온 아마존 2배 ETF,33,41,1362,1362,33,0,0,0,2026.05.19
2026.05.19,매수,외화증권매수,그래닛셰어즈 MRVL 데일리 2배 ETF,51,72,3674,3674,51,0,0,0,2026.05.19
2026.05.19,매수,외화증권매수,그래닛셰어즈 인텔 데일리 2배 ETF,1,266,266,266,54,0,0,0,2026.05.19
2026.05.19,매수,외화증권매수,그래닛셰어즈 인텔 데일리 2배 ETF,2,270,540,540,56,0,0,0,2026.05.19
2026.05.19,매수,외화증권매수,그래닛셰어즈 인텔 데일리 2배 ETF,2,272,544,544,58,0,0,0,2026.05.19
2026.05.19,매수,외화증권매수,그래닛셰어즈 인텔 데일리 2배 ETF,4,265,1061,1061,62,0,0,0,2026.05.19
2026.05.19,매수,외화증권매수,그래닛셰어즈 인텔 데일리 2배 ETF,4,283,1132,1132,66,0,0,0,2026.05.19
2026.05.19,매수,외화증권매수,그래닛셰어즈 엔비디아 데일리 2배 ETF,15,118,1776,1776,15,0,0,0,2026.05.19
2026.05.19,매수,외화증권매수,TRADR GE 버노바 2배 ETF,44,72,3194,3194,44,0,0,0,2026.05.19
2026.05.19,매수,외화증권매수,TRADR 샌디스크 2배 ETF,4,140,562,562,111,0,0,0,2026.05.19
2026.05.19,매수,외화증권매수,TRADR 샌디스크 2배 ETF,6,140,841,841,117,0,0,0,2026.05.19
2026.05.19,매수,외화증권매수,레버리지셰어즈 블룸에너지 2배 ETF,16,87,1396,1396,16,0,0,0,2026.05.19
2026.05.19,매수,외화증권매수,레버리지셰어즈 블룸에너지 2배 ETF,22,91,2022,2022,38,0,0,0,2026.05.19
2026.05.20,매도,외화증권매도,알파벳 Class A,6,399,2395,2395,27,0,0,0,2026.05.20
2026.05.20,매도,외화증권매도,아마존닷컴,2,265,530,530,43,0,0,0,2026.05.20
2026.05.20,매도,외화증권매도,아마존닷컴,5,261,1307,1307,38,0,0,0,2026.05.20
2026.05.20,매도,외화증권매도,블룸 에너지,1,259,259,259,21,0,0,0,2026.05.20
2026.05.20,매도,외화증권매도,블룸 에너지,2,259,519,519,19,0,0,0,2026.05.20
2026.05.20,매도,외화증권매도,블룸 에너지,3,261,783,783,16,0,0,0,2026.05.20
2026.05.20,매도,외화증권매도,블룸 에너지,4,268,1072,1072,12,0,0,0,2026.05.20
2026.05.20,매도,외화증권매도,GE 버노바,2,999,1999,1999,8,0,0,0,2026.05.20
2026.05.20,매도,외화증권매도,인텔,4,104,416,416,61,0,0,0,2026.05.20
2026.05.20,매도,외화증권매도,인텔,5,103,519,519,56,0,0,0,2026.05.20
2026.05.20,매도,외화증권매도,인텔,6,103,621,621,50,0,0,0,2026.05.20
2026.05.20,매도,외화증권매도,마벨 테크놀로지 그룹,5,173,867,867,85,0,0,0,2026.05.20
2026.05.20,매도,외화증권매도,마벨 테크놀로지 그룹,10,169,1690,1690,75,0,0,0,2026.05.20
2026.05.20,매도,외화증권매도,엔비디아,5,222,1110,1110,45,0,0,0,2026.05.20
2026.05.20,매도,외화증권매도,엔비디아,5,223,1117,1117,40,0,0,0,2026.05.20
2026.05.20,매도,외화증권매도,샌디스크,1,1324,1324,1324,6,0,0,0,2026.05.20
2026.05.20,매도,외화증권매도,샌디스크,1,1331,1331,1331,5,0,0,0,2026.05.20
2026.05.20,매도,외화증권매도,샌디스크,1,1363,1363,1363,4,0,0,0,2026.05.20
2026.05.20,매도,외화증권매도,TSMC(타이완반도체제조),1,397,397,397,27,0,0,0,2026.05.20
2026.05.20,매도,외화증권매도,TSMC(타이완반도체제조),2,397,795,795,25,0,0,0,2026.05.20
2026.05.20,매도,외화증권매도,TSMC(타이완반도체제조),3,398,1195,1195,22,0,0,0,2026.05.20
2026.05.20,매수,외화증권매수,디렉시온 타이완반도체 2배 ETF,15,76,1151,1151,40,0,0,0,2026.05.20
2026.05.20,매수,외화증권매수,디렉시온 타이완반도체 2배 ETF,16,76,1224,1224,56,0,0,0,2026.05.20
2026.05.20,매수,외화증권매수,디렉시온 알파벳 A 2배 ETF,16,146,2340,2340,16,0,0,0,2026.05.20
2026.05.20,매수,외화증권매수,디렉시온 아마존 2배 ETF,15,42,638,638,48,0,0,0,2026.05.20
2026.05.20,매수,외화증권매수,디렉시온 아마존 2배 ETF,32,41,1324,1324,80,0,0,0,2026.05.20
2026.05.20,매수,외화증권매수,그래닛셰어즈 MRVL 데일리 2배 ETF,12,73,884,884,63,0,0,0,2026.05.20
2026.05.20,매수,외화증권매수,그래닛셰어즈 MRVL 데일리 2배 ETF,25,70,1760,1760,88,0,0,0,2026.05.20
2026.05.20,매수,외화증권매수,그래닛셰어즈 인텔 데일리 2배 ETF,2,247,494,494,68,0,0,0,2026.05.20
2026.05.20,매수,외화증권매수,그래닛셰어즈 인텔 데일리 2배 ETF,2,248,496,496,70,0,0,0,2026.05.20
2026.05.20,매수,외화증권매수,그래닛셰어즈 인텔 데일리 2배 ETF,2,248,497,497,72,0,0,0,2026.05.20
2026.05.20,매수,외화증권매수,그래닛셰어즈 엔비디아 데일리 2배 ETF,9,115,1039,1039,24,0,0,0,2026.05.20
2026.05.20,매수,외화증권매수,그래닛셰어즈 엔비디아 데일리 2배 ETF,10,113,1139,1139,34,0,0,0,2026.05.20
2026.05.20,매수,외화증권매수,TRADR GE 버노바 2배 ETF,31,65,2018,2018,75,0,0,0,2026.05.20
2026.05.20,매수,외화증권매수,TRADR 샌디스크 2배 ETF,1,140,140,140,118,0,0,0,2026.05.20
2026.05.20,매수,외화증권매수,TRADR 샌디스크 2배 ETF,2,138,277,277,120,0,0,0,2026.05.20
2026.05.20,매수,외화증권매수,TRADR 샌디스크 2배 ETF,7,138,969,969,127,0,0,0,2026.05.20
2026.05.20,매수,외화증권매수,TRADR 샌디스크 2배 ETF,9,140,1261,1261,136,0,0,0,2026.05.20
2026.05.20,매수,외화증권매수,TRADR 샌디스크 2배 ETF,10,146,1469,1469,146,0,0,0,2026.05.20
2026.05.20,매수,외화증권매수,레버리지셰어즈 블룸에너지 2배 ETF,10,75,752,752,48,0,0,0,2026.05.20
2026.05.20,매수,외화증권매수,레버리지셰어즈 블룸에너지 2배 ETF,10,75,757,757,58,0,0,0,2026.05.20
2026.05.20,매수,외화증권매수,레버리지셰어즈 블룸에너지 2배 ETF,13,80,1042,1042,71,0,0,0,2026.05.20
2026.05.20,환전,통합증거금결제금생성(외화),,0,0,8697,5,0,18030,0,0,2026.05.20
2026.05.21,매도,외화증권매도,알파벳 Class A,2,388,777,777,25,0,0,0,2026.05.21
2026.05.21,매도,외화증권매도,알파벳 Class A,3,399,1198,1198,22,0,0,0,2026.05.21
2026.05.21,매도,외화증권매도,아마존닷컴,2,256,512,512,36,0,0,0,2026.05.21
2026.05.21,매도,외화증권매도,아마존닷컴,3,256,769,769,33,0,0,0,2026.05.21
2026.05.21,매도,외화증권매도,아마존닷컴,3,262,786,786,30,0,0,0,2026.05.21
2026.05.21,매도,외화증권매도,아마존닷컴,5,257,1286,1286,25,0,0,0,2026.05.21
2026.05.21,매도,외화증권매도,블룸 에너지,2,242,484,484,10,0,0,0,2026.05.21
2026.05.21,매도,외화증권매도,블룸 에너지,10,251,2517,2517,0,0,0,0,2026.05.21
2026.05.21,매도,외화증권매도,GE 버노바,1,996,996,996,7,0,0,0,2026.05.21
2026.05.21,매도,외화증권매도,GE 버노바,1,999,999,999,6,0,0,0,2026.05.21
2026.05.21,매도,외화증권매도,그래닛셰어즈 MRVL 데일리 2배 ETF,25,75,1887,1887,63,0,0,0,2026.05.21
2026.05.21,매도,외화증권매도,인텔,5,105,528,528,45,0,0,0,2026.05.21
2026.05.21,매도,외화증권매도,인텔,5,105,529,529,40,0,0,0,2026.05.21
2026.05.21,매도,외화증권매도,인텔,5,109,545,545,35,0,0,0,2026.05.21
2026.05.21,매도,외화증권매도,인텔,10,103,1034,1034,25,0,0,0,2026.05.21
2026.05.21,매도,외화증권매도,인텔,25,105,2646,2646,0,0,0,0,2026.05.21
2026.05.21,매도,외화증권매도,마벨 테크놀로지 그룹,5,164,822,822,70,0,0,0,2026.05.21
2026.05.21,매도,외화증권매도,마벨 테크놀로지 그룹,5,165,826,826,65,0,0,0,2026.05.21
2026.05.21,매도,외화증권매도,마벨 테크놀로지 그룹,5,170,850,850,60,0,0,0,2026.05.21
2026.05.21,매도,외화증권매도,엔비디아,5,218,1093,1093,35,0,0,0,2026.05.21
2026.05.21,매도,외화증권매도,샌디스크,1,1294,1294,1294,3,0,0,0,2026.05.21
2026.05.21,매도,외화증권매도,샌디스크,1,1324,1324,1324,2,0,0,0,2026.05.21
2026.05.21,매도,외화증권매도,샌디스크,2,1323,2646,2646,0,0,0,0,2026.05.21
2026.05.21,매도,외화증권매도,TSMC(타이완반도체제조),2,385,770,770,20,0,0,0,2026.05.21
2026.05.21,매도,외화증권매도,TSMC(타이완반도체제조),4,389,1556,1556,16,0,0,0,2026.05.21
2026.05.21,매수,외화증권매수,디렉시온 타이완반도체 2배 ETF,11,71,786,786,67,0,0,0,2026.05.21
2026.05.21,매수,외화증권매수,디렉시온 타이완반도체 2배 ETF,21,73,1534,1534,88,0,0,0,2026.05.21
2026.05.21,매수,외화증권매수,디렉시온 알파벳 A 2배 ETF,6,138,830,830,22,0,0,0,2026.05.21
2026.05.21,매수,외화증권매수,디렉시온 알파벳 A 2배 ETF,8,145,1167,1167,30,0,0,0,2026.05.21
2026.05.21,매수,외화증권매수,디렉시온 아마존 2배 ETF,13,39,515,515,93,0,0,0,2026.05.21
2026.05.21,매수,외화증권매수,디렉시온 아마존 2배 ETF,19,41,790,790,112,0,0,0,2026.05.21
2026.05.21,매수,외화증권매수,디렉시온 아마존 2배 ETF,20,39,794,794,132,0,0,0,2026.05.21
2026.05.21,매수,외화증권매수,디렉시온 아마존 2배 ETF,33,39,1319,1319,165,0,0,0,2026.05.21
2026.05.21,매수,외화증권매수,그래닛셰어즈 MRVL 데일리 2배 ETF,12,67,804,804,75,0,0,0,2026.05.21
2026.05.21,매수,외화증권매수,그래닛셰어즈 MRVL 데일리 2배 ETF,12,71,852,852,87,0,0,0,2026.05.21
2026.05.21,매수,외화증권매수,그래닛셰어즈 MRVL 데일리 2배 ETF,13,66,860,860,100,0,0,0,2026.05.21
2026.05.21,매수,외화증권매수,그래닛셰어즈 인텔 데일리 2배 ETF,2,256,513,513,74,0,0,0,2026.05.21
2026.05.21,매수,외화증권매수,그래닛셰어즈 인텔 데일리 2배 ETF,2,257,515,515,76,0,0,0,2026.05.21
2026.05.21,매수,외화증권매수,그래닛셰어즈 인텔 데일리 2배 ETF,2,272,545,545,78,0,0,0,2026.05.21
2026.05.21,매수,외화증권매수,그래닛셰어즈 인텔 데일리 2배 ETF,4,244,979,979,82,0,0,0,2026.05.21
2026.05.21,매수,외화증권매수,그래닛셰어즈 인텔 데일리 2배 ETF,10,257,2575,2575,92,0,0,0,2026.05.21
2026.05.21,매수,외화증권매수,그래닛셰어즈 엔비디아 데일리 2배 ETF,10,110,1105,1105,44,0,0,0,2026.05.21
2026.05.21,매수,외화증권매수,TRADR GE 버노바 2배 ETF,15,65,975,975,90,0,0,0,2026.05.21
2026.05.21,매수,외화증권매수,TRADR GE 버노바 2배 ETF,16,65,1047,1047,106,0,0,0,2026.05.21
2026.05.21,매수,외화증권매수,TRADR 샌디스크 2배 ETF,10,131,1318,1318,156,0,0,0,2026.05.21
2026.05.21,매수,외화증권매수,TRADR 샌디스크 2배 ETF,10,138,1380,1380,166,0,0,0,2026.05.21
2026.05.21,매수,외화증권매수,TRADR 샌디스크 2배 ETF,19,138,2626,2626,185,0,0,0,2026.05.21
2026.05.21,매수,외화증권매수,마벨 테크놀로지 그룹,10,175,1759,1759,70,0,0,0,2026.05.21
2026.05.21,매수,외화증권매수,레버리지셰어즈 블룸에너지 2배 ETF,7,64,449,449,78,0,0,0,2026.05.21
2026.05.21,매수,외화증권매수,레버리지셰어즈 블룸에너지 2배 ETF,36,69,2505,2505,114,0,0,0,2026.05.21
2026.05.22,매도,외화증권매도,알파벳 Class A,4,386,1546,1546,18,0,0,0,2026.05.22
2026.05.22,매도,외화증권매도,디렉시온 타이완반도체 2배 ETF,1,77,77,77,87,0,0,0,2026.05.22
2026.05.22,매도,외화증권매도,디렉시온 타이완반도체 2배 ETF,18,76,1385,1385,69,0,0,0,2026.05.22
2026.05.22,매도,외화증권매도,디렉시온 아마존 2배 ETF,40,41,1678,1678,125,0,0,0,2026.05.22
2026.05.22,매도,외화증권매도,그래닛셰어즈 MRVL 데일리 2배 ETF,10,84,848,848,90,0,0,0,2026.05.22
2026.05.22,매도,외화증권매도,그래닛셰어즈 MRVL 데일리 2배 ETF,10,86,860,860,80,0,0,0,2026.05.22
2026.05.22,매도,외화증권매도,그래닛셰어즈 MRVL 데일리 2배 ETF,10,88,881,881,70,0,0,0,2026.05.22
2026.05.22,매도,외화증권매도,그래닛셰어즈 MRVL 데일리 2배 ETF,20,83,1675,1675,50,0,0,0,2026.05.22
2026.05.22,매도,외화증권매도,그래닛셰어즈 MRVL 데일리 2배 ETF,20,83,1677,1677,30,0,0,0,2026.05.22
2026.05.22,매도,외화증권매도,그래닛셰어즈 MRVL 데일리 2배 ETF,30,86,2599,2599,0,0,0,0,2026.05.22
2026.05.22,매도,외화증권매도,그래닛셰어즈 인텔 데일리 2배 ETF,1,328,328,328,91,0,0,0,2026.05.22
2026.05.22,매도,외화증권매도,그래닛셰어즈 인텔 데일리 2배 ETF,1,330,330,330,90,0,0,0,2026.05.22
2026.05.22,매도,외화증권매도,그래닛셰어즈 인텔 데일리 2배 ETF,1,331,331,331,89,0,0,0,2026.05.22
2026.05.22,매도,외화증권매도,그래닛셰어즈 인텔 데일리 2배 ETF,2,322,645,645,87,0,0,0,2026.05.22
2026.05.22,매도,외화증권매도,그래닛셰어즈 인텔 데일리 2배 ETF,4,318,1275,1275,83,0,0,0,2026.05.22
2026.05.22,매도,외화증권매도,그래닛셰어즈 인텔 데일리 2배 ETF,4,323,1292,1292,79,0,0,0,2026.05.22
2026.05.22,매도,외화증권매도,그래닛셰어즈 인텔 데일리 2배 ETF,4,330,1323,1323,75,0,0,0,2026.05.22
2026.05.22,매도,외화증권매도,그래닛셰어즈 인텔 데일리 2배 ETF,5,334,1670,1670,70,0,0,0,2026.05.22
2026.05.22,매도,외화증권매도,그래닛셰어즈 엔비디아 데일리 2배 ETF,10,116,1167,1167,34,0,0,0,2026.05.22
2026.05.22,매도,외화증권매도,그래닛셰어즈 엔비디아 데일리 2배 ETF,34,116,3968,3968,0,0,0,0,2026.05.22
2026.05.22,매도,외화증권매도,TRADR GE 버노바 2배 ETF,1,67,67,67,105,0,0,0,2026.05.22
2026.05.22,매도,외화증권매도,TRADR GE 버노바 2배 ETF,1,68,68,68,104,0,0,0,2026.05.22
2026.05.22,매도,외화증권매도,TRADR GE 버노바 2배 ETF,26,67,1761,1761,78,0,0,0,2026.05.22
2026.05.22,매도,외화증권매도,TRADR 샌디스크 2배 ETF,4,160,643,643,181,0,0,0,2026.05.22
2026.05.22,매도,외화증권매도,TRADR 샌디스크 2배 ETF,5,158,791,791,176,0,0,0,2026.05.22
2026.05.22,매도,외화증권매도,TRADR 샌디스크 2배 ETF,5,159,798,798,171,0,0,0,2026.05.22
2026.05.22,매도,외화증권매도,TRADR 샌디스크 2배 ETF,5,159,799,799,166,0,0,0,2026.05.22
2026.05.22,매도,외화증권매도,레버리지셰어즈 블룸에너지 2배 ETF,1,84,84,84,113,0,0,0,2026.05.22
2026.05.22,매도,외화증권매도,레버리지셰어즈 블룸에너지 2배 ETF,2,84,168,168,111,0,0,0,2026.05.22
2026.05.22,매도,외화증권매도,레버리지셰어즈 블룸에너지 2배 ETF,10,80,804,804,101,0,0,0,2026.05.22
2026.05.22,매도,외화증권매도,레버리지셰어즈 블룸에너지 2배 ETF,10,80,805,805,91,0,0,0,2026.05.22
2026.05.22,매도,외화증권매도,레버리지셰어즈 블룸에너지 2배 ETF,10,82,821,821,81,0,0,0,2026.05.22
2026.05.22,매도,외화증권매도,레버리지셰어즈 블룸에너지 2배 ETF,10,82,821,821,71,0,0,0,2026.05.22
2026.05.22,매도,외화증권매도,레버리지셰어즈 블룸에너지 2배 ETF,15,85,1275,1275,56,0,0,0,2026.05.22
2026.05.22,매수,외화증권매수,알몬티 인더스트리스,4,17,71,71,504,0,0,0,2026.05.22
2026.05.22,매수,외화증권매수,알몬티 인더스트리스,196,17,3450,3450,700,0,0,0,2026.05.22
2026.05.22,매수,외화증권매수,아마존닷컴,1,261,261,261,26,0,0,0,2026.05.22
2026.05.22,매수,외화증권매수,블룸 에너지,1,274,274,274,1,0,0,0,2026.05.22
2026.05.22,매수,외화증권매수,블룸 에너지,3,271,815,815,4,0,0,0,2026.05.22
2026.05.22,매수,외화증권매수,블룸 에너지,3,272,817,817,7,0,0,0,2026.05.22
2026.05.22,매수,외화증권매수,블룸 에너지,5,270,1351,1351,12,0,0,0,2026.05.22
2026.05.22,매수,외화증권매수,블룸 에너지,6,274,1647,1647,18,0,0,0,2026.05.22
2026.05.22,매수,외화증권매수,블룸 에너지,6,274,1649,1649,24,0,0,0,2026.05.22
2026.05.22,매수,외화증권매수,디렉시온 알파벳 A 2배 ETF,20,138,2763,2763,50,0,0,0,2026.05.22
2026.05.22,매수,외화증권매수,GE 버노바,1,1016,1016,1016,7,0,0,0,2026.05.22
2026.05.22,매수,외화증권매수,마벨 테크놀로지 그룹,10,187,1879,1879,80,0,0,0,2026.05.22
2026.05.22,매수,외화증권매수,엔비디아,2,221,442,442,37,0,0,0,2026.05.22
2026.05.22,매수,외화증권매수,엔비디아,10,220,2207,2207,47,0,0,0,2026.05.22
2026.05.22,매수,외화증권매수,엔비디아,10,220,2207,2207,57,0,0,0,2026.05.22
2026.05.22,매수,외화증권매수,엔비디아,20,222,4441,4441,77,0,0,0,2026.05.22
2026.05.22,매수,외화증권매수,엔비디아,23,224,5171,5171,100,0,0,0,2026.05.22
2026.05.22,매수,외화증권매수,TSMC(타이완반도체제조),1,398,398,398,17,0,0,0,2026.05.22
2026.05.22,매수,외화증권매수,레버리지셰어즈 블룸에너지 2배 ETF,6,77,465,465,62,0,0,0,2026.05.22
2026.05.25,매도,외화증권매도,알몬티 인더스트리스,100,17,1735,1735,600,0,0,0,2026.05.26
2026.05.25,매도,외화증권매도,알파벳 Class A,1,390,390,390,17,0,0,0,2026.05.26
2026.05.25,매도,외화증권매도,아마존닷컴,1,265,265,265,25,0,0,0,2026.05.26
2026.05.25,매도,외화증권매도,암 홀딩스 ADR,1,279,279,279,-1,0,0,0,2026.05.26
2026.05.25,매도,외화증권매도,암 홀딩스 ADR,1,294,294,294,-2,0,0,0,2026.05.26
2026.05.25,매도,외화증권매도,블룸 에너지,1,289,289,289,23,0,0,0,2026.05.26
2026.05.25,매도,외화증권매도,블룸 에너지,2,316,632,632,21,0,0,0,2026.05.26
2026.05.25,매도,외화증권매도,디렉시온 타이완반도체 2배 ETF,9,77,701,701,60,0,0,0,2026.05.26
2026.05.25,매도,외화증권매도,디렉시온 타이완반도체 2배 ETF,9,78,706,706,51,0,0,0,2026.05.26
2026.05.25,매도,외화증권매도,디렉시온 타이완반도체 2배 ETF,9,78,706,706,42,0,0,0,2026.05.26
2026.05.25,매도,외화증권매도,디렉시온 브로드컴 2배 ETF,2,56,113,113,-2,0,0,0,2026.05.26
2026.05.25,매도,외화증권매도,디렉시온 알파벳 A 2배 ETF,1,139,139,139,49,0,0,0,2026.05.26
2026.05.25,매도,외화증권매도,디렉시온 알파벳 A 2배 ETF,4,139,557,557,45,0,0,0,2026.05.26
2026.05.25,매도,외화증권매도,디렉시온 알파벳 A 2배 ETF,5,139,695,695,40,0,0,0,2026.05.26
2026.05.25,매도,외화증권매도,디렉시온 알파벳 A 2배 ETF,5,139,696,696,35,0,0,0,2026.05.26
2026.05.25,매도,외화증권매도,디렉시온 알파벳 A 2배 ETF,5,139,696,696,30,0,0,0,2026.05.26
2026.05.25,매도,외화증권매도,디렉시온 알파벳 A 2배 ETF,6,139,835,835,24,0,0,0,2026.05.26
2026.05.25,매도,외화증권매도,디렉시온 아마존 2배 ETF,2,43,87,87,123,0,0,0,2026.05.26
2026.05.25,매도,외화증권매도,디렉시온 아마존 2배 ETF,15,42,635,635,108,0,0,0,2026.05.26
2026.05.25,매도,외화증권매도,디렉시온 아마존 2배 ETF,16,42,680,680,92,0,0,0,2026.05.26
2026.05.25,매도,외화증권매도,디렉시온 아마존 2배 ETF,16,42,684,684,76,0,0,0,2026.05.26
2026.05.25,매도,외화증권매도,그래닛셰어즈 인텔 데일리 2배 ETF,2,300,600,600,68,0,0,0,2026.05.26
2026.05.25,매도,외화증권매도,그래닛셰어즈 인텔 데일리 2배 ETF,2,318,637,637,66,0,0,0,2026.05.26
2026.05.25,매도,외화증권매도,그래닛셰어즈 인텔 데일리 2배 ETF,2,325,650,650,64,0,0,0,2026.05.26
2026.05.25,매도,외화증권매도,그래닛셰어즈 인텔 데일리 2배 ETF,4,318,1273,1273,60,0,0,0,2026.05.26
2026.05.25,매도,외화증권매도,그래닛셰어즈 엔비디아 데일리 2배 ETF,20,111,2223,2223,-20,0,0,0,2026.05.26
2026.05.25,매도,외화증권매도,TRADR GE 버노바 2배 ETF,1,70,70,70,77,0,0,0,2026.05.26
2026.05.25,매도,외화증권매도,TRADR GE 버노바 2배 ETF,10,68,688,688,67,0,0,0,2026.05.26
2026.05.25,매도,외화증권매도,TRADR GE 버노바 2배 ETF,10,69,692,692,57,0,0,0,2026.05.26
2026.05.25,매도,외화증권매도,TRADR GE 버노바 2배 ETF,10,69,693,693,47,0,0,0,2026.05.26
2026.05.25,매도,외화증권매도,TRADR 샌디스크 2배 ETF,5,152,764,764,161,0,0,0,2026.05.26
2026.05.25,매도,외화증권매도,TRADR 샌디스크 2배 ETF,5,155,776,776,156,0,0,0,2026.05.26
2026.05.25,매도,외화증권매도,TRADR 샌디스크 2배 ETF,5,157,785,785,151,0,0,0,2026.05.26
2026.05.25,매도,외화증권매도,TRADR 샌디스크 2배 ETF,5,157,785,785,146,0,0,0,2026.05.26
2026.05.25,매도,외화증권매도,TRADR 샌디스크 2배 ETF,8,182,1460,1460,138,0,0,0,2026.05.26
2026.05.25,매도,외화증권매도,TRADR 샌디스크 2배 ETF,12,168,2018,2018,126,0,0,0,2026.05.26
2026.05.25,매도,외화증권매도,TRADR 샌디스크 2배 ETF,16,157,2523,2523,110,0,0,0,2026.05.26
2026.05.25,매도,외화증권매도,마벨 테크놀로지 그룹,1,189,189,189,79,0,0,0,2026.05.26
2026.05.25,매도,외화증권매도,마벨 테크놀로지 그룹,4,189,758,758,75,0,0,0,2026.05.26
2026.05.25,매도,외화증권매도,마벨 테크놀로지 그룹,5,189,948,948,70,0,0,0,2026.05.26
2026.05.25,매도,외화증권매도,마벨 테크놀로지 그룹,10,190,1906,1906,60,0,0,0,2026.05.26
2026.05.25,매도,외화증권매도,엔비디아,10,223,2230,2230,90,0,0,0,2026.05.26
2026.05.25,매도,외화증권매도,엔비디아,10,224,2245,2245,80,0,0,0,2026.05.26
2026.05.25,매도,외화증권매도,엔비디아,80,218,17486,17486,0,0,0,0,2026.05.26
2026.05.25,매도,외화증권매도,레버리지셰어즈 블룸에너지 2배 ETF,1,89,89,89,61,0,0,0,2026.05.26
2026.05.25,매도,외화증권매도,레버리지셰어즈 블룸에너지 2배 ETF,7,89,628,628,54,0,0,0,2026.05.26
2026.05.25,매도,외화증권매도,레버리지셰어즈 블룸에너지 2배 ETF,6,107,645,645,48,0,0,0,2026.05.26
2026.05.25,매도,외화증권매도,레버리지셰어즈 블룸에너지 2배 ETF,8,90,727,727,40,0,0,0,2026.05.26
2026.05.25,매도,외화증권매도,레버리지셰어즈 블룸에너지 2배 ETF,10,89,891,891,30,0,0,0,2026.05.26
2026.05.25,매수,외화증권매수,암 홀딩스 ADR,25,264,6622,6622,23,0,0,0,2026.05.26
2026.05.25,매수,외화증권매수,브로드컴,16,418,6702,6702,16,0,0,0,2026.05.26
2026.05.25,매수,외화증권매수,디렉시온 브로드컴 2배 ETF,60,55,3357,3357,58,0,0,0,2026.05.26
2026.05.25,매수,외화증권매수,그래닛셰어즈 인텔 데일리 2배 ETF,4,301,1207,1207,64,0,0,0,2026.05.26
2026.05.25,매수,외화증권매수,그래닛셰어즈 엔비디아 데일리 2배 ETF,200,110,22060,22060,180,0,0,0,2026.05.26
2026.05.27,매도,외화증권매도,암 홀딩스 ADR,2,311,623,623,21,0,0,0,2026.05.27
2026.05.27,매도,외화증권매도,그래닛셰어즈 인텔 데일리 2배 ETF,4,337,1350,1350,60,0,0,0,2026.05.27
2026.05.27,매수,외화증권매수,어플라이드 옵토일렉트로닉스,20,179,3588,3588,20,0,0,0,2026.05.27
2026.05.27,매수,외화증권매수,어플라이드 옵토일렉트로닉스,40,179,7177,7177,60,0,0,0,2026.05.27
2026.05.28,매도,외화증권매도,알몬티 인더스트리스,1,19,19,19,599,0,0,0,2026.05.28
2026.05.28,매도,외화증권매도,알몬티 인더스트리스,5,19,98,98,594,0,0,0,2026.05.28
2026.05.28,매도,외화증권매도,알몬티 인더스트리스,5,19,99,99,589,0,0,0,2026.05.28
2026.05.28,매도,외화증권매도,알몬티 인더스트리스,9,19,174,174,580,0,0,0,2026.05.28
2026.05.28,매도,외화증권매도,알몬티 인더스트리스,80,18,1515,1515,500,0,0,0,2026.05.28
2026.05.28,매도,외화증권매도,어플라이드 옵토일렉트로닉스,1,187,187,187,59,0,0,0,2026.05.28
2026.05.28,매도,외화증권매도,어플라이드 옵토일렉트로닉스,1,191,191,191,58,0,0,0,2026.05.28
2026.05.28,매도,외화증권매도,어플라이드 옵토일렉트로닉스,1,193,193,193,57,0,0,0,2026.05.28
2026.05.28,매도,외화증권매도,어플라이드 옵토일렉트로닉스,6,185,1115,1115,51,0,0,0,2026.05.28
2026.05.28,매도,외화증권매도,어플라이드 옵토일렉트로닉스,18,182,3280,3280,33,0,0,0,2026.05.28
2026.05.28,매도,외화증권매도,브로드컴,1,428,428,428,15,0,0,0,2026.05.28
2026.05.28,매도,외화증권매도,디렉시온 타이완반도체 2배 ETF,2,81,163,163,40,0,0,0,2026.05.28
2026.05.28,매도,외화증권매도,디렉시온 브로드컴 2배 ETF,1,57,57,57,57,0,0,0,2026.05.28
2026.05.28,매도,외화증권매도,디렉시온 브로드컴 2배 ETF,2,60,121,121,55,0,0,0,2026.05.28
2026.05.28,매도,외화증권매도,디렉시온 브로드컴 2배 ETF,2,62,123,123,53,0,0,0,2026.05.28
2026.05.28,매도,외화증권매도,디렉시온 알파벳 A 2배 ETF,1,137,137,137,23,0,0,0,2026.05.28
2026.05.28,매도,외화증권매도,GE 버노바,1,1075,1075,1075,6,0,0,0,2026.05.28
2026.05.28,매도,외화증권매도,그래닛셰어즈 인텔 데일리 2배 ETF,1,337,337,337,59,0,0,0,2026.05.28
2026.05.28,매도,외화증권매도,그래닛셰어즈 인텔 데일리 2배 ETF,1,340,340,340,58,0,0,0,2026.05.28
2026.05.28,매도,외화증권매도,그래닛셰어즈 인텔 데일리 2배 ETF,1,344,344,344,57,0,0,0,2026.05.28
2026.05.28,매도,외화증권매도,그래닛셰어즈 인텔 데일리 2배 ETF,1,356,356,356,56,0,0,0,2026.05.28
2026.05.28,매도,외화증권매도,그래닛셰어즈 인텔 데일리 2배 ETF,1,357,357,357,55,0,0,0,2026.05.28
2026.05.28,매도,외화증권매도,그래닛셰어즈 인텔 데일리 2배 ETF,2,346,693,693,53,0,0,0,2026.05.28
2026.05.28,매도,외화증권매도,그래닛셰어즈 엔비디아 데일리 2배 ETF,5,109,546,546,175,0,0,0,2026.05.28
2026.05.28,매도,외화증권매도,TRADR GE 버노바 2배 ETF,1,71,71,71,46,0,0,0,2026.05.28
2026.05.28,매도,외화증권매도,TRADR GE 버노바 2배 ETF,1,76,76,76,45,0,0,0,2026.05.28
2026.05.28,매도,외화증권매도,TRADR GE 버노바 2배 ETF,2,75,150,150,43,0,0,0,2026.05.28
2026.05.28,매도,외화증권매도,TRADR 샌디스크 2배 ETF,1,196,196,196,109,0,0,0,2026.05.28
2026.05.28,매도,외화증권매도,TRADR 샌디스크 2배 ETF,2,200,401,401,107,0,0,0,2026.05.28
2026.05.28,매도,외화증권매도,TRADR 샌디스크 2배 ETF,2,202,405,405,105,0,0,0,2026.05.28
2026.05.28,매도,외화증권매도,TRADR 샌디스크 2배 ETF,10,180,1803,1803,95,0,0,0,2026.05.28
2026.05.28,매도,외화증권매도,마벨 테크놀로지 그룹,30,213,6412,6412,30,0,0,0,2026.05.28
2026.05.28,매도,외화증권매도,TSMC(타이완반도체제조),1,413,413,413,16,0,0,0,2026.05.28
2026.05.28,매도,외화증권매도,레버리지셰어즈 블룸에너지 2배 ETF,5,101,505,505,25,0,0,0,2026.05.28
2026.05.28,매도,외화증권매도,레버리지셰어즈 블룸에너지 2배 ETF,25,98,2469,2469,0,0,0,0,2026.05.28
2026.05.28,매수,외화증권매수,알몬티 인더스트리스,5,19,98,98,505,0,0,0,2026.05.28
2026.05.28,매수,외화증권매수,어플라이드 옵토일렉트로닉스,1,179,179,179,34,0,0,0,2026.05.28
2026.05.28,매수,외화증권매수,어플라이드 옵토일렉트로닉스,3,183,551,551,37,0,0,0,2026.05.28
2026.05.28,매수,외화증권매수,디렉시온 브로드컴 2배 ETF,1,59,59,59,54,0,0,0,2026.05.28
2026.05.28,매수,외화증권매수,디렉시온 브로드컴 2배 ETF,2,60,120,120,56,0,0,0,2026.05.28
2026.05.28,매수,외화증권매수,디렉시온 브로드컴 2배 ETF,56,58,3292,3292,112,0,0,0,2026.05.28
2026.05.28,매수,외화증권매수,디렉시온 알파벳 A 2배 ETF,1,135,135,135,24,0,0,0,2026.05.28
2026.05.28,매수,외화증권매수,디렉시온 알파벳 A 2배 ETF,24,137,3291,3291,48,0,0,0,2026.05.28
2026.05.28,매수,외화증권매수,디렉시온 아마존 2배 ETF,1,42,42,42,77,0,0,0,2026.05.28
2026.05.28,매수,외화증권매수,디렉시온 아마존 2배 ETF,2,42,85,85,79,0,0,0,2026.05.28
2026.05.28,매수,외화증권매수,디렉시온 아마존 2배 ETF,20,42,841,841,99,0,0,0,2026.05.28
2026.05.28,매수,외화증권매수,디렉시온 아마존 2배 ETF,58,42,2440,2440,157,0,0,0,2026.05.28
2026.05.28,매수,외화증권매수,그래닛셰어즈 MRVL 데일리 2배 ETF,60,110,6616,6616,60,0,0,0,2026.05.28
2026.05.28,매수,외화증권매수,그래닛셰어즈 인텔 데일리 2배 ETF,1,338,338,338,54,0,0,0,2026.05.28
2026.05.28,매수,외화증권매수,그래닛셰어즈 인텔 데일리 2배 ETF,2,336,672,672,56,0,0,0,2026.05.28
2026.05.28,매수,외화증권매수,그래닛셰어즈 인텔 데일리 2배 ETF,2,338,677,677,58,0,0,0,2026.05.28
2026.05.28,매수,외화증권매수,그래닛셰어즈 엔비디아 데일리 2배 ETF,1,104,104,104,176,0,0,0,2026.05.28
2026.05.28,매수,외화증권매수,그래닛셰어즈 엔비디아 데일리 2배 ETF,1,105,105,105,177,0,0,0,2026.05.28
2026.05.28,매수,외화증권매수,그래닛셰어즈 엔비디아 데일리 2배 ETF,1,106,106,106,178,0,0,0,2026.05.28
2026.05.28,매수,외화증권매수,그래닛셰어즈 엔비디아 데일리 2배 ETF,1,107,107,107,179,0,0,0,2026.05.28
2026.05.28,매수,외화증권매수,그래닛셰어즈 엔비디아 데일리 2배 ETF,3,106,318,318,182,0,0,0,2026.05.28
2026.05.28,매수,외화증권매수,그래닛셰어즈 엔비디아 데일리 2배 ETF,3,108,325,325,185,0,0,0,2026.05.28
2026.05.28,매수,외화증권매수,그래닛셰어즈 엔비디아 데일리 2배 ETF,4,107,428,428,189,0,0,0,2026.05.28
2026.05.28,매수,외화증권매수,TRADR GE 버노바 2배 ETF,1,75,75,75,44,0,0,0,2026.05.28
2026.05.28,매수,외화증권매수,TRADR GE 버노바 2배 ETF,44,75,3307,3307,88,0,0,0,2026.05.28
2026.05.28,매수,외화증권매수,TRADR AAOI 2배 ETF,3,57,173,173,3,0,0,0,2026.05.28
2026.05.28,매수,외화증권매수,TRADR AAOI 2배 ETF,54,61,3294,3294,57,0,0,0,2026.05.28
2026.05.28,매수,외화증권매수,TRADR 루멘텀 홀딩스 2배 ETF,35,42,1492,1492,35,0,0,0,2026.05.28
2026.05.28,매수,외화증권매수,TRADR 루멘텀 홀딩스 2배 ETF,120,42,5115,5115,155,0,0,0,2026.05.28
2026.05.28,매수,외화증권매수,TRADR 샌디스크 2배 ETF,1,194,194,194,96,0,0,0,2026.05.28
2026.05.28,매수,외화증권매수,TRADR 샌디스크 2배 ETF,3,195,585,585,99,0,0,0,2026.05.28
2026.05.29,매도,외화증권매도,디렉시온 타이완반도체 2배 ETF,2,87,174,174,38,0,0,0,2026.05.29
2026.05.29,매도,외화증권매도,디렉시온 브로드컴 2배 ETF,2,60,120,120,110,0,0,0,2026.05.29
2026.05.29,매도,외화증권매도,디렉시온 알파벳 A 2배 ETF,24,140,3364,3364,24,0,0,0,2026.05.29
2026.05.29,매도,외화증권매도,디렉시온 아마존 2배 ETF,3,43,129,129,154,0,0,0,2026.05.29
2026.05.29,매도,외화증권매도,디렉시온 아마존 2배 ETF,4,44,176,176,150,0,0,0,2026.05.29
2026.05.29,매도,외화증권매도,디렉시온 아마존 2배 ETF,75,43,3299,3299,75,0,0,0,2026.05.29
2026.05.29,매도,외화증권매도,TRADR AAOI 2배 ETF,1,59,59,59,56,0,0,0,2026.05.29
2026.05.29,매도,외화증권매도,TRADR 샌디스크 2배 ETF,2,205,411,411,97,0,0,0,2026.05.29
2026.05.29,매수,외화증권매수,디렉시온 브로드컴 2배 ETF,3,57,173,173,113,0,0,0,2026.05.29
2026.05.29,매수,외화증권매수,그래닛셰어즈 MRVL 데일리 2배 ETF,1,100,100,100,61,0,0,0,2026.05.29
2026.05.29,매수,외화증권매수,그래닛셰어즈 MRVL 데일리 2배 ETF,2,97,195,195,63,0,0,0,2026.05.29
2026.05.29,매수,외화증권매수,그래닛셰어즈 MRVL 데일리 2배 ETF,5,101,508,508,68,0,0,0,2026.05.29
2026.05.29,매수,외화증권매수,그래닛셰어즈 인텔 데일리 2배 ETF,2,328,657,657,60,0,0,0,2026.05.29
2026.05.29,매수,외화증권매수,그래닛셰어즈 인텔 데일리 2배 ETF,3,313,941,941,63,0,0,0,2026.05.29
2026.05.29,매수,외화증권매수,그래닛셰어즈 엔비디아 데일리 2배 ETF,4,101,404,404,193,0,0,0,2026.05.29
2026.05.29,매수,외화증권매수,그래닛셰어즈 엔비디아 데일리 2배 ETF,4,102,410,410,197,0,0,0,2026.05.29
2026.05.29,매수,외화증권매수,TRADR GE 버노바 2배 ETF,6,70,423,423,94,0,0,0,2026.05.29
2026.05.29,매수,외화증권매수,TRADR 루멘텀 홀딩스 2배 ETF,9,40,364,364,164,0,0,0,2026.05.29
2026.05.29,매수,외화증권매수,TRADR 샌디스크 2배 ETF,1,181,181,181,98,0,0,0,2026.05.29
2026.05.29,매수,외화증권매수,TRADR 샌디스크 2배 ETF,3,198,596,596,101,0,0,0,2026.05.29
2026.05.29,매수,외화증권매수,TRADR 샌디스크 2배 ETF,8,182,1460,1460,109,0,0,0,2026.05.29
2026.05.29,매수,외화증권매수,레버리지셰어즈 ARM 2배 ETF,100,33,3342,3342,100,0,0,0,2026.05.29
2026.06.01,매도,외화증권매도,알몬티 인더스트리스,5,20,101,101,500,0,0,0,2026.06.01
2026.06.01,매도,외화증권매도,알파벳 Class A,17,389,6622,6622,0,0,0,0,2026.06.01
2026.06.01,매도,외화증권매도,아마존닷컴,25,272,6822,6822,0,0,0,0,2026.06.01
2026.06.01,매도,외화증권매도,어플라이드 옵토일렉트로닉스,17,173,2951,2951,20,0,0,0,2026.06.01
2026.06.01,매도,외화증권매도,어플라이드 옵토일렉트로닉스,20,178,3560,3560,0,0,0,0,2026.06.01
2026.06.01,매도,외화증권매도,암 홀딩스 ADR,1,344,344,344,20,0,0,0,2026.06.01
2026.06.01,매도,외화증권매도,암 홀딩스 ADR,2,340,680,680,18,0,0,0,2026.06.01
2026.06.01,매도,외화증권매도,암 홀딩스 ADR,9,290,2610,2610,9,0,0,0,2026.06.01
2026.06.01,매도,외화증권매도,블룸 에너지,23,285,6555,6555,-2,0,0,0,2026.06.01
2026.06.01,매도,외화증권매도,디렉시온 타이완반도체 2배 ETF,38,82,3127,3127,0,0,0,0,2026.06.01
2026.06.01,매도,외화증권매도,디렉시온 브로드컴 2배 ETF,113,59,6674,6674,0,0,0,0,2026.06.01
2026.06.01,매도,외화증권매도,디렉시온 알파벳 A 2배 ETF,24,138,3328,3328,0,0,0,0,2026.06.01
2026.06.01,매도,외화증권매도,디렉시온 아마존 2배 ETF,75,44,3325,3325,0,0,0,0,2026.06.01
2026.06.01,매도,외화증권매도,GE 버노바,7,999,6997,6997,-1,0,0,0,2026.06.01
2026.06.01,매도,외화증권매도,그래닛셰어즈 MRVL 데일리 2배 ETF,22,99,2179,2179,46,0,0,0,2026.06.01
2026.06.01,매도,외화증권매도,그래닛셰어즈 인텔 데일리 2배 ETF,1,334,334,334,62,0,0,0,2026.06.01
2026.06.01,매도,외화증권매도,그래닛셰어즈 인텔 데일리 2배 ETF,2,330,660,660,60,0,0,0,2026.06.01
2026.06.01,매도,외화증권매도,TRADR 루멘텀 홀딩스 2배 ETF,7,41,289,289,157,0,0,0,2026.06.01
2026.06.01,매도,외화증권매도,TRADR 샌디스크 2배 ETF,1,220,220,220,108,0,0,0,2026.06.01
2026.06.01,매도,외화증권매도,TRADR 샌디스크 2배 ETF,4,208,833,833,104,0,0,0,2026.06.01
2026.06.01,매도,외화증권매도,TRADR 샌디스크 2배 ETF,4,217,868,868,100,0,0,0,2026.06.01
2026.06.01,매도,외화증권매도,TRADR 샌디스크 2배 ETF,9,208,1875,1875,91,0,0,0,2026.06.01
2026.06.01,매도,외화증권매도,마벨 테크놀로지 그룹,2,188,377,377,28,0,0,0,2026.06.01
2026.06.01,매도,외화증권매도,마벨 테크놀로지 그룹,10,188,1885,1885,18,0,0,0,2026.06.01
2026.06.01,매도,외화증권매도,마벨 테크놀로지 그룹,18,201,3618,3618,0,0,0,0,2026.06.01
2026.06.01,매도,외화증권매도,레버리지셰어즈 ARM 2배 ETF,186,32,6049,6049,-86,0,0,0,2026.06.01
2026.06.01,매수,외화증권매수,암 홀딩스 ADR,8,301,2411,2411,17,0,0,0,2026.06.01
2026.06.01,매수,외화증권매수,암 홀딩스 ADR,12,301,3621,3621,29,0,0,0,2026.06.01
2026.06.01,매수,외화증권매수,블룸 에너지,2,297,594,594,0,0,0,0,2026.06.01
2026.06.01,매수,외화증권매수,브로드컴,9,423,3810,3810,24,0,0,0,2026.06.01
2026.06.01,매수,외화증권매수,디렉시온 알파벳 A 2배 ETF,47,139,6533,6533,47,0,0,0,2026.06.01
2026.06.01,매수,외화증권매수,디렉시온 아마존 2배 ETF,152,44,6827,6827,152,0,0,0,2026.06.01
2026.06.01,매수,외화증권매수,GE 버노바,1,1006,1006,1006,0,0,0,0,2026.06.01
2026.06.01,매수,외화증권매수,그래닛셰어즈 MRVL 데일리 2배 ETF,1,97,97,97,47,0,0,0,2026.06.01
2026.06.01,매수,외화증권매수,그래닛셰어즈 MRVL 데일리 2배 ETF,5,85,426,426,52,0,0,0,2026.06.01
2026.06.01,매수,외화증권매수,그래닛셰어즈 MRVL 데일리 2배 ETF,8,91,733,733,60,0,0,0,2026.06.01
2026.06.01,매수,외화증권매수,그래닛셰어즈 MRVL 데일리 2배 ETF,9,93,841,841,69,0,0,0,2026.06.01
2026.06.01,매수,외화증권매수,그래닛셰어즈 MRVL 데일리 2배 ETF,10,85,854,854,79,0,0,0,2026.06.01
2026.06.01,매수,외화증권매수,그래닛셰어즈 MRVL 데일리 2배 ETF,14,85,1200,1200,93,0,0,0,2026.06.01
2026.06.01,매수,외화증권매수,그래닛셰어즈 MRVL 데일리 2배 ETF,15,97,1464,1464,108,0,0,0,2026.06.01
2026.06.01,매수,외화증권매수,그래닛셰어즈 MRVL 데일리 2배 ETF,20,96,1925,1925,128,0,0,0,2026.06.01
2026.06.01,매수,외화증권매수,그래닛셰어즈 MRVL 데일리 2배 ETF,20,96,1926,1926,148,0,0,0,2026.06.01
2026.06.01,매수,외화증권매수,그래닛셰어즈 MRVL 데일리 2배 ETF,21,97,2050,2050,169,0,0,0,2026.06.01
2026.06.01,매수,외화증권매수,그래닛셰어즈 MRVL 데일리 2배 ETF,21,99,2083,2083,190,0,0,0,2026.06.01
2026.06.01,매수,외화증권매수,그래닛셰어즈 MRVL 데일리 2배 ETF,34,96,3282,3282,224,0,0,0,2026.06.01
2026.06.01,매수,외화증권매수,그래닛셰어즈 엔비디아 데일리 2배 ETF,1,103,103,103,198,0,0,0,2026.06.01
2026.06.01,매수,외화증권매수,그래닛셰어즈 엔비디아 데일리 2배 ETF,22,105,2325,2325,220,0,0,0,2026.06.01
2026.06.01,매수,외화증권매수,TRADR GE 버노바 2배 ETF,6,66,399,399,100,0,0,0,2026.06.01
2026.06.01,매수,외화증권매수,TRADR GE 버노바 2배 ETF,8,65,526,526,108,0,0,0,2026.06.01
2026.06.01,매수,외화증권매수,TRADR GE 버노바 2배 ETF,50,65,3251,3251,158,0,0,0,2026.06.01
2026.06.01,매수,외화증권매수,TRADR AAOI 2배 ETF,4,53,215,215,60,0,0,0,2026.06.01
2026.06.01,매수,외화증권매수,TRADR AAOI 2배 ETF,6,54,329,329,66,0,0,0,2026.06.01
2026.06.01,매수,외화증권매수,TRADR AAOI 2배 ETF,7,53,375,375,73,0,0,0,2026.06.01
2026.06.01,매수,외화증권매수,TRADR AAOI 2배 ETF,8,55,442,442,81,0,0,0,2026.06.01
2026.06.01,매수,외화증권매수,TRADR AAOI 2배 ETF,10,55,551,551,91,0,0,0,2026.06.01
2026.06.01,매수,외화증권매수,TRADR AAOI 2배 ETF,11,55,615,615,102,0,0,0,2026.06.01
2026.06.01,매수,외화증권매수,TRADR AAOI 2배 ETF,12,54,651,651,114,0,0,0,2026.06.01
2026.06.01,매수,외화증권매수,TRADR AAOI 2배 ETF,13,54,714,714,127,0,0,0,2026.06.01
2026.06.01,매수,외화증권매수,TRADR AAOI 2배 ETF,15,54,822,822,142,0,0,0,2026.06.01
2026.06.01,매수,외화증권매수,TRADR AAOI 2배 ETF,23,54,1260,1260,165,0,0,0,2026.06.01
2026.06.01,매수,외화증권매수,TRADR AAOI 2배 ETF,23,55,1265,1265,188,0,0,0,2026.06.01
2026.06.01,매수,외화증권매수,TRADR 루멘텀 홀딩스 2배 ETF,3,41,123,123,160,0,0,0,2026.06.01
2026.06.01,매수,외화증권매수,TRADR 루멘텀 홀딩스 2배 ETF,6,38,232,232,166,0,0,0,2026.06.01
2026.06.01,매수,외화증권매수,TRADR 루멘텀 홀딩스 2배 ETF,18,38,694,694,184,0,0,0,2026.06.01
2026.06.01,매수,외화증권매수,TRADR 루멘텀 홀딩스 2배 ETF,20,40,806,806,204,0,0,0,2026.06.01
2026.06.01,매수,외화증권매수,TRADR 루멘텀 홀딩스 2배 ETF,20,41,830,830,224,0,0,0,2026.06.01
2026.06.01,매수,외화증권매수,TRADR 루멘텀 홀딩스 2배 ETF,37,38,1432,1432,261,0,0,0,2026.06.01
2026.06.01,매수,외화증권매수,TRADR 샌디스크 2배 ETF,4,208,835,835,95,0,0,0,2026.06.01
2026.06.01,매수,외화증권매수,TSMC(타이완반도체제조),1,423,423,423,17,0,0,0,2026.06.01
2026.06.01,매수,외화증권매수,TSMC(타이완반도체제조),7,414,2900,2900,24,0,0,0,2026.06.01
2026.06.01,매수,외화증권매수,레버리지셰어즈 ARM 2배 ETF,86,30,2599,2599,0,0,0,0,2026.06.01
2026.06.01,매수,외화증권매수,레버리지셰어즈 블룸에너지 2배 ETF,75,88,6602,6602,75,0,0,0,2026.06.01
2026.06.02,매도,외화증권매도,알몬티 인더스트리스,50,19,989,989,450,0,0,0,2026.06.02
2026.06.02,매도,외화증권매도,암 홀딩스 ADR,1,353,353,353,28,0,0,0,2026.06.02
2026.06.02,매도,외화증권매도,브로드컴,1,436,436,436,23,0,0,0,2026.06.02
2026.06.02,매도,외화증권매도,그래닛셰어즈 MRVL 데일리 2배 ETF,1,102,102,102,223,0,0,0,2026.06.02
2026.06.02,매도,외화증권매도,그래닛셰어즈 MRVL 데일리 2배 ETF,5,102,513,513,218,0,0,0,2026.06.02
2026.06.02,매도,외화증권매도,그래닛셰어즈 MRVL 데일리 2배 ETF,24,99,2382,2382,194,0,0,0,2026.06.02
2026.06.02,매도,외화증권매도,그래닛셰어즈 엔비디아 데일리 2배 ETF,5,108,540,540,215,0,0,0,2026.06.02
2026.06.02,매도,외화증권매도,그래닛셰어즈 엔비디아 데일리 2배 ETF,10,108,1081,1081,205,0,0,0,2026.06.02
2026.06.02,매도,외화증권매도,그래닛셰어즈 엔비디아 데일리 2배 ETF,10,108,1082,1082,195,0,0,0,2026.06.02
2026.06.02,매도,외화증권매도,그래닛셰어즈 엔비디아 데일리 2배 ETF,10,108,1082,1082,185,0,0,0,2026.06.02
2026.06.02,매도,외화증권매도,그래닛셰어즈 엔비디아 데일리 2배 ETF,10,108,1083,1083,175,0,0,0,2026.06.02
2026.06.02,매도,외화증권매도,그래닛셰어즈 엔비디아 데일리 2배 ETF,10,108,1085,1085,165,0,0,0,2026.06.02
2026.06.02,매도,외화증권매도,TRADR 샌디스크 2배 ETF,3,216,650,650,92,0,0,0,2026.06.02
2026.06.02,매수,외화증권매수,그래닛셰어즈 엔비디아 데일리 2배 ETF,20,106,2134,2134,185,0,0,0,2026.06.02
2026.06.02,매수,외화증권매수,TRADR GE 버노바 2배 ETF,18,59,1064,1064,176,0,0,0,2026.06.02
2026.06.02,매수,외화증권매수,TRADR AAOI 2배 ETF,12,43,527,527,200,0,0,0,2026.06.02
2026.06.02,매수,외화증권매수,TRADR AAOI 2배 ETF,17,43,741,741,217,0,0,0,2026.06.02
2026.06.02,매수,외화증권매수,TRADR AAOI 2배 ETF,22,44,969,969,239,0,0,0,2026.06.02
2026.06.02,매수,외화증권매수,TRADR AAOI 2배 ETF,24,43,1051,1051,263,0,0,0,2026.06.02
2026.06.02,매수,외화증권매수,TRADR AAOI 2배 ETF,37,43,1623,1623,300,0,0,0,2026.06.02
2026.06.02,매수,외화증권매수,TRADR 루멘텀 홀딩스 2배 ETF,10,35,355,355,271,0,0,0,2026.06.02
2026.06.02,매수,외화증권매수,TRADR 루멘텀 홀딩스 2배 ETF,30,35,1068,1068,301,0,0,0,2026.06.02
2026.06.02,매수,외화증권매수,레버리지셰어즈 블룸에너지 2배 ETF,4,80,321,321,79,0,0,0,2026.06.02
2026.06.02,매수,외화증권매수,레버리지셰어즈 블룸에너지 2배 ETF,7,80,563,563,86,0,0,0,2026.06.02
2026.06.02,매수,외화증권매수,레버리지셰어즈 블룸에너지 2배 ETF,12,80,962,962,98,0,0,0,2026.06.02
2026.06.03,매도,외화증권매도,알몬티 인더스트리스,10,19,196,196,440,0,0,0,2026.06.04
2026.06.03,매도,외화증권매도,알몬티 인더스트리스,26,19,511,511,414,0,0,0,2026.06.04
2026.06.03,매도,외화증권매도,알몬티 인더스트리스,50,19,972,972,364,0,0,0,2026.06.04
2026.06.03,매도,외화증권매도,알몬티 인더스트리스,64,19,1257,1257,300,0,0,0,2026.06.04
2026.06.03,매도,외화증권매도,알몬티 인더스트리스,300,19,5832,5832,0,0,0,0,2026.06.04
2026.06.03,매도,외화증권매도,암 홀딩스 ADR,1,409,409,409,27,0,0,0,2026.06.04
2026.06.03,매도,외화증권매도,암 홀딩스 ADR,2,379,758,758,25,0,0,0,2026.06.04
2026.06.03,매도,외화증권매도,암 홀딩스 ADR,12,412,4951,4951,13,0,0,0,2026.06.04
2026.06.03,매도,외화증권매도,브로드컴,1,458,458,458,22,0,0,0,2026.06.04
2026.06.03,매도,외화증권매도,브로드컴,22,457,10065,10065,0,0,0,0,2026.06.04
2026.06.03,매도,외화증권매도,그래닛셰어즈 MRVL 데일리 2배 ETF,2,105,210,210,192,0,0,0,2026.06.04
2026.06.03,매도,외화증권매도,그래닛셰어즈 MRVL 데일리 2배 ETF,3,95,286,286,189,0,0,0,2026.06.04
2026.06.03,매도,외화증권매도,그래닛셰어즈 MRVL 데일리 2배 ETF,3,112,337,337,186,0,0,0,2026.06.04
2026.06.03,매도,외화증권매도,그래닛셰어즈 MRVL 데일리 2배 ETF,4,101,407,407,182,0,0,0,2026.06.04
2026.06.03,매도,외화증권매도,그래닛셰어즈 MRVL 데일리 2배 ETF,4,104,416,416,178,0,0,0,2026.06.04
2026.06.03,매도,외화증권매도,그래닛셰어즈 MRVL 데일리 2배 ETF,7,113,791,791,171,0,0,0,2026.06.04
2026.06.03,매도,외화증권매도,그래닛셰어즈 MRVL 데일리 2배 ETF,9,100,908,908,162,0,0,0,2026.06.04
2026.06.03,매도,외화증권매도,그래닛셰어즈 MRVL 데일리 2배 ETF,10,107,1072,1072,152,0,0,0,2026.06.04
2026.06.03,매도,외화증권매도,그래닛셰어즈 MRVL 데일리 2배 ETF,10,107,1073,1073,142,0,0,0,2026.06.04
2026.06.03,매도,외화증권매도,그래닛셰어즈 MRVL 데일리 2배 ETF,60,112,6747,6747,82,0,0,0,2026.06.04
2026.06.03,매도,외화증권매도,그래닛셰어즈 인텔 데일리 2배 ETF,1,267,267,267,59,0,0,0,2026.06.04
2026.06.03,매도,외화증권매도,그래닛셰어즈 인텔 데일리 2배 ETF,1,268,268,268,58,0,0,0,2026.06.04
2026.06.03,매도,외화증권매도,그래닛셰어즈 인텔 데일리 2배 ETF,1,274,274,274,57,0,0,0,2026.06.04
2026.06.03,매도,외화증권매도,그래닛셰어즈 인텔 데일리 2배 ETF,1,278,278,278,56,0,0,0,2026.06.04
2026.06.03,매도,외화증권매도,그래닛셰어즈 인텔 데일리 2배 ETF,2,274,548,548,54,0,0,0,2026.06.04
2026.06.03,매도,외화증권매도,그래닛셰어즈 인텔 데일리 2배 ETF,3,287,861,861,51,0,0,0,2026.06.04
2026.06.03,매도,외화증권매도,그래닛셰어즈 인텔 데일리 2배 ETF,3,306,920,920,48,0,0,0,2026.06.04
2026.06.03,매도,외화증권매도,그래닛셰어즈 엔비디아 데일리 2배 ETF,2,107,215,215,183,0,0,0,2026.06.04
2026.06.03,매도,외화증권매도,그래닛셰어즈 엔비디아 데일리 2배 ETF,2,110,220,220,181,0,0,0,2026.06.04
2026.06.03,매도,외화증권매도,그래닛셰어즈 엔비디아 데일리 2배 ETF,2,112,224,224,179,0,0,0,2026.06.04
2026.06.03,매도,외화증권매도,그래닛셰어즈 엔비디아 데일리 2배 ETF,3,109,329,329,176,0,0,0,2026.06.04
2026.06.03,매도,외화증권매도,그래닛셰어즈 엔비디아 데일리 2배 ETF,58,112,6540,6540,118,0,0,0,2026.06.04
2026.06.03,매도,외화증권매도,TRADR AAOI 2배 ETF,4,51,207,207,296,0,0,0,2026.06.04
2026.06.03,매도,외화증권매도,TRADR AAOI 2배 ETF,4,60,242,242,292,0,0,0,2026.06.04
2026.06.03,매도,외화증권매도,TRADR AAOI 2배 ETF,5,51,257,257,287,0,0,0,2026.06.04
2026.06.03,매도,외화증권매도,TRADR AAOI 2배 ETF,8,52,421,421,279,0,0,0,2026.06.04
2026.06.03,매도,외화증권매도,TRADR AAOI 2배 ETF,20,51,1028,1028,259,0,0,0,2026.06.04
2026.06.03,매도,외화증권매도,TRADR AAOI 2배 ETF,20,51,1032,1032,239,0,0,0,2026.06.04
2026.06.03,매도,외화증권매도,TRADR AAOI 2배 ETF,56,52,2927,2927,183,0,0,0,2026.06.04
2026.06.03,매도,외화증권매도,TRADR AAOI 2배 ETF,64,51,3315,3315,119,0,0,0,2026.06.04
2026.06.03,매도,외화증권매도,TRADR 루멘텀 홀딩스 2배 ETF,8,35,283,283,293,0,0,0,2026.06.04
2026.06.03,매도,외화증권매도,TRADR 루멘텀 홀딩스 2배 ETF,10,38,384,384,283,0,0,0,2026.06.04
2026.06.03,매도,외화증권매도,TRADR 루멘텀 홀딩스 2배 ETF,10,38,385,385,273,0,0,0,2026.06.04
2026.06.03,매도,외화증권매도,TRADR 루멘텀 홀딩스 2배 ETF,10,38,387,387,263,0,0,0,2026.06.04
2026.06.03,매도,외화증권매도,TRADR 루멘텀 홀딩스 2배 ETF,15,39,593,593,248,0,0,0,2026.06.04
2026.06.03,매도,외화증권매도,TRADR 루멘텀 홀딩스 2배 ETF,20,39,782,782,228,0,0,0,2026.06.04
2026.06.03,매도,외화증권매도,TRADR 루멘텀 홀딩스 2배 ETF,40,40,1616,1616,188,0,0,0,2026.06.04
2026.06.03,매도,외화증권매도,TRADR 루멘텀 홀딩스 2배 ETF,50,40,2026,2026,138,0,0,0,2026.06.04
2026.06.03,매도,외화증권매도,TRADR 루멘텀 홀딩스 2배 ETF,50,40,2027,2027,88,0,0,0,2026.06.04
2026.06.03,매도,외화증권매도,TRADR 루멘텀 홀딩스 2배 ETF,200,40,8195,8195,-112,0,0,0,2026.06.04
2026.06.03,매도,외화증권매도,TRADR 샌디스크 2배 ETF,1,237,237,237,91,0,0,0,2026.06.04
2026.06.03,매도,외화증권매도,TRADR 샌디스크 2배 ETF,1,237,237,237,90,0,0,0,2026.06.04
2026.06.03,매도,외화증권매도,TRADR 샌디스크 2배 ETF,1,241,241,241,89,0,0,0,2026.06.04
2026.06.03,매도,외화증권매도,TRADR 샌디스크 2배 ETF,4,238,955,955,85,0,0,0,2026.06.04
2026.06.03,매도,외화증권매도,TRADR 샌디스크 2배 ETF,4,238,955,955,81,0,0,0,2026.06.04
2026.06.03,매도,외화증권매도,TRADR 샌디스크 2배 ETF,28,238,6673,6673,53,0,0,0,2026.06.04
2026.06.03,매도,외화증권매도,TSMC(타이완반도체제조),1,424,424,424,23,0,0,0,2026.06.04
2026.06.03,매도,외화증권매도,TSMC(타이완반도체제조),23,424,9772,9772,0,0,0,0,2026.06.04
2026.06.03,매도,외화증권매도,레버리지셰어즈 블룸에너지 2배 ETF,10,82,823,823,88,0,0,0,2026.06.04
2026.06.03,매도,외화증권매도,레버리지셰어즈 블룸에너지 2배 ETF,18,82,1485,1485,70,0,0,0,2026.06.04
2026.06.03,매도,외화증권매도,레버리지셰어즈 블룸에너지 2배 ETF,18,84,1514,1514,52,0,0,0,2026.06.04
2026.06.03,매수,외화증권매수,디렉시온 알파벳 A 2배 ETF,1,128,128,128,48,0,0,0,2026.06.04
2026.06.03,매수,외화증권매수,디렉시온 알파벳 A 2배 ETF,1,131,131,131,49,0,0,0,2026.06.04
2026.06.03,매수,외화증권매수,디렉시온 알파벳 A 2배 ETF,2,124,248,248,51,0,0,0,2026.06.04
2026.06.03,매수,외화증권매수,디렉시온 알파벳 A 2배 ETF,3,131,394,394,54,0,0,0,2026.06.04
2026.06.03,매수,외화증권매수,디렉시온 알파벳 A 2배 ETF,5,128,641,641,59,0,0,0,2026.06.04
2026.06.03,매수,외화증권매수,디렉시온 알파벳 A 2배 ETF,5,128,643,643,64,0,0,0,2026.06.04
2026.06.03,매수,외화증권매수,디렉시온 아마존 2배 ETF,5,40,201,201,157,0,0,0,2026.06.04
2026.06.03,매수,외화증권매수,디렉시온 아마존 2배 ETF,5,41,206,206,162,0,0,0,2026.06.04
2026.06.03,매수,외화증권매수,디렉시온 아마존 2배 ETF,16,41,663,663,178,0,0,0,2026.06.04
2026.06.03,매수,외화증권매수,디렉시온 아마존 2배 ETF,20,41,835,835,198,0,0,0,2026.06.04
2026.06.03,매수,외화증권매수,GE 버노바,7,960,6721,6721,7,0,0,0,2026.06.04
2026.06.03,매수,외화증권매수,그래닛셰어즈 MRVL 데일리 2배 ETF,3,110,330,330,85,0,0,0,2026.06.04
2026.06.03,매수,외화증권매수,그래닛셰어즈 MRVL 데일리 2배 ETF,4,100,402,402,89,0,0,0,2026.06.04
2026.06.03,매수,외화증권매수,그래닛셰어즈 MRVL 데일리 2배 ETF,5,97,487,487,94,0,0,0,2026.06.04
2026.06.03,매수,외화증권매수,그래닛셰어즈 MRVL 데일리 2배 ETF,6,97,587,587,100,0,0,0,2026.06.04
2026.06.03,매수,외화증권매수,그래닛셰어즈 MRVL 데일리 2배 ETF,8,94,755,755,108,0,0,0,2026.06.04
2026.06.03,매수,외화증권매수,그래닛셰어즈 MRVL 데일리 2배 ETF,10,98,989,989,118,0,0,0,2026.06.04
2026.06.03,매수,외화증권매수,그래닛셰어즈 인텔 데일리 2배 ETF,1,261,261,261,49,0,0,0,2026.06.04
2026.06.03,매수,외화증권매수,그래닛셰어즈 인텔 데일리 2배 ETF,1,264,264,264,50,0,0,0,2026.06.04
2026.06.03,매수,외화증권매수,그래닛셰어즈 인텔 데일리 2배 ETF,1,280,280,280,51,0,0,0,2026.06.04
2026.06.03,매수,외화증권매수,그래닛셰어즈 인텔 데일리 2배 ETF,2,265,530,530,53,0,0,0,2026.06.04
2026.06.03,매수,외화증권매수,그래닛셰어즈 인텔 데일리 2배 ETF,3,263,790,790,56,0,0,0,2026.06.04
2026.06.03,매수,외화증권매수,그래닛셰어즈 인텔 데일리 2배 ETF,3,266,800,800,59,0,0,0,2026.06.04
2026.06.03,매수,외화증권매수,그래닛셰어즈 인텔 데일리 2배 ETF,3,268,804,804,62,0,0,0,2026.06.04
2026.06.03,매수,외화증권매수,그래닛셰어즈 인텔 데일리 2배 ETF,3,290,870,870,65,0,0,0,2026.06.04
2026.06.03,매수,외화증권매수,그래닛셰어즈 인텔 데일리 2배 ETF,4,266,1065,1065,69,0,0,0,2026.06.04
2026.06.03,매수,외화증권매수,그래닛셰어즈 인텔 데일리 2배 ETF,5,285,1427,1427,74,0,0,0,2026.06.04
2026.06.03,매수,외화증권매수,그래닛셰어즈 엔비디아 데일리 2배 ETF,2,106,213,213,120,0,0,0,2026.06.04
2026.06.03,매수,외화증권매수,인텔,60,110,6658,6658,60,0,0,0,2026.06.04
2026.06.03,매수,외화증권매수,TRADR GE 버노바 2배 ETF,2,60,120,120,178,0,0,0,2026.06.04
2026.06.03,매수,외화증권매수,TRADR GE 버노바 2배 ETF,8,57,461,461,186,0,0,0,2026.06.04
2026.06.03,매수,외화증권매수,TRADR GE 버노바 2배 ETF,20,60,1211,1211,206,0,0,0,2026.06.04
2026.06.03,매수,외화증권매수,TRADR GE 버노바 2배 ETF,24,61,1472,1472,230,0,0,0,2026.06.04
2026.06.03,매수,외화증권매수,TRADR GE 버노바 2배 ETF,54,58,3178,3178,284,0,0,0,2026.06.04
2026.06.03,매수,외화증권매수,TRADR GE 버노바 2배 ETF,55,59,3246,3246,339,0,0,0,2026.06.04
2026.06.03,매수,외화증권매수,TRADR AAOI 2배 ETF,13,49,648,648,132,0,0,0,2026.06.04
2026.06.03,매수,외화증권매수,TRADR 루멘텀 홀딩스 2배 ETF,10,36,360,360,-102,0,0,0,2026.06.04
2026.06.03,매수,외화증권매수,TRADR 루멘텀 홀딩스 2배 ETF,10,36,364,364,-92,0,0,0,2026.06.04
2026.06.03,매수,외화증권매수,TRADR 루멘텀 홀딩스 2배 ETF,13,36,473,473,-79,0,0,0,2026.06.04
2026.06.03,매수,외화증권매수,TRADR 루멘텀 홀딩스 2배 ETF,19,36,696,696,-60,0,0,0,2026.06.04
2026.06.03,매수,외화증권매수,TRADR 루멘텀 홀딩스 2배 ETF,60,34,2092,2092,0,0,0,0,2026.06.04
2026.06.03,매수,외화증권매수,TRADR 샌디스크 2배 ETF,1,230,230,230,54,0,0,0,2026.06.04
2026.06.03,매수,외화증권매수,TRADR 샌디스크 2배 ETF,2,231,462,462,56,0,0,0,2026.06.04
2026.06.03,매수,외화증권매수,마벨 테크놀로지 그룹,11,217,2393,2393,11,0,0,0,2026.06.04
2026.06.03,매수,외화증권매수,마벨 테크놀로지 그룹,50,198,9936,9936,61,0,0,0,2026.06.04
2026.06.03,매수,외화증권매수,엔비디아,1,215,215,215,1,0,0,0,2026.06.04
2026.06.03,매수,외화증권매수,엔비디아,14,221,3103,3103,15,0,0,0,2026.06.04
2026.06.03,매수,외화증권매수,엔비디아,45,216,9742,9742,60,0,0,0,2026.06.04
2026.06.03,매수,외화증권매수,샌디스크,4,1762,7049,7049,4,0,0,0,2026.06.04
2026.06.03,매수,외화증권매수,샌디스크,4,1763,7052,7052,8,0,0,0,2026.06.04
2026.06.03,매수,외화증권매수,레버리지셰어즈 ARM 2배 ETF,6,59,354,354,6,0,0,0,2026.06.04
2026.06.03,매수,외화증권매수,레버리지셰어즈 ARM 2배 ETF,39,53,2097,2097,45,0,0,0,2026.06.04
2026.06.03,매수,외화증권매수,레버리지셰어즈 ARM 2배 ETF,45,59,2670,2670,90,0,0,0,2026.06.04
2026.06.03,매수,외화증권매수,레버리지셰어즈 블룸에너지 2배 ETF,2,81,162,162,54,0,0,0,2026.06.04
2026.06.03,매수,외화증권매수,레버리지셰어즈 블룸에너지 2배 ETF,11,82,904,904,65,0,0,0,2026.06.04
2026.06.03,매수,외화증권매수,레버리지셰어즈 블룸에너지 2배 ETF,13,80,1043,1043,78,0,0,0,2026.06.04
2026.06.03,매수,외화증권매수,레버리지셰어즈 블룸에너지 2배 ETF,20,82,1645,1645,98,0,0,0,2026.06.04
2026.06.03,출고,외화주식액면분할출고,TRADR 샌디스크 2배 ETF,56,134,0,0,0,0,0,0,2026.06.04
2026.06.03,입고,외화주식액면분할입고,TRADR 샌디스크 2배 ETF,448,16,0,0,448,0,0,0,2026.06.04
2026.06.04,매도,외화증권매도,그래닛셰어즈 MRVL 데일리 2배 ETF,10,169,1698,1698,108,0,0,0,2026.06.04
2026.06.04,매수,외화증권매수,그래닛셰어즈 인텔 데일리 2배 ETF,2,260,520,520,76,0,0,0,2026.06.04
2026.06.04,매수,외화증권매수,마벨 테크놀로지 그룹,6,273,1640,1640,67,0,0,0,2026.06.04
2026.06.05,매도,외화증권매도,암 홀딩스 ADR,6,390,2340,2340,7,0,0,0,2026.06.05
2026.06.05,매도,외화증권매도,그래닛셰어즈 MRVL 데일리 2배 ETF,4,208,834,834,104,0,0,0,2026.06.05
2026.06.05,매도,외화증권매도,그래닛셰어즈 MRVL 데일리 2배 ETF,6,220,1323,1323,98,0,0,0,2026.06.05
2026.06.05,매도,외화증권매도,그래닛셰어즈 인텔 데일리 2배 ETF,5,296,1483,1483,71,0,0,0,2026.06.05
2026.06.05,매도,외화증권매도,그래닛셰어즈 인텔 데일리 2배 ETF,5,297,1486,1486,66,0,0,0,2026.06.05
2026.06.05,매도,외화증권매도,그래닛셰어즈 인텔 데일리 2배 ETF,5,297,1489,1489,61,0,0,0,2026.06.05
2026.06.05,매도,외화증권매도,그래닛셰어즈 인텔 데일리 2배 ETF,11,294,3241,3241,50,0,0,0,2026.06.05
2026.06.05,매도,외화증권매도,마벨 테크놀로지 그룹,1,303,303,303,66,0,0,0,2026.06.05
2026.06.05,매도,외화증권매도,마벨 테크놀로지 그룹,2,305,611,611,64,0,0,0,2026.06.05
2026.06.05,매도,외화증권매도,마벨 테크놀로지 그룹,3,280,840,840,61,0,0,0,2026.06.05
2026.06.05,매도,외화증권매도,엔비디아,10,217,2173,2173,50,0,0,0,2026.06.05
2026.06.05,매도,외화증권매도,엔비디아,50,215,10787,10787,0,0,0,0,2026.06.05
2026.06.05,매도,외화증권매도,레버리지셰어즈 ARM 2배 ETF,90,56,5050,5050,0,0,0,0,2026.06.05
2026.06.05,매수,외화증권매수,디렉시온 알파벳 A 2배 ETF,2,117,234,234,66,0,0,0,2026.06.05
2026.06.05,매수,외화증권매수,디렉시온 알파벳 A 2배 ETF,10,117,1173,1173,76,0,0,0,2026.06.05
2026.06.05,매수,외화증권매수,디렉시온 아마존 2배 ETF,20,37,749,749,218,0,0,0,2026.06.05
2026.06.05,매수,외화증권매수,디렉시온 아마존 2배 ETF,32,39,1257,1257,250,0,0,0,2026.06.05
2026.06.05,매수,외화증권매수,그래닛셰어즈 MRVL 데일리 2배 ETF,2,206,413,413,100,0,0,0,2026.06.05
2026.06.05,매수,외화증권매수,그래닛셰어즈 MRVL 데일리 2배 ETF,4,174,698,698,104,0,0,0,2026.06.05
2026.06.05,매수,외화증권매수,그래닛셰어즈 엔비디아 데일리 2배 ETF,20,108,2164,2164,140,0,0,0,2026.06.05
2026.06.05,매수,외화증권매수,인텔,10,115,1150,1150,70,0,0,0,2026.06.05
2026.06.05,매수,외화증권매수,인텔,12,115,1380,1380,82,0,0,0,2026.06.05
2026.06.05,매수,외화증권매수,인텔,15,115,1727,1727,97,0,0,0,2026.06.05
2026.06.05,매수,외화증권매수,인텔,30,114,3440,3440,127,0,0,0,2026.06.05
2026.06.05,매수,외화증권매수,TRADR AAOI 2배 ETF,18,63,1135,1135,150,0,0,0,2026.06.05
2026.06.05,매수,외화증권매수,TRADR AAOI 2배 ETF,26,57,1501,1501,176,0,0,0,2026.06.05
2026.06.05,매수,외화증권매수,TRADR 루멘텀 홀딩스 2배 ETF,245,43,10759,10759,245,0,0,0,2026.06.05
2026.06.05,매수,외화증권매수,TRADR 샌디스크 2배 ETF,10,28,287,287,458,0,0,0,2026.06.05
2026.06.05,매수,외화증권매수,마벨 테크놀로지 그룹,4,315,1260,1260,65,0,0,0,2026.06.05
2026.06.05,매수,외화증권매수,레버리지셰어즈 ARM 2배 ETF,46,53,2440,2440,46,0,0,0,2026.06.05
2026.06.05,매수,외화증권매수,레버리지셰어즈 블룸에너지 2배 ETF,12,88,1066,1066,110,0,0,0,2026.06.05
2026.06.05,매수,외화증권매수,레버리지셰어즈 블룸에너지 2배 ETF,58,86,5019,5019,168,0,0,0,2026.06.05
2026.06.05,출고,외화주식액면분할출고,TRADR GE 버노바 2배 ETF,339,63,0,0,0,0,0,0,2026.06.05
2026.06.05,입고,외화주식액면분할입고,TRADR GE 버노바 2배 ETF,1017,21,0,0,1017,0,0,0,2026.06.05
2026.06.08,매도,외화증권매도,암 홀딩스 ADR,7,382,2677,2677,0,0,0,0,2026.06.08
2026.06.08,매도,외화증권매도,GE 버노바,2,947,1894,1894,5,0,0,0,2026.06.08
2026.06.08,매도,외화증권매도,그래닛셰어즈 MRVL 데일리 2배 ETF,1,208,208,208,103,0,0,0,2026.06.08
2026.06.08,매도,외화증권매도,그래닛셰어즈 MRVL 데일리 2배 ETF,1,212,212,212,102,0,0,0,2026.06.08
2026.06.08,매도,외화증권매도,그래닛셰어즈 MRVL 데일리 2배 ETF,2,216,433,433,100,0,0,0,2026.06.08
2026.06.08,매도,외화증권매도,그래닛셰어즈 MRVL 데일리 2배 ETF,3,202,606,606,97,0,0,0,2026.06.08
2026.06.08,매도,외화증권매도,그래닛셰어즈 엔비디아 데일리 2배 ETF,1,107,107,107,139,0,0,0,2026.06.08
2026.06.08,매도,외화증권매도,그래닛셰어즈 엔비디아 데일리 2배 ETF,5,107,537,537,134,0,0,0,2026.06.08
2026.06.08,매도,외화증권매도,그래닛셰어즈 엔비디아 데일리 2배 ETF,8,108,869,869,126,0,0,0,2026.06.08
2026.06.08,매도,외화증권매도,그래닛셰어즈 엔비디아 데일리 2배 ETF,10,104,1047,1047,116,0,0,0,2026.06.08
2026.06.08,매도,외화증권매도,인텔,2,108,216,216,125,0,0,0,2026.06.08
2026.06.08,매도,외화증권매도,인텔,3,108,324,324,122,0,0,0,2026.06.08
2026.06.08,매도,외화증권매도,TRADR AAOI 2배 ETF,26,53,1390,1390,150,0,0,0,2026.06.08
2026.06.08,매도,외화증권매도,TRADR AAOI 2배 ETF,30,54,1625,1625,120,0,0,0,2026.06.08
2026.06.08,매도,외화증권매도,TRADR AAOI 2배 ETF,120,54,6535,6535,0,0,0,0,2026.06.08
2026.06.08,매도,외화증권매도,TRADR 루멘텀 홀딩스 2배 ETF,7,42,294,294,238,0,0,0,2026.06.08
2026.06.08,매도,외화증권매도,TRADR 루멘텀 홀딩스 2배 ETF,12,41,501,501,226,0,0,0,2026.06.08
2026.06.08,매도,외화증권매도,TRADR 루멘텀 홀딩스 2배 ETF,25,41,1045,1045,201,0,0,0,2026.06.08
2026.06.08,매도,외화증권매도,TRADR 루멘텀 홀딩스 2배 ETF,37,43,1591,1591,164,0,0,0,2026.06.08
2026.06.08,매도,외화증권매도,TRADR 루멘텀 홀딩스 2배 ETF,50,41,2098,2098,114,0,0,0,2026.06.08
2026.06.08,매도,외화증권매도,TRADR 루멘텀 홀딩스 2배 ETF,76,42,3223,3223,38,0,0,0,2026.06.08
2026.06.08,매도,외화증권매도,TRADR 루멘텀 홀딩스 2배 ETF,123,41,5134,5134,-85,0,0,0,2026.06.08
2026.06.08,매도,외화증권매도,샌디스크,1,1740,1740,1740,7,0,0,0,2026.06.08
2026.06.08,매도,외화증권매도,레버리지셰어즈 ARM 2배 ETF,30,51,1559,1559,16,0,0,0,2026.06.08
2026.06.08,매도,외화증권매도,레버리지셰어즈 ARM 2배 ETF,51,51,2616,2616,-35,0,0,0,2026.06.08
2026.06.08,매도,외화증권매도,레버리지셰어즈 블룸에너지 2배 ETF,8,85,680,680,160,0,0,0,2026.06.08
2026.06.08,매도,외화증권매도,레버리지셰어즈 블룸에너지 2배 ETF,80,84,6796,6796,80,0,0,0,2026.06.08
2026.06.08,매수,외화증권매수,알파벳 Class A,8,370,2967,2967,8,0,0,0,2026.06.08
2026.06.08,매수,외화증권매수,암 홀딩스 ADR,1,388,388,388,1,0,0,0,2026.06.08
2026.06.08,매수,외화증권매수,암 홀딩스 ADR,2,387,774,774,3,0,0,0,2026.06.08
2026.06.08,매수,외화증권매수,암 홀딩스 ADR,6,388,2331,2331,9,0,0,0,2026.06.08
2026.06.08,매수,외화증권매수,암 홀딩스 ADR,8,388,3105,3105,17,0,0,0,2026.06.08
2026.06.08,매수,외화증권매수,블룸 에너지,11,283,3120,3120,11,0,0,0,2026.06.08
2026.06.08,매수,외화증권매수,블룸 에너지,13,283,3688,3688,24,0,0,0,2026.06.08
2026.06.08,매수,외화증권매수,디렉시온 알파벳 A 2배 ETF,6,123,740,740,82,0,0,0,2026.06.08
2026.06.08,매수,외화증권매수,디렉시온 아마존 2배 ETF,2,38,77,77,252,0,0,0,2026.06.08
2026.06.08,매수,외화증권매수,디렉시온 아마존 2배 ETF,20,38,771,771,272,0,0,0,2026.06.08
2026.06.08,매수,외화증권매수,디렉시온 아마존 2배 ETF,28,38,1081,1081,300,0,0,0,2026.06.08
2026.06.08,매수,외화증권매수,GE 버노바,2,950,1900,1900,7,0,0,0,2026.06.08
2026.06.08,매수,외화증권매수,TRADR 루멘텀 홀딩스 2배 ETF,20,40,800,800,-65,0,0,0,2026.06.08
2026.06.08,매수,외화증권매수,TRADR 루멘텀 홀딩스 2배 ETF,65,39,2576,2576,0,0,0,0,2026.06.08
2026.06.08,매수,외화증권매수,마벨 테크놀로지 그룹,1,309,309,309,66,0,0,0,2026.06.08
2026.06.08,매수,외화증권매수,마벨 테크놀로지 그룹,2,300,600,600,68,0,0,0,2026.06.08
2026.06.08,매수,외화증권매수,엔비디아,2,216,433,433,2,0,0,0,2026.06.08
2026.06.08,매수,외화증권매수,엔비디아,56,216,12132,12132,58,0,0,0,2026.06.08
2026.06.08,매수,외화증권매수,레버리지셰어즈 ARM 2배 ETF,5,52,260,260,-30,0,0,0,2026.06.08
2026.06.08,매수,외화증권매수,레버리지셰어즈 ARM 2배 ETF,11,50,555,555,-19,0,0,0,2026.06.08
2026.06.08,매수,외화증권매수,레버리지셰어즈 ARM 2배 ETF,20,51,1021,1021,1,0,0,0,2026.06.08
2026.06.08,매수,외화증권매수,레버리지셰어즈 ARM 2배 ETF,34,50,1733,1733,35,0,0,0,2026.06.08
2026.06.08,매수,외화증권매수,레버리지셰어즈 ARM 2배 ETF,37,49,1849,1849,72,0,0,0,2026.06.08
2026.06.08,매수,외화증권매수,레버리지셰어즈 ARM 2배 ETF,53,51,2709,2709,125,0,0,0,2026.06.08
2026.06.09,매도,외화증권매도,암 홀딩스 ADR,1,352,352,352,16,0,0,0,2026.06.09
2026.06.09,매도,외화증권매도,블룸 에너지,1,255,255,255,23,0,0,0,2026.06.09
2026.06.09,매도,외화증권매도,GE 버노바,7,951,6661,6661,0,0,0,0,2026.06.09
2026.06.09,매도,외화증권매도,인텔,1,97,97,97,121,0,0,0,2026.06.09
2026.06.09,매도,외화증권매도,인텔,2,97,194,194,119,0,0,0,2026.06.09
2026.06.09,매도,외화증권매도,인텔,3,102,308,308,116,0,0,0,2026.06.09
2026.06.09,매도,외화증권매도,마벨 테크놀로지 그룹,2,273,546,546,66,0,0,0,2026.06.09
2026.06.09,매도,외화증권매도,마벨 테크놀로지 그룹,3,286,860,860,63,0,0,0,2026.06.09
2026.06.09,매도,외화증권매도,엔비디아,1,208,208,208,57,0,0,0,2026.06.09
2026.06.09,매수,외화증권매수,그래닛셰어즈 MRVL 데일리 2배 ETF,1,180,180,180,98,0,0,0,2026.06.09
2026.06.09,매수,외화증권매수,그래닛셰어즈 MRVL 데일리 2배 ETF,4,158,635,635,102,0,0,0,2026.06.09
2026.06.09,매수,외화증권매수,그래닛셰어즈 MRVL 데일리 2배 ETF,5,181,906,906,107,0,0,0,2026.06.09
2026.06.09,매수,외화증권매수,그래닛셰어즈 인텔 데일리 2배 ETF,2,210,420,420,52,0,0,0,2026.06.09
2026.06.09,매수,외화증권매수,그래닛셰어즈 인텔 데일리 2배 ETF,2,235,471,471,54,0,0,0,2026.06.09
2026.06.09,매수,외화증권매수,그래닛셰어즈 엔비디아 데일리 2배 ETF,3,99,297,297,119,0,0,0,2026.06.09
2026.06.09,매수,외화증권매수,TRADR GE 버노바 2배 ETF,35,18,653,653,1052,0,0,0,2026.06.09
2026.06.09,매수,외화증권매수,TRADR 샌디스크 2배 ETF,30,22,677,677,488,0,0,0,2026.06.09
2026.06.09,매수,외화증권매수,TRADR 샌디스크 2배 ETF,64,24,1589,1589,552,0,0,0,2026.06.09
2026.06.09,매수,외화증권매수,샌디스크,1,1621,1621,1621,8,0,0,0,2026.06.09
2026.06.09,매수,외화증권매수,레버리지셰어즈 ARM 2배 ETF,7,42,299,299,132,0,0,0,2026.06.09
2026.06.09,매수,외화증권매수,레버리지셰어즈 블룸에너지 2배 ETF,1,68,68,68,81,0,0,0,2026.06.09
2026.06.09,매수,외화증권매수,레버리지셰어즈 블룸에너지 2배 ETF,3,69,207,207,84,0,0,0,2026.06.09
2026.06.10,매도,외화증권매도,알파벳 Class A,8,363,2910,2910,0,0,0,0,2026.06.10
2026.06.10,매도,외화증권매도,암 홀딩스 ADR,2,341,682,682,14,0,0,0,2026.06.10
2026.06.10,매도,외화증권매도,암 홀딩스 ADR,4,340,1360,1360,10,0,0,0,2026.06.10
2026.06.10,매도,외화증권매도,블룸 에너지,10,258,2584,2584,13,0,0,0,2026.06.10
2026.06.10,매도,외화증권매도,디렉시온 마이크론 테크놀로지 2배 ETF,1,805,805,805,-1,0,0,0,2026.06.10
2026.06.10,매도,외화증권매도,디렉시온 마이크론 테크놀로지 2배 ETF,2,776,1552,1552,-3,0,0,0,2026.06.10
2026.06.10,매도,외화증권매도,디렉시온 마이크론 테크놀로지 2배 ETF,8,786,6288,6288,-11,0,0,0,2026.06.10
2026.06.10,매도,외화증권매도,디렉시온 마이크론 테크놀로지 2배 ETF,8,787,6296,6296,-19,0,0,0,2026.06.10
2026.06.10,매도,외화증권매도,디렉시온 알파벳 A 2배 ETF,82,120,9861,9861,0,0,0,0,2026.06.10
2026.06.10,매도,외화증권매도,디렉시온 아마존 2배 ETF,300,36,10937,10937,0,0,0,0,2026.06.10
2026.06.10,매도,외화증권매도,그래닛셰어즈 MRVL 데일리 2배 ETF,1,187,187,187,106,0,0,0,2026.06.10
2026.06.10,매도,외화증권매도,그래닛셰어즈 MRVL 데일리 2배 ETF,2,187,374,374,104,0,0,0,2026.06.10
2026.06.10,매도,외화증권매도,그래닛셰어즈 MRVL 데일리 2배 ETF,2,190,380,380,102,0,0,0,2026.06.10
2026.06.10,매도,외화증권매도,그래닛셰어즈 MRVL 데일리 2배 ETF,2,190,380,380,100,0,0,0,2026.06.10
2026.06.10,매도,외화증권매도,그래닛셰어즈 인텔 데일리 2배 ETF,1,271,271,271,53,0,0,0,2026.06.10
2026.06.10,매도,외화증권매도,그래닛셰어즈 인텔 데일리 2배 ETF,1,273,273,273,52,0,0,0,2026.06.10
2026.06.10,매도,외화증권매도,그래닛셰어즈 인텔 데일리 2배 ETF,3,272,817,817,49,0,0,0,2026.06.10
2026.06.10,매도,외화증권매도,그래닛셰어즈 인텔 데일리 2배 ETF,4,267,1070,1070,45,0,0,0,2026.06.10
2026.06.10,매도,외화증권매도,그래닛셰어즈 인텔 데일리 2배 ETF,20,265,5303,5303,25,0,0,0,2026.06.10
2026.06.10,매도,외화증권매도,인텔,56,100,5632,5632,60,0,0,0,2026.06.10
2026.06.10,매도,외화증권매도,TRADR GE 버노바 2배 ETF,12,19,230,230,1040,0,0,0,2026.06.10
2026.06.10,매도,외화증권매도,TRADR 샌디스크 2배 ETF,5,25,127,127,547,0,0,0,2026.06.10
2026.06.10,매도,외화증권매도,TRADR 샌디스크 2배 ETF,10,26,264,264,537,0,0,0,2026.06.10
2026.06.10,매도,외화증권매도,TRADR 샌디스크 2배 ETF,10,26,264,264,527,0,0,0,2026.06.10
2026.06.10,매도,외화증권매도,TRADR 샌디스크 2배 ETF,15,25,382,382,512,0,0,0,2026.06.10
2026.06.10,매도,외화증권매도,TRADR 샌디스크 2배 ETF,50,26,1302,1302,462,0,0,0,2026.06.10
2026.06.10,매도,외화증권매도,TRADR 샌디스크 2배 ETF,230,25,5844,5844,232,0,0,0,2026.06.10
2026.06.10,매도,외화증권매도,샌디스크,4,1595,6381,6381,4,0,0,0,2026.06.10
2026.06.10,매수,외화증권매수,디렉시온 마이크론 테크놀로지 2배 ETF,3,707,2122,2122,-16,0,0,0,2026.06.10
2026.06.10,매수,외화증권매수,디렉시온 마이크론 테크놀로지 2배 ETF,32,707,22646,22646,16,0,0,0,2026.06.10
2026.06.10,매수,외화증권매수,그래닛셰어즈 인텔 데일리 2배 ETF,25,224,5620,5620,50,0,0,0,2026.06.10
2026.06.10,매수,외화증권매수,인텔,60,110,6607,6607,120,0,0,0,2026.06.10
2026.06.10,매수,외화증권매수,TRADR 샌디스크 2배 ETF,6,23,143,143,238,0,0,0,2026.06.10
2026.06.10,매수,외화증권매수,TRADR 샌디스크 2배 ETF,262,23,6247,6247,500,0,0,0,2026.06.10
2026.06.10,매수,외화증권매수,마이크론 테크놀로지,7,947,6631,6631,7,0,0,0,2026.06.10
2026.06.10,매수,외화증권매수,마이크론 테크놀로지,7,948,6636,6636,14,0,0,0,2026.06.10
2026.06.10,매수,외화증권매수,샌디스크,4,1651,6605,6605,8,0,0,0,2026.06.10
2026.06.10,매수,외화증권매수,레버리지셰어즈 ARM 2배 ETF,29,39,1151,1151,161,0,0,0,2026.06.10
2026.06.10,매수,외화증권매수,레버리지셰어즈 ARM 2배 ETF,35,39,1383,1383,196,0,0,0,2026.06.10
2026.06.10,매수,외화증권매수,레버리지셰어즈 블룸에너지 2배 ETF,1,70,70,70,85,0,0,0,2026.06.10
2026.06.10,매수,외화증권매수,레버리지셰어즈 블룸에너지 2배 ETF,6,70,424,424,91,0,0,0,2026.06.10
2026.06.10,매수,외화증권매수,레버리지셰어즈 블룸에너지 2배 ETF,11,70,775,775,102,0,0,0,2026.06.10
2026.06.10,매수,외화증권매수,레버리지셰어즈 블룸에너지 2배 ETF,18,70,1267,1267,120,0,0,0,2026.06.10
2026.06.10,매수,외화증권매수,레버리지셰어즈 블룸에너지 2배 ETF,20,70,1414,1414,140,0,0,0,2026.06.10
2026.06.11,매도,외화증권매도,암 홀딩스 ADR,10,304,3049,3049,0,0,0,0,2026.06.11
2026.06.11,매도,외화증권매도,암 홀딩스 ADR,10,327,3278,3278,-10,0,0,0,2026.06.11
2026.06.11,매도,외화증권매도,블룸 에너지,2,253,506,506,11,0,0,0,2026.06.11
2026.06.11,매도,외화증권매도,블룸 에너지,6,245,1474,1474,5,0,0,0,2026.06.11
2026.06.11,매도,외화증권매도,디렉시온 마이크론 테크놀로지 2배 ETF,1,857,857,857,15,0,0,0,2026.06.11
2026.06.11,매도,외화증권매도,GE 버노바,3,902,2706,2706,-3,0,0,0,2026.06.11
2026.06.11,매도,외화증권매도,그래닛셰어즈 MRVL 데일리 2배 ETF,1,187,187,187,99,0,0,0,2026.06.11
2026.06.11,매도,외화증권매도,그래닛셰어즈 MRVL 데일리 2배 ETF,1,188,188,188,98,0,0,0,2026.06.11
2026.06.11,매도,외화증권매도,그래닛셰어즈 MRVL 데일리 2배 ETF,2,188,376,376,96,0,0,0,2026.06.11
2026.06.11,매도,외화증권매도,그래닛셰어즈 MRVL 데일리 2배 ETF,2,188,376,376,94,0,0,0,2026.06.11
2026.06.11,매도,외화증권매도,그래닛셰어즈 MRVL 데일리 2배 ETF,2,188,377,377,92,0,0,0,2026.06.11
2026.06.11,매도,외화증권매도,그래닛셰어즈 MRVL 데일리 2배 ETF,2,189,378,378,90,0,0,0,2026.06.11
2026.06.11,매도,외화증권매도,그래닛셰어즈 MRVL 데일리 2배 ETF,5,188,941,941,85,0,0,0,2026.06.11
2026.06.11,매도,외화증권매도,그래닛셰어즈 인텔 데일리 2배 ETF,2,280,560,560,48,0,0,0,2026.06.11
2026.06.11,매도,외화증권매도,그래닛셰어즈 인텔 데일리 2배 ETF,2,281,562,562,46,0,0,0,2026.06.11
2026.06.11,매도,외화증권매도,인텔,1,100,100,100,119,0,0,0,2026.06.11
2026.06.11,매도,외화증권매도,인텔,4,100,401,401,115,0,0,0,2026.06.11
2026.06.11,매도,외화증권매도,인텔,10,101,1017,1017,105,0,0,0,2026.06.11
2026.06.11,매도,외화증권매도,인텔,10,104,1042,1042,95,0,0,0,2026.06.11
2026.06.11,매도,외화증권매도,TRADR 샌디스크 2배 ETF,10,27,275,275,490,0,0,0,2026.06.11
2026.06.11,매도,외화증권매도,TRADR 샌디스크 2배 ETF,20,26,535,535,470,0,0,0,2026.06.11
2026.06.11,매도,외화증권매도,TRADR 샌디스크 2배 ETF,20,29,582,582,450,0,0,0,2026.06.11
2026.06.11,매도,외화증권매도,마벨 테크놀로지 그룹,3,271,815,815,60,0,0,0,2026.06.11
2026.06.11,매도,외화증권매도,마벨 테크놀로지 그룹,5,250,1252,1252,55,0,0,0,2026.06.11
2026.06.11,매도,외화증권매도,마벨 테크놀로지 그룹,5,251,1259,1259,50,0,0,0,2026.06.11
2026.06.11,매도,외화증권매도,마벨 테크놀로지 그룹,10,259,2597,2597,40,0,0,0,2026.06.11
2026.06.11,매도,외화증권매도,마이크론 테크놀로지,1,891,891,891,13,0,0,0,2026.06.11
2026.06.11,매도,외화증권매도,마이크론 테크놀로지,1,899,899,899,12,0,0,0,2026.06.11
2026.06.11,매도,외화증권매도,마이크론 테크놀로지,2,875,1750,1750,10,0,0,0,2026.06.11
2026.06.11,매도,외화증권매도,엔비디아,5,201,1005,1005,52,0,0,0,2026.06.11
2026.06.11,매도,외화증권매도,엔비디아,5,201,1007,1007,47,0,0,0,2026.06.11
2026.06.11,매도,외화증권매도,엔비디아,5,201,1008,1008,42,0,0,0,2026.06.11
2026.06.11,매도,외화증권매도,엔비디아,5,204,1020,1020,37,0,0,0,2026.06.11
2026.06.11,매도,외화증권매도,샌디스크,1,1572,1572,1572,7,0,0,0,2026.06.11
2026.06.11,매도,외화증권매도,샌디스크,1,1640,1640,1640,6,0,0,0,2026.06.11
2026.06.11,매도,외화증권매도,레버리지셰어즈 블룸에너지 2배 ETF,10,80,802,802,130,0,0,0,2026.06.11
2026.06.11,매도,외화증권매도,레버리지셰어즈 블룸에너지 2배 ETF,10,80,805,805,120,0,0,0,2026.06.11
2026.06.11,매도,외화증권매도,레버리지셰어즈 블룸에너지 2배 ETF,20,78,1577,1577,100,0,0,0,2026.06.11
2026.06.11,매도,외화증권매도,레버리지셰어즈 블룸에너지 2배 ETF,20,79,1584,1584,80,0,0,0,2026.06.11
2026.06.11,매수,외화증권매수,암 홀딩스 ADR,5,343,1717,1717,-5,0,0,0,2026.06.11
2026.06.11,매수,외화증권매수,암 홀딩스 ADR,5,345,1728,1728,0,0,0,0,2026.06.11
2026.06.11,매수,외화증권매수,블룸 에너지,4,270,1083,1083,9,0,0,0,2026.06.11
2026.06.11,매수,외화증권매수,블룸 에너지,7,271,1901,1901,16,0,0,0,2026.06.11
2026.06.11,매수,외화증권매수,디렉시온 마이크론 테크놀로지 2배 ETF,1,693,693,693,16,0,0,0,2026.06.11
2026.06.11,매수,외화증권매수,디렉시온 마이크론 테크놀로지 2배 ETF,1,707,707,707,17,0,0,0,2026.06.11
2026.06.11,매수,외화증권매수,디렉시온 마이크론 테크놀로지 2배 ETF,2,665,1330,1330,19,0,0,0,2026.06.11
2026.06.11,매수,외화증권매수,GE 버노바,3,939,2819,2819,0,0,0,0,2026.06.11
2026.06.11,매수,외화증권매수,그래닛셰어즈 MRVL 데일리 2배 ETF,7,155,1085,1085,92,0,0,0,2026.06.11
2026.06.11,매수,외화증권매수,그래닛셰어즈 MRVL 데일리 2배 ETF,9,131,1180,1180,101,0,0,0,2026.06.11
2026.06.11,매수,외화증권매수,그래닛셰어즈 MRVL 데일리 2배 ETF,12,130,1567,1567,113,0,0,0,2026.06.11
2026.06.11,매수,외화증권매수,그래닛셰어즈 MRVL 데일리 2배 ETF,18,140,2525,2525,131,0,0,0,2026.06.11
2026.06.11,매수,외화증권매수,그래닛셰어즈 인텔 데일리 2배 ETF,2,217,435,435,48,0,0,0,2026.06.11
2026.06.11,매수,외화증권매수,그래닛셰어즈 인텔 데일리 2배 ETF,4,225,903,903,52,0,0,0,2026.06.11
2026.06.11,매수,외화증권매수,그래닛셰어즈 인텔 데일리 2배 ETF,4,237,950,950,56,0,0,0,2026.06.11
2026.06.11,매수,외화증권매수,그래닛셰어즈 엔비디아 데일리 2배 ETF,10,92,920,920,129,0,0,0,2026.06.11
2026.06.11,매수,외화증권매수,그래닛셰어즈 엔비디아 데일리 2배 ETF,11,92,1018,1018,140,0,0,0,2026.06.11
2026.06.11,매수,외화증권매수,그래닛셰어즈 엔비디아 데일리 2배 ETF,11,99,1098,1098,151,0,0,0,2026.06.11
2026.06.11,매수,외화증권매수,그래닛셰어즈 엔비디아 데일리 2배 ETF,12,92,1104,1104,163,0,0,0,2026.06.11
2026.06.11,매수,외화증권매수,그래닛셰어즈 엔비디아 데일리 2배 ETF,13,94,1229,1229,176,0,0,0,2026.06.11
2026.06.11,매수,외화증권매수,TRADR GE 버노바 2배 ETF,154,17,2698,2698,1194,0,0,0,2026.06.11
2026.06.11,매수,외화증권매수,TRADR 샌디스크 2배 ETF,67,25,1692,1692,517,0,0,0,2026.06.11
2026.06.11,매수,외화증권매수,TRADR 샌디스크 2배 ETF,91,22,2090,2090,608,0,0,0,2026.06.11
2026.06.11,매수,외화증권매수,엔비디아,3,209,628,628,40,0,0,0,2026.06.11
2026.06.11,매수,외화증권매수,엔비디아,5,209,1047,1047,45,0,0,0,2026.06.11
2026.06.11,매수,외화증권매수,레버리지셰어즈 ARM 2배 ETF,4,43,175,175,200,0,0,0,2026.06.11
2026.06.11,매수,외화증권매수,레버리지셰어즈 ARM 2배 ETF,14,42,589,589,214,0,0,0,2026.06.11
2026.06.11,매수,외화증권매수,레버리지셰어즈 ARM 2배 ETF,19,40,774,774,233,0,0,0,2026.06.11
2026.06.11,매수,외화증권매수,레버리지셰어즈 ARM 2배 ETF,19,41,796,796,252,0,0,0,2026.06.11
2026.06.11,매수,외화증권매수,레버리지셰어즈 ARM 2배 ETF,19,41,797,797,271,0,0,0,2026.06.11
2026.06.11,매수,외화증권매수,레버리지셰어즈 ARM 2배 ETF,99,31,3070,3070,370,0,0,0,2026.06.11
2026.06.11,매수,외화증권매수,레버리지셰어즈 ARM 2배 ETF,93,36,3380,3380,463,0,0,0,2026.06.11
2026.06.11,매수,외화증권매수,레버리지셰어즈 블룸에너지 2배 ETF,7,67,469,469,87,0,0,0,2026.06.11
2026.06.11,매수,외화증권매수,레버리지셰어즈 블룸에너지 2배 ETF,23,63,1459,1459,110,0,0,0,2026.06.11
2026.06.15,출금,해외증권시세이용료원화출금,,0,0,2400,2400,0,15630,0,0,2026.06.15
2026.06.15,출금,해외증권시세이용료원화출금취소,,0,0,2400,2400,0,18030,0,0,2026.06.15
2026.06.15,매도,외화증권매도,디렉시온 마이크론 테크놀로지 2배 ETF,4,851,3406,3406,15,0,0,0,2026.06.15
2026.06.15,매도,외화증권매도,그래닛셰어즈 MRVL 데일리 2배 ETF,2,162,324,324,129,0,0,0,2026.06.15
2026.06.15,매도,외화증권매도,그래닛셰어즈 MRVL 데일리 2배 ETF,18,162,2918,2918,111,0,0,0,2026.06.15
2026.06.15,매도,외화증권매도,그래닛셰어즈 MRVL 데일리 2배 ETF,20,161,3224,3224,91,0,0,0,2026.06.15
2026.06.15,매도,외화증권매도,그래닛셰어즈 MRVL 데일리 2배 ETF,20,162,3249,3249,71,0,0,0,2026.06.15
2026.06.15,매도,외화증권매도,그래닛셰어즈 인텔 데일리 2배 ETF,11,302,3325,3325,45,0,0,0,2026.06.15
2026.06.15,매도,외화증권매도,TRADR 샌디스크 2배 ETF,50,33,1661,1661,558,0,0,0,2026.06.15
2026.06.15,매도,외화증권매도,TRADR 샌디스크 2배 ETF,50,33,1665,1665,508,0,0,0,2026.06.15
2026.06.15,매도,외화증권매도,TRADR 샌디스크 2배 ETF,58,33,1927,1927,450,0,0,0,2026.06.15
2026.06.15,매도,외화증권매도,마벨 테크놀로지 그룹,10,261,2615,2615,30,0,0,0,2026.06.15
2026.06.15,매도,외화증권매도,레버리지셰어즈 ARM 2배 ETF,40,40,1636,1636,423,0,0,0,2026.06.15
2026.06.15,매도,외화증권매도,레버리지셰어즈 ARM 2배 ETF,60,40,2454,2454,363,0,0,0,2026.06.15
2026.06.15,매도,외화증권매도,레버리지셰어즈 ARM 2배 ETF,163,40,6674,6674,200,0,0,0,2026.06.15
2026.06.15,매수,외화증권매수,암 홀딩스 ADR,2,351,702,702,2,0,0,0,2026.06.15
2026.06.15,매수,외화증권매수,암 홀딩스 ADR,8,352,2819,2819,10,0,0,0,2026.06.15
2026.06.15,매수,외화증권매수,암 홀딩스 ADR,20,352,7049,7049,30,0,0,0,2026.06.15
2026.06.15,매수,외화증권매수,그래닛셰어즈 MRVL 데일리 2배 ETF,19,142,2707,2707,90,0,0,0,2026.06.15
2026.06.15,매수,외화증권매수,인텔,30,118,3543,3543,125,0,0,0,2026.06.15
2026.06.15,매수,외화증권매수,마벨 테크놀로지 그룹,2,280,560,560,32,0,0,0,2026.06.15
2026.06.15,매수,외화증권매수,마벨 테크놀로지 그룹,3,280,841,841,35,0,0,0,2026.06.15
2026.06.15,매수,외화증권매수,마벨 테크놀로지 그룹,5,280,1402,1402,40,0,0,0,2026.06.15
2026.06.15,매수,외화증권매수,마벨 테크놀로지 그룹,10,279,2799,2799,50,0,0,0,2026.06.15
2026.06.15,매수,외화증권매수,마벨 테크놀로지 그룹,10,280,2806,2806,60,0,0,0,2026.06.15
2026.06.15,매수,외화증권매수,마이크론 테크놀로지,3,993,2981,2981,13,0,0,0,2026.06.15
2026.06.15,매수,외화증권매수,샌디스크,1,1906,1906,1906,7,0,0,0,2026.06.15
2026.06.15,매수,외화증권매수,샌디스크,2,1904,3809,3809,9,0,0,0,2026.06.15
2026.06.16,매도,외화증권매도,암 홀딩스 ADR,5,346,1734,1734,25,0,0,0,2026.06.16
2026.06.16,매도,외화증권매도,디렉시온 마이크론 테크놀로지 2배 ETF,1,843,843,843,14,0,0,0,2026.06.16
2026.06.16,매도,외화증권매도,디렉시온 마이크론 테크놀로지 2배 ETF,1,848,848,848,13,0,0,0,2026.06.16
2026.06.16,매도,외화증권매도,디렉시온 마이크론 테크놀로지 2배 ETF,1,849,849,849,12,0,0,0,2026.06.16
2026.06.16,매도,외화증권매도,디렉시온 마이크론 테크놀로지 2배 ETF,4,847,3390,3390,8,0,0,0,2026.06.16
2026.06.16,매도,외화증권매도,그래닛셰어즈 MRVL 데일리 2배 ETF,2,158,316,316,88,0,0,0,2026.06.16
2026.06.16,매도,외화증권매도,그래닛셰어즈 MRVL 데일리 2배 ETF,8,158,1265,1265,80,0,0,0,2026.06.16
2026.06.16,매도,외화증권매도,그래닛셰어즈 MRVL 데일리 2배 ETF,10,158,1580,1580,70,0,0,0,2026.06.16
2026.06.16,매도,외화증권매도,그래닛셰어즈 MRVL 데일리 2배 ETF,10,158,1580,1580,60,0,0,0,2026.06.16
2026.06.16,매도,외화증권매도,그래닛셰어즈 MRVL 데일리 2배 ETF,20,158,3166,3166,40,0,0,0,2026.06.16
2026.06.16,매도,외화증권매도,그래닛셰어즈 인텔 데일리 2배 ETF,1,319,319,319,44,0,0,0,2026.06.16
2026.06.16,매도,외화증권매도,그래닛셰어즈 인텔 데일리 2배 ETF,2,298,596,596,42,0,0,0,2026.06.16
2026.06.16,매도,외화증권매도,그래닛셰어즈 인텔 데일리 2배 ETF,10,298,2981,2981,32,0,0,0,2026.06.16
2026.06.16,매도,외화증권매도,그래닛셰어즈 인텔 데일리 2배 ETF,11,299,3290,3290,21,0,0,0,2026.06.16
2026.06.16,매도,외화증권매도,인텔,5,121,609,609,120,0,0,0,2026.06.16
2026.06.16,매도,외화증권매도,TRADR 샌디스크 2배 ETF,10,35,350,350,440,0,0,0,2026.06.16
2026.06.16,매도,외화증권매도,TRADR 샌디스크 2배 ETF,50,33,1650,1650,390,0,0,0,2026.06.16
2026.06.16,매도,외화증권매도,TRADR 샌디스크 2배 ETF,100,32,3298,3298,290,0,0,0,2026.06.16
2026.06.16,매도,외화증권매도,TRADR 샌디스크 2배 ETF,100,33,3313,3313,190,0,0,0,2026.06.16
2026.06.16,매도,외화증권매도,마벨 테크놀로지 그룹,2,278,556,556,58,0,0,0,2026.06.16
2026.06.16,매도,외화증권매도,샌디스크,1,1899,1899,1899,8,0,0,0,2026.06.16
2026.06.16,매도,외화증권매도,샌디스크,1,1903,1903,1903,7,0,0,0,2026.06.16
2026.06.16,매도,외화증권매도,스페이스X,13,163,2126,2126,-13,0,0,0,2026.06.16
2026.06.16,매도,외화증권매도,스페이스X,15,171,2568,2568,-28,0,0,0,2026.06.16
2026.06.16,매도,외화증권매도,레버리지셰어즈 ARM 2배 ETF,25,46,1161,1161,175,0,0,0,2026.06.16
2026.06.16,매도,외화증권매도,레버리지셰어즈 ARM 2배 ETF,50,39,1987,1987,125,0,0,0,2026.06.16
2026.06.16,매수,외화증권매수,암 홀딩스 ADR,5,348,1742,1742,30,0,0,0,2026.06.16
2026.06.16,매수,외화증권매수,블룸 에너지,2,256,513,513,18,0,0,0,2026.06.16
2026.06.16,매수,외화증권매수,블룸 에너지,2,257,514,514,20,0,0,0,2026.06.16
2026.06.16,매수,외화증권매수,블룸 에너지,10,256,2565,2565,30,0,0,0,2026.06.16
2026.06.16,매수,외화증권매수,그래닛셰어즈 엔비디아 데일리 2배 ETF,24,96,2315,2315,200,0,0,0,2026.06.16
2026.06.16,매수,외화증권매수,인텔,10,117,1174,1174,130,0,0,0,2026.06.16
2026.06.16,매수,외화증권매수,인텔,30,117,3523,3523,160,0,0,0,2026.06.16
2026.06.16,매수,외화증권매수,마벨 테크놀로지 그룹,2,277,554,554,60,0,0,0,2026.06.16
2026.06.16,매수,외화증권매수,마벨 테크놀로지 그룹,3,277,832,832,63,0,0,0,2026.06.16
2026.06.16,매수,외화증권매수,마벨 테크놀로지 그룹,7,277,1941,1941,70,0,0,0,2026.06.16
2026.06.16,매수,외화증권매수,마이크론 테크놀로지,1,991,991,991,14,0,0,0,2026.06.16
2026.06.16,매수,외화증권매수,마이크론 테크놀로지,1,992,992,992,15,0,0,0,2026.06.16
2026.06.16,매수,외화증권매수,마이크론 테크놀로지,4,991,3964,3964,19,0,0,0,2026.06.16
2026.06.16,매수,외화증권매수,엔비디아,2,206,413,413,47,0,0,0,2026.06.16
2026.06.16,매수,외화증권매수,엔비디아,8,206,1652,1652,55,0,0,0,2026.06.16
2026.06.16,매수,외화증권매수,엔비디아,15,206,3093,3093,70,0,0,0,2026.06.16
2026.06.16,매수,외화증권매수,엔비디아,25,206,5156,5156,95,0,0,0,2026.06.16
2026.06.16,매수,외화증권매수,샌디스크,1,1899,1899,1899,8,0,0,0,2026.06.16
2026.06.16,매수,외화증권매수,샌디스크,2,1899,3799,3799,10,0,0,0,2026.06.16
2026.06.16,매수,외화증권매수,스페이스X,4,157,631,631,-24,0,0,0,2026.06.16
2026.06.16,매수,외화증권매수,스페이스X,9,159,1434,1434,-15,0,0,0,2026.06.16
2026.06.16,매수,외화증권매수,스페이스X,15,163,2452,2452,0,0,0,0,2026.06.16
2026.06.16,매수,외화증권매수,레버리지셰어즈 ARM 2배 ETF,15,40,606,606,140,0,0,0,2026.06.16
2026.06.16,입금,외화배당금입금,알파벳 Class A,0,0,1,1,0,0,0,0,2026.06.16
2026.06.17,매도,외화증권매도,블룸 에너지,10,271,2713,2713,20,0,0,0,2026.06.17
2026.06.17,매도,외화증권매도,블룸 에너지,10,275,2759,2759,10,0,0,0,2026.06.17
2026.06.17,매도,외화증권매도,디렉시온 마이크론 테크놀로지 2배 ETF,1,967,967,967,7,0,0,0,2026.06.17
2026.06.17,매도,외화증권매도,디렉시온 마이크론 테크놀로지 2배 ETF,1,967,967,967,6,0,0,0,2026.06.17
2026.06.17,매도,외화증권매도,디렉시온 마이크론 테크놀로지 2배 ETF,1,970,970,970,5,0,0,0,2026.06.17
2026.06.17,매도,외화증권매도,디렉시온 마이크론 테크놀로지 2배 ETF,1,970,970,970,4,0,0,0,2026.06.17
2026.06.17,매도,외화증권매도,디렉시온 마이크론 테크놀로지 2배 ETF,1,980,980,980,3,0,0,0,2026.06.17
2026.06.17,매도,외화증권매도,디렉시온 마이크론 테크놀로지 2배 ETF,3,971,2914,2914,0,0,0,0,2026.06.17
2026.06.17,매도,외화증권매도,그래닛셰어즈 MRVL 데일리 2배 ETF,1,177,177,177,39,0,0,0,2026.06.17
2026.06.17,매도,외화증권매도,그래닛셰어즈 MRVL 데일리 2배 ETF,2,176,353,353,37,0,0,0,2026.06.17
2026.06.17,매도,외화증권매도,그래닛셰어즈 MRVL 데일리 2배 ETF,4,177,709,709,33,0,0,0,2026.06.17
2026.06.17,매도,외화증권매도,그래닛셰어즈 MRVL 데일리 2배 ETF,4,179,716,716,29,0,0,0,2026.06.17
2026.06.17,매도,외화증권매도,그래닛셰어즈 MRVL 데일리 2배 ETF,4,179,718,718,25,0,0,0,2026.06.17
2026.06.17,매도,외화증권매도,그래닛셰어즈 MRVL 데일리 2배 ETF,5,172,861,861,20,0,0,0,2026.06.17
2026.06.17,매도,외화증권매도,그래닛셰어즈 MRVL 데일리 2배 ETF,5,178,890,890,15,0,0,0,2026.06.17
2026.06.17,매도,외화증권매도,그래닛셰어즈 MRVL 데일리 2배 ETF,15,172,2584,2584,0,0,0,0,2026.06.17
2026.06.17,매도,외화증권매도,그래닛셰어즈 인텔 데일리 2배 ETF,1,353,353,353,20,0,0,0,2026.06.17
2026.06.17,매도,외화증권매도,그래닛셰어즈 인텔 데일리 2배 ETF,1,359,359,359,19,0,0,0,2026.06.17
2026.06.17,매도,외화증권매도,그래닛셰어즈 인텔 데일리 2배 ETF,1,369,369,369,18,0,0,0,2026.06.17
2026.06.17,매도,외화증권매도,그래닛셰어즈 인텔 데일리 2배 ETF,3,366,1098,1098,15,0,0,0,2026.06.17
2026.06.17,매도,외화증권매도,그래닛셰어즈 인텔 데일리 2배 ETF,6,372,2237,2237,9,0,0,0,2026.06.17
2026.06.17,매도,외화증권매도,그래닛셰어즈 인텔 데일리 2배 ETF,9,365,3292,3292,0,0,0,0,2026.06.17
2026.06.17,매도,외화증권매도,그래닛셰어즈 엔비디아 데일리 2배 ETF,2,102,204,204,198,0,0,0,2026.06.17
2026.06.17,매도,외화증권매도,그래닛셰어즈 엔비디아 데일리 2배 ETF,10,101,1019,1019,188,0,0,0,2026.06.17
2026.06.17,매도,외화증권매도,그래닛셰어즈 엔비디아 데일리 2배 ETF,10,102,1020,1020,178,0,0,0,2026.06.17
2026.06.17,매도,외화증권매도,그래닛셰어즈 엔비디아 데일리 2배 ETF,10,102,1022,1022,168,0,0,0,2026.06.17
2026.06.17,매도,외화증권매도,그래닛셰어즈 엔비디아 데일리 2배 ETF,18,102,1840,1840,150,0,0,0,2026.06.17
2026.06.17,매도,외화증권매도,그래닛셰어즈 엔비디아 데일리 2배 ETF,20,101,2024,2024,130,0,0,0,2026.06.17
2026.06.17,매도,외화증권매도,그래닛셰어즈 엔비디아 데일리 2배 ETF,20,102,2042,2042,110,0,0,0,2026.06.17
2026.06.17,매도,외화증권매도,인텔,10,130,1308,1308,150,0,0,0,2026.06.17
2026.06.17,매도,외화증권매도,TRADR GE 버노바 2배 ETF,50,19,990,990,1144,0,0,0,2026.06.17
2026.06.17,매도,외화증권매도,TRADR GE 버노바 2배 ETF,50,20,1006,1006,1094,0,0,0,2026.06.17
2026.06.17,매도,외화증권매도,TRADR GE 버노바 2배 ETF,50,20,1008,1008,1044,0,0,0,2026.06.17
2026.06.17,매도,외화증권매도,TRADR GE 버노바 2배 ETF,50,20,1010,1010,994,0,0,0,2026.06.17
2026.06.17,매도,외화증권매도,TRADR GE 버노바 2배 ETF,94,19,1852,1852,900,0,0,0,2026.06.17
2026.06.17,매도,외화증권매도,TRADR GE 버노바 2배 ETF,100,20,2008,2008,800,0,0,0,2026.06.17
2026.06.17,매도,외화증권매도,TRADR GE 버노바 2배 ETF,100,20,2011,2011,700,0,0,0,2026.06.17
2026.06.17,매도,외화증권매도,TRADR GE 버노바 2배 ETF,100,20,2036,2036,600,0,0,0,2026.06.17
2026.06.17,매도,외화증권매도,TRADR 샌디스크 2배 ETF,5,40,201,201,185,0,0,0,2026.06.17
2026.06.17,매도,외화증권매도,TRADR 샌디스크 2배 ETF,10,39,390,390,175,0,0,0,2026.06.17
2026.06.17,매도,외화증권매도,TRADR 샌디스크 2배 ETF,10,39,395,395,165,0,0,0,2026.06.17
2026.06.17,매도,외화증권매도,TRADR 샌디스크 2배 ETF,15,40,612,612,150,0,0,0,2026.06.17
2026.06.17,매도,외화증권매도,TRADR 샌디스크 2배 ETF,20,38,775,775,130,0,0,0,2026.06.17
2026.06.17,매도,외화증권매도,TRADR 샌디스크 2배 ETF,20,39,786,786,110,0,0,0,2026.06.17
2026.06.17,매도,외화증권매도,TRADR 샌디스크 2배 ETF,30,39,1170,1170,80,0,0,0,2026.06.17
2026.06.17,매도,외화증권매도,TRADR 샌디스크 2배 ETF,80,39,3137,3137,0,0,0,0,2026.06.17
2026.06.17,매도,외화증권매도,레버리지셰어즈 ARM 2배 ETF,5,51,255,255,135,0,0,0,2026.06.17
2026.06.17,매도,외화증권매도,레버리지셰어즈 ARM 2배 ETF,10,47,473,473,125,0,0,0,2026.06.17
2026.06.17,매도,외화증권매도,레버리지셰어즈 ARM 2배 ETF,15,47,706,706,110,0,0,0,2026.06.17
2026.06.17,매도,외화증권매도,레버리지셰어즈 ARM 2배 ETF,20,47,944,944,90,0,0,0,2026.06.17
2026.06.17,매도,외화증권매도,레버리지셰어즈 ARM 2배 ETF,20,53,1076,1076,70,0,0,0,2026.06.17
2026.06.17,매도,외화증권매도,레버리지셰어즈 ARM 2배 ETF,70,47,3318,3318,0,0,0,0,2026.06.17
2026.06.17,매도,외화증권매도,레버리지셰어즈 블룸에너지 2배 ETF,14,75,1055,1055,96,0,0,0,2026.06.17
2026.06.17,매도,외화증권매도,레버리지셰어즈 블룸에너지 2배 ETF,96,75,7228,7228,0,0,0,0,2026.06.17
2026.06.17,매수,외화증권매수,암 홀딩스 ADR,5,380,1901,1901,35,0,0,0,2026.06.17
2026.06.17,매수,외화증권매수,암 홀딩스 ADR,15,380,5705,5705,50,0,0,0,2026.06.17
2026.06.17,매수,외화증권매수,블룸 에너지,1,272,272,272,11,0,0,0,2026.06.17
2026.06.17,매수,외화증권매수,블룸 에너지,1,272,272,272,12,0,0,0,2026.06.17
2026.06.17,매수,외화증권매수,블룸 에너지,10,274,2745,2745,22,0,0,0,2026.06.17
2026.06.17,매수,외화증권매수,블룸 에너지,28,272,7641,7641,50,0,0,0,2026.06.17
2026.06.17,매수,외화증권매수,GE 버노바,1,967,967,967,1,0,0,0,2026.06.17
2026.06.17,매수,외화증권매수,GE 버노바,1,968,968,968,2,0,0,0,2026.06.17
2026.06.17,매수,외화증권매수,GE 버노바,10,967,9674,9674,12,0,0,0,2026.06.17
2026.06.17,매수,외화증권매수,GE 버노바,10,967,9675,9675,22,0,0,0,2026.06.17
2026.06.17,매수,외화증권매수,그래닛셰어즈 엔비디아 데일리 2배 ETF,10,99,991,991,120,0,0,0,2026.06.17
2026.06.17,매수,외화증권매수,엔비디아,5,209,1047,1047,100,0,0,0,2026.06.17
2026.06.17,매수,외화증권매수,로켓 컴퍼니스,1000,14,14190,14190,1000,0,0,0,2026.06.17
2026.06.18,매도,외화증권매도,GE 버노바,1,1000,1000,1000,21,0,0,0,2026.06.18
2026.06.18,매도,외화증권매도,그래닛셰어즈 엔비디아 데일리 2배 ETF,20,100,2017,2017,100,0,0,0,2026.06.18
2026.06.18,매도,외화증권매도,TRADR GE 버노바 2배 ETF,100,20,2060,2060,500,0,0,0,2026.06.18
2026.06.19,매도,외화증권매도,암 홀딩스 ADR,1,421,421,421,49,0,0,0,2026.06.19
2026.06.19,매도,외화증권매도,암 홀딩스 ADR,2,421,842,842,47,0,0,0,2026.06.19
2026.06.19,매도,외화증권매도,블룸 에너지,4,288,1153,1153,46,0,0,0,2026.06.19
2026.06.19,매도,외화증권매도,GE 버노바,1,998,998,998,20,0,0,0,2026.06.19
2026.06.19,매도,외화증권매도,GE 버노바,1,1036,1036,1036,19,0,0,0,2026.06.19
2026.06.19,매도,외화증권매도,TRADR GE 버노바 2배 ETF,50,21,1092,1092,450,0,0,0,2026.06.19
2026.06.19,매도,외화증권매도,TRADR GE 버노바 2배 ETF,450,21,9886,9886,0,0,0,0,2026.06.19
2026.06.19,매도,외화증권매도,마벨 테크놀로지 그룹,2,293,586,586,68,0,0,0,2026.06.19
2026.06.19,매도,외화증권매도,로켓 컴퍼니스,100,14,1420,1420,900,0,0,0,2026.06.19
2026.06.19,매도,외화증권매도,로켓 컴퍼니스,200,13,2764,2764,700,0,0,0,2026.06.19
2026.06.19,매도,외화증권매도,로켓 컴퍼니스,200,14,2852,2852,500,0,0,0,2026.06.19
2026.06.19,매도,외화증권매도,로켓 컴퍼니스,500,13,6810,6810,0,0,0,0,2026.06.19
2026.06.19,매도,외화증권매도,스페이스X,33,198,6534,6534,-33,0,0,0,2026.06.19
2026.06.19,매수,외화증권매수,그래닛셰어즈 엔비디아 데일리 2배 ETF,20,97,1943,1943,120,0,0,0,2026.06.19
2026.06.19,매수,외화증권매수,그래닛셰어즈 엔비디아 데일리 2배 ETF,20,97,1944,1944,140,0,0,0,2026.06.19
2026.06.19,매수,외화증권매수,스페이스X,33,197,6519,6519,0,0,0,0,2026.06.19
2026.06.19,매수,외화증권매수,스페이스X,33,198,6544,6544,33,0,0,0,2026.06.19
2026.06.23,매도,외화증권매도,암 홀딩스 ADR,1,431,431,431,46,0,0,0,2026.06.23
2026.06.23,매도,외화증권매도,블룸 에너지,1,294,294,294,45,0,0,0,2026.06.23
2026.06.23,매수,외화증권매수,스페이스X,2,193,387,387,35,0,0,0,2026.06.23
2026.06.23,매수,외화증권매수,스페이스X,5,193,968,968,40,0,0,0,2026.06.23
2026.06.23,매수,외화증권매수,스페이스X,10,180,1805,1805,50,0,0,0,2026.06.23
2026.06.23,매수,외화증권매수,스페이스X,20,180,3609,3609,70,0,0,0,2026.06.23
2026.06.24,매수,외화증권매수,스페이스X,10,165,1657,1657,80,0,0,0,2026.06.24
2026.06.24,매수,외화증권매수,스페이스X,20,165,3315,3315,100,0,0,0,2026.06.24
2026.06.24,매수,외화증권매수,스페이스X,20,165,3317,3317,120,0,0,0,2026.06.24
2026.06.24,매수,외화증권매수,스페이스X,30,165,4973,4973,150,0,0,0,2026.06.24
2026.06.24,매수,외화증권매수,스페이스X,50,165,8285,8285,200,0,0,0,2026.06.24
2026.06.24,매수,외화증권매수,스페이스X,100,155,15504,15504,300,0,0,0,2026.06.24
2026.06.25,매도,외화증권매도,마벨 테크놀로지 그룹,10,279,2790,2790,58,0,0,0,2026.06.25
2026.06.25,매도,외화증권매도,엔비디아,10,200,2006,2006,90,0,0,0,2026.06.25
2026.06.25,매도,외화증권매도,엔비디아,10,200,2006,2006,80,0,0,0,2026.06.25
2026.06.25,매도,외화증권매도,스페이스X,10,163,1635,1635,290,0,0,0,2026.06.25
2026.06.25,매도,외화증권매도,스페이스X,20,156,3133,3133,270,0,0,0,2026.06.25
2026.06.25,매도,외화증권매도,스페이스X,20,163,3279,3279,250,0,0,0,2026.06.25
2026.06.25,매도,외화증권매도,스페이스X,30,163,4914,4914,220,0,0,0,2026.06.25
2026.06.25,매도,외화증권매도,스페이스X,40,156,6263,6263,180,0,0,0,2026.06.25
2026.06.25,매수,외화증권매수,암 홀딩스 ADR,1,367,367,367,47,0,0,0,2026.06.25
2026.06.25,매수,외화증권매수,암 홀딩스 ADR,2,367,734,734,49,0,0,0,2026.06.25
2026.06.25,매수,외화증권매수,그래닛셰어즈 엔비디아 데일리 2배 ETF,20,90,1813,1813,160,0,0,0,2026.06.25
2026.06.25,매수,외화증권매수,그래닛셰어즈 엔비디아 데일리 2배 ETF,20,90,1814,1814,180,0,0,0,2026.06.25
2026.06.25,매수,외화증권매수,마벨 테크놀로지 그룹,2,277,554,554,60,0,0,0,2026.06.25
2026.06.25,매수,외화증권매수,마벨 테크놀로지 그룹,10,280,2803,2803,70,0,0,0,2026.06.25
2026.06.25,매수,외화증권매수,마벨 테크놀로지 그룹,30,277,8327,8327,100,0,0,0,2026.06.25
2026.06.25,매수,외화증권매수,마이크론 테크놀로지,1,1041,1041,1041,20,0,0,0,2026.06.25
2026.06.25,매수,외화증권매수,마이크론 테크놀로지,2,1070,2140,2140,22,0,0,0,2026.06.25
2026.06.25,매수,외화증권매수,마이크론 테크놀로지,3,1066,3200,3200,25,0,0,0,2026.06.25
2026.06.25,매수,외화증권매수,샌디스크,2,1990,3980,3980,12,0,0,0,2026.06.25
2026.06.26,매도,외화증권매도,마이크론 테크놀로지,1,1146,1146,1146,24,0,0,0,2026.06.26
2026.06.26,매도,외화증권매도,샌디스크,1,2061,2061,2061,11,0,0,0,2026.06.26
2026.06.26,출고,외화주식액면분할출고,그래닛셰어즈 엔비디아 데일리 2배 ETF,180,98,0,0,0,0,0,0,2026.06.26
2026.06.26,입고,외화주식액면분할입고,그래닛셰어즈 엔비디아 데일리 2배 ETF,540,32,0,0,540,0,0,0,2026.06.26
2026.06.29,매도,외화증권매도,델타 에어라인스,70,94,6605,6605,-70,0,0,0,2026.06.29
2026.06.29,매도,외화증권매도,마벨 테크놀로지 그룹,5,280,1403,1403,95,0,0,0,2026.06.29
2026.06.29,매도,외화증권매도,마이크론 테크놀로지,2,1227,2455,2455,22,0,0,0,2026.06.29
2026.06.29,매도,외화증권매도,마이크론 테크놀로지,2,1242,2484,2484,20,0,0,0,2026.06.29
2026.06.29,매도,외화증권매도,로켓 컴퍼니스,400,15,6056,6056,-400,0,0,0,2026.06.29
2026.06.29,매도,외화증권매도,샌디스크,1,2155,2155,2155,10,0,0,0,2026.06.29
2026.06.29,매도,외화증권매도,샌디스크,1,2198,2198,2198,9,0,0,0,2026.06.29
2026.06.29,매수,외화증권매수,암 홀딩스 ADR,4,348,1392,1392,53,0,0,0,2026.06.29
2026.06.29,매수,외화증권매수,암 홀딩스 ADR,4,348,1394,1394,57,0,0,0,2026.06.29
2026.06.29,매수,외화증권매수,델타 에어라인스,35,91,3192,3192,-35,0,0,0,2026.06.29
2026.06.29,매수,외화증권매수,델타 에어라인스,35,93,3257,3257,0,0,0,0,2026.06.29
2026.06.29,매수,외화증권매수,마벨 테크놀로지 그룹,20,267,5345,5345,115,0,0,0,2026.06.29
2026.06.29,매수,외화증권매수,로켓 컴퍼니스,2,14,29,29,-398,0,0,0,2026.06.29
2026.06.29,매수,외화증권매수,로켓 컴퍼니스,198,14,2952,2952,-200,0,0,0,2026.06.29
2026.06.29,매수,외화증권매수,로켓 컴퍼니스,200,15,3034,3034,0,0,0,0,2026.06.29
2026.06.29,매수,외화증권매수,스페이스X,20,152,3059,3059,200,0,0,0,2026.06.29
2026.06.29,매수,외화증권매수,스페이스X,20,153,3062,3062,220,0,0,0,2026.06.29
2026.07.01,매도,외화증권매도,GE 버노바,1,1103,1103,1103,18,0,0,0,2026.07.01
2026.07.01,매도,외화증권매도,그래닛셰어즈 엔비디아 데일리 2배 ETF,40,28,1141,1141,500,0,0,0,2026.07.01
2026.07.01,매도,외화증권매도,그래닛셰어즈 엔비디아 데일리 2배 ETF,50,28,1427,1427,450,0,0,0,2026.07.01
2026.07.01,매도,외화증권매도,그래닛셰어즈 엔비디아 데일리 2배 ETF,58,28,1637,1637,392,0,0,0,2026.07.01
2026.07.01,매도,외화증권매도,그래닛셰어즈 엔비디아 데일리 2배 ETF,482,28,13602,13602,-90,0,0,0,2026.07.01
2026.07.01,매도,외화증권매도,마벨 테크놀로지 그룹,15,268,4020,4020,100,0,0,0,2026.07.01
2026.07.01,매도,외화증권매도,마이크론 테크놀로지,2,1140,2280,2280,18,0,0,0,2026.07.01
2026.07.01,매도,외화증권매도,엔비디아,80,194,15540,15540,0,0,0,0,2026.07.01
2026.07.01,매도,외화증권매도,스페이스X,20,163,3274,3274,200,0,0,0,2026.07.01
2026.07.01,매도,외화증권매도,스페이스X,40,163,6525,6525,160,0,0,0,2026.07.01
2026.07.01,매도,외화증권매도,스페이스X,40,163,6532,6532,120,0,0,0,2026.07.01
2026.07.01,매도,외화증권매도,스페이스X,40,163,6546,6546,80,0,0,0,2026.07.01
2026.07.01,매수,외화증권매수,암 홀딩스 ADR,3,346,1038,1038,60,0,0,0,2026.07.01
2026.07.01,매수,외화증권매수,블룸 에너지,5,276,1382,1382,50,0,0,0,2026.07.01
2026.07.01,매수,외화증권매수,메타,2,563,1126,1126,2,0,0,0,2026.07.01
2026.07.01,매수,외화증권매수,메타,3,563,1690,1690,5,0,0,0,2026.07.01
2026.07.01,매수,외화증권매수,메타,5,563,2818,2818,10,0,0,0,2026.07.01
2026.07.01,매수,외화증권매수,메타,5,563,2818,2818,15,0,0,0,2026.07.01
2026.07.01,매수,외화증권매수,메타,7,568,3982,3982,22,0,0,0,2026.07.01
2026.07.01,매수,외화증권매수,메타,12,563,6760,6760,34,0,0,0,2026.07.01
2026.07.01,매수,외화증권매수,그래닛셰어즈 엔비디아 데일리 2배 ETF,540,28,15244,15244,450,0,0,0,2026.07.01
2026.07.01,매수,외화증권매수,엔비디아,17,194,3302,3302,17,0,0,0,2026.07.01
2026.07.01,매수,외화증권매수,엔비디아,63,194,12240,12240,80,0,0,0,2026.07.01
2026.07.01,매수,외화증권매수,로켓 컴퍼니스,50,15,778,778,50,0,0,0,2026.07.01
2026.07.01,매수,외화증권매수,로켓 컴퍼니스,100,15,1555,1555,150,0,0,0,2026.07.01
2026.07.01,매수,외화증권매수,로켓 컴퍼니스,150,15,2338,2338,300,0,0,0,2026.07.01
2026.07.01,매수,외화증권매수,로켓 컴퍼니스,300,15,4674,4674,600,0,0,0,2026.07.01
2026.07.02,매도,외화증권매도,블룸 에너지,10,331,3312,3312,40,0,0,0,2026.07.02
2026.07.02,매도,외화증권매도,GE 버노바,1,1173,1173,1173,17,0,0,0,2026.07.02
2026.07.02,매도,외화증권매도,인텔,10,138,1384,1384,140,0,0,0,2026.07.02
2026.07.02,매도,외화증권매도,스페이스X,10,171,1717,1717,70,0,0,0,2026.07.02
2026.07.02,매도,외화증권매도,스페이스X,30,171,5150,5150,40,0,0,0,2026.07.02
2026.07.02,매수,외화증권매수,엔비디아,10,195,1954,1954,90,0,0,0,2026.07.02
2026.07.02,매수,외화증권매수,엔비디아,10,199,1996,1996,100,0,0,0,2026.07.02
2026.07.03,매도,외화증권매도,암 홀딩스 ADR,5,348,1743,1743,55,0,0,0,2026.07.03
2026.07.03,매도,외화증권매도,메타,2,567,1134,1134,32,0,0,0,2026.07.03
2026.07.03,매도,외화증권매도,메타,4,566,2267,2267,28,0,0,0,2026.07.03
2026.07.03,매도,외화증권매도,GE 버노바,1,1175,1175,1175,16,0,0,0,2026.07.03
2026.07.03,매도,외화증권매도,인텔,5,137,687,687,135,0,0,0,2026.07.03
2026.07.03,매도,외화증권매도,마벨 테크놀로지 그룹,10,291,2919,2919,90,0,0,0,2026.07.03
2026.07.03,매도,외화증권매도,스페이스X,40,174,6976,6976,0,0,0,0,2026.07.03
2026.07.03,매수,외화증권매수,암 홀딩스 ADR,5,341,1706,1706,60,0,0,0,2026.07.03
2026.07.03,매수,외화증권매수,메타,7,614,4300,4300,35,0,0,0,2026.07.03
2026.07.03,매수,외화증권매수,그래닛셰어즈 엔비디아 데일리 2배 ETF,100,28,2857,2857,550,0,0,0,2026.07.03
2026.07.03,매수,외화증권매수,그래닛셰어즈 엔비디아 데일리 2배 ETF,150,28,4294,4294,700,0,0,0,2026.07.03
2026.07.03,매수,외화증권매수,팔란티어 테크놀로지스,100,120,12030,12030,100,0,0,0,2026.07.03
2026.07.03,매수,외화증권매수,로켓 컴퍼니스,100,16,1628,1628,700,0,0,0,2026.07.03
2026.07.07,매도,외화증권매도,팔란티어 테크놀로지스,100,130,13083,13083,0,0,0,0,2026.07.07
2026.07.07,매도,외화증권매도,로켓 컴퍼니스,100,15,1554,1554,600,0,0,0,2026.07.07
2026.07.07,매수,외화증권매수,마벨 테크놀로지 그룹,10,260,2604,2604,100,0,0,0,2026.07.07
2026.07.07,매수,외화증권매수,마벨 테크놀로지 그룹,10,265,2657,2657,110,0,0,0,2026.07.07
2026.07.07,매수,외화증권매수,마이크론 테크놀로지,2,1017,2034,2034,20,0,0,0,2026.07.07
2026.07.07,매수,외화증권매수,마이크론 테크놀로지,2,1021,2042,2042,22,0,0,0,2026.07.07
2026.07.07,매수,외화증권매수,샌디스크,1,1902,1902,1902,10,0,0,0,2026.07.07
2026.07.07,매수,외화증권매수,샌디스크,1,1910,1910,1910,11,0,0,0,2026.07.07
2026.07.07,매수,외화증권매수,샌디스크,1,1932,1932,1932,12,0,0,0,2026.07.07
2026.07.08,매도,외화증권매도,암 홀딩스 ADR,15,319,4790,4790,45,0,0,0,2026.07.08
2026.07.08,매도,외화증권매도,블룸 에너지,4,302,1211,1211,36,0,0,0,2026.07.08
2026.07.08,매도,외화증권매도,GE 버노바,1,1183,1183,1183,15,0,0,0,2026.07.08
2026.07.08,매도,외화증권매도,그래닛셰어즈 MRVL 데일리 2배 ETF,10,41,419,419,-10,0,0,0,2026.07.08
2026.07.08,매도,외화증권매도,그래닛셰어즈 인텔 데일리 2배 ETF,15,40,611,611,-15,0,0,0,2026.07.08
2026.07.08,매도,외화증권매도,그래닛셰어즈 엔비디아 데일리 2배 ETF,35,28,989,989,665,0,0,0,2026.07.08
2026.07.08,매도,외화증권매도,그래닛셰어즈 엔비디아 데일리 2배 ETF,50,28,1420,1420,615,0,0,0,2026.07.08
2026.07.08,매도,외화증권매도,그래닛셰어즈 엔비디아 데일리 2배 ETF,115,28,3249,3249,500,0,0,0,2026.07.08
2026.07.08,매도,외화증권매도,그래닛셰어즈 엔비디아 데일리 2배 ETF,200,28,5680,5680,300,0,0,0,2026.07.08
2026.07.08,매도,외화증권매도,그래닛셰어즈 엔비디아 데일리 2배 ETF,300,28,8481,8481,0,0,0,0,2026.07.08
2026.07.08,매도,외화증권매도,인텔,55,122,6741,6741,80,0,0,0,2026.07.08
2026.07.08,매도,외화증권매도,마벨 테크놀로지 그룹,20,253,5068,5068,90,0,0,0,2026.07.08
2026.07.08,매도,외화증권매도,마벨 테크놀로지 그룹,30,249,7482,7482,60,0,0,0,2026.07.08
2026.07.08,매도,외화증권매도,마이크론 테크놀로지,7,1004,7028,7028,15,0,0,0,2026.07.08
2026.07.08,매도,외화증권매도,엔비디아,10,195,1952,1952,90,0,0,0,2026.07.08
2026.07.08,매도,외화증권매도,엔비디아,40,195,7808,7808,50,0,0,0,2026.07.08
2026.07.08,매도,외화증권매도,엔비디아,50,195,9760,9760,0,0,0,0,2026.07.08
2026.07.08,매도,외화증권매도,로켓 컴퍼니스,600,15,9480,9480,0,0,0,0,2026.07.08
2026.07.08,매도,외화증권매도,샌디스크,3,1825,5476,5476,9,0,0,0,2026.07.08
2026.07.08,매수,외화증권매수,디렉시온 마이크론 테크놀로지 2배 ETF,4,765,3063,3063,4,0,0,0,2026.07.08
2026.07.08,매수,외화증권매수,디렉시온 마이크론 테크놀로지 2배 ETF,8,792,6336,6336,12,0,0,0,2026.07.08
2026.07.08,매수,외화증권매수,그래닛셰어즈 MRVL 데일리 2배 ETF,26,39,1024,1024,16,0,0,0,2026.07.08
2026.07.08,매수,외화증권매수,그래닛셰어즈 MRVL 데일리 2배 ETF,125,40,5068,5068,141,0,0,0,2026.07.08
2026.07.08,매수,외화증권매수,그래닛셰어즈 MRVL 데일리 2배 ETF,174,39,6855,6855,315,0,0,0,2026.07.08
2026.07.08,매수,외화증권매수,그래닛셰어즈 MRVL 데일리 2배 ETF,285,41,11742,11742,600,0,0,0,2026.07.08
2026.07.08,매수,외화증권매수,그래닛셰어즈 인텔 데일리 2배 ETF,175,38,6748,6748,160,0,0,0,2026.07.08
2026.07.08,매수,외화증권매수,인텔,15,124,1869,1869,95,0,0,0,2026.07.08
2026.07.08,매수,외화증권매수,TRADR 샌디스크 2배 ETF,1,26,26,26,1,0,0,0,2026.07.08
2026.07.08,매수,외화증권매수,TRADR 샌디스크 2배 ETF,100,26,2651,2651,101,0,0,0,2026.07.08
2026.07.08,매수,외화증권매수,TRADR 샌디스크 2배 ETF,100,26,2654,2654,201,0,0,0,2026.07.08
2026.07.08,매수,외화증권매수,TRADR 샌디스크 2배 ETF,115,26,3047,3047,316,0,0,0,2026.07.08
2026.07.08,매수,외화증권매수,TRADR 샌디스크 2배 ETF,284,26,7491,7491,600,0,0,0,2026.07.08
2026.07.08,매수,외화증권매수,TRADR 샌디스크 2배 ETF,300,26,7929,7929,900,0,0,0,2026.07.08
2026.07.08,매수,외화증권매수,마벨 테크놀로지 그룹,20,250,5014,5014,80,0,0,0,2026.07.08
2026.07.08,매수,외화증권매수,마벨 테크놀로지 그룹,20,255,5112,5112,100,0,0,0,2026.07.08
2026.07.08,매수,외화증권매수,샌디스크,3,1835,5505,5505,12,0,0,0,2026.07.08
2026.07.08,매수,외화증권매수,레버리지셰어즈 ARM 2배 ETF,50,32,1649,1649,50,0,0,0,2026.07.08
2026.07.08,매수,외화증권매수,레버리지셰어즈 ARM 2배 ETF,150,31,4770,4770,200,0,0,0,2026.07.08
2026.07.09,매도,외화증권매도,암 홀딩스 ADR,20,304,6093,6093,25,0,0,0,2026.07.09
2026.07.09,매도,외화증권매도,암 홀딩스 ADR,25,304,7621,7621,0,0,0,0,2026.07.09
2026.07.09,매도,외화증권매도,블룸 에너지,18,269,4847,4847,18,0,0,0,2026.07.09
2026.07.09,매도,외화증권매도,블룸 에너지,18,270,4874,4874,0,0,0,0,2026.07.09
2026.07.09,매도,외화증권매도,메타,35,612,21422,21422,0,0,0,0,2026.07.09
2026.07.09,매도,외화증권매도,GE 버노바,7,1048,7340,7340,8,0,0,0,2026.07.09
2026.07.09,매도,외화증권매도,GE 버노바,8,1049,8394,8394,0,0,0,0,2026.07.09
2026.07.09,매도,외화증권매도,인텔,45,110,4960,4960,50,0,0,0,2026.07.09
2026.07.09,매도,외화증권매도,인텔,45,110,4980,4980,5,0,0,0,2026.07.09
2026.07.09,매도,외화증권매도,인텔,50,110,5522,5522,-45,0,0,0,2026.07.09
2026.07.09,매도,외화증권매도,마벨 테크놀로지 그룹,50,227,11375,11375,50,0,0,0,2026.07.09
2026.07.09,매도,외화증권매도,마이크론 테크놀로지,7,906,6347,6347,8,0,0,0,2026.07.09
2026.07.09,매도,외화증권매도,마이크론 테크놀로지,8,907,7258,7258,0,0,0,0,2026.07.09
2026.07.09,매도,외화증권매도,샌디스크,6,1542,9255,9255,6,0,0,0,2026.07.09
2026.07.09,매도,외화증권매도,샌디스크,6,1552,9312,9312,0,0,0,0,2026.07.09
2026.07.09,매수,외화증권매수,디렉시온 마이크론 테크놀로지 2배 ETF,7,635,4450,4450,19,0,0,0,2026.07.09
2026.07.09,매수,외화증권매수,디렉시온 마이크론 테크놀로지 2배 ETF,9,639,5757,5757,28,0,0,0,2026.07.09
2026.07.09,매수,외화증권매수,디렉시온 마이크론 테크놀로지 2배 ETF,11,639,7035,7035,39,0,0,0,2026.07.09
2026.07.09,매수,외화증권매수,그래닛셰어즈 MRVL 데일리 2배 ETF,352,32,11348,11348,952,0,0,0,2026.07.09
2026.07.09,매수,외화증권매수,그래닛셰어즈 인텔 데일리 2배 ETF,161,30,4987,4987,321,0,0,0,2026.07.09
2026.07.09,매수,외화증권매수,그래닛셰어즈 인텔 데일리 2배 ETF,197,30,6079,6079,518,0,0,0,2026.07.09
2026.07.09,매수,외화증권매수,인텔,45,110,4960,4960,0,0,0,0,2026.07.09
2026.07.09,매수,외화증권매수,TRADR 블룸 에너지 2배 ETF,105,46,4858,4858,105,0,0,0,2026.07.09
2026.07.09,매수,외화증권매수,TRADR 블룸 에너지 2배 ETF,109,47,5141,5141,214,0,0,0,2026.07.09
2026.07.09,매수,외화증권매수,TRADR 샌디스크 2배 ETF,414,17,7434,7434,1314,0,0,0,2026.07.09
2026.07.09,매수,외화증권매수,TRADR 샌디스크 2배 ETF,510,18,9271,9271,1824,0,0,0,2026.07.09
2026.07.09,매수,외화증권매수,TRADR 샌디스크 2배 ETF,530,18,9540,9540,2354,0,0,0,2026.07.09
2026.07.09,매수,외화증권매수,TRADR 샌디스크 2배 ETF,540,18,9979,9979,2894,0,0,0,2026.07.09
2026.07.09,매수,외화증권매수,레버리지셰어즈 ARM 2배 ETF,211,28,6086,6086,411,0,0,0,2026.07.09
2026.07.09,매수,외화증권매수,레버리지셰어즈 ARM 2배 ETF,264,28,7584,7584,675,0,0,0,2026.07.09
2026.07.09,매수,외화증권매수,레버리지셰어즈 GE버노바 2배 ETF,255,28,7359,7359,255,0,0,0,2026.07.09
2026.07.09,매수,외화증권매수,레버리지셰어즈 GE버노바 2배 ETF,290,28,8383,8383,545,0,0,0,2026.07.09
2026.07.10,매도,외화증권매도,TRADR 샌디스크 2배 ETF,94,21,2059,2059,2800,0,0,0,2026.07.10
2026.07.10,매도,외화증권매도,TRADR 샌디스크 2배 ETF,100,22,2206,2206,2700,0,0,0,2026.07.10
2026.07.10,매도,외화증권매도,TRADR 샌디스크 2배 ETF,100,22,2242,2242,2600,0,0,0,2026.07.10
2026.07.10,매도,외화증권매도,TRADR 샌디스크 2배 ETF,200,22,4480,4480,2400,0,0,0,2026.07.10
2026.07.10,매도,외화증권매도,TRADR 샌디스크 2배 ETF,400,22,8972,8972,2000,0,0,0,2026.07.10
2026.07.10,매수,외화증권매수,그래닛셰어즈 MRVL 데일리 2배 ETF,61,34,2074,2074,1013,0,0,0,2026.07.10
2026.07.10,매수,외화증권매수,그래닛셰어즈 MRVL 데일리 2배 ETF,187,33,6253,6253,1200,0,0,0,2026.07.10
2026.07.10,매수,외화증권매수,그래닛셰어즈 인텔 데일리 2배 ETF,10,30,303,303,528,0,0,0,2026.07.10
2026.07.10,매수,외화증권매수,그래닛셰어즈 인텔 데일리 2배 ETF,72,29,2103,2103,600,0,0,0,2026.07.10
2026.07.10,매수,외화증권매수,TRADR 블룸 에너지 2배 ETF,26,41,1069,1069,240,0,0,0,2026.07.10
2026.07.10,매수,외화증권매수,레버리지셰어즈 ARM 2배 ETF,25,27,685,685,700,0,0,0,2026.07.10
2026.07.10,매수,외화증권매수,레버리지셰어즈 GE버노바 2배 ETF,55,30,1652,1652,600,0,0,0,2026.07.10
2026.07.12,입금,예탁금이용료,,0,0,755,645,0,18675,0,110,2026.07.13
2026.07.13,매도,외화증권매도,디렉시온 마이크론 테크놀로지 2배 ETF,4,823,3292,3292,35,0,0,0,2026.07.13
2026.07.13,매도,외화증권매도,디렉시온 마이크론 테크놀로지 2배 ETF,5,815,4076,4076,30,0,0,0,2026.07.13
2026.07.13,매도,외화증권매도,그래닛셰어즈 MRVL 데일리 2배 ETF,100,38,3805,3805,1100,0,0,0,2026.07.13
2026.07.13,매도,외화증권매도,그래닛셰어즈 MRVL 데일리 2배 ETF,100,38,3805,3805,1000,0,0,0,2026.07.13
2026.07.13,매도,외화증권매도,그래닛셰어즈 MRVL 데일리 2배 ETF,100,38,3890,3890,900,0,0,0,2026.07.13
2026.07.13,매도,외화증권매도,그래닛셰어즈 MRVL 데일리 2배 ETF,100,39,3911,3911,800,0,0,0,2026.07.13
2026.07.13,매도,외화증권매도,TRADR 샌디스크 2배 ETF,30,26,790,790,1970,0,0,0,2026.07.13
2026.07.13,매도,외화증권매도,TRADR 샌디스크 2배 ETF,70,26,1845,1845,1900,0,0,0,2026.07.13
2026.07.13,매도,외화증권매도,TRADR 샌디스크 2배 ETF,100,26,2604,2604,1800,0,0,0,2026.07.13
2026.07.13,매도,외화증권매도,TRADR 샌디스크 2배 ETF,100,27,2750,2750,1700,0,0,0,2026.07.13
2026.07.13,매도,외화증권매도,TRADR 샌디스크 2배 ETF,200,25,5144,5144,1500,0,0,0,2026.07.13
2026.07.13,매도,외화증권매도,TRADR 샌디스크 2배 ETF,200,26,5202,5202,1300,0,0,0,2026.07.13
2026.07.13,매도,외화증권매도,TRADR 샌디스크 2배 ETF,200,26,5288,5288,1100,0,0,0,2026.07.13
2026.07.13,매도,외화증권매도,레버리지셰어즈 ARM 2배 ETF,100,33,3380,3380,600,0,0,0,2026.07.13
2026.07.13,매수,외화증권매수,메타,5,639,3196,3196,5,0,0,0,2026.07.13
2026.07.13,매수,외화증권매수,TRADR 블룸 에너지 2배 ETF,60,46,2786,2786,300,0,0,0,2026.07.13
2026.07.13,매수,외화증권매수,마벨 테크놀로지 그룹,30,248,7449,7449,80,0,0,0,2026.07.13
2026.07.13,환전,외화매도,,0,0,1502,1,0,20177,0,0,2026.07.13
2026.07.13,환전,외화매도,,0,0,39999750,26600,0,40019927,0,0,2026.07.13
2026.07.13,출금,이체출금,,0,0,40000000,40000000,0,19927,0,0,2026.07.13
2026.07.14,매도,외화증권매도,TRADR 샌디스크 2배 ETF,100,26,2649,2649,1000,0,0,0,2026.07.14
2026.07.14,매도,외화증권매도,레버리지셰어즈 ARM 2배 ETF,100,34,3420,3420,500,0,0,0,2026.07.14
2026.07.14,매수,외화증권매수,바이킹 홀딩스,33,102,3368,3368,33,0,0,0,2026.07.14
2026.07.14,매수,외화증권매수,델타 에어라인스,40,90,3615,3615,40,0,0,0,2026.07.14
2026.07.14,매수,외화증권매수,TRADR 블룸 에너지 2배 ETF,100,37,3725,3725,400,0,0,0,2026.07.14
2026.07.14,매수,외화증권매수,로켓 컴퍼니스,250,14,3666,3666,250,0,0,0,2026.07.14
2026.07.14,환전,외화매도,,0,0,10036035,6750,0,10055962,0,0,2026.07.14
2026.07.14,출금,이체출금,,0,0,10000000,10000000,0,55962,0,0,2026.07.14
2026.07.15,입금,이체입금,,0,0,10000000,10000000,0,10055962,0,0,2026.07.15
2026.07.15,입금,외화배당금입금,GE 버노바,0,0,9,9,0,0,0,0,2026.07.15
2026.07.15,매도,외화증권매도,바이킹 홀딩스,33,98,3265,3265,0,0,0,0,2026.07.15
2026.07.15,매도,외화증권매도,델타 에어라인스,40,86,3450,3450,0,0,0,0,2026.07.15
2026.07.15,매도,외화증권매도,메타,5,659,3297,3297,0,0,0,0,2026.07.15
2026.07.15,매도,외화증권매도,로켓 컴퍼니스,250,14,3555,3555,0,0,0,0,2026.07.15
2026.07.15,매도,외화증권매도,레버리지셰어즈 GE버노바 2배 ETF,600,29,17730,17730,0,0,0,0,2026.07.15
2026.07.15,환전,외화매수,,0,0,10026166,6725,0,29796,0,0,2026.07.15
2026.07.15,출고,외화주식액면분할출고,디렉시온 마이크론 테크놀로지 2배 ETF,30,683,0,0,0,0,0,0,2026.07.15
2026.07.15,입고,외화주식액면분할입고,디렉시온 마이크론 테크놀로지 2배 ETF,600,34,0,0,600,0,0,0,2026.07.15
2026.07.16,매수,외화증권매수,디렉시온 마이크론 테크놀로지 2배 ETF,100,35,3572,3572,700,0,0,0,2026.07.16
2026.07.16,매수,외화증권매수,그래닛셰어즈 MRVL 데일리 2배 ETF,100,30,3070,3070,900,0,0,0,2026.07.16
2026.07.16,매수,외화증권매수,그래닛셰어즈 MRVL 데일리 2배 ETF,100,30,3074,3074,1000,0,0,0,2026.07.16
2026.07.16,매수,외화증권매수,그래닛셰어즈 인텔 데일리 2배 ETF,100,28,2801,2801,700,0,0,0,2026.07.16
2026.07.16,매수,외화증권매수,TRADR 블룸 에너지 2배 ETF,50,35,1764,1764,450,0,0,0,2026.07.16
2026.07.16,매수,외화증권매수,TRADR 블룸 에너지 2배 ETF,100,35,3518,3518,550,0,0,0,2026.07.16
2026.07.16,매수,외화증권매수,TRADR 샌디스크 2배 ETF,100,22,2259,2259,1100,0,0,0,2026.07.16
2026.07.16,매수,외화증권매수,마벨 테크놀로지 그룹,40,224,8965,8965,120,0,0,0,2026.07.16
2026.07.16,매수,외화증권매수,레버리지셰어즈 ARM 2배 ETF,100,28,2832,2832,600,0,0,0,2026.07.16
2026.07.17,매수,외화증권매수,아이셰어즈 0-3개월 미국 국채 ETF,66,100,6635,6635,66,0,0,0,2026.07.18
2026.07.20,매도,외화증권매도,아이셰어즈 0-3개월 미국 국채 ETF,66,100,6635,6635,0,0,0,0,2026.07.20
2026.07.20,매도,외화증권매도,마벨 테크놀로지 그룹,120,197,23737,23737,0,0,0,0,2026.07.20
2026.07.20,매수,외화증권매수,디렉시온 마이크론 테크놀로지 2배 ETF,100,28,2834,2834,800,0,0,0,2026.07.20
2026.07.20,매수,외화증권매수,그래닛셰어즈 MRVL 데일리 2배 ETF,100,23,2398,2398,1100,0,0,0,2026.07.20
2026.07.20,매수,외화증권매수,그래닛셰어즈 MRVL 데일리 2배 ETF,100,24,2403,2403,1200,0,0,0,2026.07.20
2026.07.20,매수,외화증권매수,그래닛셰어즈 MRVL 데일리 2배 ETF,115,24,2764,2764,1315,0,0,0,2026.07.20
2026.07.20,매수,외화증권매수,그래닛셰어즈 MRVL 데일리 2배 ETF,185,24,4451,4451,1500,0,0,0,2026.07.20
2026.07.20,매수,외화증권매수,그래닛셰어즈 인텔 데일리 2배 ETF,100,24,2497,2497,800,0,0,0,2026.07.20
2026.07.20,매수,외화증권매수,TRADR 블룸 에너지 2배 ETF,50,33,1650,1650,600,0,0,0,2026.07.20
2026.07.20,매수,외화증권매수,TRADR 샌디스크 2배 ETF,100,16,1653,1653,1200,0,0,0,2026.07.20
2026.07.20,매수,외화증권매수,TRADR 샌디스크 2배 ETF,100,16,1658,1658,1300,0,0,0,2026.07.20
2026.07.20,매수,외화증권매수,TRADR 샌디스크 2배 ETF,200,16,3306,3306,1500,0,0,0,2026.07.20
2026.07.20,매수,외화증권매수,레버리지셰어즈 ARM 2배 ETF,25,21,531,531,625,0,0,0,2026.07.20
2026.07.20,매수,외화증권매수,레버리지셰어즈 ARM 2배 ETF,200,21,4268,4268,825,0,0,0,2026.07.20
2026.07.20,입금,매도담보대출(해외주식매도담보대출),,0,0,174852,174852,0,204648,0,0,2026.07.20
2026.07.20,입금,매도담보대출(해외주식매도담보대출),,0,0,174726,174726,0,379374,0,0,2026.07.20
2026.07.22,매도,외화증권매도,디렉시온 마이크론 테크놀로지 2배 ETF,5,27,138,138,795,0,0,0,2026.07.22
2026.07.22,매도,외화증권매도,디렉시온 마이크론 테크놀로지 2배 ETF,5,27,138,138,790,0,0,0,2026.07.22
2026.07.22,매도,외화증권매도,그래닛셰어즈 MRVL 데일리 2배 ETF,50,23,1185,1185,1450,0,0,0,2026.07.22
2026.07.22,매도,외화증권매도,그래닛셰어즈 MRVL 데일리 2배 ETF,50,23,1192,1192,1400,0,0,0,2026.07.22
2026.07.22,매도,외화증권매도,그래닛셰어즈 MRVL 데일리 2배 ETF,50,23,1199,1199,1350,0,0,0,2026.07.22
2026.07.22,매도,외화증권매도,그래닛셰어즈 MRVL 데일리 2배 ETF,100,23,2382,2382,1250,0,0,0,2026.07.22
2026.07.22,매도,외화증권매도,TRADR 샌디스크 2배 ETF,50,14,727,727,1450,0,0,0,2026.07.22
2026.07.22,매도,외화증권매도,TRADR 샌디스크 2배 ETF,50,14,728,728,1400,0,0,0,2026.07.22
2026.07.22,매수,외화증권매수,TRADR 블룸 에너지 2배 ETF,50,23,1180,1180,650,0,0,0,2026.07.22
2026.07.22,매수,외화증권매수,TRADR 블룸 에너지 2배 ETF,80,23,1895,1895,730,0,0,0,2026.07.22
2026.07.22,매수,외화증권매수,TRADR 블룸 에너지 2배 ETF,75,25,1900,1900,805,0,0,0,2026.07.22
2026.07.22,매수,외화증권매수,TRADR 블룸 에너지 2배 ETF,100,24,2421,2421,905,0,0,0,2026.07.22
2026.07.22,출금,매도상환(해외주식매도담보대출),디렉시온 마이크론 테크놀로지 2배 ETF,10,0,349769,349769,790,29605,0,0,2026.07.22
2026.07.22,입금,외화배당금입금,마이크론 테크놀로지,0,0,2,2,0,0,0,0,2026.07.22
2026.07.23,매도,외화증권매도,디렉시온 마이크론 테크놀로지 2배 ETF,50,33,1697,1697,740,0,0,0,2026.07.23
2026.07.23,매도,외화증권매도,디렉시온 마이크론 테크놀로지 2배 ETF,50,34,1708,1708,690,0,0,0,2026.07.23
2026.07.23,매도,외화증권매도,디렉시온 마이크론 테크놀로지 2배 ETF,90,31,2790,2790,600,0,0,0,2026.07.23
2026.07.23,매도,외화증권매도,디렉시온 마이크론 테크놀로지 2배 ETF,100,32,3272,3272,500,0,0,0,2026.07.23
2026.07.23,매도,외화증권매도,그래닛셰어즈 MRVL 데일리 2배 ETF,50,25,1278,1278,1200,0,0,0,2026.07.23
2026.07.23,매도,외화증권매도,TRADR 블룸 에너지 2배 ETF,50,28,1449,1449,855,0,0,0,2026.07.23
2026.07.23,매도,외화증권매도,TRADR 블룸 에너지 2배 ETF,105,29,3051,3051,750,0,0,0,2026.07.23
2026.07.23,매도,외화증권매도,TRADR 샌디스크 2배 ETF,50,17,861,861,1350,0,0,0,2026.07.23
2026.07.23,매도,외화증권매도,TRADR 샌디스크 2배 ETF,50,17,862,862,1300,0,0,0,2026.07.23
2026.07.23,매도,외화증권매도,레버리지셰어즈 ARM 2배 ETF,25,24,611,611,800,0,0,0,2026.07.23
2026.07.24,매도,외화증권매도,디렉시온 마이크론 테크놀로지 2배 ETF,100,35,3564,3564,400,0,0,0,2026.07.24
2026.07.24,매도,외화증권매도,디렉시온 마이크론 테크놀로지 2배 ETF,400,35,14185,14185,0,0,0,0,2026.07.24
2026.07.24,매수,외화증권매수,알파벳 Class A,40,348,13924,13924,40,0,0,0,2026.07.24
2026.07.24,매수,외화증권매수,알파벳 Class A,60,348,20897,20897,100,0,0,0,2026.07.24
2026.07.27,매도,외화증권매도,TRADR 샌디스크 2배 ETF,50,20,1006,1006,1250,0,0,0,2026.07.27
2026.07.27,매도,외화증권매도,TRADR 샌디스크 2배 ETF,50,20,1007,1007,1200,0,0,0,2026.07.27
2026.07.27,환전,소수점외화매수,,0,0,951,0,0,28654,0,0,2026.07.27
2026.07.28,입금,매도담보대출(해외주식매도담보대출),,0,0,40000000,40000000,0,40028654,0,0,2026.07.28
2026.07.28,출금,이체출금,,0,0,40000000,40000000,0,28654,0,0,2026.07.28
2026.07.28,매수,외화증권매수,그래닛셰어즈 MRVL 데일리 2배 ETF,100,26,2600,2600,1300,0,0,0,2026.07.28
2026.07.28,환전,소수점외화매수,,0,0,973,0,0,27681,0,0,2026.07.28
2026.07.28,매수,소수점해외주식매수,GE 버노바,0.000638,1014.37,0.65,0.65,0.000638,0,0,0,2026.07.28
2026.07.29,매도,외화증권매도,알파벳 Class A,100,328,32875,32875,0,0,0,0,2026.07.29
2026.07.29,출금,매도상환(해외주식매도담보대출),알파벳 Class A,98,0,40010958,40010958,0,-39983277,0,0,2026.07.29
2026.07.29,환전,외화매도,,0,0,39983289,27501,0,12,0,0,2026.07.29
2026.07.29,매수,소수점해외주식매수,GE 버노바,0.000678,977.44,0.66,0.66,0.001316,0,0,0,2026.07.29
2026.07.29,입금,매도담보대출(해외주식매도담보대출),,0,0,49916664,49916664,0,49916676,0,0,2026.07.29
2026.07.29,출금,이체출금,,0,0,49900000,49900000,0,16676,0,0,2026.07.29
2026.07.29,입금,이체입금,,0,0,35000,35000,0,51676,0,0,2026.07.29
2026.07.29,출금,인지세계좌출금,,0,0,35000,35000,0,16676,0,0,2026.07.29
2026.07.29,입금,매도담보대출(해외주식매도담보대출),,0,0,15750000,15750000,0,15766676,0,0,2026.07.29
2026.07.29,출금,이체출금,,0,0,15000000,15000000,0,766676,0,0,2026.07.29
2026.07.30,매도,외화증권매도,그래닛셰어즈 MRVL 데일리 2배 ETF,35,19,677,677,1265,0,0,0,2026.07.30
2026.07.30,매도,외화증권매도,그래닛셰어즈 MRVL 데일리 2배 ETF,50,19,972,972,1215,0,0,0,2026.07.30
2026.07.30,매도,외화증권매도,그래닛셰어즈 MRVL 데일리 2배 ETF,50,19,974,974,1165,0,0,0,2026.07.30
2026.07.30,매도,외화증권매도,그래닛셰어즈 MRVL 데일리 2배 ETF,50,19,976,976,1115,0,0,0,2026.07.30
2026.07.30,매도,외화증권매도,그래닛셰어즈 MRVL 데일리 2배 ETF,100,19,1908,1908,1015,0,0,0,2026.07.30
2026.07.30,매도,외화증권매도,그래닛셰어즈 MRVL 데일리 2배 ETF,100,19,1935,1935,915,0,0,0,2026.07.30
2026.07.30,매도,외화증권매도,그래닛셰어즈 MRVL 데일리 2배 ETF,150,19,2925,2925,765,0,0,0,2026.07.30
2026.07.30,매도,외화증권매도,그래닛셰어즈 MRVL 데일리 2배 ETF,165,19,3194,3194,600,0,0,0,2026.07.30
2026.07.30,매도,외화증권매도,그래닛셰어즈 인텔 데일리 2배 ETF,2,18,37,37,798,0,0,0,2026.07.30
2026.07.30,매도,외화증권매도,그래닛셰어즈 인텔 데일리 2배 ETF,48,18,885,885,750,0,0,0,2026.07.30
2026.07.30,매도,외화증권매도,그래닛셰어즈 인텔 데일리 2배 ETF,50,18,938,938,700,0,0,0,2026.07.30
2026.07.30,매도,외화증권매도,그래닛셰어즈 인텔 데일리 2배 ETF,100,18,1827,1827,600,0,0,0,2026.07.30
2026.07.30,매도,외화증권매도,TRADR 블룸 에너지 2배 ETF,50,18,945,945,700,0,0,0,2026.07.30
2026.07.30,매도,외화증권매도,TRADR 블룸 에너지 2배 ETF,100,17,1777,1777,600,0,0,0,2026.07.30
2026.07.30,매도,외화증권매도,TRADR 블룸 에너지 2배 ETF,100,17,1791,1791,500,0,0,0,2026.07.30
2026.07.30,매도,외화증권매도,TRADR 블룸 에너지 2배 ETF,200,19,3807,3807,300,0,0,0,2026.07.30
2026.07.30,매도,외화증권매도,TRADR 샌디스크 2배 ETF,100,7,740,740,1100,0,0,0,2026.07.30
2026.07.30,매도,외화증권매도,TRADR 샌디스크 2배 ETF,200,7,1444,1444,900,0,0,0,2026.07.30
2026.07.30,매도,외화증권매도,레버리지셰어즈 ARM 2배 ETF,100,18,1884,1884,700,0,0,0,2026.07.30
2026.07.30,매도,외화증권매도,레버리지셰어즈 ARM 2배 ETF,100,19,1918,1918,600,0,0,0,2026.07.30
2026.07.30,매수,외화증권매수,그래닛셰어즈 MRVL 데일리 2배 ETF,200,18,3788,3788,800,0,0,0,2026.07.30
2026.07.30,매수,외화증권매수,그래닛셰어즈 인텔 데일리 2배 ETF,100,18,1847,1847,700,0,0,0,2026.07.30
2026.07.30,매수,외화증권매수,그래닛셰어즈 인텔 데일리 2배 ETF,100,18,1848,1848,800,0,0,0,2026.07.30
2026.07.30,매수,외화증권매수,TRADR 블룸 에너지 2배 ETF,100,15,1508,1508,400,0,0,0,2026.07.30
2026.07.30,매수,외화증권매수,TRADR 블룸 에너지 2배 ETF,100,15,1509,1509,500,0,0,0,2026.07.30
2026.07.30,매수,외화증권매수,TRADR 블룸 에너지 2배 ETF,200,15,3017,3017,700,0,0,0,2026.07.30
2026.07.30,매수,외화증권매수,TRADR 샌디스크 2배 ETF,100,8,818,818,1000,0,0,0,2026.07.30
2026.07.30,매수,외화증권매수,TRADR 샌디스크 2배 ETF,100,8,821,821,1100,0,0,0,2026.07.30
2026.07.30,매수,외화증권매수,TRADR 샌디스크 2배 ETF,100,8,822,822,1200,0,0,0,2026.07.30
2026.07.30,매수,외화증권매수,TRADR 샌디스크 2배 ETF,200,8,1645,1645,1400,0,0,0,2026.07.30
2026.07.30,매수,외화증권매수,TRADR 샌디스크 2배 ETF,400,8,3280,3280,1800,0,0,0,2026.07.30
2026.07.30,매수,외화증권매수,레버리지셰어즈 ARM 2배 ETF,200,18,3634,3634,800,0,0,0,2026.07.30
2026.07.30,출금,매도상환(해외주식매도담보대출),그래닛셰어즈 MRVL 데일리 2배 ETF,653,0,15754315,15754315,800,-14987639,0,0,2026.07.30
2026.07.30,환전,외화매도,,0,0,14987645,10399,0,6,0,0,2026.07.30
2026.07.30,매도,소수점해외주식매도,GE 버노바,0.000638,932.71,0.6,0.6,0.000678,0,0,0,2026.07.30
2026.07.31,입금,외화배당금입금,마벨 테크놀로지 그룹,0,0,4,4,0,0,0,0,2026.07.31
2026.07.31,매도,외화증권매도,그래닛셰어즈 MRVL 데일리 2배 ETF,310,16,5102,5102,490,0,0,0,2026.07.31
2026.07.31,매도,외화증권매도,그래닛셰어즈 MRVL 데일리 2배 ETF,490,16,8070,8070,0,0,0,0,2026.07.31
2026.07.31,매도,외화증권매도,그래닛셰어즈 인텔 데일리 2배 ETF,14,16,229,229,786,0,0,0,2026.07.31
2026.07.31,매도,외화증권매도,그래닛셰어즈 인텔 데일리 2배 ETF,186,16,3046,3046,600,0,0,0,2026.07.31
2026.07.31,매도,외화증권매도,그래닛셰어즈 인텔 데일리 2배 ETF,200,16,3278,3278,400,0,0,0,2026.07.31
2026.07.31,매도,외화증권매도,그래닛셰어즈 인텔 데일리 2배 ETF,400,16,6560,6560,0,0,0,0,2026.07.31
2026.07.31,매도,외화증권매도,TRADR 블룸 에너지 2배 ETF,100,19,1984,1984,600,0,0,0,2026.07.31
2026.07.31,매도,외화증권매도,TRADR 블룸 에너지 2배 ETF,600,17,10788,10788,0,0,0,0,2026.07.31
2026.07.31,매도,외화증권매도,TRADR 샌디스크 2배 ETF,102,7,774,774,1698,0,0,0,2026.07.31
2026.07.31,매도,외화증권매도,TRADR 샌디스크 2배 ETF,1698,7,12870,12870,0,0,0,0,2026.07.31
2026.07.31,매도,외화증권매도,레버리지셰어즈 ARM 2배 ETF,800,15,12736,12736,0,0,0,0,2026.07.31
2026.07.31,출금,매도상환(해외주식매도담보대출),그래닛셰어즈 MRVL 데일리 2배 ETF,600,0,12318522,12318522,0,-12318516,0,0,2026.07.31
2026.07.31,출금,매도상환(해외주식매도담보대출),그래닛셰어즈 인텔 데일리 2배 ETF,600,0,12262883,12262883,0,-24581399,0,0,2026.07.31
2026.07.31,출금,매도상환(해외주식매도담보대출),TRADR 블룸 에너지 2배 ETF,600,0,13451715,13451715,0,-38033114,0,0,2026.07.31
2026.07.31,출금,매도상환(해외주식매도담보대출),레버리지셰어즈 ARM 2배 ETF,600,0,11910893,11910893,0,-49944007,0,0,2026.07.31
2026.07.31,환전,외화매도,,0,0,12862196,8975,0,-37081811,0,0,2026.07.31
2026.07.31,환전,외화매도,,0,0,12804115,8934,0,-24277696,0,0,2026.07.31
2026.07.31,환전,외화매도,,0,0,14045409,9801,0,-10232287,0,0,2026.07.31
2026.07.31,환전,외화매도,,0,0,10232292,7140,0,5,0,0,2026.07.31
2026.07.31,매도,소수점해외주식매도,GE 버노바,0.000678,916.49,0.62,0.62,0,0,0,0,2026.07.31
2026.08.03,매도,외화증권매도,TRADR 샌디스크 2배 ETF,927,9,9205,9205,-927,0,0,0,2026.08.03
2026.08.03,매수,외화증권매수,TRADR 샌디스크 2배 ETF,1986,6,13782,13782,1059,0,0,0,2026.08.03
2026.08.03,매수,외화증권매수,TRADR 샌디스크 2배 ETF,1941,7,13819,13819,3000,0,0,0,2026.08.03
2026.08.03,환전,외화매도,,0,0,19961200,14000,0,19961205,0,0,2026.08.03
2026.08.03,출금,이체출금,,0,0,19960000,19960000,0,1205,0,0,2026.08.03
2026.08.05,매도,외화증권매도,TRADR 샌디스크 2배 ETF,1500,9,14265,14265,1500,0,0,0,2026.08.05
2026.08.05,매도,외화증권매도,TRADR 샌디스크 2배 ETF,1500,10,15945,15945,0,0,0,0,2026.08.05
2026.08.05,매수,외화증권매수,마벨 테크놀로지 그룹,77,189,14622,14622,77,0,0,0,2026.08.05
2026.08.05,매수,외화증권매수,마벨 테크놀로지 그룹,83,192,16012,16012,160,0,0,0,2026.08.05
2026.08.10,매도,외화증권매도,마벨 테크놀로지 그룹,160,208,33282,33282,0,0,0,0,2026.08.10
2026.08.10,매수,외화증권매수,아마존닷컴,121,274,33238,33238,121,0,0,0,2026.08.10
2026.08.10,입금,외화예탁금이용료,,0,0,5,5,0,0,0,1470,2026.08.10
2026.08.13,매도,외화증권매도,아마존닷컴,121,278,33644,33644,0,0,0,0,2026.08.13
2026.08.13,매수,외화증권매수,마벨 테크놀로지 그룹,160,210,33654,33654,160,0,0,0,2026.08.13
2026.08.13,입금,이체입금,,0,0,5000000,5000000,0,5001205,0,0,2026.08.13
2026.08.14,환전,외화매수,,0,0,4682437,3299,0,318768,0,0,2026.08.14
2026.08.14,매도,외화증권매도,마벨 테크놀로지 그룹,160,215,34504,34504,0,0,0,0,2026.08.14
2026.08.14,매수,외화증권매수,디렉시온 반도체 3배 ETF,254,135,34493,34493,254,0,0,0,2026.08.14
2026.08.17,매수,외화증권매수,디렉시온 반도체 3배 ETF,23,143,3299,3299,277,0,0,0,2026.08.18
2026.08.18,매도,외화증권매도,디렉시온 반도체 3배 ETF,10,141,1414,1414,267,0,0,0,2026.08.18
2026.08.18,매도,외화증권매도,디렉시온 반도체 3배 ETF,10,143,1439,1439,257,0,0,0,2026.08.18
2026.08.18,매도,외화증권매도,디렉시온 반도체 3배 ETF,20,144,2889,2889,237,0,0,0,2026.08.18
2026.08.18,매도,외화증권매도,디렉시온 반도체 3배 ETF,27,145,3923,3923,210,0,0,0,2026.08.18
2026.08.18,매도,외화증권매도,디렉시온 반도체 3배 ETF,50,145,7263,7263,160,0,0,0,2026.08.18
2026.08.18,매도,외화증권매도,디렉시온 반도체 3배 ETF,170,143,24464,24464,-10,0,0,0,2026.08.18
2026.08.18,매도,외화증권매도,마이크로소프트,80,498,39896,39896,-80,0,0,0,2026.08.18
2026.08.18,매도,외화증권매도,샌디스크,1,1576,1576,1576,-1,0,0,0,2026.08.18
2026.08.18,매도,외화증권매도,샌디스크,1,1590,1590,1590,-2,0,0,0,2026.08.18
2026.08.18,매도,외화증권매도,샌디스크,1,1593,1593,1593,-3,0,0,0,2026.08.18
2026.08.18,매도,외화증권매도,샌디스크,1,1631,1631,1631,-4,0,0,0,2026.08.18
2026.08.18,매도,외화증권매도,샌디스크,1,1631,1631,1631,-5,0,0,0,2026.08.18
2026.08.18,매도,외화증권매도,샌디스크,1,1634,1634,1634,-6,0,0,0,2026.08.18
2026.08.18,매도,외화증권매도,샌디스크,3,1626,4880,4880,-9,0,0,0,2026.08.18
2026.08.18,매수,외화증권매수,디렉시온 반도체 3배 ETF,4,146,584,584,-6,0,0,0,2026.08.18
2026.08.18,매수,외화증권매수,디렉시온 반도체 3배 ETF,6,146,876,876,0,0,0,0,2026.08.18
2026.08.18,매수,외화증권매수,디렉시온 반도체 3배 ETF,140,141,19863,19863,140,0,0,0,2026.08.18
2026.08.18,매수,외화증권매수,마벨 테크놀로지 그룹,91,220,20099,20099,91,0,0,0,2026.08.18
2026.08.18,매수,외화증권매수,마이크로소프트,80,498,39876,39876,0,0,0,0,2026.08.18
2026.08.18,매수,외화증권매수,샌디스크,3,1620,4861,4861,-6,0,0,0,2026.08.18
2026.08.18,매수,외화증권매수,샌디스크,6,1612,9672,9672,0,0,0,0,2026.08.18
2026.08.21,매도,외화증권매도,마벨 테크놀로지 그룹,5,244,1222,1222,86,0,0,0,2026.08.21
2026.08.21,매도,외화증권매도,마벨 테크놀로지 그룹,6,244,1466,1466,80,0,0,0,2026.08.21
2026.08.21,매수,외화증권매수,디렉시온 반도체 3배 ETF,10,134,1344,1344,150,0,0,0,2026.08.21
2026.08.21,매수,외화증권매수,디렉시온 반도체 3배 ETF,10,134,1344,1344,160,0,0,0,2026.08.21
